=~=~=~=~=~=~=~=~=~=~=~= PuTTY log 2025.05.14 00:40:06 =~=~=~=~=~=~=~=~=~=~=~=

rochmn03-pfa-08-581-ct0 login: pureeng
1) Authenticate via CloudAssist
2) Authenticate via command line
3) Restore challenge
Type the number corresponding to the authentication method you want to use.

Selection: 1

An email for identity verification will be sent once email is entered.
Please follow the authentication instructions provided there and return to this screen when finished or if email has not been received.


Enter an email address: fharris@purestro  orage.com
Successfully authenticated

Tue May 13 23:47:10 2025
Welcome pureeng. This is Purity Version 6.5.8 on FlashArray rochmn03-pfa-08-581
http://www.purestorage.com/
pureeng@rochmn03-pfa-08-581-ct0:~$ purealert list --tag
Name            Created                  Expires
forcevisible_3  2024-02-21 02:36:34 CST  -
pureeng@rochmn03-pfa-08-581-ct0:~$ purearray list --controller
Name  Type              Mode       Model     Version  Status  Internal Details
CT0   array_controller  secondary  FA-X50R3  6.5.8    ready   
CT1   array_controller  primary    FA-X50R3  6.5.8    ready   
pureeng@rochmn03-pfa-08-581-ct0:~$ 
pureeng@rochmn03-pfa-08-581-ct0:~$ purehw list --ttype pwr
Name      Status  Identify  Slot  Index  Speed  Temperature  Voltage  Details
CH0.PWR0  ok      -         -     0      -      -            204 V    -
CH0.PWR1  ok      -         -     1      -      -            204 V    -
pureeng@rochmn03-pfa-08-581-ct0:~$ purehw list
Name       Status         Identify  Slot  Index  Speed       Temperature  Voltage  Details
CH0        ok             off       -     0      -           -            -        -
CH0.BAY0   ok             off       -     0      -           -            -        -
CH0.BAY1   ok             off       -     1      -           -            -        -
CH0.BAY2   ok             off       -     2      -           -            -        -
CH0.BAY3   ok             off       -     3      -           -            -        -
CH0.BAY4   ok             off       -     4      -           -            -        -
CH0.BAY5   ok             off       -     5      -           -            -        -
CH0.BAY6   ok             off       -     6      -           -            -        -
CH0.BAY7   ok             off       -     7      -           -            -        -
CH0.BAY8   ok             off       -     8      -           -            -        -
CH0.BAY9   ok             off       -     9      -           -            -        -
CH0.BAY10  ok             off       -     10     -           -            -        -
CH0.BAY11  ok             off       -     11     -           -            -        -
CH0.BAY12  ok             off       -     12     -           -            -        -
CH0.BAY13  ok             off       -     13     -           -            -        -
CH0.BAY14  ok             off       -     14     -           -            -        -
CH0.BAY15  ok             off       -     15     -           -            -        -
CH0.BAY16  not_installed  off       -     16     -           -            -        -
CH0.BAY17  not_installed  off       -     17     -           -            -        -
CH0.BAY18  not_installed  off       -     18     -           -            -        -
CH0.BAY19  not_installed  off       -     19     -           -            -        -
CH0.NVB0   ok             off       -     0      -           -            -        -
CH0.NVB1   ok             off       -     1      -           -            -        -
CH0.NVB2   not_installed  off       -     2      -           -            -        -
CH0.NVB3   not_installed  off       -     3      -           -            -        -
CH0.PWR0   ok             -         -     0      -           -            204 V    -
CH0.PWR1   ok             -         -     1      -           -            204 V    -
CH0.TMP0   ok             -         -     0      -           35 C         -        -
CT0        ok             off       -     0      -           -            -        -
CT0.ETH0   ok             -         -     0      1.00 Gb/s   -            -        -
CT0.ETH1   ok             -         -     1      0.00 b/s    -            -        -
CT0.ETH2   ok             -         -     2      25.00 Gb/s  -            -        -
CT0.ETH3   ok             -         -     3      0.00 b/s    -            -        -
CT0.ETH4   ok             -         -     4      25.00 Gb/s  -            -        -
CT0.ETH5   ok             -         -     5      25.00 Gb/s  -            -        -
CT0.ETH6   ok             -         -     6      0.00 b/s    -            -        -
CT0.ETH7   ok             -         -     7      0.00 b/s    -            -        -
CT0.ETH8   ok             -         -     8      0.00 b/s    -            -        -
CT0.ETH9   ok             -         -     9      0.00 b/s    -            -        -
CT0.FAN0   ok             -         -     0      -           -            -        -
CT0.FAN1   ok             -         -     1      -           -            -        -
CT0.FAN2   ok             -         -     2      -           -            -        -
CT0.FAN3   ok             -         -     3      -           -            -        -
CT0.FAN4   ok             -         -     4      -           -            -        -
CT0.FAN5   ok             -         -     5      -           -            -        -
CT0.FC0    ok             -         0     0      16.00 Gb/s  -            -        -
CT0.FC1    ok             -         0     1      16.00 Gb/s  -            -        -
CT0.FC2    ok             -         0     2      0.00 b/s    -            -        -
CT0.FC3    ok             -         0     3      0.00 b/s    -            -        -
CT0.FC4    ok             -         1     4      0.00 b/s    -            -        -
CT0.FC5    ok             -         1     5      0.00 b/s    -            -        -
CT0.FC6    ok             -         1     6      0.00 b/s    -            -        -
CT0.FC7    ok             -         1     7      0.00 b/s    -            -        -
CT0.FC8    ok             -         2     8      16.00 Gb/s  -            -        -
CT0.FC9    ok             -         2     9      16.00 Gb/s  -            -        -
CT0.TMP0   ok             -         -     0      -           46 C         -        -
CT0.TMP1   ok             -         -     1      -           48 C         -        -
CT0.TMP2   ok             -         -     2      -           42 C         -        -
CT0.TMP3   ok             -         -     3      -           51 C         -        -
CT0.TMP4   ok             -         -     4      -           53 C         -        -
CT0.TMP5   ok             -         -     5      -           46 C         -        -
CT0.TMP6   ok             -         -     6      -           53 C         -        -
CT0.TMP7   ok             -         -     7      -           42 C         -        -
CT0.TMP8   ok             -         -     8      -           42 C         -        -
CT0.TMP9   ok             -         -     9      -           43 C         -        -
CT0.TMP10  ok             -         -     10     -           40 C         -        -
CT0.TMP11  ok             -         -     11     -           39 C         -        -
CT0.TMP12  ok             -         -     12     -           39 C         -        -
CT0.TMP13  ok             -         -     13     -           46 C         -        -
CT0.TMP14  ok             -         -     14     -           46 C         -        -
CT0.TMP15  ok             -         -     15     -           46 C         -        -
CT0.TMP16  ok             -         -     16     -           42 C         -        -
CT0.TMP17  ok             -         -     17     -           42 C         -        -
CT0.TMP18  ok             -         -     18     -           42 C         -        -
CT0.TMP19  ok             -         -     19     -           44 C         -        -
CT0.TMP20  ok             -         -     20     -           39 C         -        -
CT0.TMP21  ok             -         -     21     -           46 C         -        -
CT0.TMP22  ok             -         -     22     -           42 C         -        -
CT0.TMP23  ok             -         -     23     -           49 C         -        -
CT0.TMP24  ok             -         -     24     -           47 C         -        -
CT0.TMP25  ok             -         -     25     -           49 C         -        -
CT0.TMP26  ok             -         -     26     -           44 C         -        -
CT1        ok             off       -     1      -           -            -        -
CT1.ETH0   ok             -         -     0      1.00 Gb/s   -            -        -
CT1.ETH1   ok             -         -     1      0.00 b/s    -            -        -
CT1.ETH2   ok             -         -     2      25.00 Gb/s  -            -        -
CT1.ETH3   ok             -         -     3      0.00 b/s    -            -        -
CT1.ETH4   ok             -         -     4      25.00 Gb/s  -            -        -
CT1.ETH5   ok             -         -     5      25.00 Gb/s  -            -        -
CT1.ETH6   ok             -         -     6      0.00 b/s    -            -        -
CT1.ETH7   ok             -         -     7      0.00 b/s    -            -        -
CT1.ETH8   ok             -         -     8      0.00 b/s    -            -        -
CT1.ETH9   ok             -         -     9      0.00 b/s    -            -        -
CT1.FAN0   ok             -         -     0      -           -            -        -
CT1.FAN1   ok             -         -     1      -           -            -        -
CT1.FAN2   ok             -         -     2      -           -            -        -
CT1.FAN3   ok             -         -     3      -           -            -        -
CT1.FAN4   ok             -         -     4      -           -            -        -
CT1.FAN5   ok             -         -     5      -           -            -        -
CT1.FC0    ok             -         0     0      16.00 Gb/s  -            -        -
CT1.FC1    ok             -         0     1      16.00 Gb/s  -            -        -
CT1.FC2    ok             -         0     2      0.00 b/s    -            -        -
CT1.FC3    ok             -         0     3      0.00 b/s    -            -        -
CT1.FC4    ok             -         1     4      0.00 b/s    -            -        -
CT1.FC5    ok             -         1     5      0.00 b/s    -            -        -
CT1.FC6    ok             -         1     6      0.00 b/s    -            -        -
CT1.FC7    ok             -         1     7      0.00 b/s    -            -        -
CT1.FC8    ok             -         2     8      16.00 Gb/s  -            -        -
CT1.FC9    ok             -         2     9      16.00 Gb/s  -            -        -
CT1.TMP0   ok             -         -     0      -           51 C         -        -
CT1.TMP1   ok             -         -     1      -           54 C         -        -
CT1.TMP2   ok             -         -     2      -           45 C         -        -
CT1.TMP3   ok             -         -     3      -           62 C         -        -
CT1.TMP4   ok             -         -     4      -           65 C         -        -
CT1.TMP5   ok             -         -     5      -           51 C         -        -
CT1.TMP6   ok             -         -     6      -           60 C         -        -
CT1.TMP7   ok             -         -     7      -           47 C         -        -
CT1.TMP8   ok             -         -     8      -           47 C         -        -
CT1.TMP9   ok             -         -     9      -           48 C         -        -
CT1.TMP10  ok             -         -     10     -           43 C         -        -
CT1.TMP11  ok             -         -     11     -           42 C         -        -
CT1.TMP12  ok             -         -     12     -           41 C         -        -
CT1.TMP13  ok             -         -     13     -           51 C         -        -
CT1.TMP14  ok             -         -     14     -           50 C         -        -
CT1.TMP15  ok             -         -     15     -           50 C         -        -
CT1.TMP16  ok             -         -     16     -           45 C         -        -
CT1.TMP17  ok             -         -     17     -           45 C         -        -
CT1.TMP18  ok             -         -     18     -           45 C         -        -
CT1.TMP19  ok             -         -     19     -           48 C         -        -
CT1.TMP20  ok             -         -     20     -           43 C         -        -
CT1.TMP21  ok             -         -     21     -           53 C         -        -
CT1.TMP22  ok             -         -     22     -           48 C         -        -
CT1.TMP23  ok             -         -     23     -           54 C         -        -
CT1.TMP24  ok             -         -     24     -           53 C         -        -
CT1.TMP25  ok             -         -     25     -           57 C         -        -
CT1.TMP26  ok             -         -     26     -           45 C         -        -
pureeng@rochmn03-pfa-08-581-ct0:~$ puremessgaage list --open
pureeng@rochmn03-pfa-08-581-ct0:~$ puremessage list --open --hidden
pureeng@rochmn03-pfa-08-581-ct0:~$ pureadm status
usage: pureadm [-h]
               {debug-foe,dump-bdag,dump-volumes,firewall,remote-rpc,force-gc,force-triage,list-tunable,lo-mem,mem-track,prepare-shutdown,profile-foe,release-foe,restart,start,status,stop,tune,multitune,wait}
               ...

positional arguments:
  {debug-foe,dump-bdag,dump-volumes,firewall,remote-rpc,force-gc,force-triage,list-tunable,lo-mem,mem-track,prepare-shutdown,profile-foe,release-foe,restart,start,status,stop,tune,multitune,wait}
    debug-foe           run Purity in debug mode on next restart
    dump-bdag           dump medium bdag table to a csv file
    dump-volumes        dump volumes table data to a csv file
    firewall            configure the firewall
    remote-rpc          configure the remote-rpc
    force-gc            force gc to start/stop or query status
    force-triage        force triage to start
    list-tunable        list set tunables
    lo-mem              configure tunables to control memory usage; pureadm
                        stop / rmmod ps_bdrv / pureadm start required
    mem-track           configure memory tracking
    prepare-shutdown    prepare for shutdown
    profile-foe         run Purity in profile mode on next restart
    release-foe         run Purity in release mode on next restart
    restart             restart Purity
    start               start Purity
    status              status Purity
    stop                stop Purity
    tune                set or clear tunables
    multitune           set or clear multiple tunables
    wait                wait for Purity services to become ready

options:
  -h, --help            show this help message and exit
(must be run as root)
pureeng@rochmn03-pfa-08-581-ct0:~$ sudo su
     root@rochmn03-pfa-08-581-ct0:/var/home/pureeng# pureadm status
Process status:
purity start/running
lio-drv start/running
foed start/running, process 16187
platform start/running, process 16140
gui start/running, process 16115
rest start/running, process 17378
monitor start/running, process 16128
iostat start/running, process 142553
statistics start/running, process 16158
middleware start/running, process 19275
vasa start/running, process 19270
platform working
foed working
gui working
platform_env working
quorum working
foed_env working
foed_ready working
remote_patch working
driver working
san working
health working
lio-drv working
middleware-db working
middleware working
vasa working
     root@rochmn03-pfa-08-581-ct0:/var/home/pureeng# ssh peer
Last login: Wed Jul 17 00:49:17 2024 from fe80::26a9:37ff:fe42:8f3%haeth0

Tue May 13 23:50:11 2025
Welcome root. This is Purity Version 6.5.8 on FlashArray rochmn03-pfa-08-581
http://www.purestorage.com/
     root@rochmn03-pfa-08-581-ct1:~# pureadm status
Process status:
purity start/running
lio-drv start/running
foed start/running, process 16862
platform start/running, process 16816
gui start/running, process 16790
rest start/running, process 18059
monitor start/running, process 16802
iostat start/running, process 69094
statistics start/running, process 16836
middleware start/running, process 19774
vasa start/running, process 19776
platform working
foed working
gui working
platform_env working
quorum working
foed_env working
foed_ready working
remote_patch working
driver working
san working
health working
lio-drv working
middleware-db working
middleware working
vasa working
     root@rochmn03-pfa-08-581-ct1:~# exit
logout
     root@rochmn03-pfa-08-581-ct0:/var/home/pureeng# purearray list --space
Name                 Capacity  Parity  Provisioned Size  Virtual  Thin Provisioning  Data Reduction  Total Reduction  Unique  Snapshots  Shared  System  Replication  Total
rochmn03-pfa-08-581  93.58T    100%    507026G           208.57T  58%                7.8 to 1        18.7 to 1        13.76T  3.62T      21.00T  0.00    0.00         38.38T
     root@rochmn03-pfa-08-581-ct0:/var/home/pureeng# purenetwork istlist
Name      Enabled  Speed       Services
CT0.FC0   True     16.00 Gb/s  scsi-fc
CT0.FC1   True     16.00 Gb/s  scsi-fc
CT0.FC2   True     16.00 Gb/s  scsi-fc
CT0.FC3   True     16.00 Gb/s  scsi-fc
CT0.FC4   True     32.00 Gb/s  scsi-fc
CT0.FC5   True     32.00 Gb/s  scsi-fc
CT0.FC6   True     32.00 Gb/s  scsi-fc
CT0.FC7   True     32.00 Gb/s  scsi-fc
CT0.FC8   True     16.00 Gb/s  scsi-fc
CT0.FC9   True     16.00 Gb/s  scsi-fc
CT1.FC0   True     16.00 Gb/s  scsi-fc
CT1.FC1   True     16.00 Gb/s  scsi-fc
CT1.FC2   True     16.00 Gb/s  scsi-fc
CT1.FC3   True     16.00 Gb/s  scsi-fc
CT1.FC4   True     32.00 Gb/s  scsi-fc
CT1.FC5   True     32.00 Gb/s  scsi-fc
CT1.FC6   True     32.00 Gb/s  scsi-fc
CT1.FC7   True     32.00 Gb/s  scsi-fc
CT1.FC8   True     16.00 Gb/s  scsi-fc
CT1.FC9   True     16.00 Gb/s  scsi-fc
ct0.eth0  True     1.00 Gb/s   management
ct0.eth1  False    1.00 Gb/s   management
ct0.eth2  True     25.00 Gb/s  replication
ct0.eth3  False    25.00 Gb/s  replication
ct0.eth4  True     25.00 Gb/s  iscsi
ct0.eth5  True     25.00 Gb/s  iscsi
ct0.eth6  False    50.00 Gb/s  -
ct0.eth7  False    50.00 Gb/s  -
ct0.eth8  False    50.00 Gb/s  -
ct0.eth9  False    50.00 Gb/s  -
ct1.eth0  True     1.00 Gb/s   management
ct1.eth1  False    1.00 Gb/s   management
ct1.eth2  True     25.00 Gb/s  replication
ct1.eth3  False    25.00 Gb/s  replication
ct1.eth4  True     25.00 Gb/s  iscsi
ct1.eth5  True     25.00 Gb/s  iscsi
ct1.eth6  False    50.00 Gb/s  -
ct1.eth7  False    50.00 Gb/s  -
ct1.eth8  False    50.00 Gb/s  -
ct1.eth9  False    50.00 Gb/s  -
replbond  False    0.00 b/s    replication
vir0      True     1.00 Gb/s   management
vir1      False    1.00 Gb/s   management
     root@rochmn03-pfa-08-581-ct0:/var/home/pureeng# purenetwork fc list
Name     Enabled  WWN                      Speed       Services
CT0.FC0  True     52:4A:93:75:71:13:45:00  16.00 Gb/s  scsi-fc
CT0.FC1  True     52:4A:93:75:71:13:45:01  16.00 Gb/s  scsi-fc
CT0.FC2  True     52:4A:93:75:71:13:45:02  16.00 Gb/s  scsi-fc
CT0.FC3  True     52:4A:93:75:71:13:45:03  16.00 Gb/s  scsi-fc
CT0.FC4  True     52:4A:93:75:71:13:45:04  32.00 Gb/s  scsi-fc
CT0.FC5  True     52:4A:93:75:71:13:45:05  32.00 Gb/s  scsi-fc
CT0.FC6  True     52:4A:93:75:71:13:45:06  32.00 Gb/s  scsi-fc
CT0.FC7  True     52:4A:93:75:71:13:45:07  32.00 Gb/s  scsi-fc
CT0.FC8  True     52:4A:93:75:71:13:45:08  16.00 Gb/s  scsi-fc
CT0.FC9  True     52:4A:93:75:71:13:45:09  16.00 Gb/s  scsi-fc
CT1.FC0  True     52:4A:93:75:71:13:45:10  16.00 Gb/s  scsi-fc
CT1.FC1  True     52:4A:93:75:71:13:45:11  16.00 Gb/s  scsi-fc
CT1.FC2  True     52:4A:93:75:71:13:45:12  16.00 Gb/s  scsi-fc
CT1.FC3  True     52:4A:93:75:71:13:45:13  16.00 Gb/s  scsi-fc
CT1.FC4  True     52:4A:93:75:71:13:45:14  32.00 Gb/s  scsi-fc
CT1.FC5  True     52:4A:93:75:71:13:45:15  32.00 Gb/s  scsi-fc
CT1.FC6  True     52:4A:93:75:71:13:45:16  32.00 Gb/s  scsi-fc
CT1.FC7  True     52:4A:93:75:71:13:45:17  32.00 Gb/s  scsi-fc
CT1.FC8  True     52:4A:93:75:71:13:45:18  16.00 Gb/s  scsi-fc
CT1.FC9  True     52:4A:93:75:71:13:45:19  16.00 Gb/s  scsi-fc
     root@rochmn03-pfa-08-581-ct0:/var/home/pureeng# purenetowrwork eth list
Name      Enabled  Type      Subnet  Address        Mask             Gateway        MTU   MAC                Speed       Services     Subinterfaces
ct0.eth0  True     physical  -       10.92.240.9    255.255.255.192  10.92.240.1    1500  24:a9:37:42:08:f4  1.00 Gb/s   management   -
ct0.eth1  False    physical  -       -              -                -              1500  24:a9:37:42:08:f5  1.00 Gb/s   management   -
ct0.eth2  True     physical  -       10.92.219.136  255.255.255.128  10.92.219.129  8890  24:a9:37:42:08:f7  25.00 Gb/s  replication  -
ct0.eth3  False    physical  -       -              -                -              1500  24:a9:37:42:08:f6  25.00 Gb/s  replication  -
ct0.eth4  True     physical  -       10.92.128.12   255.255.224.0    10.92.128.1    8890  24:a9:37:42:08:f9  25.00 Gb/s  iscsi        -
ct0.eth5  True     physical  -       10.92.128.13   255.255.224.0    10.92.128.1    8890  24:a9:37:42:08:f8  25.00 Gb/s  iscsi        -
ct0.eth6  False    physical  -       -              -                -              4200  24:a9:37:42:02:db  50.00 Gb/s  -            -
ct0.eth7  False    physical  -       -              -                -              4200  24:a9:37:42:02:da  50.00 Gb/s  -            -
ct0.eth8  False    physical  -       -              -                -              4200  24:a9:37:42:02:dd  50.00 Gb/s  -            -
ct0.eth9  False    physical  -       -              -                -              4200  24:a9:37:42:02:dc  50.00 Gb/s  -            -
ct1.eth0  True     physical  -       10.92.240.10   255.255.255.192  10.92.240.1    1500  24:a9:37:0e:1a:ce  1.00 Gb/s   management   -
ct1.eth1  False    physical  -       -              -                -              1500  24:a9:37:0e:1a:cf  1.00 Gb/s   management   -
ct1.eth2  True     physical  -       10.92.219.137  255.255.255.128  10.92.219.129  8890  24:a9:37:0e:1a:d1  25.00 Gb/s  replication  -
ct1.eth3  False    physical  -       -              -                -              1500  24:a9:37:0e:1a:d0  25.00 Gb/s  replication  -
ct1.eth4  True     physical  -       10.92.128.14   255.255.224.0    10.92.128.1    8890  24:a9:37:0e:1a:d3  25.00 Gb/s  iscsi        -
ct1.eth5  True     physical  -       10.92.128.15   255.255.224.0    10.92.128.1    8890  24:a9:37:0e:1a:d2  25.00 Gb/s  iscsi        -
ct1.eth6  False    physical  -       -              -                -              4200  24:a9:37:42:02:ab  50.00 Gb/s  -            -
ct1.eth7  False    physical  -       -              -                -              4200  24:a9:37:42:02:aa  50.00 Gb/s  -            -
ct1.eth8  False    physical  -       -              -                -              4200  24:a9:37:42:02:ad  50.00 Gb/s  -            -
ct1.eth9  False    physical  -       -              -                -              4200  24:a9:37:42:02:ac  50.00 Gb/s  -            -
replbond  False    bond      -       -              -                -              1500  1a:42:c7:10:f4:de  0.00 b/s    replication  -
vir0      True     vif       -       10.92.240.8    255.255.255.0    10.92.240.1    1500  ea:6c:31:c9:52:62  1.00 Gb/s   management   -
vir1      False    vif       -       -              -                -              1500  d6:3c:e4:9c:37:47  1.00 Gb/s   management   -
     root@rochmn03-pfa-08-581-ct0:/var/home/pureeng# presetuuresetup show
##########################################
#   Welcome to the Purity Setup Wizard   #
##########################################
  Physical IP:             10.92.240.9
  Virtual IP:              10.92.240.8
  Netmask:                 255.255.255.192
  Gateway:                 10.92.240.1
  DNS Servers:             10.92.208.59,10.92.208.60
  DNS Domain:              epichosted.com
  NTP Servers:             ntp07.epichosted.com,ntp08.epichosted.com,ntp05.epichosted.com,ntp06.epichosted.com
  SMTP Relay Host:         smtp.epichosted.com
  SMTP Sender Domain:      epichosted.com
  Alert Email Recipients:  eh-sb@epic.com,flasharray-alerts@purestorage.com
  HTTP proxy:              
  Physical IP:             10.92.240.10
  Netmask:                 255.255.255.192
  Gateway:                 10.92.240.1
CONFIG_TASK_COMPLETED:CONFIG_TASK_PURESETUP_EXITED
     root@rochmn03-pfa-08-581-ct0:/var/home/pureeng# puredrive list
Name       Type   Status   Capacity  Details
CH0.BAY0   SSD    healthy  7.93T     -
CH0.BAY1   SSD    healthy  7.93T     -
CH0.BAY2   SSD    healthy  7.93T     -
CH0.BAY3   SSD    healthy  7.93T     -
CH0.BAY4   SSD    healthy  7.93T     -
CH0.BAY5   SSD    healthy  7.93T     -
CH0.BAY6   SSD    healthy  7.93T     -
CH0.BAY7   SSD    healthy  7.93T     -
CH0.BAY8   SSD    healthy  7.93T     -
CH0.BAY9   SSD    healthy  7.93T     -
CH0.BAY10  SSD    healthy  7.93T     -
CH0.BAY11  SSD    healthy  7.93T     -
CH0.BAY12  SSD    healthy  7.93T     -
CH0.BAY13  SSD    healthy  7.93T     -
CH0.BAY14  SSD    healthy  7.93T     -
CH0.BAY15  SSD    healthy  7.93T     -
CH0.BAY16  -      unused   0.00      -
CH0.BAY17  -      unused   0.00      -
CH0.BAY18  -      unused   0.00      -
CH0.BAY19  -      unused   0.00      -
CH0.NVB0   NVRAM  healthy  7.00G     -
CH0.NVB1   NVRAM  healthy  7.00G     -
CH0.NVB2   NVRAM  unused   0.00      -
CH0.NVB3   NVRAM  unused   0.00      -
     root@rochmn03-pfa-08-581-ct0:/var/home/pureeng# puredb list drives
Name       Subslot  Type   Protocol  Status   Capacity  Pinned Space  Degraded  Device Id                                  Boot Aus Used  Main Aus Used
CH0.DRV0   0        SSD    NVMe      healthy  7.93T     108.17G       0.00      8615613669885168350:12838474565197226113   97/371         178136/367202
CH0.DRV1   0        SSD    NVMe      healthy  7.93T     108.81G       0.00      11571891273133539554:13115460915464758423  85/371         177702/367643
CH0.DRV2   0        SSD    NVMe      healthy  7.93T     108.19G       0.00      8494409407093555611:11734444364547518270   86/371         177123/369470
CH0.DRV3   0        SSD    NVMe      healthy  7.93T     108.05G       0.00      17357236075089447156:10643349319020898609  83/371         178274/366873
CH0.DRV4   0        SSD    NVMe      healthy  7.93T     108.63G       0.00      10618078703993766942:11962220037651993195  85/371         177222/363722
CH0.DRV5   0        SSD    NVMe      healthy  7.93T     107.75G       0.00      17639792102979291591:11953615653978745127  81/371         177717/368018
CH0.DRV6   0        SSD    NVMe      healthy  7.93T     107.15G       0.00      10219638092924339365:12772852838407835172  110/371        177629/369879
CH0.DRV7   0        SSD    NVMe      healthy  7.93T     107.38G       0.00      17090665568163545753:11003237221900626231  92/371         176976/369122
CH0.DRV8   0        SSD    NVMe      healthy  7.93T     109.54G       0.00      746338857306309408:11560899681092030645    73/371         177718/369240
CH0.DRV9   0        SSD    NVMe      healthy  7.93T     108.79G       0.00      13507498688465815277:10617732928648987473  63/371         177018/368772
CH0.DRV10  1        SSD    NVMe      healthy  7.93T     144.00M       0.00      12038894157677218972:10435293046318600075  42/207         98768/207907
CH0.DRV11  1        SSD    NVMe      healthy  7.93T     126.00M       0.00      9368865923382988497:11576578002395101231   60/207         99292/207816
CH0.DRV12  1        SSD    NVMe      healthy  7.93T     162.00M       0.00      5837779630464190007:10886208423306103962   49/207         98886/207871
CH0.DRV13  1        SSD    NVMe      healthy  7.93T     102.00M       0.00      6632812764438937677:12759889404966614363   49/207         98522/207716
CH0.DRV14  1        SSD    NVMe      healthy  7.93T     192.00M       0.00      6331598879340120191:13088136090156190954   48/207         98734/207636
CH0.DRV15  1        SSD    NVMe      healthy  7.93T     270.00M       0.00      17359362464575604465:13068980814451483085  60/207         98810/207609
CH0.NVR0   0        NVRAM  NVMe      healthy  7.00G     -             0.00      12676392776965049649:12359009420077432315  -              -
CH0.NVR1   0        NVRAM  NVMe      healthy  7.00G     -             0.00      7115208512440978866:12184535336584957607   -              -
     root@rochmn03-pfa-08-581-ct0:/var/home/pureeng# puretune --list
Warning: failed to retrieve some tunable status (local puredb-chastity, peer puredb-chastity)
Consistently set tunables:
PS_DISABLE_ERADICATION : 1 ('01116954 ', '01116954')
Inconsistently or unnecessarily set tunables:
FMM_DRIVE_EVENT_RETIRE_SCAN_INTERVAL_MINUTE:
local pureadm             - 30  (PURE-260696)
peer pureadm              - 30  (PURE-260696)
local puredb              - <unset> 
peer puredb               - <unset> 
local puredb --platform   - <unset> 
peer puredb --platform    - <unset> 
local puredb --chastity   - <unset> 
peer puredb --chastity    - <unset> 
PURITY_START_ON_BOOT:
local pureadm             - 1 
peer pureadm              - 1 
local puredb              - <unset> 
peer puredb               - <unset> 
local puredb --platform   - <unset> 
peer puredb --platform    - <unset> 
local puredb --chastity   - <unset> 
peer puredb --chastity    - <unset> 
ATOM_5206:
local pureadm             - 1 
peer pureadm              - 1 
local puredb              - <unset> 
peer puredb               - <unset> 
local puredb --platform   - <unset> 
peer puredb --platform    - <unset> 
local puredb --chastity   - <unset> 
peer puredb --chastity    - <unset> 
PS_FILEGW_SMB_HIDE_DOT_SNAPSHOT:
local pureadm             - 0  (Set during upgrade to 6.3.15 - CLOUD-75192)
peer pureadm              - 0  (Set during upgrade to 6.3.15 - CLOUD-75192)
local puredb              - <unset> 
peer puredb               - <unset> 
local puredb --platform   - <unset> 
peer puredb --platform    - <unset> 
local puredb --chastity   - <unset> 
peer puredb --chastity    - <unset> 
ATOM_10072:
local pureadm             - GH  (CLOUD-152371)
peer pureadm              - GH  (CLOUD-152371)
local puredb              - <unset> 
peer puredb               - <unset> 
local puredb --platform   - <unset> 
peer puredb --platform    - <unset> 
local puredb --chastity   - <unset> 
peer puredb --chastity    - <unset> 
ATOM_SECURITY_PATCH_FA_2025_A:
local pureadm             - PCTFJ20170009,PCTFJ21070052,6.5.8  (CLOUD-152371 set by atom-vats)
peer pureadm              - PCTFJ20170009,PCTFJ21070052,6.5.8  (CLOUD-152371 set by atom-vats)
local puredb              - <unset> 
peer puredb               - <unset> 
local puredb --platform   - <unset> 
peer puredb --platform    - <unset> 
local puredb --chastity   - <unset> 
peer puredb --chastity    - <unset> 
     root@rochmn03-pfa-08-581-ct0:/var/home/pureeng# 
     root@rochmn03-pfa-08-581-ct0:/var/home/pureeng# cat /etc/timezone 
America/Chicago     root@rochmn03-pfa-08-581-ct0:/var/home/pureeng# 
     root@rochmn03-pfa-08-581-ct0:/var/home/pureeng# purearray list --connect -- path
     root@rochmn03-pfa-08-581-ct0:/var/home/pureeng# pureport list
Name      WWN                      Portal             IQN                                                      NQN  Failover
CT0.ETH4  -                        10.92.128.12:3260  iqn.2010-06.com.purestorage:flasharray.14bf6b4343fee6a8  -    -
CT0.ETH5  -                        10.92.128.13:3260  iqn.2010-06.com.purestorage:flasharray.14bf6b4343fee6a8  -    -
CT0.FC0   52:4A:93:75:71:13:45:00  -                  -                                                        -    -
CT0.FC1   52:4A:93:75:71:13:45:01  -                  -                                                        -    -
CT0.FC2   52:4A:93:75:71:13:45:02  -                  -                                                        -    -
CT0.FC3   52:4A:93:75:71:13:45:03  -                  -                                                        -    -
CT0.FC4   52:4A:93:75:71:13:45:04  -                  -                                                        -    -
CT0.FC5   52:4A:93:75:71:13:45:05  -                  -                                                        -    -
CT0.FC6   52:4A:93:75:71:13:45:06  -                  -                                                        -    -
CT0.FC7   52:4A:93:75:71:13:45:07  -                  -                                                        -    -
CT0.FC8   52:4A:93:75:71:13:45:08  -                  -                                                        -    -
CT0.FC9   52:4A:93:75:71:13:45:09  -                  -                                                        -    -
CT1.ETH4  -                        10.92.128.14:3260  iqn.2010-06.com.purestorage:flasharray.14bf6b4343fee6a8  -    -
CT1.ETH5  -                        10.92.128.15:3260  iqn.2010-06.com.purestorage:flasharray.14bf6b4343fee6a8  -    -
CT1.FC0   52:4A:93:75:71:13:45:10  -                  -                                                        -    -
CT1.FC1   52:4A:93:75:71:13:45:11  -                  -                                                        -    -
CT1.FC2   52:4A:93:75:71:13:45:12  -                  -                                                        -    -
CT1.FC3   52:4A:93:75:71:13:45:13  -                  -                                                        -    -
CT1.FC4   52:4A:93:75:71:13:45:14  -                  -                                                        -    -
CT1.FC5   52:4A:93:75:71:13:45:15  -                  -                                                        -    -
CT1.FC6   52:4A:93:75:71:13:45:16  -                  -                                                        -    -
CT1.FC7   52:4A:93:75:71:13:45:17  -                  -                                                        -    -
CT1.FC8   52:4A:93:75:71:13:45:18  -                  -                                                        -    -
CT1.FC9   52:4A:93:75:71:13:45:19  -                  -                                                        -    -
     root@rochmn03-pfa-08-581-ct0:/var/home/pureeng# iobalance 0--sampletime 30
sampling host I/O for 30 seconds...
                     Host  CT0 I/O Count  CT1 I/O Count  
rochmn03-hb2-pod58-001-ll      737.00      479.00  ! unbalanced I/O
rochmn03-hb2-pod58-002-ll      705.00      493.00  
rochmn03-hb2-pod58-003-ll       23.00       35.00  ! unbalanced I/O
rochmn03-hb2-pod58-004-ll      616.00      330.00  ! unbalanced I/O
rochmn03-hb2-pod58-005-hl       1.35K       1.43K  
rochmn03-hb2-pod58-005-ll       5.71K       4.36K  
rochmn03-hb2-pod58-006-hl      31.54K      42.71K  
rochmn03-hb2-pod58-006-ll       4.61K       4.42K  
rochmn03-hb2-pod58-007-hl        0.00        0.00  ? Host is idle
rochmn03-hb2-pod58-007-ll       38.00      296.00  ! unbalanced I/O
rochmn03-hb2-pod58-008-hl        0.00        0.00  ? Host is idle
rochmn03-hb2-pod58-008-ll      141.00      153.00  
rochmn03-hb2-pod58-009-hl        0.00        0.00  ? Host is idle
rochmn03-hb2-pod58-009-ll      137.00      190.00  
rochmn03-hb2-pod58-011-ll        0.00        0.00  ? Host is idle
rochmn03-hb2-pod58-012-ll      776.00      574.00  
rochmn03-hb2-pod58-013-hl       3.34K       3.66K  
rochmn03-hb2-pod58-013-ll       4.39K       3.87K  
rochmn03-hb2-pod58-014-hl      180.00      153.00  
rochmn03-hb2-pod58-014-ll      268.00      272.00  
rochmn03-hb2-pod58-015-hl      458.00      548.00  
rochmn03-hb2-pod58-015-ll      456.00      309.00  
rochmn03-hb2-pod58-017-hl        1.00        1.00  
rochmn03-hb2-pod58-017-ll      782.00      542.00  
rochmn03-hb2-pod58-018-hl      27.44K      35.41K  
rochmn03-hb2-pod58-018-ll      19.78K      18.98K  
rochmn03-hb2-pod58-019-ll      737.00      461.00  ! unbalanced I/O
rochmn03-hb2-pod58-020-ll        0.00        0.00  ? Host is idle
rochmn03-hb2-pod58-021-hl       3.65K       4.03K  
rochmn03-hb2-pod58-021-ll       4.00K       3.91K  
rochmn03-hb2-pod58-022-ll        6.00        0.00  ! no I/O to CT1
rochmn03-hb2-pod58-023-ll      149.00       40.00  ! unbalanced I/O
rochmn03-hb2-pod58-024-ll      256.00       30.00  ! unbalanced I/O
rochmn03-hb2-pod58-025-ll       27.00       20.00  
rochmn03-hb2-pod58-026-hl      206.00      173.00  
rochmn03-hb2-pod58-026-ll       2.58K       2.21K  
rochmn03-hb2-pod58-034-hl      165.00      273.00  ! unbalanced I/O
rochmn03-hb2-pod58-034-ll      601.00      492.00  
rochmn03-hb2-pod58-035-hl      11.27K       9.34K  
rochmn03-hb2-pod58-035-ll      41.86K      43.77K  
rochmn03-hb2-pod58-038-hl        2.00        2.00  
rochmn03-hb2-pod58-038-ll       4.80K       4.48K  
rochmn03-hb2-pod58-039-hl        0.00        4.00  ! no I/O to CT0
rochmn03-hb2-pod58-039-ll      288.00       1.00K  ! unbalanced I/O
rochmn03-hb2-pod58-040-hl      11.88K      14.20K  
rochmn03-hb2-pod58-040-ll       6.96K       6.50K  
rochmn03-hb2-pod58-041-ll      859.00      551.00  ! unbalanced I/O
rochmn03-hb2-pod58-042-ll      926.00      574.00  ! unbalanced I/O
rochmn03-hb2-pod58-043-hl      291.00      464.00  ! unbalanced I/O
rochmn03-hb2-pod58-043-ll      24.02K      20.76K  
rochmn03-hb2-pod58-046-ll      725.00      506.00  
rochmn03-hb2-pod58-047-hl       8.07K       9.96K  
rochmn03-hb2-pod58-047-ll       3.12K       3.31K  
rochmn03-hb2-pod58-048-hl       32.00       87.00  ! unbalanced I/O
rochmn03-hb2-pod58-048-ll       3.57K       3.33K  
rochmn03-hb2-pod58-049-hl       7.48K       8.20K  
rochmn03-hb2-pod58-049-ll       4.59K       3.96K  
rochmn03-hb2-pod58-050-ll       1.03K      812.00  
rochmn03-hb2-pod58-051-ll       1.26K       1.14K  
rochmn03-hb2-pod58-052-ll        0.00        0.00  ? Host is idle
rochmn03-hb2-pod58-053-ll      693.00      477.00  
rochmn03-hb2-pod58-056-ll      564.00      633.00  
rochmn03-hb2-pod58-057-hl      24.17K      20.41K  
rochmn03-hb2-pod58-057-ll      17.30K      23.92K  
rochmn03-hb2-pod58-067-ll      992.00       1.00K  
rochmn03-hb2-pod58-068-ll      778.00      710.00  
rochmn03-hb2-pod58-069-ll      709.00      854.00  
rochmn03-hb4-pod58-001-ll      187.00       43.00  ! unbalanced I/O
rochmn03-hb4-pod58-002-ll      50.58K      59.34K  
     root@rochmn03-pfa-08-581-ct0:/var/home/pureeng#   list=`pureport list --initiator`; echo; for i in {0..1}; do for j in {0..9}; do cnt=`echo "$list"|grep CT$i.FC$j|wc -l`;echo CT$i.FC$j $cnt; done; echo; done

CT0.FC0 47
CT0.FC1 47
CT0.FC2 0
CT0.FC3 0
CT0.FC4 0
CT0.FC5 0
CT0.FC6 0
CT0.FC7 0
CT0.FC8 47
CT0.FC9 47

CT1.FC0 47
CT1.FC1 47
CT1.FC2 0
CT1.FC3 0
CT1.FC4 0
CT1.FC5 0
CT1.FC6 0
CT1.FC7 0
CT1.FC8 47
CT1.FC9 47

     root@rochmn03-pfa-08-581-ct0:/var/home/pureeng# fcpureportlist=`pureport list --initiator | awk '/Target/,0' | cut -d. -f1 | awk '{print $1,$5}' | grep -v '-' | grep -v "Initiator" | uniq -c; echo`; fcpureportlistcount=`echo "$fcpureportlist" | awk '{total += $1} END {print total}'`; echo -e "$fcpureportlist\n\n"; echo -e "\tTotal FC connections: $fcpureportlistcount\n\n";
      1 20:00:00:25:B5:3A:08:51 CT0
      1 20:00:00:25:B5:3A:08:51 CT1
      1 20:00:00:25:B5:3A:08:52 CT0
      1 20:00:00:25:B5:3A:08:52 CT1
      1 20:00:00:25:B5:3A:08:53 CT0
      1 20:00:00:25:B5:3A:08:53 CT1
      1 20:00:00:25:B5:3A:08:54 CT0
      1 20:00:00:25:B5:3A:08:54 CT1
      1 20:00:00:25:B5:3A:08:55 CT0
      1 20:00:00:25:B5:3A:08:55 CT1
      1 20:00:00:25:B5:3A:08:56 CT0
      1 20:00:00:25:B5:3A:08:56 CT1
      1 20:00:00:25:B5:3A:08:57 CT0
      1 20:00:00:25:B5:3A:08:57 CT1
      1 20:00:00:25:B5:3A:08:58 CT0
      1 20:00:00:25:B5:3A:08:58 CT1
      1 20:00:00:25:B5:3A:08:59 CT0
      1 20:00:00:25:B5:3A:08:59 CT1
      1 20:00:00:25:B5:3A:08:5A CT0
      1 20:00:00:25:B5:3A:08:5A CT1
      1 20:00:00:25:B5:3A:08:5B CT0
      1 20:00:00:25:B5:3A:08:5B CT1
      1 20:00:00:25:B5:3A:08:5C CT0
      1 20:00:00:25:B5:3A:08:5C CT1
      1 20:00:00:25:B5:3A:08:5E CT0
      1 20:00:00:25:B5:3A:08:5E CT1
      1 20:00:00:25:B5:3A:08:5F CT0
      1 20:00:00:25:B5:3A:08:5F CT1
      1 20:00:00:25:B5:3A:08:60 CT0
      1 20:00:00:25:B5:3A:08:60 CT1
      1 20:00:00:25:B5:3A:08:61 CT0
      1 20:00:00:25:B5:3A:08:61 CT1
      1 20:00:00:25:B5:3A:08:62 CT0
      1 20:00:00:25:B5:3A:08:62 CT1
      1 20:00:00:25:B5:3A:08:63 CT0
      1 20:00:00:25:B5:3A:08:63 CT1
      1 20:00:00:25:B5:3A:08:65 CT0
      1 20:00:00:25:B5:3A:08:65 CT1
      1 20:00:00:25:B5:3A:08:66 CT0
      1 20:00:00:25:B5:3A:08:66 CT1
      1 20:00:00:25:B5:3A:08:68 CT0
      1 20:00:00:25:B5:3A:08:68 CT1
      1 20:00:00:25:B5:3A:08:6A CT0
      1 20:00:00:25:B5:3A:08:6A CT1
      1 20:00:00:25:B5:3A:08:6C CT0
      1 20:00:00:25:B5:3A:08:6C CT1
      1 20:00:00:25:B5:3A:08:6D CT0
      1 20:00:00:25:B5:3A:08:6D CT1
      1 20:00:00:25:B5:3A:08:6E CT0
      1 20:00:00:25:B5:3A:08:6E CT1
      1 20:00:00:25:B5:3A:08:6F CT0
      1 20:00:00:25:B5:3A:08:6F CT1
      1 20:00:00:25:B5:3A:08:70 CT0
      1 20:00:00:25:B5:3A:08:70 CT1
      1 20:00:00:25:B5:3A:08:75 CT0
      1 20:00:00:25:B5:3A:08:75 CT1
      1 20:00:00:25:B5:3A:08:77 CT0
      1 20:00:00:25:B5:3A:08:77 CT1
      1 20:00:00:25:B5:3A:08:78 CT0
      1 20:00:00:25:B5:3A:08:78 CT1
      1 20:00:00:25:B5:3A:08:79 CT0
      1 20:00:00:25:B5:3A:08:79 CT1
      1 20:00:00:25:B5:3A:08:CA CT0
      1 20:00:00:25:B5:3A:08:CA CT1
      1 20:00:00:25:B5:3A:08:CC CT0
      1 20:00:00:25:B5:3A:08:CC CT1
      1 20:00:00:25:B5:3A:08:CD CT0
      1 20:00:00:25:B5:3A:08:CD CT1
      1 20:00:00:25:B5:3A:08:CE CT0
      1 20:00:00:25:B5:3A:08:CE CT1
      1 20:00:00:25:B5:3A:08:CF CT0
      1 20:00:00:25:B5:3A:08:CF CT1
      1 20:00:00:25:B5:3A:08:D0 CT0
      1 20:00:00:25:B5:3A:08:D0 CT1
      1 20:00:00:25:B5:3A:08:D1 CT0
      1 20:00:00:25:B5:3A:08:D1 CT1
      1 20:00:00:25:B5:3A:08:D6 CT0
      1 20:00:00:25:B5:3A:08:D6 CT1
      1 20:00:00:25:B5:3A:08:D7 CT0
      1 20:00:00:25:B5:3A:08:D7 CT1
      1 20:00:00:25:B5:3A:08:D8 CT0
      1 20:00:00:25:B5:3A:08:D8 CT1
      1 20:00:00:25:B5:3A:08:D9 CT0
      1 20:00:00:25:B5:3A:08:D9 CT1
      1 20:00:00:25:B5:3A:08:DA CT0
      1 20:00:00:25:B5:3A:08:DA CT1
      1 20:00:00:25:B5:3A:08:DC CT0
      1 20:00:00:25:B5:3A:08:DC CT1
      1 20:00:00:25:B5:3A:09:F3 CT0
      1 20:00:00:25:B5:3A:09:F3 CT1
      1 20:00:00:25:B5:3A:09:F5 CT0
      1 20:00:00:25:B5:3A:09:F5 CT1
      1 20:00:00:25:B5:3A:09:F7 CT0
      1 20:00:00:25:B5:3A:09:F7 CT1
      1 20:00:00:25:B5:3B:08:51 CT0
      1 20:00:00:25:B5:3B:08:51 CT1
      1 20:00:00:25:B5:3B:08:52 CT0
      1 20:00:00:25:B5:3B:08:52 CT1
      1 20:00:00:25:B5:3B:08:53 CT0
      1 20:00:00:25:B5:3B:08:53 CT1
      1 20:00:00:25:B5:3B:08:54 CT0
      1 20:00:00:25:B5:3B:08:54 CT1
      1 20:00:00:25:B5:3B:08:55 CT0
      1 20:00:00:25:B5:3B:08:55 CT1
      1 20:00:00:25:B5:3B:08:56 CT0
      1 20:00:00:25:B5:3B:08:56 CT1
      1 20:00:00:25:B5:3B:08:57 CT0
      1 20:00:00:25:B5:3B:08:57 CT1
      1 20:00:00:25:B5:3B:08:58 CT0
      1 20:00:00:25:B5:3B:08:58 CT1
      1 20:00:00:25:B5:3B:08:59 CT0
      1 20:00:00:25:B5:3B:08:59 CT1
      1 20:00:00:25:B5:3B:08:5A CT0
      1 20:00:00:25:B5:3B:08:5A CT1
      1 20:00:00:25:B5:3B:08:5B CT0
      1 20:00:00:25:B5:3B:08:5B CT1
      1 20:00:00:25:B5:3B:08:5C CT0
      1 20:00:00:25:B5:3B:08:5C CT1
      1 20:00:00:25:B5:3B:08:5E CT0
      1 20:00:00:25:B5:3B:08:5E CT1
      1 20:00:00:25:B5:3B:08:5F CT0
      1 20:00:00:25:B5:3B:08:5F CT1
      1 20:00:00:25:B5:3B:08:60 CT0
      1 20:00:00:25:B5:3B:08:60 CT1
      1 20:00:00:25:B5:3B:08:61 CT0
      1 20:00:00:25:B5:3B:08:61 CT1
      1 20:00:00:25:B5:3B:08:62 CT0
      1 20:00:00:25:B5:3B:08:62 CT1
      1 20:00:00:25:B5:3B:08:63 CT0
      1 20:00:00:25:B5:3B:08:63 CT1
      1 20:00:00:25:B5:3B:08:65 CT0
      1 20:00:00:25:B5:3B:08:65 CT1
      1 20:00:00:25:B5:3B:08:66 CT0
      1 20:00:00:25:B5:3B:08:66 CT1
      1 20:00:00:25:B5:3B:08:68 CT0
      1 20:00:00:25:B5:3B:08:68 CT1
      1 20:00:00:25:B5:3B:08:6A CT0
      1 20:00:00:25:B5:3B:08:6A CT1
      1 20:00:00:25:B5:3B:08:6C CT0
      1 20:00:00:25:B5:3B:08:6C CT1
      1 20:00:00:25:B5:3B:08:6D CT0
      1 20:00:00:25:B5:3B:08:6D CT1
      1 20:00:00:25:B5:3B:08:6E CT0
      1 20:00:00:25:B5:3B:08:6E CT1
      1 20:00:00:25:B5:3B:08:6F CT0
      1 20:00:00:25:B5:3B:08:6F CT1
      1 20:00:00:25:B5:3B:08:70 CT0
      1 20:00:00:25:B5:3B:08:70 CT1
      1 20:00:00:25:B5:3B:08:75 CT0
      1 20:00:00:25:B5:3B:08:75 CT1
      1 20:00:00:25:B5:3B:08:77 CT0
      1 20:00:00:25:B5:3B:08:77 CT1
      1 20:00:00:25:B5:3B:08:78 CT0
      1 20:00:00:25:B5:3B:08:78 CT1
      1 20:00:00:25:B5:3B:08:79 CT0
      1 20:00:00:25:B5:3B:08:79 CT1
      1 20:00:00:25:B5:3B:08:CA CT0
      1 20:00:00:25:B5:3B:08:CA CT1
      1 20:00:00:25:B5:3B:08:CC CT0
      1 20:00:00:25:B5:3B:08:CC CT1
      1 20:00:00:25:B5:3B:08:CD CT0
      1 20:00:00:25:B5:3B:08:CD CT1
      1 20:00:00:25:B5:3B:08:CE CT0
      1 20:00:00:25:B5:3B:08:CE CT1
      1 20:00:00:25:B5:3B:08:CF CT0
      1 20:00:00:25:B5:3B:08:CF CT1
      1 20:00:00:25:B5:3B:08:D0 CT0
      1 20:00:00:25:B5:3B:08:D0 CT1
      1 20:00:00:25:B5:3B:08:D1 CT0
      1 20:00:00:25:B5:3B:08:D1 CT1
      1 20:00:00:25:B5:3B:08:D6 CT0
      1 20:00:00:25:B5:3B:08:D6 CT1
      1 20:00:00:25:B5:3B:08:D7 CT0
      1 20:00:00:25:B5:3B:08:D7 CT1
      1 20:00:00:25:B5:3B:08:D8 CT0
      1 20:00:00:25:B5:3B:08:D8 CT1
      1 20:00:00:25:B5:3B:08:D9 CT0
      1 20:00:00:25:B5:3B:08:D9 CT1
      1 20:00:00:25:B5:3B:08:DA CT0
      1 20:00:00:25:B5:3B:08:DA CT1
      1 20:00:00:25:B5:3B:08:DC CT0
      1 20:00:00:25:B5:3B:08:DC CT1
      1 20:00:00:25:B5:3B:09:F3 CT0
      1 20:00:00:25:B5:3B:09:F3 CT1
      1 20:00:00:25:B5:3B:09:F5 CT0
      1 20:00:00:25:B5:3B:09:F5 CT1
      1 20:00:00:25:B5:3B:09:F7 CT0
      1 20:00:00:25:B5:3B:09:F7 CT1
      1 20:00:00:25:B5:4A:08:51 CT0
      1 20:00:00:25:B5:4A:08:51 CT1
      1 20:00:00:25:B5:4A:08:52 CT0
      1 20:00:00:25:B5:4A:08:52 CT1
      1 20:00:00:25:B5:4A:08:53 CT0
      1 20:00:00:25:B5:4A:08:53 CT1
      1 20:00:00:25:B5:4A:08:54 CT0
      1 20:00:00:25:B5:4A:08:54 CT1
      1 20:00:00:25:B5:4A:08:55 CT0
      1 20:00:00:25:B5:4A:08:55 CT1
      1 20:00:00:25:B5:4A:08:56 CT0
      1 20:00:00:25:B5:4A:08:56 CT1
      1 20:00:00:25:B5:4A:08:57 CT0
      1 20:00:00:25:B5:4A:08:57 CT1
      1 20:00:00:25:B5:4A:08:58 CT0
      1 20:00:00:25:B5:4A:08:58 CT1
      1 20:00:00:25:B5:4A:08:59 CT0
      1 20:00:00:25:B5:4A:08:59 CT1
      1 20:00:00:25:B5:4A:08:5A CT0
      1 20:00:00:25:B5:4A:08:5A CT1
      1 20:00:00:25:B5:4A:08:5B CT0
      1 20:00:00:25:B5:4A:08:5B CT1
      1 20:00:00:25:B5:4A:08:5C CT0
      1 20:00:00:25:B5:4A:08:5C CT1
      1 20:00:00:25:B5:4A:08:5E CT0
      1 20:00:00:25:B5:4A:08:5E CT1
      1 20:00:00:25:B5:4A:08:5F CT0
      1 20:00:00:25:B5:4A:08:5F CT1
      1 20:00:00:25:B5:4A:08:60 CT0
      1 20:00:00:25:B5:4A:08:60 CT1
      1 20:00:00:25:B5:4A:08:61 CT0
      1 20:00:00:25:B5:4A:08:61 CT1
      1 20:00:00:25:B5:4A:08:62 CT0
      1 20:00:00:25:B5:4A:08:62 CT1
      1 20:00:00:25:B5:4A:08:63 CT0
      1 20:00:00:25:B5:4A:08:63 CT1
      1 20:00:00:25:B5:4A:08:65 CT0
      1 20:00:00:25:B5:4A:08:65 CT1
      1 20:00:00:25:B5:4A:08:66 CT0
      1 20:00:00:25:B5:4A:08:66 CT1
      1 20:00:00:25:B5:4A:08:68 CT0
      1 20:00:00:25:B5:4A:08:68 CT1
      1 20:00:00:25:B5:4A:08:6A CT0
      1 20:00:00:25:B5:4A:08:6A CT1
      1 20:00:00:25:B5:4A:08:6C CT0
      1 20:00:00:25:B5:4A:08:6C CT1
      1 20:00:00:25:B5:4A:08:6D CT0
      1 20:00:00:25:B5:4A:08:6D CT1
      1 20:00:00:25:B5:4A:08:6E CT0
      1 20:00:00:25:B5:4A:08:6E CT1
      1 20:00:00:25:B5:4A:08:6F CT0
      1 20:00:00:25:B5:4A:08:6F CT1
      1 20:00:00:25:B5:4A:08:70 CT0
      1 20:00:00:25:B5:4A:08:70 CT1
      1 20:00:00:25:B5:4A:08:75 CT0
      1 20:00:00:25:B5:4A:08:75 CT1
      1 20:00:00:25:B5:4A:08:77 CT0
      1 20:00:00:25:B5:4A:08:77 CT1
      1 20:00:00:25:B5:4A:08:78 CT0
      1 20:00:00:25:B5:4A:08:78 CT1
      1 20:00:00:25:B5:4A:08:79 CT0
      1 20:00:00:25:B5:4A:08:79 CT1
      1 20:00:00:25:B5:4A:08:CA CT0
      1 20:00:00:25:B5:4A:08:CA CT1
      1 20:00:00:25:B5:4A:08:CC CT0
      1 20:00:00:25:B5:4A:08:CC CT1
      1 20:00:00:25:B5:4A:08:CD CT0
      1 20:00:00:25:B5:4A:08:CD CT1
      1 20:00:00:25:B5:4A:08:CE CT0
      1 20:00:00:25:B5:4A:08:CE CT1
      1 20:00:00:25:B5:4A:08:CF CT0
      1 20:00:00:25:B5:4A:08:CF CT1
      1 20:00:00:25:B5:4A:08:D0 CT0
      1 20:00:00:25:B5:4A:08:D0 CT1
      1 20:00:00:25:B5:4A:08:D1 CT0
      1 20:00:00:25:B5:4A:08:D1 CT1
      1 20:00:00:25:B5:4A:08:D6 CT0
      1 20:00:00:25:B5:4A:08:D6 CT1
      1 20:00:00:25:B5:4A:08:D7 CT0
      1 20:00:00:25:B5:4A:08:D7 CT1
      1 20:00:00:25:B5:4A:08:D8 CT0
      1 20:00:00:25:B5:4A:08:D8 CT1
      1 20:00:00:25:B5:4A:08:D9 CT0
      1 20:00:00:25:B5:4A:08:D9 CT1
      1 20:00:00:25:B5:4A:08:DA CT0
      1 20:00:00:25:B5:4A:08:DA CT CT0
      1 20:00:00:25:B5:4B:08:65 CT1
      1 20:00:00:25:B5:4B:08:66 CT0
      1 20:00:00:25:B5:4B:08:66 CT1
      1 20:00:00:25:B5:4B:08:68 CT0
      1 20:00:00:25:B5:4B:08:68 CT1
      1 20:00:00:25:B5:4B:08:6A CT0
      1 20:00:00:25:B5:4B:08:6A CT1
      1 20:00:00:25:B5:4B:08:6C CT0
      1 20:00:00:25:B5:4B:08:6C CT1
      1 20:00:00:25:B5:4B:08:6D CT0
      1 20:00:00:25:B5:4B:08:6D CT1
      1 20:00:00:25:B5:4B:08:6E CT0
      1 20:00:00:25:B5:4B:08:6E CT1
      1 20:00:00:25:B5:4B:08:6F CT0
      1 20:00:00:25:B5:4B:08:6F CT1
      1 20:00:00:25:B5:4B:08:70 CT0
      1 20:00:00:25:B5:4B:08:70 CT1
      1 20:00:00:25:B5:4B:08:75 CT0
      1 20:00:00:25:B5:4B:08:75 CT1
      1 20:00:00:25:B5:4B:08:77 CT0
      1 20:00:00:25:B5:4B:08:77 CT1
      1 20:00:00:25:B5:4B:08:78 CT0
      1 20:00:00:25:B5:4B:08:78 CT1
      1 20:00:00:25:B5:4B:08:79 CT0
      1 20:00:00:25:B5:4B:08:79 CT1
      1 20:00:00:25:B5:4B:08:CA CT0
      1 20:00:00:25:B5:4B:08:CA CT1
      1 20:00:00:25:B5:4B:08:CC CT0
      1 20:00:00:25:B5:4B:08:CC CT1
      1 20:00:00:25:B5:4B:08:CD CT0
      1 20:00:00:25:B5:4B:08:CD CT1
      1 20:00:00:25:B5:4B:08:CE CT0
      1 20:00:00:25:B5:4B:08:CE CT1
      1 20:00:00:25:B5:4B:08:CF CT0
      1 20:00:00:25:B5:4B:08:CF CT1
      1 20:00:00:25:B5:4B:08:D0 CT0
      1 20:00:00:25:B5:4B:08:D0 CT1
      1 20:00:00:25:B5:4B:08:D1 CT0
      1 20:00:00:25:B5:4B:08:D1 CT1
      1 20:00:00:25:B5:4B:08:D6 CT0
      1 20:00:00:25:B5:4B:08:D6 CT1
      1 20:00:00:25:B5:4B:08:D7 CT0
      1 20:00:00:25:B5:4B:08:D7 CT1
      1 20:00:00:25:B5:4B:08:D8 CT0
      1 20:00:00:25:B5:4B:08:D8 CT1
      1 20:00:00:25:B5:4B:08:D9 CT0
      1 20:00:00:25:B5:4B:08:D9 CT1
      1 20:00:00:25:B5:4B:08:DA CT0
      1 20:00:00:25:B5:4B:08:DA CT1
      1 20:00:00:25:B5:4B:08:DC CT0
      1 20:00:00:25:B5:4B:08:DC CT1
      1 20:00:00:25:B5:4B:09:F3 CT0
      1 20:00:00:25:B5:4B:09:F3 CT1
      1 20:00:00:25:B5:4B:09:F5 CT0
      1 20:00:00:25:B5:4B:09:F5 CT1
      1 20:00:00:25:B5:4B:09:F7 CT0
      1 20:00:00:25:B5:4B:09:F7 CT1


Total FC connections: 376


     root@rochmn03-pfa-08-581-ct0:/var/home/pureeng# iscsipureportlist=`pureport list --initiator | grep -v FC | awk -F' CT' '{print "CT"$2,$8}' | grep -v 'CT ' | awk -F '.ETH' '{print $1, $2}' | awk '{print $1, $5, $6}' | sort | uniq -c; echo`; iscsipureportlistcount=`echo "$iscsipureportlist" | awk '{total += $1} END {print total}'`; echo -e "$iscsipureportlist\n\n"; echo -e "\tTotal iSCSI conne ctions: $iscsipureportlistcount\n\n";



Total iSCSI connections: 0


     root@rochmn03-pfa-08-581-ct0:/var/home/pureeng# purearray list --conroller
usage: purearray [-h]
                 {activate,authorize,connect,default-protection,diagnose,disable,disconnect,enable,encryption,eradication-config,erase,eula,factory-reset-token,list,monitor,phonehome,remoteassist,rename,replace,report,setattr,suspend,tag,test,throttle,untag}
                 ...
purearray: error: unrecognized arguments: --conroller
     root@rochmn03-pfa-08-581-ct0:/var/home/pureeng# purenetwork list
Name      Enabled  Speed       Services
CT0.FC0   True     16.00 Gb/s  scsi-fc
CT0.FC1   True     16.00 Gb/s  scsi-fc
CT0.FC2   True     16.00 Gb/s  scsi-fc
CT0.FC3   True     16.00 Gb/s  scsi-fc
CT0.FC4   True     32.00 Gb/s  scsi-fc
CT0.FC5   True     32.00 Gb/s  scsi-fc
CT0.FC6   True     32.00 Gb/s  scsi-fc
CT0.FC7   True     32.00 Gb/s  scsi-fc
CT0.FC8   True     16.00 Gb/s  scsi-fc
CT0.FC9   True     16.00 Gb/s  scsi-fc
CT1.FC0   True     16.00 Gb/s  scsi-fc
CT1.FC1   True     16.00 Gb/s  scsi-fc
CT1.FC2   True     16.00 Gb/s  scsi-fc
CT1.FC3   True     16.00 Gb/s  scsi-fc
CT1.FC4   True     32.00 Gb/s  scsi-fc
CT1.FC5   True     32.00 Gb/s  scsi-fc
CT1.FC6   True     32.00 Gb/s  scsi-fc
CT1.FC7   True     32.00 Gb/s  scsi-fc
CT1.FC8   True     16.00 Gb/s  scsi-fc
CT1.FC9   True     16.00 Gb/s  scsi-fc
ct0.eth0  True     1.00 Gb/s   management
ct0.eth1  False    1.00 Gb/s   management
ct0.eth2  True     25.00 Gb/s  replication
ct0.eth3  False    25.00 Gb/s  replication
ct0.eth4  True     25.00 Gb/s  iscsi
ct0.eth5  True     25.00 Gb/s  iscsi
ct0.eth6  False    50.00 Gb/s  -
ct0.eth7  False    50.00 Gb/s  -
ct0.eth8  False    50.00 Gb/s  -
ct0.eth9  False    50.00 Gb/s  -
ct1.eth0  True     1.00 Gb/s   management
ct1.eth1  False    1.00 Gb/s   management
ct1.eth2  True     25.00 Gb/s  replication
ct1.eth3  False    25.00 Gb/s  replication
ct1.eth4  True     25.00 Gb/s  iscsi
ct1.eth5  True     25.00 Gb/s  iscsi
ct1.eth6  False    50.00 Gb/s  -
ct1.eth7  False    50.00 Gb/s  -
ct1.eth8  False    50.00 Gb/s  -
ct1.eth9  False    50.00 Gb/s  -
replbond  False    0.00 b/s    replication
vir0      True     1.00 Gb/s   management
vir1      False    1.00 Gb/s   management
     root@rochmn03-pfa-08-581-ct0:/var/home/pureeng# purealert tag --timeout 240m --maintenance
Name         Created                  Expires
maintenance  2025-05-13 23:54:23 CDT  2025-05-14 03:54:23 CDT
     root@rochmn03-pfa-08-581-ct0:/var/home/pureeng# purearray list --controller r
Name  Type              Mode       Model     Version  Status  Internal Details
CT0   array_controller  secondary  FA-X50R3  6.5.8    ready   
CT1   array_controller  primary    FA-X50R3  6.5.8    ready   
     root@rochmn03-pfa-08-581-ct0:/var/home/pureeng# fcpureportlist=`pureport list --initiator | awk '/Target/,0' | cut -d. -f1 | awk '{print $1,$5}' | grep -v '-' | grep -v "Initiator" | uniq -c; echo`; fcpureportlistcount=`echo "$fcpureportlist" | awk '{total += $1} END {print total}'`; echo -e "$fcpureportlist\n\n"; echo -e "\tTotal FC connections: $fcpureportlistcount\n\n";
      1 20:00:00:25:B5:3A:08:51 CT0
      1 20:00:00:25:B5:3A:08:51 CT1
      1 20:00:00:25:B5:3A:08:52 CT0
      1 20:00:00:25:B5:3A:08:52 CT1
      1 20:00:00:25:B5:3A:08:53 CT0
      1 20:00:00:25:B5:3A:08:53 CT1
      1 20:00:00:25:B5:3A:08:54 CT0
      1 20:00:00:25:B5:3A:08:54 CT1
      1 20:00:00:25:B5:3A:08:55 CT0
      1 20:00:00:25:B5:3A:08:55 CT1
      1 20:00:00:25:B5:3A:08:56 CT0
      1 20:00:00:25:B5:3A:08:56 CT1
      1 20:00:00:25:B5:3A:08:57 CT0
      1 20:00:00:25:B5:3A:08:57 CT1
      1 20:00:00:25:B5:3A:08:58 CT0
      1 20:00:00:25:B5:3A:08:58 CT1
      1 20:00:00:25:B5:3A:08:59 CT0
      1 20:00:00:25:B5:3A:08:59 CT1
      1 20:00:00:25:B5:3A:08:5A CT0
      1 20:00:00:25:B5:3A:08:5A CT1
      1 20:00:00:25:B5:3A:08:5B CT0
      1 20:00:00:25:B5:3A:08:5B CT1
      1 20:00:00:25:B5:3A:08:5C CT0
      1 20:00:00:25:B5:3A:08:5C CT1
      1 20:00:00:25:B5:3A:08:5E CT0
      1 20:00:00:25:B5:3A:08:5E CT1
      1 20:00:00:25:B5:3A:08:5F CT0
      1 20:00:00:25:B5:3A:08:5F CT1
      1 20:00:00:25:B5:3A:08:60 CT0
      1 20:00:00:25:B5:3A:08:60 CT1
      1 20:00:00:25:B5:3A:08:61 CT0
      1 20:00:00:25:B5:3A:08:61 CT1
      1 20:00:00:25:B5:3A:08:62 CT0
      1 20:00:00:25:B5:3A:08:62 CT1
      1 20:00:00:25:B5:3A:08:63 CT0
      1 20:00:00:25:B5:3A:08:63 CT1
      1 20:00:00:25:B5:3A:08:65 CT0
      1 20:00:00:25:B5:3A:08:65 CT1
      1 20:00:00:25:B5:3A:08:66 CT0
      1 20:00:00:25:B5:3A:08:66 CT1
      1 20:00:00:25:B5:3A:08:68 CT0
      1 20:00:00:25:B5:3A:08:68 CT1
      1 20:00:00:25:B5:3A:08:6A CT0
      1 20:00:00:25:B5:3A:08:6A CT1
      1 20:00:00:25:B5:3A:08:6C CT0
      1 20:00:00:25:B5:3A:08:6C CT1
      1 20:00:00:25:B5:3A:08:6D CT0
      1 20:00:00:25:B5:3A:08:6D CT1
      1 20:00:00:25:B5:3A:08:6E CT0
      1 20:00:00:25:B5:3A:08:6E CT1
      1 20:00:00:25:B5:3A:08:6F CT0
      1 20:00:00:25:B5:3A:08:6F CT1
      1 20:00:00:25:B5:3A:08:70 CT0
      1 20:00:00:25:B5:3A:08:70 CT1
      1 20:00:00:25:B5:3A:08:75 CT0
      1 20:00:00:25:B5:3A:08:75 CT1
      1 20:00:00:25:B5:3A:08:77 CT0
      1 20:00:00:25:B5:3A:08:77 CT1
      1 20:00:00:25:B5:3A:08:78 CT0
      1 20:00:00:25:B5:3A:08:78 CT1
      1 20:00:00:25:B5:3A:08:79 CT0
      1 20:00:00:25:B5:3A:08:79 CT1
      1 20:00:00:25:B5:3A:08:CA CT0
      1 20:00:00:25:B5:3A:08:CA CT1
      1 20:00:00:25:B5:3A:08:CC CT0
      1 20:00:00:25:B5:3A:08:CC CT1
      1 20:00:00:25:B5:3A:08:CD CT0
      1 20:00:00:25:B5:3A:08:CD CT1
      1 20:00:00:25:B5:3A:08:CE CT0
      1 20:00:00:25:B5:3A:08:CE CT1
      1 20:00:00:25:B5:3A:08:CF CT0
      1 20:00:00:25:B5:3A:08:CF CT1
      1 20:00:00:25:B5:3A:08:D0 CT0
      1 20:00:00:25:B5:3A:08:D0 CT1
      1 20:00:00:25:B5:3A:08:D1 CT0
      1 20:00:00:25:B5:3A:08:D1 CT1
      1 20:00:00:25:B5:3A:08:D6 CT0
      1 20:00:00:25:B5:3A:08:D6 CT1
      1 20:00:00:25:B5:3A:08:D7 CT0
      1 20:00:00:25:B5:3A:08:D7 CT1
      1 20:00:00:25:B5:3A:08:D8 CT0
      1 20:00:00:25:B5:3A:08:D8 CT1
      1 20:00:00:25:B5:3A:08:D9 CT0
      1 20:00:00:25:B5:3A:08:D9 CT1
      1 20:00:00:25:B5:3A:08:DA CT0
      1 20:00:00:25:B5:3A:08:DA CT1
      1 20:00:00:25:B5:3A:08:DC CT0
      1 20:00:00:25:B5:3A:08:DC CT1
      1 20:00:00:25:B5:3A:09:F3 CT0
      1 20:00:00:25:B5:3A:09:F3 CT1
      1 20:00:00:25:B5:3A:09:F5 CT0
      1 20:00:00:25:B5:3A:09:F5 CT1
      1 20:00:00:25:B5:3A:09:F7 CT0
      1 20:00:00:25:B5:3A:09:F7 CT1
      1 20:00:00:25:B5:3B:08:51 CT0
      1 20:00:00:25:B5:3B:08:51 CT1
      1 20:00:00:25:B5:3B:08:52 CT0
      1 20:00:00:25:B5:3B:08:52 CT1
      1 20:00:00:25:B5:3B:08:53 CT0
      1 20:00:00:25:B5:3B:08:53 CT1
      1 20:00:00:25:B5:3B:08:54 CT0
      1 20:00:00:25:B5:3B:08:54 CT1
      1 20:00:00:25:B5:3B:08:55 CT0
      1 20:00:00:25:B5:3B:08:55 CT1
      1 20:00:00:25:B5:3B:08:56 CT0
      1 20:00:00:25:B5:3B:08:56 CT1
      1 20:00:00:25:B5:3B:08:57 CT0
      1 20:00:00:25:B5:3B:08:57 CT1
      1 20:00:00:25:B5:3B:08:58 CT0
      1 20:00:00:25:B5:3B:08:58 CT1
      1 20:00:00:25:B5:3B:08:59 CT0
      1 20:00:00:25:B5:3B:08:59 CT1
      1 20:00:00:25:B5:3B:08:5A CT0
      1 20:00:00:25:B5:3B:08:5A CT1
      1 20:00:00:25:B5:3B:08:5B CT0
      1 20:00:00:25:B5:3B:08:5B CT1
      1 20:00:00:25:B5:3B:08:5C CT0
      1 20:00:00:25:B5:3B:08:5C CT1
      1 20:00:00:25:B5:3B:08:5E CT0
      1 20:00:00:25:B5:3B:08:5E CT1
      1 20:00:00:25:B5:3B:08:5F CT0
      1 20:00:00:25:B5:3B:08:5F CT1
      1 20:00:00:25:B5:3B:08:60 CT0
      1 20:00:00:25:B5:3B:08:60 CT1
      1 20:00:00:25:B5:3B:08:61 CT0
      1 20:00:00:25:B5:3B:08:61 CT1
      1 20:00:00:25:B5:3B:08:62 CT0
      1 20:00:00:25:B5:3B:08:62 CT1
      1 20:00:00:25:B5:3B:08:63 CT0
      1 20:00:00:25:B5:3B:08:63 CT1
      1 20:00:00:25:B5:3B:08:65 CT0
      1 20:00:00:25:B5:3B:08:65 CT1
      1 20:00:00:25:B5:3B:08:66 CT0
      1 20:00:00:25:B5:3B:08:66 CT1
      1 20:00:00:25:B5:3B:08:68 CT0
      1 20:00:00:25:B5:3B:08:68 CT1
      1 20:00:00:25:B5:3B:08:6A CT0
      1 20:00:00:25:B5:3B:08:6A CT1
      1 20:00:00:25:B5:3B:08:6C CT0
      1 20:00:00:25:B5:3B:08:6C CT1
      1 20:00:00:25:B5:3B:08:6D CT0
      1 20:00:00:25:B5:3B:08:6D CT1
      1 20:00:00:25:B5:3B:08:6E CT0
      1 20:00:00:25:B5:3B:08:6E CT1
      1 20:00:00:25:B5:3B:08:6F CT0
      1 20:00:00:25:B5:3B:08:6F CT1
      1 20:00:00:25:B5:3B:08:70 CT0
      1 20:00:00:25:B5:3B:08:70 CT1
      1 20:00:00:25:B5:3B:08:75 CT0
      1 20:00:00:25:B5:3B:08:75 CT1
      1 20:00:00:25:B5:3B:08:77 CT0
      1 20:00:00:25:B5:3B:08:77 CT1
      1 20:00:00:25:B5:3B:08:78 CT0
      1 20:00:00:25:B5:3B:08:78 CT1
      1 20:00:00:25:B5:3B:08:79 CT0
      1 20:00:00:25:B5:3B:08:79 CT1
      1 20:00:00:25:B5:3B:08:CA CT0
      1 20:00:00:25:B5:3B:08:CA CT1
      1 20:00:00:25:B5:3B:08:CC CT0
      1 20:00:00:25:B5:3B:08:CC CT1
      1 20:00:00:25:B5:3B:08:CD CT0
      1 20:00:00:25:B5:3B:08:CD CT1
      1 20:00:00:25:B5:3B:08:CE CT0
      1 20:00:00:25:B5:3B:08:CE CT1
      1 20:00:00:25:B5:3B:08:CF CT0
      1 20:00:00:25:B5:3B:08:CF CT1
      1 20:00:00:25:B5:3B:08:D0 CT0
      1 20:00:00:25:B5:3B:08:D0 CT1
      1 20:00:00:25:B5:3B:08:D1 CT0
      1 20:00:00:25:B5:3B:08:D1 CT1
      1 20:00:00:25:B5:3B:08:D6 CT0
      1 20:00:00:25:B5:3B:08:D6 CT1
      1 20:00:00:25:B5:3B:08:D7 CT0
      1 20:00:00:25:B5:3B:08:D7 CT1
      1 20:00:00:25:B5:3B:08:D8 CT0
      1 20:00:00:25:B5:3B:08:D8 CT1
      1 20:00:00:25:B5:3B:08:D9 CT0
      1 20:00:00:25:B5:3B:08:D9 CT1
      1 20:00:00:25:B5:3B:08:DA CT0
      1 20:00:00:25:B5:3B:08:DA CT1
      1 20:00:00:25:B5:3B:08:DC CT0
      1 20:00:00:25:B5:3B:08:DC CT1
      1 20:00:00:25:B5:3B:09:F3 CT0
      1 20:00:00:25:B5:3B:09:F3 CT1
      1 20:00:00:25:B5:3B:09:F5 CT0
      1 20:00:00:25:B5:3B:09:F5 CT1
      1 20:00:00:25:B5:3B:09:F7 CT0
      1 20:00:00:25:B5:3B:09:F7 CT1
      1 20:00:00:25:B5:4A:08:51 CT0
      1 20:00:00:25:B5:4A:08:51 CT1
      1 20:00:00:25:B5:4A:08:52 CT0
      1 20:00:00:25:B5:4A:08:52 CT1
      1 20:00:00:25:B5:4A:08:53 CT0
      1 20:00:00:25:B5:4A:08:53 CT1
      1 20:00:00:25:B5:4A:08:54 CT0
      1 20:00:00:25:B5:4A:08:54 CT1
      1 20:00:00:25:B5:4A:08:55 CT0
      1 20:00:00:25:B5:4A:08:55 CT1
      1 20:00:00:25:B5:4A:08:56 CT0
      1 20:00:00:25:B5:4A:08:56 CT1
      1 20:00:00:25:B5:4A:08:57 CT0
      1 20:00:00:25:B5:4A:08:57 CT1
      1 20:00:00:25:B5:4A:08:58 CT0
      1 20:00:00:25:B5:4A:08:58 CT1
      1 20:00:00:25:B5:4A:08:59 CT0
      1 20:00:00:25:B5:4A:08:59 CT1
      1 20:00:00:25:B5:4A:08:5A CT0
      1 20:00:00:25:B5:4A:08:5A CT1
      1 20:00:00:25:B5:4A:08:5B CT0
      1 20:00:00:25:B5:4A:08:5B CT1
      1 20:00:00:25:B5:4A:08:5C CT0
      1 20:00:00:25:B5:4A:08:5C CT1
      1 20:00:00:25:B5:4A:08:5E CT0
      1 20:00:00:25:B5:4A:08:5E CT1
      1 20:00:00:25:B5:4A:08:5F CT0
      1 20:00:00:25:B5:4A:08:5F CT1
      1 20:00:00:25:B5:4A:08:60 CT0
      1 20:00:00:25:B5:4A:08:60 CT1
      1 20:00:00:25:B5:4A:08:61 CT0
      1 20:00:00:25:B5:4A:08:61 CT1
      1 20:00:00:25:B5:4A:08:62 CT0
      1 20:00:00:25:B5:4A:08:62 CT1
      1 20:00:00:25:B5:4A:08:63 CT0
      1 20:00:00:25:B5:4A:08:63 CT1
      1 20:00:00:25:B5:4A:08:65 CT0
      1 20:00:00:25:B5:4A:08:65 CT1
      1 20:00:00:25:B5:4A:08:66 CT0
      1 20:00:00:25:B5:4A:08:66 CT1
      1 20:00:00:25:B5:4A:08:68 CT0
      1 20:00:00:25:B5:4A:08:68 CT1
      1 20:00:00:25:B5:4A:08:6A CT0
      1 20:00:00:25:B5:4A:08:6A CT1
      1 20:00:00:25:B5:4A:08:6C CT0
      1 20:00:00:25:B5:4A:08:6C CT1
      1 20:00:00:25:B5:4A:08:6D CT0
      1 20:00:00:25:B5:4A:08:6D CT1
      1 20:00:00:25:B5:4A:08:6E CT0
      1 20:00:00:25:B5:4A:08:6E CT1
      1 20:00:00:25:B5:4A:08:6F CT0
      1 20:00:00:25:B5:4A:08:6F CT1
      1 20:00:00:25:B5:4A:08:70 CT0
      1 20:00:00:25:B5:4A:08:70 CT1
      1 20:00:00:25:B5:4A:08:75 CT0
      1 20:00:00:25:B5:4A:08:75 CT1
      1 20:00:00:25:B5:4A:08:77 CT0
      1 20:00:00:25:B5:4A:08:77 CT1
      1 20:00:00:25:B5:4A:08:78 CT0
      1 20:00:00:25:B5:4A:08:78 CT1
      1 20:00:00:25:B5:4A:08:79 CT0
      1 20:00:00:25:B5:4A:08:79 CT1
      1 20:00:00:25:B5:4A:08:CA CT0
      1 20:00:00:25:B5:4A:08:CA CT1
      1 20:00:00:25:B5:4A:08:CC CT0
      1 20:00:00:25:B5:4A:08:CC CT1
      1 20:00:00:25:B5:4A:08:CD CT0
      1 20:00:00:25:B5:4A:08:CD CT1
      1 20:00:00:25:B5:4A:08:CE CT0
      1 20:00:00:25:B5:4A:08:CE CT1
      1 20:00:00:25:B5:4A:08:CF CT0
      1 20:00:00:25:B5:4A:08:CF CT1
      1 20:00:00:25:B5:4A:08:D0 CT0
      1 20:00:00:25:B5:4A:08:D0 CT1
      1 20:00:00:25:B5:4A:08:D1 CT0
      1 20:00:00:25:B5:4A:08:D1 CT1
      1 20:00:00:25:B5:4A:08:D6 CT0
      1 20:00:00:25:B5:4A:08:D6 CT1
      1 20:00:00:25:B5:4A:08:D7 CT0
      1 20:00:00:25:B5:4A:08:D7 CT1
      1 20:00:00:25:B5:4A:08:D8 CT0
      1 20:00:00:25:B5:4A:08:D8 CT1
      1 20:00:00:25:B5:4A:08:D9 CT0
      1 20:00:00:25:B5:4A:08:D9 CT1
      1 20:00:00:25:B5:4A:08:DA CT0
      1 20:00:00:25:B5:4A:08:DA CT1
      1 20:00:00:25:B5:4A:08:DC CT0
      1 20:00:00:25:B5:4A:08:DC CT1
      1 20:00:00:25:B5:4A:09:F3 CT0
      1 20:00:00:25:B5:4A:09:F3 CT1
      1 20:00:00:25:B5:4A:09:F5 CT0
      1 20:00:00:25:B5:4A:09:F5 CT1
      1 20:00:00:25:B5:4A:09:F7 CT0
      1 20:00:00:25:B5:4A:09:F7 CT1
      1 20:00:00:25:B5:4B:08:51 CT0
      1 20:00:00:25:B5:4B:08:51 CT1
      1 20:00:00:25:B5:4B:08:52 CT0
      1 20:00:00:25:B5:4B:08:528:66 CT0
      1 20:00:00:25:B5:4B:08:66 CT1
      1 20:00:00:25:B5:4B:08:68 CT0
      1 20:00:00:25:B5:4B:08:68 CT1
      1 20:00:00:25:B5:4B:08:6A CT0
      1 20:00:00:25:B5:4B:08:6A CT1
      1 20:00:00:25:B5:4B:08:6C CT0
      1 20:00:00:25:B5:4B:08:6C CT1
      1 20:00:00:25:B5:4B:08:6D CT0
      1 20:00:00:25:B5:4B:08:6D CT1
      1 20:00:00:25:B5:4B:08:6E CT0
      1 20:00:00:25:B5:4B:08:6E CT1
      1 20:00:00:25:B5:4B:08:6F CT0
      1 20:00:00:25:B5:4B:08:6F CT1
      1 20:00:00:25:B5:4B:08:70 CT0
      1 20:00:00:25:B5:4B:08:70 CT1
      1 20:00:00:25:B5:4B:08:75 CT0
      1 20:00:00:25:B5:4B:08:75 CT1
      1 20:00:00:25:B5:4B:08:77 CT0
      1 20:00:00:25:B5:4B:08:77 CT1
      1 20:00:00:25:B5:4B:08:78 CT0
      1 20:00:00:25:B5:4B:08:78 CT1
      1 20:00:00:25:B5:4B:08:79 CT0
      1 20:00:00:25:B5:4B:08:79 CT1
      1 20:00:00:25:B5:4B:08:CA CT0
      1 20:00:00:25:B5:4B:08:CA CT1
      1 20:00:00:25:B5:4B:08:CC CT0
      1 20:00:00:25:B5:4B:08:CC CT1
      1 20:00:00:25:B5:4B:08:CD CT0
      1 20:00:00:25:B5:4B:08:CD CT1
      1 20:00:00:25:B5:4B:08:CE CT0
      1 20:00:00:25:B5:4B:08:CE CT1
      1 20:00:00:25:B5:4B:08:CF CT0
      1 20:00:00:25:B5:4B:08:CF CT1
      1 20:00:00:25:B5:4B:08:D0 CT0
      1 20:00:00:25:B5:4B:08:D0 CT1
      1 20:00:00:25:B5:4B:08:D1 CT0
      1 20:00:00:25:B5:4B:08:D1 CT1
      1 20:00:00:25:B5:4B:08:D6 CT0
      1 20:00:00:25:B5:4B:08:D6 CT1
      1 20:00:00:25:B5:4B:08:D7 CT0
      1 20:00:00:25:B5:4B:08:D7 CT1
      1 20:00:00:25:B5:4B:08:D8 CT0
      1 20:00:00:25:B5:4B:08:D8 CT1
      1 20:00:00:25:B5:4B:08:D9 CT0
      1 20:00:00:25:B5:4B:08:D9 CT1
      1 20:00:00:25:B5:4B:08:DA CT0
      1 20:00:00:25:B5:4B:08:DA CT1
      1 20:00:00:25:B5:4B:08:DC CT0
      1 20:00:00:25:B5:4B:08:DC CT1
      1 20:00:00:25:B5:4B:09:F3 CT0
      1 20:00:00:25:B5:4B:09:F3 CT1
      1 20:00:00:25:B5:4B:09:F5 CT0
      1 20:00:00:25:B5:4B:09:F5 CT1
      1 20:00:00:25:B5:4B:09:F7 CT0
      1 20:00:00:25:B5:4B:09:F7 CT1


Total FC connections: 376


     root@rochmn03-pfa-08-581-ct0:/var/home/pureeng# puredb npiv force_off
     root@rochmn03-pfa-08-581-ct0:/var/home/pureeng# ssh peer
Last login: Tue May 13 23:50:10 2025 from fe80::26a9:37ff:fe42:8f3%haeth0

Wed May 14 00:03:05 2025
Welcome root. This is Purity Version 6.5.8 on FlashArray rochmn03-pfa-08-581
http://www.purestorage.com/
     root@rochmn03-pfa-08-581-ct1:~# purearray list --controller
Name  Type              Mode       Model     Version  Status  Internal Details
CT0   array_controller  secondary  FA-X50R3  6.5.8    ready   
CT1   array_controller  primary    FA-X50R3  6.5.8    ready   
     root@rochmn03-pfa-08-581-ct1:~# puredb prefter ct1
usage: puredb prefer [-h] {CT0,CT1,}
puredb prefer: error: argument name: invalid choice: 'ct1' (choose from 'CT0', 'CT1', '')
     root@rochmn03-pfa-08-581-ct1:~# puredb prefer ct1CT1
Name
CT1
     root@rochmn03-pfa-08-581-ct1:~# exit
logout
     root@rochmn03-pfa-08-581-ct0:/var/home/pureeng# iobalance --sampletime 30
sampling host I/O for 30 seconds...
                     Host  CT0 I/O Count  CT1 I/O Count  
rochmn03-hb2-pod58-001-ll        0.00       1.02K  ! no I/O to CT0
rochmn03-hb2-pod58-002-ll        0.00       1.16K  ! no I/O to CT0
rochmn03-hb2-pod58-003-ll        7.00      203.00  ! unbalanced I/O
rochmn03-hb2-pod58-004-ll        0.00       1.32K  ! no I/O to CT0
rochmn03-hb2-pod58-005-hl        0.00      538.00  ! no I/O to CT0
rochmn03-hb2-pod58-005-ll        7.00      22.84K  ! unbalanced I/O
rochmn03-hb2-pod58-006-hl        0.00     105.79K  ! no I/O to CT0
rochmn03-hb2-pod58-006-ll        0.00      12.14K  ! no I/O to CT0
rochmn03-hb2-pod58-007-hl        0.00        0.00  ? Host is idle
rochmn03-hb2-pod58-007-ll        0.00      438.00  ! no I/O to CT0
rochmn03-hb2-pod58-008-hl        0.00        0.00  ? Host is idle
rochmn03-hb2-pod58-008-ll       23.00      171.00  ! unbalanced I/O
rochmn03-hb2-pod58-009-hl        0.00        0.00  ? Host is idle
rochmn03-hb2-pod58-009-ll        0.00      152.00  ! no I/O to CT0
rochmn03-hb2-pod58-011-ll        0.00      244.00  ! no I/O to CT0
rochmn03-hb2-pod58-012-ll        0.00       1.47K  ! no I/O to CT0
rochmn03-hb2-pod58-013-hl        0.00      31.44K  ! no I/O to CT0
rochmn03-hb2-pod58-013-ll        0.00      11.78K  ! no I/O to CT0
rochmn03-hb2-pod58-014-hl       84.00       1.42K  ! unbalanced I/O
rochmn03-hb2-pod58-014-ll       14.00      327.00  ! unbalanced I/O
rochmn03-hb2-pod58-015-hl      830.00       2.79K  ! unbalanced I/O
rochmn03-hb2-pod58-015-ll      794.00       2.75K  ! unbalanced I/O
rochmn03-hb2-pod58-017-hl        0.00        6.00  ! no I/O to CT0
rochmn03-hb2-pod58-017-ll        7.00       1.02K  ! unbalanced I/O
rochmn03-hb2-pod58-018-hl        0.00      86.34K  ! no I/O to CT0
rochmn03-hb2-pod58-018-ll        0.00       7.57K  ! no I/O to CT0
rochmn03-hb2-pod58-019-ll        7.00       1.58K  ! unbalanced I/O
rochmn03-hb2-pod58-020-ll        0.00      303.00  ! no I/O to CT0
rochmn03-hb2-pod58-021-hl        0.00      35.38K  ! no I/O to CT0
rochmn03-hb2-pod58-021-ll        0.00      18.05K  ! no I/O to CT0
rochmn03-hb2-pod58-022-ll        0.00        0.00  ? Host is idle
rochmn03-hb2-pod58-023-ll        0.00       65.00  ! no I/O to CT0
rochmn03-hb2-pod58-024-ll        0.00       36.00  ! no I/O to CT0
rochmn03-hb2-pod58-025-ll        0.00       56.00  ! no I/O to CT0
rochmn03-hb2-pod58-026-hl        0.00      340.00  ! no I/O to CT0
rochmn03-hb2-pod58-026-ll        0.00      10.62K  ! no I/O to CT0
rochmn03-hb2-pod58-034-hl       21.00      357.00  ! unbalanced I/O
rochmn03-hb2-pod58-034-ll       49.00       4.97K  ! unbalanced I/O
rochmn03-hb2-pod58-035-hl      708.00      44.88K  ! unbalanced I/O
rochmn03-hb2-pod58-035-ll      858.00     242.67K  ! unbalanced I/O
rochmn03-hb2-pod58-038-hl       28.00       34.00  
rochmn03-hb2-pod58-038-ll       47.00      19.09K  ! unbalanced I/O
rochmn03-hb2-pod58-039-hl       31.00       31.00  
rochmn03-hb2-pod58-039-ll       57.00      11.81K  ! unbalanced I/O
rochmn03-hb2-pod58-040-hl        0.00      50.84K  ! no I/O to CT0
rochmn03-hb2-pod58-040-ll        0.00      10.15K  ! no I/O to CT0
rochmn03-hb2-pod58-041-ll        0.00       4.52K  ! no I/O to CT0
rochmn03-hb2-pod58-042-ll       20.00       3.34K  ! unbalanced I/O
rochmn03-hb2-pod58-043-hl      708.00      58.31K  ! unbalanced I/O
rochmn03-hb2-pod58-043-ll      864.00     277.09K  ! unbalanced I/O
rochmn03-hb2-pod58-046-ll        0.00       3.13K  ! no I/O to CT0
rochmn03-hb2-pod58-047-hl        0.00      19.38K  ! no I/O to CT0
rochmn03-hb2-pod58-047-ll        0.00      39.15K  ! no I/O to CT0
rochmn03-hb2-pod58-048-hl        0.00        8.00  ! no I/O to CT0
rochmn03-hb2-pod58-048-ll        0.00      25.01K  ! no I/O to CT0
rochmn03-hb2-pod58-049-hl        7.00      19.22K  ! unbalanced I/O
rochmn03-hb2-pod58-049-ll        0.00      28.95K  ! no I/O to CT0
rochmn03-hb2-pod58-050-ll        7.00      28.54K  ! unbalanced I/O
rochmn03-hb2-pod58-051-ll        0.00       2.52K  ! no I/O to CT0
rochmn03-hb2-pod58-052-ll        0.00        0.00  ? Host is idle
rochmn03-hb2-pod58-053-ll        7.00       1.38K  ! unbalanced I/O
rochmn03-hb2-pod58-056-ll        0.00       1.47K  ! no I/O to CT0
rochmn03-hb2-pod58-057-hl        0.00      56.27K  ! no I/O to CT0
rochmn03-hb2-pod58-057-ll        0.00      23.33K  ! no I/O to CT0
rochmn03-hb2-pod58-067-ll        0.00       2.69K  ! no I/O to CT0
rochmn03-hb2-pod58-068-ll        7.00      29.04K  ! unbalanced I/O
rochmn03-hb2-pod58-069-ll        0.00      17.42K  ! no I/O to CT0
rochmn03-hb4-pod58-001-ll       21.00      366.00  ! unbalanced I/O
rochmn03-hb4-pod58-002-ll        0.00      80.70K  ! no I/O to CT0
     root@rochmn03-pfa-08-581-ct0:/var/home/pureeng# purenetwork fc list
Name     Enabled  WWN                      Speed       Services
CT0.FC0  True     52:4A:93:75:71:13:45:00  16.00 Gb/s  scsi-fc
CT0.FC1  True     52:4A:93:75:71:13:45:01  16.00 Gb/s  scsi-fc
CT0.FC2  True     52:4A:93:75:71:13:45:02  16.00 Gb/s  scsi-fc
CT0.FC3  True     52:4A:93:75:71:13:45:03  16.00 Gb/s  scsi-fc
CT0.FC4  True     52:4A:93:75:71:13:45:04  32.00 Gb/s  scsi-fc
CT0.FC5  True     52:4A:93:75:71:13:45:05  32.00 Gb/s  scsi-fc
CT0.FC6  True     52:4A:93:75:71:13:45:06  32.00 Gb/s  scsi-fc
CT0.FC7  True     52:4A:93:75:71:13:45:07  32.00 Gb/s  scsi-fc
CT0.FC8  True     52:4A:93:75:71:13:45:08  16.00 Gb/s  scsi-fc
CT0.FC9  True     52:4A:93:75:71:13:45:09  16.00 Gb/s  scsi-fc
CT1.FC0  True     52:4A:93:75:71:13:45:10  16.00 Gb/s  scsi-fc
CT1.FC1  True     52:4A:93:75:71:13:45:11  16.00 Gb/s  scsi-fc
CT1.FC2  True     52:4A:93:75:71:13:45:12  16.00 Gb/s  scsi-fc
CT1.FC3  True     52:4A:93:75:71:13:45:13  16.00 Gb/s  scsi-fc
CT1.FC4  True     52:4A:93:75:71:13:45:14  32.00 Gb/s  scsi-fc
CT1.FC5  True     52:4A:93:75:71:13:45:15  32.00 Gb/s  scsi-fc
CT1.FC6  True     52:4A:93:75:71:13:45:16  32.00 Gb/s  scsi-fc
CT1.FC7  True     52:4A:93:75:71:13:45:17  32.00 Gb/s  scsi-fc
CT1.FC8  True     52:4A:93:75:71:13:45:18  16.00 Gb/s  scsi-fc
CT1.FC9  True     52:4A:93:75:71:13:45:19  16.00 Gb/s  scsi-fc
     root@rochmn03-pfa-08-581-ct0:/var/home/pureeng# purenetowwrok ork fc disable ct0. fc0
Name     Enabled  WWN  Speed       Active Services  Services
ct0.fc0  False    -    16.00 Gb/s  -                scsi-fc
     root@rochmn03-pfa-08-581-ct0:/var/home/pureeng# purenetwork fc disable ct0.fc01
Name     Enabled  WWN  Speed       Active Services  Services
ct0.fc1  False    -    16.00 Gb/s  -                scsi-fc
     root@rochmn03-pfa-08-581-ct0:/var/home/pureeng# purenetwork fc disable ct0.fc12
Name     Enabled  WWN  Speed       Active Services  Services
ct0.fc2  False    -    16.00 Gb/s  -                scsi-fc
     root@rochmn03-pfa-08-581-ct0:/var/home/pureeng# purenetwork fc disable ct0.fc23
Name     Enabled  WWN  Speed       Active Services  Services
ct0.fc3  False    -    16.00 Gb/s  -                scsi-fc
     root@rochmn03-pfa-08-581-ct0:/var/home/pureeng# purenetwork fc disable ct0.fc34
Name     Enabled  WWN  Speed       Active Services  Services
ct0.fc4  False    -    32.00 Gb/s  -                scsi-fc
     root@rochmn03-pfa-08-581-ct0:/var/home/pureeng# purenetwork fc disable ct0.fc45
Name     Enabled  WWN  Speed       Active Services  Services
ct0.fc5  False    -    32.00 Gb/s  -                scsi-fc
     root@rochmn03-pfa-08-581-ct0:/var/home/pureeng# purenetwork fc disable ct0.fc56
Name     Enabled  WWN  Speed       Active Services  Services
ct0.fc6  False    -    32.00 Gb/s  -                scsi-fc
     root@rochmn03-pfa-08-581-ct0:/var/home/pureeng# purenetwork fc disable ct0.fc67
Name     Enabled  WWN  Speed       Active Services  Services
ct0.fc7  False    -    32.00 Gb/s  -                scsi-fc
     root@rochmn03-pfa-08-581-ct0:/var/home/pureeng# purenetwork fc disable ct0.fc78
Name     Enabled  WWN  Speed       Active Services  Services
ct0.fc8  False    -    16.00 Gb/s  -                scsi-fc
     root@rochmn03-pfa-08-581-ct0:/var/home/pureeng# purenetwork fc disable ct0.fc89
Name     Enabled  WWN  Speed       Active Services  Services
ct0.fc9  False    -    16.00 Gb/s  -                scsi-fc
     root@rochmn03-pfa-08-581-ct0:/var/home/pureeng# purenetwork fc list
Name     Enabled  WWN                      Speed       Services
CT0.FC0  False    52:4A:93:75:71:13:45:00  16.00 Gb/s  scsi-fc
CT0.FC1  False    52:4A:93:75:71:13:45:01  16.00 Gb/s  scsi-fc
CT0.FC2  False    52:4A:93:75:71:13:45:02  16.00 Gb/s  scsi-fc
CT0.FC3  False    52:4A:93:75:71:13:45:03  16.00 Gb/s  scsi-fc
CT0.FC4  False    52:4A:93:75:71:13:45:04  32.00 Gb/s  scsi-fc
CT0.FC5  False    52:4A:93:75:71:13:45:05  32.00 Gb/s  scsi-fc
CT0.FC6  False    52:4A:93:75:71:13:45:06  32.00 Gb/s  scsi-fc
CT0.FC7  False    52:4A:93:75:71:13:45:07  32.00 Gb/s  scsi-fc
CT0.FC8  False    52:4A:93:75:71:13:45:08  16.00 Gb/s  scsi-fc
CT0.FC9  False    52:4A:93:75:71:13:45:09  16.00 Gb/s  scsi-fc
CT1.FC0  True     52:4A:93:75:71:13:45:10  16.00 Gb/s  scsi-fc
CT1.FC1  True     52:4A:93:75:71:13:45:11  16.00 Gb/s  scsi-fc
CT1.FC2  True     52:4A:93:75:71:13:45:12  16.00 Gb/s  scsi-fc
CT1.FC3  True     52:4A:93:75:71:13:45:13  16.00 Gb/s  scsi-fc
CT1.FC4  True     52:4A:93:75:71:13:45:14  32.00 Gb/s  scsi-fc
CT1.FC5  True     52:4A:93:75:71:13:45:15  32.00 Gb/s  scsi-fc
CT1.FC6  True     52:4A:93:75:71:13:45:16  32.00 Gb/s  scsi-fc
CT1.FC7  True     52:4A:93:75:71:13:45:17  32.00 Gb/s  scsi-fc
CT1.FC8  True     52:4A:93:75:71:13:45:18  16.00 Gb/s  scsi-fc
CT1.FC9  True     52:4A:93:75:71:13:45:19  16.00 Gb/s  scsi-fc
     root@rochmn03-pfa-08-581-ct0:/var/home/pureeng# iobalance --sampletime 30
sampling host I/O for 30 seconds...
                     Host  CT0 I/O Count  CT1 I/O Count  
rochmn03-hb2-pod58-001-ll        0.00       4.94K  ! no I/O to CT0
rochmn03-hb2-pod58-002-ll        0.00       6.24K  ! no I/O to CT0
rochmn03-hb2-pod58-003-ll        0.00      963.00  ! no I/O to CT0
rochmn03-hb2-pod58-004-ll        0.00       1.23K  ! no I/O to CT0
rochmn03-hb2-pod58-005-hl        0.00      826.00  ! no I/O to CT0
rochmn03-hb2-pod58-005-ll        0.00      10.27K  ! no I/O to CT0
rochmn03-hb2-pod58-006-hl        0.00     131.37K  ! no I/O to CT0
rochmn03-hb2-pod58-006-ll        0.00      10.64K  ! no I/O to CT0
rochmn03-hb2-pod58-007-hl        0.00        0.00  ? Host is idle
rochmn03-hb2-pod58-007-ll        0.00      314.00  ! no I/O to CT0
rochmn03-hb2-pod58-008-hl        0.00        0.00  ? Host is idle
rochmn03-hb2-pod58-008-ll        0.00       56.00  ! no I/O to CT0
rochmn03-hb2-pod58-009-hl        0.00        0.00  ? Host is idle
rochmn03-hb2-pod58-009-ll        0.00      384.00  ! no I/O to CT0
rochmn03-hb2-pod58-011-ll        0.00      122.00  ! no I/O to CT0
rochmn03-hb2-pod58-012-ll        0.00       2.07K  ! no I/O to CT0
rochmn03-hb2-pod58-013-hl        0.00      10.24K  ! no I/O to CT0
rochmn03-hb2-pod58-013-ll        0.00      11.54K  ! no I/O to CT0
rochmn03-hb2-pod58-014-hl        0.00      787.00  ! no I/O to CT0
rochmn03-hb2-pod58-014-ll        0.00       1.10K  ! no I/O to CT0
rochmn03-hb2-pod58-015-hl        0.00      47.04K  ! no I/O to CT0
rochmn03-hb2-pod58-015-ll        0.00      40.88K  ! no I/O to CT0
rochmn03-hb2-pod58-017-hl        0.00        2.00  ! no I/O to CT0
rochmn03-hb2-pod58-017-ll        0.00       1.21K  ! no I/O to CT0
rochmn03-hb2-pod58-018-hl        0.00     115.28K  ! no I/O to CT0
rochmn03-hb2-pod58-018-ll        0.00      33.88K  ! no I/O to CT0
rochmn03-hb2-pod58-019-ll        0.00       2.31K  ! no I/O to CT0
rochmn03-hb2-pod58-020-ll        0.00        0.00  ? Host is idle
rochmn03-hb2-pod58-021-hl        0.00      34.67K  ! no I/O to CT0
rochmn03-hb2-pod58-021-ll        0.00      18.42K  ! no I/O to CT0
rochmn03-hb2-pod58-022-ll        0.00      121.00  ! no I/O to CT0
rochmn03-hb2-pod58-023-ll        0.00       19.00  ! no I/O to CT0
rochmn03-hb2-pod58-024-ll        0.00      130.00  ! no I/O to CT0
rochmn03-hb2-pod58-025-ll        0.00      158.00  ! no I/O to CT0
rochmn03-hb2-pod58-026-hl        0.00      353.00  ! no I/O to CT0
rochmn03-hb2-pod58-026-ll        0.00       7.62K  ! no I/O to CT0
rochmn03-hb2-pod58-034-hl        0.00      438.00  ! no I/O to CT0
rochmn03-hb2-pod58-034-ll        0.00      22.78K  ! no I/O to CT0
rochmn03-hb2-pod58-035-hl        0.00      63.10K  ! no I/O to CT0
rochmn03-hb2-pod58-035-ll        0.00     145.46K  ! no I/O to CT0
rochmn03-hb2-pod58-038-hl        0.00      115.00  ! no I/O to CT0
rochmn03-hb2-pod58-038-ll        0.00      17.35K  ! no I/O to CT0
rochmn03-hb2-pod58-039-hl        0.00        4.00  ! no I/O to CT0
rochmn03-hb2-pod58-039-ll        0.00      35.91K  ! no I/O to CT0
rochmn03-hb2-pod58-040-hl        0.00     886.13K  ! no I/O to CT0
rochmn03-hb2-pod58-040-ll        0.00      15.44K  ! no I/O to CT0
rochmn03-hb2-pod58-041-ll        0.00       2.25K  ! no I/O to CT0
rochmn03-hb2-pod58-042-ll        0.00       1.86K  ! no I/O to CT0
rochmn03-hb2-pod58-043-hl        0.00      93.92K  ! no I/O to CT0
rochmn03-hb2-pod58-043-ll        0.00     244.76K  ! no I/O to CT0
rochmn03-hb2-pod58-046-ll        0.00       1.74K  ! no I/O to CT0
rochmn03-hb2-pod58-047-hl        0.00      23.64K  ! no I/O to CT0
rochmn03-hb2-pod58-047-ll        0.00      29.86K  ! no I/O to CT0
rochmn03-hb2-pod58-048-hl        0.00      113.00  ! no I/O to CT0
rochmn03-hb2-pod58-048-ll        0.00      20.32K  ! no I/O to CT0
rochmn03-hb2-pod58-049-hl        0.00      23.47K  ! no I/O to CT0
rochmn03-hb2-pod58-049-ll        0.00      23.37K  ! no I/O to CT0
rochmn03-hb2-pod58-050-ll        0.00      32.95K  ! no I/O to CT0
rochmn03-hb2-pod58-051-ll        0.00       3.30K  ! no I/O to CT0
rochmn03-hb2-pod58-052-ll        0.00        6.00  ! no I/O to CT0
rochmn03-hb2-pod58-053-ll        0.00       1.62K  ! no I/O to CT0
rochmn03-hb2-pod58-056-ll        0.00       1.35K  ! no I/O to CT0
rochmn03-hb2-pod58-057-hl        0.00      10.51K  ! no I/O to CT0
rochmn03-hb2-pod58-057-ll        0.00       9.29K  ! no I/O to CT0
rochmn03-hb2-pod58-067-ll        0.00       2.18K  ! no I/O to CT0
rochmn03-hb2-pod58-068-ll        0.00       1.93K  ! no I/O to CT0
rochmn03-hb2-pod58-069-ll        0.00      18.59K  ! no I/O to CT0
rochmn03-hb4-pod58-001-ll        0.00      280.00  ! no I/O to CT0
rochmn03-hb4-pod58-002-ll        0.00     117.99K  ! no I/O to CT0
     root@rochmn03-pfa-08-581-ct0:/var/home/pureeng# purearray list --controller r
Name  Type              Mode       Model     Version  Status  Internal Details
CT0   array_controller  secondary  FA-X50R3  6.5.8    ready   
CT1   array_controller  primary    FA-X50R3  6.5.8    ready   
     root@rochmn03-pfa-08-581-ct0:/var/home/pureeng# puredb npiv status
Enabled
False
     root@rochmn03-pfa-08-581-ct0:/var/home/pureeng# =~=~=~=~=~=~=~=~=~=~=~= PuTTY log 2025.05.14 01:14:54 =~=~=~=~=~=~=~=~=~=~=~=
GNU GRUB  version 2.06

/----------------------------------------------------------------------------\||||||||||||||||||||||||||\----------------------------------------------------------------------------/     Use the ^ and v keys to select which entry is highlighted.          
      Press enter to boot the selected OS, `e' to edit the commands       
      before booting or `c' for a command-line.                             Purity 6.5.5 (202404130351+34e2b1e66ad3) with kernel 5.15.123+ (2024031915>
*Purity 6.5.8 (202408090136+b967c2f84655) with kernel 5.15.123+ (2024071402>
                                                                                                                                                                                                                                                                                                                                                                                                                                                                                                                                                                                                                                                                                                                                                                                                                                                                        The highlighted entry will be executed automatically in 3s.                    The highlighted entry will be executed automatically in 2s.                    The highlighted entry will be executed automatically in 1s.                    The highlighted entry will be executed automatically in 0s.                 
Purity

PCTFJ242401E4 login: 
PCTFJ242401E4 login: puresetup
Password: 
Last login: Wed May 14 04:23:17 UTC 2025 on ttyS0

Wed May 14 05:20:30 2025
Welcome puresetup. This is Purity Version 6.5.8 on FlashArray PCTFJ242401E4
http://www.purestorage.com/
puresetup@PCTFJ242401E4:~$ pureboot list

Marked entry (*) is currently running
Marked entry (-->) will run at next reboot
    0. Purity 6.5.5 (202404130351+34e2b1e66ad3) with kernel 5.15.123+ (202403191505+d9f0e688c788) on first (/dev/sda3)
*-->1. Purity 6.5.8 (202408090136+b967c2f84655) with kernel 5.15.123+ (202407140227+e4052619b975) on second (/dev/sda4)
puresetup@PCTFJ242401E4:~$ puresetup replace --from-controller FA-X50R3    
##########################################
#   Welcome to the Purity Setup Wizard   #
##########################################
Controller hardware model is compatible with the controller purity version
[Errno 111] Connection refused
Local controller model is FA-X50R4.
Drive detected storage type is X.
FA-X50R3 found to be replaced by FA-X50R4 has storage type X.
Controller type supports multiple storage types, detecting type of storage installed...
Detected storage type X
Pre-existing storage type X was found on the device
Successfully configured storage type X for array controller
Check Cobalt NDU controllers.. OK
Check RDL..................... OK
Check shelf cabling........... OK
Check controller link......... OK
Check power supply............ OK
Check PCIE AER errors......... OK
Check io card pci id's........ OK
Check LOM MAC addresses....... OK
Getting local controller type. Local controller type is cobalt_a.
Getting local controller variant. Not a generic controller, Exiting.
Checking peer controller for tunables

Apply PS_DISABLE_ERADICATION = 1 # 01116954
 (y/n):y
Apply PS_DISABLE_ERADICATION = 1 # 01116954
 (y/n): y
Tunable parameter set: PS_DISABLE_ERADICATION=1

Apply FMM_DRIVE_EVENT_RETIRE_SCAN_INTERVAL_MINUTE = 30 # PURE-260696
 (y/n):y
Apply FMM_DRIVE_EVENT_RETIRE_SCAN_INTERVAL_MINUTE = 30 # PURE-260696
 (y/n): y
Tunable parameter set: FMM_DRIVE_EVENT_RETIRE_SCAN_INTERVAL_MINUTE=30

Apply ATOM_5206 = 1 #
 (y/n):y
Apply ATOM_5206 = 1 #
 (y/n): y
Tunable parameter set: ATOM_5206=1

Apply PS_FILEGW_SMB_HIDE_DOT_SNAPSHOT = 0 # Set during upgrade to 6.3.15 - CLOUD
 (y/n):y
Apply PS_FILEGW_SMB_HIDE_DOT_SNAPSHOT = 0 # Set during upgrade to 6.3.15 - CLOUD
 (y/n): y
Tunable parameter set: PS_FILEGW_SMB_HIDE_DOT_SNAPSHOT=0

Apply ATOM_10072 = GH # CLOUD-152371
 (y/n):y
Apply ATOM_10072 = GH # CLOUD-152371
 (y/n): y
Tunable parameter set: ATOM_10072=GH

Apply ATOM_SECURITY_PATCH_FA_2025_A = PCTFJ20170009,PCTFJ21070052,6.5.8 # CLOUD-
 (y/n):y
Apply ATOM_SECURITY_PATCH_FA_2025_A = PCTFJ20170009,PCTFJ21070052,6.5.8 # CLOUD-
 (y/n): y
Tunable parameter set: ATOM_SECURITY_PATCH_FA_2025_A=PCTFJ20170009,PCTFJ21070052,6.5.8
Stopping purity to ensure tunables are properly loaded.
Press ENTER to reboot

Please run puresetup again after reboot.
[Errno 111] Connection refused
 GNU GRUB  version 2.06

/----------------------------------------------------------------------------\||||||||||||||||||||||||||\----------------------------------------------------------------------------/     Use the ^ and v keys to select which entry is highlighted.          
      Press enter to boot the selected OS, `e' to edit the commands       
      before booting or `c' for a command-line.                             Purity 6.5.5 (202404130351+34e2b1e66ad3) with kernel 5.15.123+ (2024031915>
*Purity 6.5.8 (202408090136+b967c2f84655) with kernel 5.15.123+ (2024071402>
                                                                                                                                                                                                                                                                                                                                                                                                                                                                                                                                                                                                                                                                                                                                                                                                                                                                        The highlighted entry will be executed automatically in 3s.                    The highlighted entry will be executed automatically in 2s.                    The highlighted entry will be executed automatically in 1s.                    The highlighted entry will be executed automatically in 0s.                 
Purity

PCTFJ242401E4 login: puresetup
Password: 
<fw_update_tool>
===================================================================
=                            NOTICE                               =
===================================================================
=                                                                 =
=    Firmware is currently being checked and/or updated           =
=    on this controller.                                          =
=                                                                 =
=    If updates are necessary they will be applied automatically, =
=    and one or more automatic reboots may occur as a result.     =
=    A completion notice will be provided when done.              =
=                                                                 =
=    DO NOT RESTART OR REMOVE POWER WHILE UPDATE IS IN PROGRESS   =
=                                                                 =
===================================================================
<fw_update_tool>
Last login: Wed May 14 05:20:30 UTC 2025 on ttyS0

Wed May 14 05:25:12 2025
Welcome puresetup. This is Purity Version 6.5.8 on FlashArray PCTFJ242401E4
http://www.purestorage.com/
puresetup@PCTFJ242401E4:~$                                                                                
Broadcast message from root@PCTFJ242401E4 (somewhere) (Wed May 14 05:25:14 2025
                                                                               
===================================================================            
=                   UPDATE AND/OR CHECK COMPLETE                  =            
=                                                                 =            
=    The firmware checks/updates on this system are now complete. =            
=    No further action is required, and the controller will       =            
=    continue running as usual                                    =            
=                                                                 =            
===================================================================            
                                                                               
                                                                               

puresetup@PCTFJ242401E4:~$ puresetup replace --from-controller FA-X50R3 
##########################################
#   Welcome to the Purity Setup Wizard   #
##########################################
Controller hardware model is compatible with the controller purity version
[Errno 111] Connection refused
Local controller model is FA-X50R4.
Drive detected storage type is X.
FA-X50R3 found to be replaced by FA-X50R4 has storage type X.
Controller type supports multiple storage types, detecting type of storage installed...
Detected storage type X
Pre-existing storage type X was found on the device
Successfully configured storage type X for array controller
Check Cobalt NDU controllers.. OK
Check RDL..................... OK
Check shelf cabling........... OK
Check controller link......... OK
Check power supply............ OK
Check PCIE AER errors......... OK
Check io card pci id's........ OK
Check LOM MAC addresses....... OK
Getting local controller type. Local controller type is cobalt_a.
Getting local controller variant. Not a generic controller, Exiting.
Checking peer controller for tunables
purity.service stablized: done
purity start/running
platform: ..done
foed: .done
gui: ....done
rest: done
platform_env: 0.done
quorum: .....done
foed_env: 1.1.1.1.1.1.1.1.1.1.1.1.1.1.1.1.1.1.1.1.1.1.1.1.1.1.1.1.1.1.1.1.1.1.1.1.1.1.1.1.1.1.1.1.1.1.1.1.1.1.1.1.1.1.1.1.1.1.1.1.1.2.1.1.1.1.1.1.1.1.0.done
foed_ready: done
remote_patch: done
driver: done
san: Skip waiting for san during HW NDU
[FA-X50R3.CT0.ETH1] does not need to be migrated since it has no configuration and is not a subinterface.
[FA-X50R3.CT0.ETH3] does not need to be migrated since it has no configuration and is not a subinterface.
[FA-X50R3.CT0.ETH6] does not need to be migrated since it has no configuration and is not a subinterface.
[FA-X50R3.CT0.ETH7] does not need to be migrated since it has no configuration and is not a subinterface.
[FA-X50R3.CT0.ETH8] does not need to be migrated since it has no configuration and is not a subinterface.
[FA-X50R3.CT0.ETH9] does not need to be migrated since it has no configuration and is not a subinterface.
Please move ports as shown below:
[FA-X50R3.CT0.ETH0] ====>> [FA-X50R4.CT0.ETH4](Slot: LOM)
[FA-X50R3.CT0.ETH2] ====>> [FA-X50R4.CT0.ETH2](Slot: LOM)
[FA-X50R3.CT0.ETH4] ====>> [FA-X50R4.CT0.ETH14](Slot:2)
Press Enter to show more lines...
[FA-X50R3.CT0.ETH5] ====>> [FA-X50R4.CT0.ETH15](Slot:2)
[FA-X50R3.CT0.FC0] ====>> [FA-X50R4.CT0.FC12](Slot:3)
[FA-X50R3.CT0.FC1] ====>> [FA-X50R4.CT0.FC13](Slot:3)
[FA-X50R3.CT0.FC2] ====>> [FA-X50R4.CT0.FC14](Slot:3)
[FA-X50R3.CT0.FC3] ====>> [FA-X50R4.CT0.FC15](Slot:3)
[FA-X50R3.CT0.FC4] ====>> [FA-X50R4.CT0.FC4](Slot:1)
[FA-X50R3.CT0.FC5] ====>> [FA-X50R4.CT0.FC5](Slot:1)
[FA-X50R3.CT0.FC6] ====>> [FA-X50R4.CT0.FC6](Slot:1)
[FA-X50R3.CT0.FC7] ====>> [FA-X50R4.CT0.FC7](Slot:1)
Exit the upgrade process: 
Error: Unable to migrate ports configuration:
[FA-X50R3.CT0.FC8, FA-X50R3.CT0.FC9]
because target ports are missing.
The following ports cannot migrate from old controller to new controller: {}
To discard the network port configuration for all missing ports, run the puresetup replace command with the option '--allow-lose-netconfig'
CONFIG_TASK_COMPLETED:CONFIG_TASK_PURESETUP_EXITED
puresetup@PCTFJ242401E4:~$ puresetup replace --allow-lose-netconfig --from-controller FA-X50R3
##########################################
#   Welcome to the Purity Setup Wizard   #
##########################################
Controller hardware model is compatible with the controller purity version
Name       Created                  Expires
puresetup  2025-05-14 05:25:14 UTC  2025-05-14 06:25:14 UTC
Local controller model is FA-X50R4.
Drive detected storage type is X.
FA-X50R3 found to be replaced by FA-X50R4 has storage type X.
Controller type supports multiple storage types, detecting type of storage installed...
Detected storage type X
Pre-existing storage type X was found on the device
Successfully configured storage type X for array controller
Check Cobalt NDU controllers.. OK
Check RDL..................... OK
Check shelf cabling........... OK
Check controller link......... OK
Check power supply............ OK
Check PCIE AER errors......... OK
Check io card pci id's........ OK
Check LOM MAC addresses....... OK
Getting local controller type. Local controller type is cobalt_a.
Getting local controller variant. Not a generic controller, Exiting.
Checking peer controller for tunables
purity.service stablized: done
platform: done
foed: done
gui: done
rest: done
platform_env: 0.done
quorum: done
foed_env: 0.done
foed_ready: done
remote_patch: done
driver: done
san: Skip waiting for san during HW NDU
[FA-X50R3.CT0.ETH1] does not need to be migrated since it has no configuration and is not a subinterface.
[FA-X50R3.CT0.ETH3] does not need to be migrated since it has no configuration and is not a subinterface.
[FA-X50R3.CT0.ETH6] does not need to be migrated since it has no configuration and is not a subinterface.
[FA-X50R3.CT0.ETH7] does not need to be migrated since it has no configuration and is not a subinterface.
[FA-X50R3.CT0.ETH8] does not need to be migrated since it has no configuration and is not a subinterface.
[FA-X50R3.CT0.ETH9] does not need to be migrated since it has no configuration and is not a subinterface.
Please move ports as shown below:
[FA-X50R3.CT0.ETH0] ====>> [FA-X50R4.CT0.ETH4](Slot: LOM)
[FA-X50R3.CT0.ETH2] ====>> [FA-X50R4.CT0.ETH2](Slot: LOM)
[FA-X50R3.CT0.ETH4] ====>> [FA-X50R4.CT0.ETH14](Slot:2)
Press Enter to show more lines...
[FA-X50R3.CT0.ETH5] ====>> [FA-X50R4.CT0.ETH15](Slot:2)
[FA-X50R3.CT0.FC0] ====>> [FA-X50R4.CT0.FC12](Slot:3)
[FA-X50R3.CT0.FC1] ====>> [FA-X50R4.CT0.FC13](Slot:3)
[FA-X50R3.CT0.FC2] ====>> [FA-X50R4.CT0.FC14](Slot:3)
[FA-X50R3.CT0.FC3] ====>> [FA-X50R4.CT0.FC15](Slot:3)
[FA-X50R3.CT0.FC4] ====>> [FA-X50R4.CT0.FC4](Slot:1)
[FA-X50R3.CT0.FC5] ====>> [FA-X50R4.CT0.FC5](Slot:1)
[FA-X50R3.CT0.FC6] ====>> [FA-X50R4.CT0.FC6](Slot:1)
[FA-X50R3.CT0.FC7] ====>> [FA-X50R4.CT0.FC7](Slot:1)
Error: Unable to migrate ports configuration:
[FA-X50R3.CT0.FC8, FA-X50R3.CT0.FC9]
because target ports are missing.
The following ports cannot migrate from old controller to new controller: {}
Are you sure you want to discard the network port configurations
for all missing ports? (y/n):yAre you sure you want to discard the network port configurations
for all missing ports? (y/n): y

After the cables have been moved, type "CONTINUE": continue
Configuring network ports...
ping: Warning: source address might be selected on device other than: eth14
Perform ping test on port ETH14 ....... FAIL
Perform ping test on port ETH15 ....... OK
Perform ping test on port ETH4 ....... OK
Perform ping test on port ETH2 ....... OK
Ping test FAILED on ['eth14']
Ethernet port verification failed, please check port status.
Retry ping test? (y/n):nRetry ping test? (y/n): n
Continue puresetup without ethernet port verification? (y/n):yContinue puresetup without ethernet port verification? (y/n): y
Checking SAN connectivity..                                                                               
Broadcast message from root@rochmn03-pfa-08-581-ct0 (somewhere) (Wed May 14 05:
                                                                               
                                                                               
Purity//FA Information System Status                                           
====================================                                           
Purity//FA has successfully started for                                        
the first time after an install                                                
or upgrade. Purity//FA 6.5.8 (202408090136+b967c2f84655-65x)                   
is now set to be the default.                                                  
                                                                               
                                                                               
Broadcast message from root@rochmn03-pfa-08-581-ct0 (somewhere) (Wed May 14 05:
                                                                               
                                                                               
Purity//FA Information System Status                                           
====================================                                           
Purity//FA has successfully started for                                        
the first time after an install                                                
or upgrade. Purity//FA 6.5.8 (202408090136+b967c2f84655-65x)                   
is now set to be the default.                                                  
                                                                               

SAN is ready.
Waiting for Software Check:.Checking iobalance before proceeding, sampling for 30 seconds, retrying 1 times, adding 30 seconds with each retry
Try 1/2: Sampling I/O for 30 seconds
^C
Exit without saving changes.
CONFIG_TASK_COMPLETED:CONFIG_TASK_PURESETUP_EXITED
puresetup@PCTFJ242401E4:~$ puresetup timezone
##########################################
#   Welcome to the Purity Setup Wizard   #
##########################################
Name       Created                  Expires
puresetup  2025-05-14 05:35:29 UTC  2025-05-14 06:35:29 UTC
Changing the time zone will require a reboot on this controller.
Current time zone: Etc/UTC
Change time zone [requires reboot] (y/n):yChange time zone [requires reboot] (y/n): y
Configuring tzdata
------------------

Please select the geographic area in which you live. Subsequent configuration 
questions will narrow this down by presenting a list of cities, representing the
time zones in which they are located.

  1. Africa      4. Australia     7. Atlantic Ocean  10. Pacific Ocean
  2. America     5. Arctic Ocean  8. Europe          11. US
  3. Antarctica  6. Asia          9. Indian Ocean    12. None of the above

Geographic area: 2


Please select the city or region corresponding to your time zone.

  1. Adak                       80. Juneau
  2. Anchorage                  81. Louisville (Kentucky)
  3. Anguilla                   82. Monticello (Kentucky)
  4. Antigua                    83. Kralendijk
  5. Araguaina                  84. La Paz
  6. Buenos Aires (Argentina)   85. Lima
  7. Catamarca (Argentina)      86. Los Angeles
  8. Cordoba (Argentina)        87. Lower Princes
  9. Jujuy (Argentina)          88. Maceio
  10. La Rioja (Argentina)      89. Managua
  11. Mendoza (Argentina)       90. Manaus
  12. Rio Gallegos (Argentina)  91. Marigot
  13. Salta (Argentina)         92. Martinique
  14. San Juan (Argentina)      93. Matamoros
  15. San Luis (Argentina)      94. Mazatlan
  16. Tucuman (Argentina)       95. Menominee
  17. Ushuaia (Argentina)       96. Merida
  18. Aruba                     97. Metlakatla
[More] 

  19. Asuncion                  98. Mexico City
  20. Atikokan                  99. Miquelon
  21. Atka                      100. Moncton
  22. Bahia                     101. Monterrey
  23. Bahia Banderas            102. Montevideo
  24. Barbados                  103. Montreal
  25. Belem                     104. Montserrat
  26. Belize                    105. Nassau
  27. Blanc-Sablon              106. New York
  28. Boa Vista                 107. Nipigon
  29. Bogota                    108. Nome
  30. Boise                     109. Fernando de Noronha
  31. Cambridge Bay             110. Beulah (North Dakota)
  32. Campo Grande              111. Center (North Dakota)
  33. Cancun                    112. New Salem (North Dakota)
  34. Caracas                   113. Nuuk
  35. Cayenne                   114. Ojinaga
  36. Cayman                    115. Panama
  37. Chicago                   116. Pangnirtung
  38. Chihuahua                 117. Paramaribo
  39. Ciudad_Juarez             118. Phoenix
  40. Coral Harbour             119. Port-au-Prince
[More] 

  41. Costa Rica                120. Port of Spain
  42. Creston                   121. Porto Acre
  43. Cuiaba                    122. Porto Velho
  44. Curaçao                  123. Puerto Rico
  45. Danmarkshavn              124. Punta Arenas
  46. Dawson                    125. Rainy River
  47. Dawson Creek              126. Rankin Inlet
  48. Denver                    127. Recife
  49. Detroit                   128. Regina
  50. Dominica                  129. Resolute
  51. Edmonton                  130. Rio Branco
  52. Eirunepe                  131. Santa Isabel
  53. El Salvador               132. Santarém
  54. Ensenada                  133. Santiago
  55. Fort Nelson               134. Santo Domingo
  56. Fortaleza                 135. São Paulo
  57. Glace Bay                 136. Scoresbysund
  58. Godthab                   137. Shiprock
  59. Goose Bay                 138. Sitka
  60. Grand Turk                139. St Barthelemy
  61. Grenada                   140. St Johns
  62. Guadeloupe                141. St Kitts
[More] 

  63. Guatemala                 142. St Lucia
  64. Guayaquil                 143. St Thomas
  65. Guyana                    144. St Vincent
  66. Halifax                   145. Swift Current
  67. Havana                    146. Tegucigalpa
  68. Hermosillo                147. Thule
  69. Indianapolis (Indiana)    148. Thunder Bay
  70. Knox (Indiana)            149. Tijuana
  71. Marengo (Indiana)         150. Toronto
  72. Petersburg (Indiana)      151. Tortola
  73. Tell City (Indiana)       152. Vancouver
  74. Vevay (Indiana)           153. Virgin
  75. Vincennes (Indiana)       154. Whitehorse
  76. Winamac (Indiana)         155. Winnipeg
  77. Inuvik                    156. Yakutat
  78. Iqaluit                   157. Yellowknife
  79. Jamaica

Time zone: 

Time zone: 37



Current default time zone: 'America/Chicago'
Local time is now:      Wed May 14 00:35:37 CDT 2025.
Universal Time is now:  Wed May 14 05:35:37 UTC 2025.

'/cache/timezone/localtime' -> '/usr/share/zoneinfo/America/Chicago'
Confirm time zone change from Etc/UTC to America/Chicago
(y/N):y(y/N): y
Press ENTER to reboot

This controller will be online after reboot.
CONFIG_TASK_COMPLETED:CONFIG_TASK_PURESETUP_EXITED
puresetup@PCTFJ242401E4:~$  GNU GRUB  version 2.06

/----------------------------------------------------------------------------\||||||||||||||||||||||||||\----------------------------------------------------------------------------/     Use the ^ and v keys to select which entry is highlighted.          
      Press enter to boot the selected OS, `e' to edit the commands       
      before booting or `c' for a command-line.                            *Purity 6.5.8 (202408090136+b967c2f84655) with kernel 5.15.123+ (2024071402>
 Purity 6.5.5 (202404130351+34e2b1e66ad3) with kernel 5.15.123+ (2024031915>
                                                                                                                                                                                                                                                                                                                                                                                                                                                                                                                                                                                                                                                                                                                                                                                                                                                                        The highlighted entry will be executed automatically in 3s.                    The highlighted entry will be executed automatically in 2s.                    The highlighted entry will be executed automatically in 1s.                    The highlighted entry will be executed automatically in 0s.                 
rochmn03-pfa-08-581-ct0 login: pureeng
1) Authenticate via CloudAssist
2) Authenticate via command line
3) Restore challenge
Type the number corresponding to the authentication method you want to use.

Selection: 1

An email for identity verification will be sent once email is entered.
Please follow the authentication instructions provided there and return to this screen when finished or if email has not been received.


Enter an email address: fharris@purestorage.com
An error occurred with CloudAssist authentication!

1) Authenticate via CloudAssist
2) Authenticate via command line
3) Restore challenge
Type the number corresponding to the authentication method you want to use.

Selection: 1

An email for identity verification will be sent once email is entered.
Please follow the authentication instructions provided there and return to this screen when finished or if email has not been received.


Enter an email address: fharris@purestorage.com
Successfully authenticated

Wed May 14 00:39:40 2025
Welcome pureeng. This is Purity Version 6.5.8 on FlashArray rochmn03-pfa-08-581
http://www.purestorage.com/
pureeng@rochmn03-pfa-08-581-ct0:~$ 
pureeng@rochmn03-pfa-08-581-ct0:~$ purehw list
Name       Status         Identify  Slot  Index  Speed       Temperature  Voltage  Details
CH0        ok             off       -     0      -           -            -        -
CH0.BAY0   ok             off       -     0      -           -            -        -
CH0.BAY1   ok             off       -     1      -           -            -        -
CH0.BAY2   ok             off       -     2      -           -            -        -
CH0.BAY3   ok             off       -     3      -           -            -        -
CH0.BAY4   ok             off       -     4      -           -            -        -
CH0.BAY5   ok             off       -     5      -           -            -        -
CH0.BAY6   ok             off       -     6      -           -            -        -
CH0.BAY7   ok             off       -     7      -           -            -        -
CH0.BAY8   ok             off       -     8      -           -            -        -
CH0.BAY9   ok             off       -     9      -           -            -        -
CH0.BAY10  ok             off       -     10     -           -            -        -
CH0.BAY11  ok             off       -     11     -           -            -        -
CH0.BAY12  ok             off       -     12     -           -            -        -
CH0.BAY13  ok             off       -     13     -           -            -        -
CH0.BAY14  ok             off       -     14     -           -            -        -
CH0.BAY15  ok             off       -     15     -           -            -        -
CH0.BAY16  not_installed  off       -     16     -           -            -        -
CH0.BAY17  not_installed  off       -     17     -           -            -        -
CH0.BAY18  not_installed  off       -     18     -           -            -        -
CH0.BAY19  not_installed  off       -     19     -           -            -        -
CH0.NVB0   ok             off       -     0      -           -            -        -
CH0.NVB1   ok             off       -     1      -           -            -        -
CH0.NVB2   not_installed  off       -     2      -           -            -        -
CH0.NVB3   not_installed  off       -     3      -           -            -        -
CH0.PWR0   ok             -         -     0      -           -            204 V    -
CH0.PWR1   ok             -         -     1      -           -            204 V    -
CH0.TMP0   ok             -         -     0      -           35 C         -        -
CT0        ok             off       -     0      -           -            -        -
CT0.ETH0   ok             -         -     0      0.00 b/s    -            -        -
CT0.ETH1   ok             -         -     1      0.00 b/s    -            -        -
CT0.ETH2   ok             -         -     2      25.00 Gb/s  -            -        -
CT0.ETH3   ok             -         -     3      0.00 b/s    -            -        -
CT0.ETH4   ok             -         -     4      1.00 Gb/s   -            -        -
CT0.ETH5   ok             -         -     5      0.00 b/s    -            -        -
CT0.ETH14  ok             -         2     14     25.00 Gb/s  -            -        -
CT0.ETH15  ok             -         2     15     25.00 Gb/s  -            -        -
CT0.FAN0   ok             -         -     0      -           -            -        -
CT0.FAN1   ok             -         -     1      -           -            -        -
CT0.FAN2   ok             -         -     2      -           -            -        -
CT0.FAN3   ok             -         -     3      -           -            -        -
CT0.FAN4   ok             -         -     4      -           -            -        -
CT0.FAN5   ok             -         -     5      -           -            -        -
CT0.FC4    ok             -         1     4      0.00 b/s    -            -        -
CT0.FC5    ok             -         1     5      0.00 b/s    -            -        -
CT0.FC6    ok             -         1     6      0.00 b/s    -            -        -
CT0.FC7    ok             -         1     7      0.00 b/s    -            -        -
CT0.FC12   ok             -         3     12     0.00 b/s    -            -        -
CT0.FC13   ok             -         3     13     0.00 b/s    -            -        -
CT0.FC14   ok             -         3     14     0.00 b/s    -            -        -
CT0.FC15   ok             -         3     15     0.00 b/s    -            -        -
CT0.TMP0   ok             -         -     0      -           46 C         -        -
CT0.TMP1   ok             -         -     1      -           49 C         -        -
CT0.TMP2   ok             -         -     2      -           57 C         -        -
CT0.TMP3   ok             -         -     3      -           54 C         -        -
CT0.TMP4   ok             -         -     4      -           50 C         -        -
CT0.TMP5   ok             -         -     5      -           51 C         -        -
CT0.TMP6   ok             -         -     6      -           38 C         -        -
CT0.TMP7   ok             -         -     7      -           40 C         -        -
CT0.TMP8   ok             -         -     8      -           57 C         -        -
CT0.TMP9   ok             -         -     9      -           44 C         -        -
CT0.TMP11  ok             -         -     11     -           42 C         -        -
CT0.TMP12  ok             -         -     12     -           41 C         -        -
CT0.TMP13  ok             -         -     13     -           44 C         -        -
CT0.TMP14  ok             -         -     14     -           43 C         -        -
CT0.TMP15  ok             -         -     15     -           43 C         -        -
CT0.TMP17  ok             -         -     17     -           45 C         -        -
CT0.TMP19  ok             -         -     19     -           43 C         -        -
CT0.TMP20  ok             -         -     20     -           43 C         -        -
CT0.TMP21  ok             -         -     21     -           47 C         -        -
CT0.TMP22  ok             -         -     22     -           46 C         -        -
CT0.TMP23  ok             -         -     23     -           45 C         -        -
CT1        ok             off       -     1      -           -            -        -
CT1.ETH0   ok             -         -     0      1.00 Gb/s   -            -        -
CT1.ETH1   ok             -         -     1      0.00 b/s    -            -        -
CT1.ETH2   ok             -         -     2      25.00 Gb/s  -            -        -
CT1.ETH3   ok             -         -     3      0.00 b/s    -            -        -
CT1.ETH4   ok             -         -     4      25.00 Gb/s  -            -        -
CT1.ETH5   ok             -         -     5      25.00 Gb/s  -            -        -
CT1.ETH6   ok             -         -     6      0.00 b/s    -            -        -
CT1.ETH7   ok             -         -     7      0.00 b/s    -            -        -
CT1.ETH8   ok             -         -     8      0.00 b/s    -            -        -
CT1.ETH9   ok             -         -     9      0.00 b/s    -            -        -
CT1.FAN0   ok             -         -     0      -           -            -        -
CT1.FAN1   ok             -         -     1      -           -            -        -
CT1.FAN2   ok             -         -     2      -           -            -        -
CT1.FAN3   ok             -         -     3      -           -            -        -
CT1.FAN4   ok             -         -     4      -           -            -        -
CT1.FAN5   ok             -         -     5      -           -            -        -
CT1.FC0    ok             -         0     0      16.00 Gb/s  -            -        -
CT1.FC1    ok             -         0     1      16.00 Gb/s  -            -        -
CT1.FC2    ok             -         0     2      0.00 b/s    -            -        -
CT1.FC3    ok             -         0     3      0.00 b/s    -            -        -
CT1.FC4    ok             -         1     4      0.00 b/s    -            -        -
CT1.FC5    ok             -         1     5      0.00 b/s    -            -        -
CT1.FC6    ok             -         1     6      0.00 b/s    -            -        -
CT1.FC7    ok             -         1     7      0.00 b/s    -            -        -
CT1.FC8    ok             -         2     8      16.00 Gb/s  -            -        -
CT1.FC9    ok             -         2     9      16.00 Gb/s  -            -        -
CT1.TMP0   ok             -         -     0      -           52 C         -        -
CT1.TMP1   ok             -         -     1      -           54 C         -        -
CT1.TMP2   ok             -         -     2      -           45 C         -        -
CT1.TMP3   ok             -         -     3      -           62 C         -        -
CT1.TMP4   ok             -         -     4      -           65 C         -        -
CT1.TMP5   ok             -         -     5      -           51 C         -        -
CT1.TMP6   ok             -         -     6      -           60 C         -        -
CT1.TMP7   ok             -         -     7      -           46 C         -        -
CT1.TMP8   ok             -         -     8      -           47 C         -        -
CT1.TMP9   ok             -         -     9      -           48 C         -        -
CT1.TMP10  ok             -         -     10     -           43 C         -        -
CT1.TMP11  ok             -         -     11     -           42 C         -        -
CT1.TMP12  ok             -         -     12     -           42 C         -        -
CT1.TMP13  ok             -         -     13     -           51 C         -        -
CT1.TMP14  ok             -         -     14     -           50 C         -        -
CT1.TMP15  ok             -         -     15     -           49 C         -        -
CT1.TMP16  ok             -         -     16     -           45 C         -        -
CT1.TMP17  ok             -         -     17     -           45 C         -        -
CT1.TMP18  ok             -         -     18     -           45 C         -        -
CT1.TMP19  ok             -         -     19     -           48 C         -        -
CT1.TMP20  ok             -         -     20     -           43 C         -        -
CT1.TMP21  ok             -         -     21     -           53 C         -        -
CT1.TMP22  ok             -         -     22     -           48 C         -        -
CT1.TMP23  ok             -         -     23     -           54 C         -        -
CT1.TMP24  ok             -         -     24     -           53 C         -        -
CT1.TMP25  ok             -         -     25     -           57 C         -        -
CT1.TMP26  ok             -         -     26     -           45 C         -        -
pureeng@rochmn03-pfa-08-581-ct0:~$ purehmessage list --opne
usage: puremessage [-h]
                   {advance,check,clear,create,delete,flag,list,reset,setattr}
                   ...
puremessage: error: unrecognized arguments: --opne
pureeng@rochmn03-pfa-08-581-ct0:~$ puremessage list --opneen
pureeng@rochmn03-pfa-08-581-ct0:~$ puremessage list --open --hidden
ID         Time                     Severity  Category  Code  Component  Name                     Event                Expected  Actual  Details
107701609  2025-05-14 00:22:11 CDT  hidden    array     30    service    array.directory_service  pureds test failure  -         -       
pureeng@rochmn03-pfa-08-581-ct0:~$ purentetwork fc list
Name      Enabled  WWN                      Speed       Services
CT0.FC4   False    52:4A:93:75:71:13:45:08  32.00 Gb/s  scsi-fc
CT0.FC5   False    52:4A:93:75:71:13:45:09  32.00 Gb/s  scsi-fc
CT0.FC6   False    52:4A:93:75:71:13:45:06  32.00 Gb/s  scsi-fc
CT0.FC7   False    52:4A:93:75:71:13:45:07  32.00 Gb/s  scsi-fc
CT0.FC12  False    52:4A:93:75:71:13:45:00  32.00 Gb/s  scsi-fc
CT0.FC13  False    52:4A:93:75:71:13:45:01  32.00 Gb/s  scsi-fc
CT0.FC14  False    52:4A:93:75:71:13:45:02  32.00 Gb/s  scsi-fc
CT0.FC15  False    52:4A:93:75:71:13:45:03  32.00 Gb/s  scsi-fc
CT1.FC0   True     52:4A:93:75:71:13:45:10  16.00 Gb/s  scsi-fc
CT1.FC1   True     52:4A:93:75:71:13:45:11  16.00 Gb/s  scsi-fc
CT1.FC2   True     52:4A:93:75:71:13:45:12  16.00 Gb/s  scsi-fc
CT1.FC3   True     52:4A:93:75:71:13:45:13  16.00 Gb/s  scsi-fc
CT1.FC4   True     52:4A:93:75:71:13:45:14  32.00 Gb/s  scsi-fc
CT1.FC5   True     52:4A:93:75:71:13:45:15  32.00 Gb/s  scsi-fc
CT1.FC6   True     52:4A:93:75:71:13:45:16  32.00 Gb/s  scsi-fc
CT1.FC7   True     52:4A:93:75:71:13:45:17  32.00 Gb/s  scsi-fc
CT1.FC8   True     52:4A:93:75:71:13:45:18  16.00 Gb/s  scsi-fc
CT1.FC9   True     52:4A:93:75:71:13:45:19  16.00 Gb/s  scsi-fc
pureeng@rochmn03-pfa-08-581-ct0:~$ purenetwork fc enable ct0.fc4
Name     Enabled  WWN  Speed       Active Services  Services
ct0.fc4  True     -    32.00 Gb/s  -                scsi-fc
pureeng@rochmn03-pfa-08-581-ct0:~$ purenetwork fc enable ct0.fc45
Name     Enabled  WWN  Speed       Active Services  Services
ct0.fc5  True     -    32.00 Gb/s  -                scsi-fc
pureeng@rochmn03-pfa-08-581-ct0:~$ purenetwork fc enable ct0.fc56
Name     Enabled  WWN  Speed       Active Services  Services
ct0.fc6  True     -    32.00 Gb/s  -                scsi-fc
pureeng@rochmn03-pfa-08-581-ct0:~$ purenetwork fc enable ct0.fc67
Name     Enabled  WWN  Speed       Active Services  Services
ct0.fc7  True     -    32.00 Gb/s  -                scsi-fc
pureeng@rochmn03-pfa-08-581-ct0:~$ purenetwork fc enable ct0.fc712
Name      Enabled  WWN  Speed       Active Services  Services
ct0.fc12  True     -    32.00 Gb/s  -                scsi-fc
pureeng@rochmn03-pfa-08-581-ct0:~$ purenetwork fc enable ct0.fc123
Name      Enabled  WWN  Speed       Active Services  Services
ct0.fc13  True     -    32.00 Gb/s  -                scsi-fc
pureeng@rochmn03-pfa-08-581-ct0:~$ purenetwork fc enable ct0.fc134
Name      Enabled  WWN  Speed       Active Services  Services
ct0.fc14  True     -    32.00 Gb/s  -                scsi-fc
pureeng@rochmn03-pfa-08-581-ct0:~$ purenetwork fc enable ct0.fc145
Name      Enabled  WWN  Speed       Active Services  Services
ct0.fc15  True     -    32.00 Gb/s  -                scsi-fc
pureeng@rochmn03-pfa-08-581-ct0:~$ purenetwork fc list
Name      Enabled  WWN                      Speed       Services
CT0.FC4   True     52:4A:93:75:71:13:45:08  32.00 Gb/s  scsi-fc
CT0.FC5   True     52:4A:93:75:71:13:45:09  32.00 Gb/s  scsi-fc
CT0.FC6   True     52:4A:93:75:71:13:45:06  32.00 Gb/s  scsi-fc
CT0.FC7   True     52:4A:93:75:71:13:45:07  32.00 Gb/s  scsi-fc
CT0.FC12  True     52:4A:93:75:71:13:45:00  32.00 Gb/s  scsi-fc
CT0.FC13  True     52:4A:93:75:71:13:45:01  32.00 Gb/s  scsi-fc
CT0.FC14  True     52:4A:93:75:71:13:45:02  32.00 Gb/s  scsi-fc
CT0.FC15  True     52:4A:93:75:71:13:45:03  32.00 Gb/s  scsi-fc
CT1.FC0   True     52:4A:93:75:71:13:45:10  16.00 Gb/s  scsi-fc
CT1.FC1   True     52:4A:93:75:71:13:45:11  16.00 Gb/s  scsi-fc
CT1.FC2   True     52:4A:93:75:71:13:45:12  16.00 Gb/s  scsi-fc
CT1.FC3   True     52:4A:93:75:71:13:45:13  16.00 Gb/s  scsi-fc
CT1.FC4   True     52:4A:93:75:71:13:45:14  32.00 Gb/s  scsi-fc
CT1.FC5   True     52:4A:93:75:71:13:45:15  32.00 Gb/s  scsi-fc
CT1.FC6   True     52:4A:93:75:71:13:45:16  32.00 Gb/s  scsi-fc
CT1.FC7   True     52:4A:93:75:71:13:45:17  32.00 Gb/s  scsi-fc
CT1.FC8   True     52:4A:93:75:71:13:45:18  16.00 Gb/s  scsi-fc
CT1.FC9   True     52:4A:93:75:71:13:45:19  16.00 Gb/s  scsi-fc
pureeng@rochmn03-pfa-08-581-ct0:~$ sudo su
     root@rochmn03-pfa-08-581-ct0:/var/home/pureeng# ssh peer
Last login: Wed May 14 00:03:03 2025 from fe80::26a9:37ff:fe42:8f3%haeth0

Wed May 14 00:44:24 2025
Welcome root. This is Purity Version 6.5.8 on FlashArray rochmn03-pfa-08-581
http://www.purestorage.com/
     root@rochmn03-pfa-08-581-ct1:~# purearray list --controller
Name  Type              Mode       Model     Version  Status  Internal Details
CT0   array_controller  secondary  FA-X50R4  6.5.8    ready   
CT1   array_controller  primary    FA-X50R3  6.5.8    ready   
     root@rochmn03-pfa-08-581-ct1:~# puredb prefter ''
Name

     root@rochmn03-pfa-08-581-ct1:~# exit
logout
     root@rochmn03-pfa-08-581-ct0:/var/home/pureeng# iobalance --sampletime 15
sampling host I/O for 15 seconds...
                     Host  CT0 I/O Count  CT1 I/O Count  
rochmn03-hb2-pod58-001-ll        0.00       1.94K  ! no I/O to CT0
rochmn03-hb2-pod58-002-ll        0.00       1.04K  ! no I/O to CT0
rochmn03-hb2-pod58-003-ll        0.00      140.00  ! no I/O to CT0
rochmn03-hb2-pod58-004-ll        0.00      666.00  ! no I/O to CT0
rochmn03-hb2-pod58-005-hl        0.00      134.00  ! no I/O to CT0
rochmn03-hb2-pod58-005-ll        0.00      16.95K  ! no I/O to CT0
rochmn03-hb2-pod58-006-hl        0.00      47.06K  ! no I/O to CT0
rochmn03-hb2-pod58-006-ll        0.00       5.11K  ! no I/O to CT0
rochmn03-hb2-pod58-007-hl        0.00        0.00  ? Host is idle
rochmn03-hb2-pod58-007-ll        0.00      125.00  ! no I/O to CT0
rochmn03-hb2-pod58-008-hl        0.00        0.00  ? Host is idle
rochmn03-hb2-pod58-008-ll        0.00      129.00  ! no I/O to CT0
rochmn03-hb2-pod58-009-hl        0.00        0.00  ? Host is idle
rochmn03-hb2-pod58-009-ll        0.00      151.00  ! no I/O to CT0
rochmn03-hb2-pod58-011-ll        0.00        6.00  ! no I/O to CT0
rochmn03-hb2-pod58-012-ll        0.00      584.00  ! no I/O to CT0
rochmn03-hb2-pod58-013-hl        0.00       2.51K  ! no I/O to CT0
rochmn03-hb2-pod58-013-ll        0.00       4.48K  ! no I/O to CT0
rochmn03-hb2-pod58-014-hl        0.00      366.00  ! no I/O to CT0
rochmn03-hb2-pod58-014-ll        0.00      576.00  ! no I/O to CT0
rochmn03-hb2-pod58-015-hl        0.00      117.00  ! no I/O to CT0
rochmn03-hb2-pod58-015-ll        0.00      648.00  ! no I/O to CT0
rochmn03-hb2-pod58-017-hl        0.00        0.00  ? Host is idle
rochmn03-hb2-pod58-017-ll        0.00      795.00  ! no I/O to CT0
rochmn03-hb2-pod58-018-hl        0.00      32.19K  ! no I/O to CT0
rochmn03-hb2-pod58-018-ll        0.00      12.98K  ! no I/O to CT0
rochmn03-hb2-pod58-019-ll        0.00      626.00  ! no I/O to CT0
rochmn03-hb2-pod58-020-ll        0.00       54.00  ! no I/O to CT0
rochmn03-hb2-pod58-021-hl        0.00      13.66K  ! no I/O to CT0
rochmn03-hb2-pod58-021-ll        0.00       7.36K  ! no I/O to CT0
rochmn03-hb2-pod58-022-ll        0.00        0.00  ? Host is idle
rochmn03-hb2-pod58-023-ll        0.00      197.00  ! no I/O to CT0
rochmn03-hb2-pod58-024-ll        0.00        7.00  ! no I/O to CT0
rochmn03-hb2-pod58-025-ll        0.00        1.00  ! no I/O to CT0
rochmn03-hb2-pod58-026-hl        0.00      246.00  ! no I/O to CT0
rochmn03-hb2-pod58-026-ll        0.00       2.80K  ! no I/O to CT0
rochmn03-hb2-pod58-034-hl        0.00      930.00  ! no I/O to CT0
rochmn03-hb2-pod58-034-ll        0.00       1.21K  ! no I/O to CT0
rochmn03-hb2-pod58-035-hl        0.00      24.28K  ! no I/O to CT0
rochmn03-hb2-pod58-035-ll        0.00      80.13K  ! no I/O to CT0
rochmn03-hb2-pod58-038-hl        0.00        0.00  ? Host is idle
rochmn03-hb2-pod58-038-ll        0.00       3.44K  ! no I/O to CT0
rochmn03-hb2-pod58-039-hl        0.00        0.00  ? Host is idle
rochmn03-hb2-pod58-039-ll        0.00      923.00  ! no I/O to CT0
rochmn03-hb2-pod58-040-hl        0.00      22.12K  ! no I/O to CT0
rochmn03-hb2-pod58-040-ll        0.00      19.07K  ! no I/O to CT0
rochmn03-hb2-pod58-041-ll        0.00      991.00  ! no I/O to CT0
rochmn03-hb2-pod58-042-ll        0.00      535.00  ! no I/O to CT0
rochmn03-hb2-pod58-043-hl        0.00      666.00  ! no I/O to CT0
rochmn03-hb2-pod58-043-ll        0.00      32.67K  ! no I/O to CT0
rochmn03-hb2-pod58-046-ll        0.00      864.00  ! no I/O to CT0
rochmn03-hb2-pod58-047-hl        0.00      17.90K  ! no I/O to CT0
rochmn03-hb2-pod58-047-ll        0.00       3.70K  ! no I/O to CT0
rochmn03-hb2-pod58-048-hl        0.00       10.00  ! no I/O to CT0
rochmn03-hb2-pod58-048-ll        0.00       3.49K  ! no I/O to CT0
rochmn03-hb2-pod58-049-hl        0.00      16.60K  ! no I/O to CT0
rochmn03-hb2-pod58-049-ll        0.00      12.81K  ! no I/O to CT0
rochmn03-hb2-pod58-050-ll        0.00       1.29K  ! no I/O to CT0
rochmn03-hb2-pod58-051-ll        0.00       1.23K  ! no I/O to CT0
rochmn03-hb2-pod58-052-ll        0.00        0.00  ? Host is idle
rochmn03-hb2-pod58-053-ll        0.00      571.00  ! no I/O to CT0
rochmn03-hb2-pod58-056-ll        0.00       1.11K  ! no I/O to CT0
rochmn03-hb2-pod58-057-hl        0.00      16.84K  ! no I/O to CT0
rochmn03-hb2-pod58-057-ll        0.00      35.49K  ! no I/O to CT0
rochmn03-hb2-pod58-067-ll        0.00       1.97K  ! no I/O to CT0
rochmn03-hb2-pod58-068-ll        0.00       1.07K  ! no I/O to CT0
rochmn03-hb2-pod58-069-ll        0.00       1.23K  ! no I/O to CT0
rochmn03-hb4-pod58-001-ll        0.00      133.00  ! no I/O to CT0
rochmn03-hb4-pod58-002-ll        0.00      81.10K  ! no I/O to CT0
     root@rochmn03-pfa-08-581-ct0:/var/home/pureeng# iobalance --sampletime 1530
sampling host I/O for 30 seconds...
                     Host  CT0 I/O Count  CT1 I/O Count  
rochmn03-hb2-pod58-001-ll        0.00       5.32K  ! no I/O to CT0
rochmn03-hb2-pod58-002-ll        0.00       2.14K  ! no I/O to CT0
rochmn03-hb2-pod58-003-ll        0.00      224.00  ! no I/O to CT0
rochmn03-hb2-pod58-004-ll        0.00       1.60K  ! no I/O to CT0
rochmn03-hb2-pod58-005-hl        0.00       4.68K  ! no I/O to CT0
rochmn03-hb2-pod58-005-ll        0.00      15.58K  ! no I/O to CT0
rochmn03-hb2-pod58-006-hl        0.00     103.98K  ! no I/O to CT0
rochmn03-hb2-pod58-006-ll        0.00      13.18K  ! no I/O to CT0
rochmn03-hb2-pod58-007-hl        0.00        0.00  ? Host is idle
rochmn03-hb2-pod58-007-ll        0.00      175.00  ! no I/O to CT0
rochmn03-hb2-pod58-008-hl        0.00        0.00  ? Host is idle
rochmn03-hb2-pod58-008-ll        0.00      256.00  ! no I/O to CT0
rochmn03-hb2-pod58-009-hl        0.00        0.00  ? Host is idle
rochmn03-hb2-pod58-009-ll        0.00      308.00  ! no I/O to CT0
rochmn03-hb2-pod58-011-ll        0.00      232.00  ! no I/O to CT0
rochmn03-hb2-pod58-012-ll        0.00       1.54K  ! no I/O to CT0
rochmn03-hb2-pod58-013-hl        0.00      11.16K  ! no I/O to CT0
rochmn03-hb2-pod58-013-ll        0.00      13.09K  ! no I/O to CT0
rochmn03-hb2-pod58-014-hl        0.00      343.00  ! no I/O to CT0
rochmn03-hb2-pod58-014-ll        0.00      462.00  ! no I/O to CT0
rochmn03-hb2-pod58-015-hl        0.00       1.65K  ! no I/O to CT0
rochmn03-hb2-pod58-015-ll        0.00       1.83K  ! no I/O to CT0
rochmn03-hb2-pod58-017-hl        0.00        2.00  ! no I/O to CT0
rochmn03-hb2-pod58-017-ll        0.00      785.00  ! no I/O to CT0
rochmn03-hb2-pod58-018-hl        0.00      85.45K  ! no I/O to CT0
rochmn03-hb2-pod58-018-ll        0.00      63.64K  ! no I/O to CT0
rochmn03-hb2-pod58-019-ll        0.00       1.61K  ! no I/O to CT0
rochmn03-hb2-pod58-020-ll        0.00        0.00  ? Host is idle
rochmn03-hb2-pod58-021-hl        0.00      14.73K  ! no I/O to CT0
rochmn03-hb2-pod58-021-ll        0.00      40.64K  ! no I/O to CT0
rochmn03-hb2-pod58-022-ll        0.00        0.00  ? Host is idle
rochmn03-hb2-pod58-023-ll        0.00      309.00  ! no I/O to CT0
rochmn03-hb2-pod58-024-ll        0.00       52.00  ! no I/O to CT0
rochmn03-hb2-pod58-025-ll        0.00      446.00  ! no I/O to CT0
rochmn03-hb2-pod58-026-hl        0.00       1.46K  ! no I/O to CT0
rochmn03-hb2-pod58-026-ll        0.00       5.38K  ! no I/O to CT0
rochmn03-hb2-pod58-034-hl        0.00      232.00  ! no I/O to CT0
rochmn03-hb2-pod58-034-ll        0.00       1.69K  ! no I/O to CT0
rochmn03-hb2-pod58-035-hl        0.00      18.01K  ! no I/O to CT0
rochmn03-hb2-pod58-035-ll        0.00     344.38K  ! no I/O to CT0
rochmn03-hb2-pod58-038-hl        0.00        4.00  ! no I/O to CT0
rochmn03-hb2-pod58-038-ll        0.00      11.12K  ! no I/O to CT0
rochmn03-hb2-pod58-039-hl        0.00        4.00  ! no I/O to CT0
rochmn03-hb2-pod58-039-ll        0.00       1.45K  ! no I/O to CT0
rochmn03-hb2-pod58-040-hl        0.00      45.40K  ! no I/O to CT0
rochmn03-hb2-pod58-040-ll        0.00      40.81K  ! no I/O to CT0
rochmn03-hb2-pod58-041-ll        0.00       2.39K  ! no I/O to CT0
rochmn03-hb2-pod58-042-ll        0.00       3.92K  ! no I/O to CT0
rochmn03-hb2-pod58-043-hl        0.00       1.85K  ! no I/O to CT0
rochmn03-hb2-pod58-043-ll        0.00      63.55K  ! no I/O to CT0
rochmn03-hb2-pod58-046-ll        0.00       1.64K  ! no I/O to CT0
rochmn03-hb2-pod58-047-hl        0.00      34.48K  ! no I/O to CT0
rochmn03-hb2-pod58-047-ll        0.00      12.10K  ! no I/O to CT0
rochmn03-hb2-pod58-048-hl        0.00        8.00  ! no I/O to CT0
rochmn03-hb2-pod58-048-ll        0.00       6.31K  ! no I/O to CT0
rochmn03-hb2-pod58-049-hl        0.00      38.89K  ! no I/O to CT0
rochmn03-hb2-pod58-049-ll        0.00      12.35K  ! no I/O to CT0
rochmn03-hb2-pod58-050-ll        0.00       3.35K  ! no I/O to CT0
rochmn03-hb2-pod58-051-ll        0.00       2.59K  ! no I/O to CT0
rochmn03-hb2-pod58-052-ll        0.00        0.00  ? Host is idle
rochmn03-hb2-pod58-053-ll        0.00       1.35K  ! no I/O to CT0
rochmn03-hb2-pod58-056-ll        0.00       2.19K  ! no I/O to CT0
rochmn03-hb2-pod58-057-hl        0.00      50.87K  ! no I/O to CT0
rochmn03-hb2-pod58-057-ll        0.00      62.65K  ! no I/O to CT0
rochmn03-hb2-pod58-067-ll        0.00       3.52K  ! no I/O to CT0
rochmn03-hb2-pod58-068-ll        0.00       2.26K  ! no I/O to CT0
rochmn03-hb2-pod58-069-ll        0.00       1.81K  ! no I/O to CT0
rochmn03-hb4-pod58-001-ll        0.00      355.00  ! no I/O to CT0
rochmn03-hb4-pod58-002-ll        0.00     184.73K  ! no I/O to CT0
     root@rochmn03-pfa-08-581-ct0:/var/home/pureeng# pureport list
Name       WWN                      Portal             IQN                                                      NQN  Failover
CT0.ETH14  -                        10.92.128.12:3260  iqn.2010-06.com.purestorage:flasharray.14bf6b4343fee6a8  -    -
CT0.ETH15  -                        10.92.128.13:3260  iqn.2010-06.com.purestorage:flasharray.14bf6b4343fee6a8  -    -
CT0.FC4    52:4A:93:75:71:13:45:08  -                  -                                                        -    -
CT0.FC5    52:4A:93:75:71:13:45:09  -                  -                                                        -    -
CT0.FC6    52:4A:93:75:71:13:45:06  -                  -                                                        -    -
CT0.FC7    52:4A:93:75:71:13:45:07  -                  -                                                        -    -
CT0.FC12   52:4A:93:75:71:13:45:00  -                  -                                                        -    -
CT0.FC13   52:4A:93:75:71:13:45:01  -                  -                                                        -    -
CT0.FC14   52:4A:93:75:71:13:45:02  -                  -                                                        -    -
CT0.FC15   52:4A:93:75:71:13:45:03  -                  -                                                        -    -
CT1.ETH4   -                        10.92.128.14:3260  iqn.2010-06.com.purestorage:flasharray.14bf6b4343fee6a8  -    -
CT1.ETH5   -                        10.92.128.15:3260  iqn.2010-06.com.purestorage:flasharray.14bf6b4343fee6a8  -    -
CT1.FC0    52:4A:93:75:71:13:45:10  -                  -                                                        -    -
CT1.FC1    52:4A:93:75:71:13:45:11  -                  -                                                        -    -
CT1.FC2    52:4A:93:75:71:13:45:12  -                  -                                                        -    -
CT1.FC3    52:4A:93:75:71:13:45:13  -                  -                                                        -    -
CT1.FC4    52:4A:93:75:71:13:45:14  -                  -                                                        -    -
CT1.FC5    52:4A:93:75:71:13:45:15  -                  -                                                        -    -
CT1.FC6    52:4A:93:75:71:13:45:16  -                  -                                                        -    -
CT1.FC7    52:4A:93:75:71:13:45:17  -                  -                                                        -    -
CT1.FC8    52:4A:93:75:71:13:45:18  -                  -                                                        -    -
CT1.FC9    52:4A:93:75:71:13:45:19  -                  -                                                        -    -
     root@rochmn03-pfa-08-581-ct0:/var/home/pureeng# fcpureportlist=`pureport list --initiator | awk '/Target/,0' | cut -d. -f1 | awk '{print $1,$5}' | grep -v '-' | grep -v "Initiator" | uniq -c; echo`; fcpureportlistcount=`echo "$fcpureportlist" | awk '{total += $1} END {print total}'`; echo -e "$fcpureportlist\n\n"; echo -e "\tTotal FC connections: $fcpureportlistcount\n\n";
      1 20:00:00:25:B5:3A:08:51 CT0
      1 20:00:00:25:B5:3A:08:51 CT1
      1 20:00:00:25:B5:3A:08:52 CT0
      1 20:00:00:25:B5:3A:08:52 CT1
      1 20:00:00:25:B5:3A:08:53 CT0
      1 20:00:00:25:B5:3A:08:53 CT1
      1 20:00:00:25:B5:3A:08:54 CT0
      1 20:00:00:25:B5:3A:08:54 CT1
      1 20:00:00:25:B5:3A:08:55 CT0
      1 20:00:00:25:B5:3A:08:55 CT1
      1 20:00:00:25:B5:3A:08:56 CT0
      1 20:00:00:25:B5:3A:08:56 CT1
      1 20:00:00:25:B5:3A:08:57 CT0
      1 20:00:00:25:B5:3A:08:57 CT1
      1 20:00:00:25:B5:3A:08:58 CT0
      1 20:00:00:25:B5:3A:08:58 CT1
      1 20:00:00:25:B5:3A:08:59 CT0
      1 20:00:00:25:B5:3A:08:59 CT1
      1 20:00:00:25:B5:3A:08:5A CT0
      1 20:00:00:25:B5:3A:08:5A CT1
      1 20:00:00:25:B5:3A:08:5B CT0
      1 20:00:00:25:B5:3A:08:5B CT1
      1 20:00:00:25:B5:3A:08:5C CT0
      1 20:00:00:25:B5:3A:08:5C CT1
      1 20:00:00:25:B5:3A:08:5E CT0
      1 20:00:00:25:B5:3A:08:5E CT1
      1 20:00:00:25:B5:3A:08:5F CT0
      1 20:00:00:25:B5:3A:08:5F CT1
      1 20:00:00:25:B5:3A:08:60 CT0
      1 20:00:00:25:B5:3A:08:60 CT1
      1 20:00:00:25:B5:3A:08:61 CT0
      1 20:00:00:25:B5:3A:08:61 CT1
      1 20:00:00:25:B5:3A:08:62 CT0
      1 20:00:00:25:B5:3A:08:62 CT1
      1 20:00:00:25:B5:3A:08:63 CT0
      1 20:00:00:25:B5:3A:08:63 CT1
      1 20:00:00:25:B5:3A:08:65 CT0
      1 20:00:00:25:B5:3A:08:65 CT1
      1 20:00:00:25:B5:3A:08:66 CT0
      1 20:00:00:25:B5:3A:08:66 CT1
      1 20:00:00:25:B5:3A:08:68 CT0
      1 20:00:00:25:B5:3A:08:68 CT1
      1 20:00:00:25:B5:3A:08:6A CT0
      1 20:00:00:25:B5:3A:08:6A CT1
      1 20:00:00:25:B5:3A:08:6C CT0
      1 20:00:00:25:B5:3A:08:6C CT1
      1 20:00:00:25:B5:3A:08:6D CT0
      1 20:00:00:25:B5:3A:08:6D CT1
      1 20:00:00:25:B5:3A:08:6E CT0
      1 20:00:00:25:B5:3A:08:6E CT1
      1 20:00:00:25:B5:3A:08:6F CT0
      1 20:00:00:25:B5:3A:08:6F CT1
      1 20:00:00:25:B5:3A:08:70 CT0
      1 20:00:00:25:B5:3A:08:70 CT1
      1 20:00:00:25:B5:3A:08:75 CT0
      1 20:00:00:25:B5:3A:08:75 CT1
      1 20:00:00:25:B5:3A:08:77 CT0
      1 20:00:00:25:B5:3A:08:77 CT1
      1 20:00:00:25:B5:3A:08:78 CT0
      1 20:00:00:25:B5:3A:08:78 CT1
      1 20:00:00:25:B5:3A:08:79 CT0
      1 20:00:00:25:B5:3A:08:79 CT1
      1 20:00:00:25:B5:3A:08:CA CT0
      1 20:00:00:25:B5:3A:08:CA CT1
      1 20:00:00:25:B5:3A:08:CC CT0
      1 20:00:00:25:B5:3A:08:CC CT1
      1 20:00:00:25:B5:3A:08:CD CT0
      1 20:00:00:25:B5:3A:08:CD CT1
      1 20:00:00:25:B5:3A:08:CE CT0
      1 20:00:00:25:B5:3A:08:CE CT1
      1 20:00:00:25:B5:3A:08:CF CT0
      1 20:00:00:25:B5:3A:08:CF CT1
      1 20:00:00:25:B5:3A:08:D0 CT0
      1 20:00:00:25:B5:3A:08:D0 CT1
      1 20:00:00:25:B5:3A:08:D1 CT0
      1 20:00:00:25:B5:3A:08:D1 CT1
      1 20:00:00:25:B5:3A:08:D6 CT0
      1 20:00:00:25:B5:3A:08:D6 CT1
      1 20:00:00:25:B5:3A:08:D7 CT0
      1 20:00:00:25:B5:3A:08:D7 CT1
      1 20:00:00:25:B5:3A:08:D8 CT0
      1 20:00:00:25:B5:3A:08:D8 CT1
      1 20:00:00:25:B5:3A:08:D9 CT0
      1 20:00:00:25:B5:3A:08:D9 CT1
      1 20:00:00:25:B5:3A:08:DA CT0
      1 20:00:00:25:B5:3A:08:DA CT1
      1 20:00:00:25:B5:3A:08:DC CT0
      1 20:00:00:25:B5:3A:08:DC CT1
      1 20:00:00:25:B5:3A:09:F3 CT0
      1 20:00:00:25:B5:3A:09:F3 CT1
      1 20:00:00:25:B5:3A:09:F5 CT0
      1 20:00:00:25:B5:3A:09:F5 CT1
      1 20:00:00:25:B5:3A:09:F7 CT0
      1 20:00:00:25:B5:3A:09:F7 CT1
      1 20:00:00:25:B5:3B:08:51 CT0
      1 20:00:00:25:B5:3B:08:51 CT1
      1 20:00:00:25:B5:3B:08:52 CT0
      1 20:00:00:25:B5:3B:08:52 CT1
      1 20:00:00:25:B5:3B:08:53 CT0
      1 20:00:00:25:B5:3B:08:53 CT1
      1 20:00:00:25:B5:3B:08:54 CT0
      1 20:00:00:25:B5:3B:08:54 CT1
      1 20:00:00:25:B5:3B:08:55 CT0
      1 20:00:00:25:B5:3B:08:55 CT1
      1 20:00:00:25:B5:3B:08:56 CT0
      1 20:00:00:25:B5:3B:08:56 CT1
      1 20:00:00:25:B5:3B:08:57 CT0
      1 20:00:00:25:B5:3B:08:57 CT1
      1 20:00:00:25:B5:3B:08:58 CT0
      1 20:00:00:25:B5:3B:08:58 CT1
      1 20:00:00:25:B5:3B:08:59 CT0
      1 20:00:00:25:B5:3B:08:59 CT1
      1 20:00:00:25:B5:3B:08:5A CT0
      1 20:00:00:25:B5:3B:08:5A CT1
      1 20:00:00:25:B5:3B:08:5B CT0
      1 20:00:00:25:B5:3B:08:5B CT1
      1 20:00:00:25:B5:3B:08:5C CT0
      1 20:00:00:25:B5:3B:08:5C CT1
      1 20:00:00:25:B5:3B:08:5E CT0
      1 20:00:00:25:B5:3B:08:5E CT1
      1 20:00:00:25:B5:3B:08:5F CT0
      1 20:00:00:25:B5:3B:08:5F CT1
      1 20:00:00:25:B5:3B:08:60 CT0
      1 20:00:00:25:B5:3B:08:60 CT1
      1 20:00:00:25:B5:3B:08:61 CT0
      1 20:00:00:25:B5:3B:08:61 CT1
      1 20:00:00:25:B5:3B:08:62 CT0
      1 20:00:00:25:B5:3B:08:62 CT1
      1 20:00:00:25:B5:3B:08:63 CT0
      1 20:00:00:25:B5:3B:08:63 CT1
      1 20:00:00:25:B5:3B:08:65 CT0
      1 20:00:00:25:B5:3B:08:65 CT1
      1 20:00:00:25:B5:3B:08:66 CT0
      1 20:00:00:25:B5:3B:08:66 CT1
      1 20:00:00:25:B5:3B:08:68 CT0
      1 20:00:00:25:B5:3B:08:68 CT1
      1 20:00:00:25:B5:3B:08:6A CT0
      1 20:00:00:25:B5:3B:08:6A CT1
      1 20:00:00:25:B5:3B:08:6C CT0
      1 20:00:00:25:B5:3B:08:6C CT1
      1 20:00:00:25:B5:3B:08:6D CT0
      1 20:00:00:25:B5:3B:08:6D CT1
      1 20:00:00:25:B5:3B:08:6E CT0
      1 20:00:00:25:B5:3B:08:6E CT1
      1 20:00:00:25:B5:3B:08:6F CT0
      1 20:00:00:25:B5:3B:08:6F CT1
      1 20:00:00:25:B5:3B:08:70 CT0
      1 20:00:00:25:B5:3B:08:70 CT1
      1 20:00:00:25:B5:3B:08:75 CT0
      1 20:00:00:25:B5:3B:08:75 CT1
      1 20:00:00:25:B5:3B:08:77 CT0
      1 20:00:00:25:B5:3B:08:77 CT1
      1 20:00:00:25:B5:3B:08:78 CT0
      1 20:00:00:25:B5:3B:08:78 CT1
      1 20:00:00:25:B5:3B:08:79 CT0
      1 20:00:00:25:B5:3B:08:79 CT1
      1 20:00:00:25:B5:3B:08:CA CT0
      1 20:00:00:25:B5:3B:08:CA CT1
      1 20:00:00:25:B5:3B:08:CC CT0
      1 20:00:00:25:B5:3B:08:CC CT1
      1 20:00:00:25:B5:3B:08:CD CT0
      1 20:00:00:25:B5:3B:08:CD CT1
      1 20:00:00:25:B5:3B:08:CE CT0
      1 20:00:00:25:B5:3B:08:CE CT1
      1 20:00:00:25:B5:3B:08:CF CT0
      1 20:00:00:25:B5:3B:08:CF CT1
      1 20:00:00:25:B5:3B:08:D0 CT0
      1 20:00:00:25:B5:3B:08:D0 CT1
      1 20:00:00:25:B5:3B:08:D1 CT0
      1 20:00:00:25:B5:3B:08:D1 CT1
      1 20:00:00:25:B5:3B:08:D6 CT0
      1 20:00:00:25:B5:3B:08:D6 CT1
      1 20:00:00:25:B5:3B:08:D7 CT0
      1 20:00:00:25:B5:3B:08:D7 CT1
      1 20:00:00:25:B5:3B:08:D8 CT0
      1 20:00:00:25:B5:3B:08:D8 CT1
      1 20:00:00:25:B5:3B:08:D9 CT0
      1 20:00:00:25:B5:3B:08:D9 CT1
      1 20:00:00:25:B5:3B:08:DA CT0
      1 20:00:00:25:B5:3B:08:DA CT1
      1 20:00:00:25:B5:3B:08:DC CT0
      1 20:00:00:25:B5:3B:08:DC CT1
      1 20:00:00:25:B5:3B:09:F3 CT0
      1 20:00:00:25:B5:3B:09:F3 CT1
      1 20:00:00:25:B5:3B:09:F5 CT0
      1 20:00:00:25:B5:3B:09:F5 CT1
      1 20:00:00:25:B5:3B:09:F7 CT0
      1 20:00:00:25:B5:3B:09:F7 CT1
      1 20:00:00:25:B5:4A:08:51 CT0
      1 20:00:00:25:B5:4A:08:51 CT1
      1 20:00:00:25:B5:4A:08:52 CT0
      1 20:00:00:25:B5:4A:08:52 CT1
      1 20:00:00:25:B5:4A:08:53 CT0
      1 20:00:00:25:B5:4A:08:53 CT1
      1 20:00:00:25:B5:4A:08:54 CT0
      1 20:00:00:25:B5:4A:08:54 CT1
      1 20:00:00:25:B5:4A:08:55 CT0
      1 20:00:00:25:B5:4A:08:55 CT1
      1 20:00:00:25:B5:4A:08:56 CT0
      1 20:00:00:25:B5:4A:08:56 CT1
      1 20:00:00:25:B5:4A:08:57 CT0
      1 20:00:00:25:B5:4A:08:57 CT1
      1 20:00:00:25:B5:4A:08:58 CT0
      1 20:00:00:25:B5:4A:08:58 CT1
      1 20:00:00:25:B5:4A:08:59 CT0
      1 20:00:00:25:B5:4A:08:59 CT1
      1 20:00:00:25:B5:4A:08:5A CT0
      1 20:00:00:25:B5:4A:08:5A CT1
      1 20:00:00:25:B5:4A:08:5B CT0
      1 20:00:00:25:B5:4A:08:5B CT1
      1 20:00:00:25:B5:4A:08:5C CT0
      1 20:00:00:25:B5:4A:08:5C CT1
      1 20:00:00:25:B5:4A:08:5E CT0
      1 20:00:00:25:B5:4A:08:5E CT1
      1 20:00:00:25:B5:4A:08:5F CT0
      1 20:00:00:25:B5:4A:08:5F CT1
      1 20:00:00:25:B5:4A:08:60 CT0
      1 20:00:00:25:B5:4A:08:60 CT1
      1 20:00:00:25:B5:4A:08:61 CT0
      1 20:00:00:25:B5:4A:08:61 CT1
      1 20:00:00:25:B5:4A:08:62 CT0
      1 20:00:00:25:B5:4A:08:62 CT1
      1 20:00:00:25:B5:4A:08:63 CT0
      1 20:00:00:25:B5:4A:08:63 CT1
      1 20:00:00:25:B5:4A:08:65 CT0
      1 20:00:00:25:B5:4A:08:65 CT1
      1 20:00:00:25:B5:4A:08:66 CT0
      1 20:00:00:25:B5:4A:08:66 CT1
      1 20:00:00:25:B5:4A:08:68 CT0
      1 20:00:00:25:B5:4A:08:68 CT1
      1 20:00:00:25:B5:4A:08:6A CT0
      1 20:00:00:25:B5:4A:08:6A CT1
      1 20:00:00:25:B5:4A:08:6C CT0
      1 20:00:00:25:B5:4A:08:6C CT1
      1 20:00:00:25:B5:4A:08:6D CT0
      1 20:00:00:25:B5:4A:08:6D CT1
      1 20:00:00:25:B5:4A:08:6E CT0
      1 20:00:00:25:B5:4A:08:6E CT1
      1 20:00:00:25:B5:4A:08:6F CT0
      1 20:00:00:25:B5:4A:08:6F CT1
      1 20:00:00:25:B5:4A:08:70 CT0
      1 20:00:00:25:B5:4A:08:70 CT1
      1 20:00:00:25:B5:4A:08:75 CT0
      1 20:00:00:25:B5:4A:08:75 CT1
      1 20:00:00:25:B5:4A:08:77 CT0
      1 20:00:00:25:B5:4A:08:77 CT1
      1 20:00:00:25:B5:4A:08:78 CT0
      1 20:00:00:25:B5:4A:08:78 CT1
      1 20:00:00:25:B5:4A:08:79 CT0
      1 20:00:00:25:B5:4A:08:79 CT1
      1 20:00:00:25:B5:4A:08:CA CT0
      1 20:00:00:25:B5:4A:08:CA CT1
      1 20:00:00:25:B5:4A:08:CC CT0
      1 20:00:00:25:B5:4A:08:CC CT1
      1 20:00:00:25:B5:4A:08:CD CT0
      1 20:00:00:25:B5:4A:08:CD CT1
      1 20:00:00:25:B5:4A:08:CE CT0
      1 20:00:00:25:B5:4A:08:CE CT1
      1 20:00:00:25:B5:4A:08:CF CT0
      1 20:00:00:25:B5:4A:08:CF CT1
      1 20:00:00:25:B5:4A:08:D0 CT0
      1 20:00:00:25:B5:4A:08:D0 CT1
      1 20:00:00:25:B5:4A:08:D1 CT0
      1 20:00:00:25:B5:4A:08:D1 CT1
      1 20:00:00:25:B5:4A:08:D6 CT0
      1 20:00:00:25:B5:4A:08:D6 CT1
      1 20:00:00:25:B5:4A:08:D7 CT0
      1 20:00:00:25:B5:4A:08:D7 CT1
      1 20:00:00:25:B5:4A:08:D8 CT0
      1 20:00:00:25:B5:4A:08:D8 CT1
      1 20:00:00:25:B5:4A:08:D9 CT0
      1 20:00:00:25:B5:4A:08:D9 CT1
      1 20:00:00:25:B5:4A:08:DA CT0
      1 20:00:00:25:B5:4A:08:DA CT1
      1 20:00:00:25:B5:4A:08:DC CT0
      1 20:00:00:25:B5:4A:08:DC CT1
      1 20:00:00:25:B5:4A:09:F3 CT0
      1 20:00:00:25:B5:4A:09:F3 CT1
      1 20:00:00:25:B5:4A:09:F5 CT0
      1 20:00:00:25:B5:4A:09:F5 CT1
      1 20:00:00:25:B5:4A:09:F7 CT0
      1 20:00:00:25:B5:4A:09:F7 CT1
      1 20:00:00:25:B5:4B:08:51 CT0
      1 20:00:00:25:B5:4B:08:51 CT1
      1 20:00:00:25:B5:4B:08:52 CT0
      1 20:00:00:25:B5:4B:08:52 CT1
      1 20:00:00:25:B5:4B:08:53 CT0
      1 20:00:00:25:B5:4B:08:53 CT1
      1 20:00:00:25:B5:4B:08:54 CT0
      1 20:00:00:25:B5:4B:08:54 CT1
      1 20:00:00:25:B5:4B:08:55 CT0
      1 20:00:00:25:B5:4B:08:55 CT1
      1 20:00:00:25:B5:4B:08:56 CT0
      1 20:00:00:25:B5:4B:08:56 CT1
      1 20:00:00:25:B5:4B:08:57 CT0
      1 20:00:00:25:B5:4B:08:57 CT1
      1 20:00:00:25:B5:4B:08:58 CT0
      1 20:00:00:25:B5:4B:08:58 CT1
      1 20:00:00:25:B5:4B:08:59 CT0
      1 20:00:00:25:B5:4B:08:59 CT1
      1 20:00:00:25:B5:4B:08:5A CT0
      1 20:00:00:25:B5:4B:08:5A CT1
      1 20:00:00:25:B5:4B:08:5B CT0
      1 20:00:00:25:B5:4B:08:5B CT1
      1 20:00:00:25:B5:4B:08:5C CT0
      1 20:00:00:25:B5:4B:08:5C CT1
      1 20:00:00:25:B5:4B:08:5E CT0
      1 20:00:00:25:B5:4B:08:5E CT1
      1 20:00:00:25:B5:4B:08:5F CT0
      1 20:00:00:25:B5:4B:08:5F CT1
      1 20:00:00:25:B5:4B:08:60 CT0
      1 20:00:00:25:B5:4B:08:60 CT1
      1 20:00:00:25:B5:4B:08:61 CT0
      1 20:00:00:25:B5:4B:08:61 CT1
      1 20:00:00:25:B5:4B:08:62 CT0
      1 20:00:00:25:B5:4B:08:62 CT1
      1 20:00:00:25:B5:4B:08:63 CT0
      1 20:00:00:25:B5:4B:08:63 CT1
      1 20:00:00:25:B5:4B:08:65 CT0
      1 20:00:00:25:B5:4B:08:65 CT1
      1 20:00:00:25:B5:4B:08:66 CT0
      1 20:00:00:25:B5:4B:08:66 CT1
      1 20:00:00:25:B5:4B:08:68 CT0
      1 20:00:00:25:B5:4B:08:68 CT1
      1 20:00:00:25:B5:4B:08:6A CT0
      1 20:00:00:25:B5:4B:08:6A CT1
      1 20:00:00:25:B5:4B:08:6C CT0
      1 20:00:00:25:B5:4B:08:6C CT1
      1 20:00:00:25:B5:4B:08:6D CT0
      1 20:00:00:25:B5:4B:08:6D CT1
      1 20:00:00:25:B5:4B:08:6E CT0
      1 20:00:00:25:B5:4B:08:6E CT1
      1 20:00:00:25:B5:4B:08:6F CT0
      1 20:00:00:25:B5:4B:08:6F CT1
      1 20:00:00:25:B5:4B:08:70 CT0
      1 20:00:00:25:B5:4B:08:70 CT1
      1 20:00:00:25:B5:4B:08:75 CT0
      1 20:00:00:25:B5:4B:08:75 CT1
      1 20:00:00:25:B5:4B:08:77 CT0
      1 20:00:00:25:B5:4B:08:77 CT1
      1 20:00:00:25:B5:4B:08:78 CT0
      1 20:00:00:25:B5:4B:08:78 CT1
      1 20:00:00:25:B5:4B:08:79 CT0
      1 20:00:00:25:B5:4B:08:79 CT1
      1 20:00:00:25:B5:4B:08:CA CT0
      1 20:00:00:25:B5:4B:08:CA CT1
      1 20:00:00:25:B5:4B:08:CC CT0
      1 20:00:00:25:B5:4B:08:CC CT1
      1 20:00:00:25:B5:4B:08:CD CT0
      1 20:00:00:25:B5:4B:08:CD CT1
      1 20:00:00:25:B5:4B:08:CE CT0
      1 20:00:00:25:B5:4B:08:CE CT1
      1 20:00:00:25:B5:4B:08:CF CT0
      1 20:00:00:25:B5:4B:08:CF CT1
      1 20:00:00:25:B5:4B:08:D0 CT0
      1 20:00:00:25:B5:4B:08:D0 CT1
      1 20:00:00:25:B5:4B:08:D1 CT0
      1 20:00:00:25:B5:4B:08:D1 CT1
      1 20:00:00:25:B5:4B:08:D6 CT0
      1 20:00:00:25:B5:4B:08:D6 CT1
      1 20:00:00:25:B5:4B:08:D7 CT0
      1 20:00:00:25:B5:4B:08:D7 CT1
      1 20:00:00:25:B5:4B:08:D8 CT0
      1 20:00:00:25:B5:4B:08:D8 CT1
      1 20:00:00:25:B5:4B:08:D9 CT0
      1 20:00:00:25:B5:4B:08:D9 CT1
      1 20:00:00:25:B5:4B:08:DA CT0
      1 20:00:00:25:B5:4B:08:DA CT1
      1 20:00:00:25:B5:4B:08:DC CT0
      1 20:00:00:25:B5:4B:08:DC CT1
      1 20:00:00:25:B5:4B:09:F3 CT0
      1 20:00:00:25:B5:4B:09:F3 CT1
      1 20:00:00:25:B5:4B:09:F5 CT0
      1 20:00:00:25:B5:4B:09:F5 CT1
      1 20:00:00:25:B5:4B:09:F7 CT0
      1 20:00:00:25:B5:4B:09:F7 CT1


Total FC connections: 376


     root@rochmn03-pfa-08-581-ct0:/var/home/pureeng# iobalance --sampletime 30
sampling host I/O for 30 seconds...
                     Host  CT0 I/O Count  CT1 I/O Count  
rochmn03-hb2-pod58-001-ll      494.00      596.00  
rochmn03-hb2-pod58-002-ll      770.00      711.00  
rochmn03-hb2-pod58-003-ll      170.00       91.00  ! unbalanced I/O
rochmn03-hb2-pod58-004-ll      757.00      640.00  
rochmn03-hb2-pod58-005-hl       93.00      160.00  ! unbalanced I/O
rochmn03-hb2-pod58-005-ll       5.40K       4.86K  
rochmn03-hb2-pod58-006-hl      50.03K      64.81K  
rochmn03-hb2-pod58-006-ll       6.48K       6.37K  
rochmn03-hb2-pod58-007-hl        0.00        0.00  ? Host is idle
rochmn03-hb2-pod58-007-ll       29.00       32.00  
rochmn03-hb2-pod58-008-hl        0.00        0.00  ? Host is idle
rochmn03-hb2-pod58-008-ll       24.00       28.00  
rochmn03-hb2-pod58-009-hl        0.00        0.00  ? Host is idle
rochmn03-hb2-pod58-009-ll      244.00       33.00  ! unbalanced I/O
rochmn03-hb2-pod58-011-ll       28.00      169.00  ! unbalanced I/O
rochmn03-hb2-pod58-012-ll      623.00      315.00  ! unbalanced I/O
rochmn03-hb2-pod58-013-hl       2.22K       3.14K  
rochmn03-hb2-pod58-013-ll       4.40K       3.80K  
rochmn03-hb2-pod58-014-hl      341.00      286.00  
rochmn03-hb2-pod58-014-ll      421.00      445.00  
rochmn03-hb2-pod58-015-hl      642.00      753.00  
rochmn03-hb2-pod58-015-ll       1.12K      892.00  
rochmn03-hb2-pod58-017-hl        4.00      109.00  ! unbalanced I/O
rochmn03-hb2-pod58-017-ll      601.00      677.00  
rochmn03-hb2-pod58-018-hl      41.84K      63.35K  ! unbalanced I/O
rochmn03-hb2-pod58-018-ll       7.83K       6.13K  
rochmn03-hb2-pod58-019-ll      602.00      347.00  ! unbalanced I/O
rochmn03-hb2-pod58-020-ll        0.00        0.00  ? Host is idle
rochmn03-hb2-pod58-021-hl       4.58K       5.99K  
rochmn03-hb2-pod58-021-ll       3.83K       3.72K  
rochmn03-hb2-pod58-022-ll       29.00      152.00  ! unbalanced I/O
rochmn03-hb2-pod58-023-ll       44.00      150.00  ! unbalanced I/O
rochmn03-hb2-pod58-024-ll       20.00       34.00  ! unbalanced I/O
rochmn03-hb2-pod58-025-ll      154.00       71.00  ! unbalanced I/O
rochmn03-hb2-pod58-026-hl      189.00      187.00  
rochmn03-hb2-pod58-026-ll       3.37K       3.94K  
rochmn03-hb2-pod58-034-hl      248.00      523.00  ! unbalanced I/O
rochmn03-hb2-pod58-034-ll       1.14K      848.00  
rochmn03-hb2-pod58-035-hl      33.41K      24.13K  
rochmn03-hb2-pod58-035-ll     155.87K      65.05K  ! unbalanced I/O
rochmn03-hb2-pod58-038-hl        2.00        2.00  
rochmn03-hb2-pod58-038-ll       8.88K       5.91K  ! unbalanced I/O
rochmn03-hb2-pod58-039-hl        0.00        4.00  ! no I/O to CT0
rochmn03-hb2-pod58-039-ll       2.81K       1.07K  ! unbalanced I/O
rochmn03-hb2-pod58-040-hl      53.90K      15.82K  ! unbalanced I/O
rochmn03-hb2-pod58-040-ll       4.20K       2.99K  
rochmn03-hb2-pod58-041-ll       1.10K      727.00  ! unbalanced I/O
rochmn03-hb2-pod58-042-ll       1.22K      949.00  
rochmn03-hb2-pod58-043-hl       1.04K       1.52K  
rochmn03-hb2-pod58-043-ll     302.03K     301.52K  
rochmn03-hb2-pod58-046-ll       1.17K      684.00  ! unbalanced I/O
rochmn03-hb2-pod58-047-hl      19.09K      20.62K  
rochmn03-hb2-pod58-047-ll       2.67K       2.92K  
rochmn03-hb2-pod58-048-hl        4.00        4.00  
rochmn03-hb2-pod58-048-ll       3.64K       5.08K  
rochmn03-hb2-pod58-049-hl       9.94K      11.14K  
rochmn03-hb2-pod58-049-ll       4.78K       5.56K  
rochmn03-hb2-pod58-050-ll       1.73K       1.62K  
rochmn03-hb2-pod58-051-ll       1.42K       1.26K  
rochmn03-hb2-pod58-052-ll      127.00       16.00  ! unbalanced I/O
rochmn03-hb2-pod58-053-ll      577.00      456.00  
rochmn03-hb2-pod58-056-ll       1.14K      959.00  
rochmn03-hb2-pod58-057-hl      11.07K       8.37K  
rochmn03-hb2-pod58-057-ll       9.18K       3.00K  ! unbalanced I/O
rochmn03-hb2-pod58-067-ll      526.00       1.51K  ! unbalanced I/O
rochmn03-hb2-pod58-068-ll       1.13K       1.12K  
rochmn03-hb2-pod58-069-ll       1.21K      590.00  ! unbalanced I/O
rochmn03-hb4-pod58-001-ll      222.00      177.00  
rochmn03-hb4-pod58-002-ll      61.94K      40.46K  ! unbalanced I/O
     root@rochmn03-pfa-08-581-ct0:/var/home/pureeng# 
     root@rochmn03-pfa-08-581-ct0:/var/home/pureeng# purehw list
Name       Status         Identify  Slot  Index  Speed       Temperature  Voltage  Details
CH0        ok             off       -     0      -           -            -        -
CH0.BAY0   ok             off       -     0      -           -            -        -
CH0.BAY1   ok             off       -     1      -           -            -        -
CH0.BAY2   ok             off       -     2      -           -            -        -
CH0.BAY3   ok             off       -     3      -           -            -        -
CH0.BAY4   ok             off       -     4      -           -            -        -
CH0.BAY5   ok             off       -     5      -           -            -        -
CH0.BAY6   ok             off       -     6      -           -            -        -
CH0.BAY7   ok             off       -     7      -           -            -        -
CH0.BAY8   ok             off       -     8      -           -            -        -
CH0.BAY9   ok             off       -     9      -           -            -        -
CH0.BAY10  ok             off       -     10     -           -            -        -
CH0.BAY11  ok             off       -     11     -           -            -        -
CH0.BAY12  ok             off       -     12     -           -            -        -
CH0.BAY13  ok             off       -     13     -           -            -        -
CH0.BAY14  ok             off       -     14     -           -            -        -
CH0.BAY15  ok             off       -     15     -           -            -        -
CH0.BAY16  not_installed  off       -     16     -           -            -        -
CH0.BAY17  not_installed  off       -     17     -           -            -        -
CH0.BAY18  not_installed  off       -     18     -           -            -        -
CH0.BAY19  not_installed  off       -     19     -           -            -        -
CH0.NVB0   ok             off       -     0      -           -            -        -
CH0.NVB1   ok             off       -     1      -           -            -        -
CH0.NVB2   not_installed  off       -     2      -           -            -        -
CH0.NVB3   not_installed  off       -     3      -           -            -        -
CH0.PWR0   ok             -         -     0      -           -            204 V    -
CH0.PWR1   ok             -         -     1      -           -            204 V    -
CH0.TMP0   ok             -         -     0      -           35 C         -        -
CT0        ok             off       -     0      -           -            -        -
CT0.ETH0   ok             -         -     0      0.00 b/s    -            -        -
CT0.ETH1   ok             -         -     1      0.00 b/s    -            -        -
CT0.ETH2   ok             -         -     2      25.00 Gb/s  -            -        -
CT0.ETH3   ok             -         -     3      0.00 b/s    -            -        -
CT0.ETH4   ok             -         -     4      0.00 b/s    -            -        -
CT0.ETH5   ok             -         -     5      0.00 b/s    -            -        -
CT0.ETH14  ok             -         2     14     25.00 Gb/s  -            -        -
CT0.ETH15  ok             -         2     15     25.00 Gb/s  -            -        -
CT0.FAN0   ok             -         -     0      -           -            -        -
CT0.FAN1   ok             -         -     1      -           -            -        -
CT0.FAN2   ok             -         -     2      -           -            -        -
CT0.FAN3   ok             -         -     3      -           -            -        -
CT0.FAN4   ok             -         -     4      -           -            -        -
CT0.FAN5   ok             -         -     5      -           -            -        -
CT0.FC4    ok             -         1     4      16.00 Gb/s  -            -        -
CT0.FC5    ok             -         1     5      16.00 Gb/s  -            -        -
CT0.FC6    ok             -         1     6      0.00 b/s    -            -        -
CT0.FC7    ok             -         1     7      0.00 b/s    -            -        -
CT0.FC12   ok             -         3     12     16.00 Gb/s  -            -        -
CT0.FC13   ok             -         3     13     16.00 Gb/s  -            -        -
CT0.FC14   ok             -         3     14     0.00 b/s    -            -        -
CT0.FC15   ok             -         3     15     0.00 b/s    -            -        -
CT0.TMP0   ok             -         -     0      -           46 C         -        -
CT0.TMP1   ok             -         -     1      -           49 C         -        -
CT0.TMP2   ok             -         -     2      -           56 C         -        -
CT0.TMP3   ok             -         -     3      -           54 C         -        -
CT0.TMP4   ok             -         -     4      -           50 C         -        -
CT0.TMP5   ok             -         -     5      -           52 C         -        -
CT0.TMP6   ok             -         -     6      -           38 C         -        -
CT0.TMP7   ok             -         -     7      -           39 C         -        -
CT0.TMP8   ok             -         -     8      -           58 C         -        -
CT0.TMP9   ok             -         -     9      -           44 C         -        -
CT0.TMP11  ok             -         -     11     -           42 C         -        -
CT0.TMP12  ok             -         -     12     -           41 C         -        -
CT0.TMP13  ok             -         -     13     -           44 C         -        -
CT0.TMP14  ok             -         -     14     -           43 C         -        -
CT0.TMP15  ok             -         -     15     -           43 C         -        -
CT0.TMP17  ok             -         -     17     -           44 C         -        -
CT0.TMP19  ok             -         -     19     -           43 C         -        -
CT0.TMP20  ok             -         -     20     -           42 C         -        -
CT0.TMP21  ok             -         -     21     -           47 C         -        -
CT0.TMP22  ok             -         -     22     -           46 C         -        -
CT0.TMP23  ok             -         -     23     -           45 C         -        -
CT1        ok             off       -     1      -           -            -        -
CT1.ETH0   ok             -         -     0      1.00 Gb/s   -            -        -
CT1.ETH1   ok             -         -     1      0.00 b/s    -            -        -
CT1.ETH2   ok             -         -     2      25.00 Gb/s  -            -        -
CT1.ETH3   ok             -         -     3      0.00 b/s    -            -        -
CT1.ETH4   ok             -         -     4      25.00 Gb/s  -            -        -
CT1.ETH5   ok             -         -     5      25.00 Gb/s  -            -        -
CT1.ETH6   ok             -         -     6      0.00 b/s    -            -        -
CT1.ETH7   ok             -         -     7      0.00 b/s    -            -        -
CT1.ETH8   ok             -         -     8      0.00 b/s    -            -        -
CT1.ETH9   ok             -         -     9      0.00 b/s    -            -        -
CT1.FAN0   ok             -         -     0      -           -            -        -
CT1.FAN1   ok             -         -     1      -           -            -        -
CT1.FAN2   ok             -         -     2      -           -            -        -
CT1.FAN3   ok             -         -     3      -           -            -        -
CT1.FAN4   ok             -         -     4      -           -            -        -
CT1.FAN5   ok             -         -     5      -           -            -        -
CT1.FC0    ok             -         0     0      16.00 Gb/s  -            -        -
CT1.FC1    ok             -         0     1      16.00 Gb/s  -            -        -
CT1.FC2    ok             -         0     2      0.00 b/s    -            -        -
CT1.FC3    ok             -         0     3      0.00 b/s    -            -        -
CT1.FC4    ok             -         1     4      0.00 b/s    -            -        -
CT1.FC5    ok             -         1     5      0.00 b/s    -            -        -
CT1.FC6    ok             -         1     6      0.00 b/s    -            -        -
CT1.FC7    ok             -         1     7      0.00 b/s    -            -        -
CT1.FC8    ok             -         2     8      16.00 Gb/s  -            -        -
CT1.FC9    ok             -         2     9      16.00 Gb/s  -            -        -
CT1.TMP0   ok             -         -     0      -           52 C         -        -
CT1.TMP1   ok             -         -     1      -           54 C         -        -
CT1.TMP2   ok             -         -     2      -           45 C         -        -
CT1.TMP3   ok             -         -     3      -           62 C         -        -
CT1.TMP4   ok             -         -     4      -           65 C         -        -
CT1.TMP5   ok             -         -     5      -           51 C         -        -
CT1.TMP6   ok             -         -     6      -           60 C         -        -
CT1.TMP7   ok             -         -     7      -           46 C         -        -
CT1.TMP8   ok             -         -     8      -           46 C         -        -
CT1.TMP9   ok             -         -     9      -           48 C         -        -
CT1.TMP10  ok             -         -     10     -           43 C         -        -
CT1.TMP11  ok             -         -     11     -           42 C         -        -
CT1.TMP12  ok             -         -     12     -           41 C         -        -
CT1.TMP13  ok             -         -     13     -           51 C         -        -
CT1.TMP14  ok             -         -     14     -           50 C         -        -
CT1.TMP15  ok             -         -     15     -           49 C         -        -
CT1.TMP16  ok             -         -     16     -           45 C         -        -
CT1.TMP17  ok             -         -     17     -           45 C         -        -
CT1.TMP18  ok             -         -     18     -           45 C         -        -
CT1.TMP19  ok             -         -     19     -           48 C         -        -
CT1.TMP20  ok             -         -     20     -           43 C         -        -
CT1.TMP21  ok             -         -     21     -           53 C         -        -
CT1.TMP22  ok             -         -     22     -           48 C         -        -
CT1.TMP23  ok             -         -     23     -           54 C         -        -
CT1.TMP24  ok             -         -     24     -           53 C         -        -
CT1.TMP25  ok             -         -     25     -           57 C         -        -
CT1.TMP26  ok             -         -     26     -           45 C         -        -
     root@rochmn03-pfa-08-581-ct0:/var/home/pureeng# puremessage list --open
ID         Time                     Severity  Category  Code  Component  Name      Event    Expected  Actual  Details
107701606  2025-05-14 00:22:11 CDT  warning   array     42    hardware   ct0.eth4  failure  -         -       
     root@rochmn03-pfa-08-581-ct0:/var/home/pureeng# puredrive list
Name       Type   Status   Capacity  Details
CH0.BAY0   SSD    healthy  7.93T     -
CH0.BAY1   SSD    healthy  7.93T     -
CH0.BAY2   SSD    healthy  7.93T     -
CH0.BAY3   SSD    healthy  7.93T     -
CH0.BAY4   SSD    healthy  7.93T     -
CH0.BAY5   SSD    healthy  7.93T     -
CH0.BAY6   SSD    healthy  7.93T     -
CH0.BAY7   SSD    healthy  7.93T     -
CH0.BAY8   SSD    healthy  7.93T     -
CH0.BAY9   SSD    healthy  7.93T     -
CH0.BAY10  SSD    healthy  7.93T     -
CH0.BAY11  SSD    healthy  7.93T     -
CH0.BAY12  SSD    healthy  7.93T     -
CH0.BAY13  SSD    healthy  7.93T     -
CH0.BAY14  SSD    healthy  7.93T     -
CH0.BAY15  SSD    healthy  7.93T     -
CH0.BAY16  -      unused   0.00      -
CH0.BAY17  -      unused   0.00      -
CH0.BAY18  -      unused   0.00      -
CH0.BAY19  -      unused   0.00      -
CH0.NVB0   NVRAM  healthy  7.00G     -
CH0.NVB1   NVRAM  healthy  7.00G     -
CH0.NVB2   NVRAM  unused   0.00      -
CH0.NVB3   NVRAM  unused   0.00      -
     root@rochmn03-pfa-08-581-ct0:/var/home/pureeng# puredb list drives
Name       Subslot  Type   Protocol  Status   Capacity  Pinned Space  Degraded  Device Id                                  Boot Aus Used  Main Aus Used
CH0.DRV0   0        SSD    NVMe      healthy  7.93T     106.71G       0.00      8615613669885168350:12838474565197226113   109/371        174345/367202
CH0.DRV1   0        SSD    NVMe      healthy  7.93T     107.17G       0.00      11571891273133539554:13115460915464758423  77/371         173647/367643
CH0.DRV2   0        SSD    NVMe      healthy  7.93T     106.53G       0.00      8494409407093555611:11734444364547518270   101/371        173228/369470
CH0.DRV3   0        SSD    NVMe      healthy  7.93T     106.58G       0.00      17357236075089447156:10643349319020898609  89/371         174282/366873
CH0.DRV4   0        SSD    NVMe      healthy  7.93T     106.99G       0.00      10618078703993766942:11962220037651993195  95/371         173280/363722
CH0.DRV5   0        SSD    NVMe      healthy  7.93T     106.51G       0.00      17639792102979291591:11953615653978745127  95/371         173795/368018
CH0.DRV6   0        SSD    NVMe      healthy  7.93T     105.62G       0.00      10219638092924339365:12772852838407835172  101/371        173578/369879
CH0.DRV7   0        SSD    NVMe      healthy  7.93T     105.96G       0.00      17090665568163545753:11003237221900626231  109/371        173012/369122
CH0.DRV8   0        SSD    NVMe      healthy  7.93T     107.69G       0.00      746338857306309408:11560899681092030645    111/371        173687/369240
CH0.DRV9   0        SSD    NVMe      healthy  7.93T     107.32G       0.00      13507498688465815277:10617732928648987473  80/371         173161/368772
CH0.DRV10  1        SSD    NVMe      healthy  7.93T     144.00M       0.00      12038894157677218972:10435293046318600075  54/207         96566/207907
CH0.DRV11  1        SSD    NVMe      healthy  7.93T     126.00M       0.00      9368865923382988497:11576578002395101231   60/207         97060/207816
CH0.DRV12  1        SSD    NVMe      healthy  7.93T     162.00M       0.00      5837779630464190007:10886208423306103962   73/207         96684/207871
CH0.DRV13  1        SSD    NVMe      healthy  7.93T     102.00M       0.00      6632812764438937677:12759889404966614363   61/207         96410/207716
CH0.DRV14  1        SSD    NVMe      healthy  7.93T     192.00M       0.00      6331598879340120191:13088136090156190954   63/207         96520/207636
CH0.DRV15  1        SSD    NVMe      healthy  7.93T     270.00M       0.00      17359362464575604465:13068980814451483085  66/207         96518/207609
CH0.NVR0   0        NVRAM  NVMe      healthy  7.00G     -             0.00      12676392776965049649:12359009420077432315  -              -
CH0.NVR1   0        NVRAM  NVMe      healthy  7.00G     -             0.00      7115208512440978866:12184535336584957607   -              -
     root@rochmn03-pfa-08-581-ct0:/var/home/pureeng# purearray list --space
Name                 Capacity  Parity  Provisioned Size  Virtual  Thin Provisioning  Data Reduction  Total Reduction  Unique  Snapshots  Shared  System  Replication  Total
rochmn03-pfa-08-581  93.58T    100%    511806G           208.50T  58%                7.8 to 1        19.7 to 1        14.19T  3.65T      18.98T  0.00    0.00         36.81T
     root@rochmn03-pfa-08-581-ct0:/var/home/pureeng# PUREApurearray remoetteassist --st atus
Name                     Status      Opened                   Expires
rochmn03-pfa-08-581-ct0  connecting  2025-05-14 01:01:01 CDT  2025-05-16 01:01:01 CDT
     root@rochmn03-pfa-08-581-ct0:/var/home/pureeng# purearray remoteassist --di sconect
usage: purearray remoteassist [-h] [--connect] [--disconnect] [--status]
purearray remoteassist: error: one of the arguments --connect --disconnect --status is required
     root@rochmn03-pfa-08-581-ct0:/var/home/pureeng# purearray remoteassist --disconect     root@rochmn03-pfa-08-581-ct0:/var/home/pureeng# 
purearray remoteassist --di sconnect
Name                     Status        Opened  Expires
rochmn03-pfa-08-581-ct0  disconnected  -       -
     root@rochmn03-pfa-08-581-ct0:/var/home/pureeng# preaurearray remoteassist --co nnect
Name                     Status      Opened                   Expires
rochmn03-pfa-08-581-ct0  connecting  2025-05-14 01:04:29 CDT  2025-05-16 01:04:29 CDT
     root@rochmn03-pfa-08-581-ct0:/var/home/pureeng# purearray remoteassist --connect

     root@rochmn03-pfa-08-581-ct0:/var/home/pureeng# pureararay remoteassist --st atus
Name                     Status      Opened                   Expires
rochmn03-pfa-08-581-ct0  connecting  2025-05-14 01:04:29 CDT  2025-05-16 01:04:29 CDT
     root@rochmn03-pfa-08-581-ct0:/var/home/pureeng# purearray remoteassist --status
Name                     Status      Opened                   Expires
rochmn03-pfa-08-581-ct0  connecting  2025-05-14 01:04:29 CDT  2025-05-16 01:04:29 CDT
     root@rochmn03-pfa-08-581-ct0:/var/home/pureeng# purearray remoteassist --status
Name                     Status     Opened                   Expires
rochmn03-pfa-08-581-ct0  connected  2025-05-14 01:04:29 CDT  2025-05-16 01:04:29 CDT
     root@rochmn03-pfa-08-581-ct0:/var/home/pureeng# purehw list
Name       Status         Identify  Slot  Index  Speed       Temperature  Voltage  Details
CH0        ok             off       -     0      -           -            -        -
CH0.BAY0   ok             off       -     0      -           -            -        -
CH0.BAY1   ok             off       -     1      -           -            -        -
CH0.BAY2   ok             off       -     2      -           -            -        -
CH0.BAY3   ok             off       -     3      -           -            -        -
CH0.BAY4   ok             off       -     4      -           -            -        -
CH0.BAY5   ok             off       -     5      -           -            -        -
CH0.BAY6   ok             off       -     6      -           -            -        -
CH0.BAY7   ok             off       -     7      -           -            -        -
CH0.BAY8   ok             off       -     8      -           -            -        -
CH0.BAY9   ok             off       -     9      -           -            -        -
CH0.BAY10  ok             off       -     10     -           -            -        -
CH0.BAY11  ok             off       -     11     -           -            -        -
CH0.BAY12  ok             off       -     12     -           -            -        -
CH0.BAY13  ok             off       -     13     -           -            -        -
CH0.BAY14  ok             off       -     14     -           -            -        -
CH0.BAY15  ok             off       -     15     -           -            -        -
CH0.BAY16  not_installed  off       -     16     -           -            -        -
CH0.BAY17  not_installed  off       -     17     -           -            -        -
CH0.BAY18  not_installed  off       -     18     -           -            -        -
CH0.BAY19  not_installed  off       -     19     -           -            -        -
CH0.NVB0   ok             off       -     0      -           -            -        -
CH0.NVB1   ok             off       -     1      -           -            -        -
CH0.NVB2   not_installed  off       -     2      -           -            -        -
CH0.NVB3   not_installed  off       -     3      -           -            -        -
CH0.PWR0   ok             -         -     0      -           -            204 V    -
CH0.PWR1   ok             -         -     1      -           -            204 V    -
CH0.TMP0   ok             -         -     0      -           34 C         -        -
CT0        ok             off       -     0      -           -            -        -
CT0.ETH0   ok             -         -     0      0.00 b/s    -            -        -
CT0.ETH1   ok             -         -     1      0.00 b/s    -            -        -
CT0.ETH2   ok             -         -     2      25.00 Gb/s  -            -        -
CT0.ETH3   ok             -         -     3      0.00 b/s    -            -        -
CT0.ETH4   ok             -         -     4      1.00 Gb/s   -            -        -
CT0.ETH5   ok             -         -     5      0.00 b/s    -            -        -
CT0.ETH14  ok             -         2     14     25.00 Gb/s  -            -        -
CT0.ETH15  ok             -         2     15     25.00 Gb/s  -            -        -
CT0.FAN0   ok             -         -     0      -           -            -        -
CT0.FAN1   ok             -         -     1      -           -            -        -
CT0.FAN2   ok             -         -     2      -           -            -        -
CT0.FAN3   ok             -         -     3      -           -            -        -
CT0.FAN4   ok             -         -     4      -           -            -        -
CT0.FAN5   ok             -         -     5      -           -            -        -
CT0.FC4    ok             -         1     4      16.00 Gb/s  -            -        -
CT0.FC5    ok             -         1     5      16.00 Gb/s  -            -        -
CT0.FC6    ok             -         1     6      0.00 b/s    -            -        -
CT0.FC7    ok             -         1     7      0.00 b/s    -            -        -
CT0.FC12   ok             -         3     12     16.00 Gb/s  -            -        -
CT0.FC13   ok             -         3     13     16.00 Gb/s  -            -        -
CT0.FC14   ok             -         3     14     0.00 b/s    -            -        -
CT0.FC15   ok             -         3     15     0.00 b/s    -            -        -
CT0.TMP0   ok             -         -     0      -           46 C         -        -
CT0.TMP1   ok             -         -     1      -           48 C         -        -
CT0.TMP2   ok             -         -     2      -           58 C         -        -
CT0.TMP3   ok             -         -     3      -           55 C         -        -
CT0.TMP4   ok             -         -     4      -           51 C         -        -
CT0.TMP5   ok             -         -     5      -           52 C         -        -
CT0.TMP6   ok             -         -     6      -           38 C         -        -
CT0.TMP7   ok             -         -     7      -           40 C         -        -
CT0.TMP8   ok             -         -     8      -           58 C         -        -
CT0.TMP9   ok             -         -     9      -           44 C         -        -
CT0.TMP11  ok             -         -     11     -           43 C         -        -
CT0.TMP12  ok             -         -     12     -           42 C         -        -
CT0.TMP13  ok             -         -     13     -           45 C         -        -
CT0.TMP14  ok             -         -     14     -           44 C         -        -
CT0.TMP15  ok             -         -     15     -           43 C         -        -
CT0.TMP17  ok             -         -     17     -           45 C         -        -
CT0.TMP19  ok             -         -     19     -           43 C         -        -
CT0.TMP20  ok             -         -     20     -           43 C         -        -
CT0.TMP21  ok             -         -     21     -           47 C         -        -
CT0.TMP22  ok             -         -     22     -           46 C         -        -
CT0.TMP23  ok             -         -     23     -           45 C         -        -
CT1        ok             off       -     1      -           -            -        -
CT1.ETH0   ok             -         -     0      1.00 Gb/s   -            -        -
CT1.ETH1   ok             -         -     1      0.00 b/s    -            -        -
CT1.ETH2   ok             -         -     2      25.00 Gb/s  -            -        -
CT1.ETH3   ok             -         -     3      0.00 b/s    -            -        -
CT1.ETH4   ok             -         -     4      25.00 Gb/s  -            -        -
CT1.ETH5   ok             -         -     5      25.00 Gb/s  -            -        -
CT1.ETH6   ok             -         -     6      0.00 b/s    -            -        -
CT1.ETH7   ok             -         -     7      0.00 b/s    -            -        -
CT1.ETH8   ok             -         -     8      0.00 b/s    -            -        -
CT1.ETH9   ok             -         -     9      0.00 b/s    -            -        -
CT1.FAN0   ok             -         -     0      -           -            -        -
CT1.FAN1   ok             -         -     1      -           -            -        -
CT1.FAN2   ok             -         -     2      -           -            -        -
CT1.FAN3   ok             -         -     3      -           -            -        -
CT1.FAN4   ok             -         -     4      -           -            -        -
CT1.FAN5   ok             -         -     5      -           -            -        -
CT1.FC0    ok             -         0     0      16.00 Gb/s  -            -        -
CT1.FC1    ok             -         0     1      16.00 Gb/s  -            -        -
CT1.FC2    ok             -         0     2      0.00 b/s    -            -        -
CT1.FC3    ok             -         0     3      0.00 b/s    -            -        -
CT1.FC4    ok             -         1     4      0.00 b/s    -            -        -
CT1.FC5    ok             -         1     5      0.00 b/s    -            -        -
CT1.FC6    ok             -         1     6      0.00 b/s    -            -        -
CT1.FC7    ok             -         1     7      0.00 b/s    -            -        -
CT1.FC8    ok             -         2     8      16.00 Gb/s  -            -        -
CT1.FC9    ok             -         2     9      16.00 Gb/s  -            -        -
CT1.TMP0   ok             -         -     0      -           51 C         -        -
CT1.TMP1   ok             -         -     1      -           54 C         -        -
CT1.TMP2   ok             -         -     2      -           45 C         -        -
CT1.TMP3   ok             -         -     3      -           62 C         -        -
CT1.TMP4   ok             -         -     4      -           64 C         -        -
CT1.TMP5   ok             -         -     5      -           51 C         -        -
CT1.TMP6   ok             -         -     6      -           60 C         -        -
CT1.TMP7   ok             -         -     7      -           46 C         -        -
CT1.TMP8   ok             -         -     8      -           47 C         -        -
CT1.TMP9   ok             -         -     9      -           48 C         -        -
CT1.TMP10  ok             -         -     10     -           43 C         -        -
CT1.TMP11  ok             -         -     11     -           42 C         -        -
CT1.TMP12  ok             -         -     12     -           41 C         -        -
CT1.TMP13  ok             -         -     13     -           50 C         -        -
CT1.TMP14  ok             -         -     14     -           50 C         -        -
CT1.TMP15  ok             -         -     15     -           49 C         -        -
CT1.TMP16  ok             -         -     16     -           45 C         -        -
CT1.TMP17  ok             -         -     17     -           45 C         -        -
CT1.TMP18  ok             -         -     18     -           45 C         -        -
CT1.TMP19  ok             -         -     19     -           48 C         -        -
CT1.TMP20  ok             -         -     20     -           43 C         -        -
CT1.TMP21  ok             -         -     21     -           52 C         -        -
CT1.TMP22  ok             -         -     22     -           48 C         -        -
CT1.TMP23  ok             -         -     23     -           53 C         -        -
CT1.TMP24  ok             -         -     24     -           52 C         -        -
CT1.TMP25  ok             -         -     25     -           57 C         -        -
CT1.TMP26  ok             -         -     26     -           45 C         -        -
     root@rochmn03-pfa-08-581-ct0:/var/home/pureeng# puremeesssage list --open
     root@rochmn03-pfa-08-581-ct0:/var/home/pureeng# pureport list
Name       WWN                      Portal             IQN                                                      NQN  Failover
CT0.ETH14  -                        10.92.128.12:3260  iqn.2010-06.com.purestorage:flasharray.14bf6b4343fee6a8  -    -
CT0.ETH15  -                        10.92.128.13:3260  iqn.2010-06.com.purestorage:flasharray.14bf6b4343fee6a8  -    -
CT0.FC4    52:4A:93:75:71:13:45:08  -                  -                                                        -    -
CT0.FC5    52:4A:93:75:71:13:45:09  -                  -                                                        -    -
CT0.FC6    52:4A:93:75:71:13:45:06  -                  -                                                        -    -
CT0.FC7    52:4A:93:75:71:13:45:07  -                  -                                                        -    -
CT0.FC12   52:4A:93:75:71:13:45:00  -                  -                                                        -    -
CT0.FC13   52:4A:93:75:71:13:45:01  -                  -                                                        -    -
CT0.FC14   52:4A:93:75:71:13:45:02  -                  -                                                        -    -
CT0.FC15   52:4A:93:75:71:13:45:03  -                  -                                                        -    -
CT1.ETH4   -                        10.92.128.14:3260  iqn.2010-06.com.purestorage:flasharray.14bf6b4343fee6a8  -    -
CT1.ETH5   -                        10.92.128.15:3260  iqn.2010-06.com.purestorage:flasharray.14bf6b4343fee6a8  -    -
CT1.FC0    52:4A:93:75:71:13:45:10  -                  -                                                        -    -
CT1.FC1    52:4A:93:75:71:13:45:11  -                  -                                                        -    -
CT1.FC2    52:4A:93:75:71:13:45:12  -                  -                                                        -    -
CT1.FC3    52:4A:93:75:71:13:45:13  -                  -                                                        -    -
CT1.FC4    52:4A:93:75:71:13:45:14  -                  -                                                        -    -
CT1.FC5    52:4A:93:75:71:13:45:15  -                  -                                                        -    -
CT1.FC6    52:4A:93:75:71:13:45:16  -                  -                                                        -    -
CT1.FC7    52:4A:93:75:71:13:45:17  -                  -                                                        -    -
CT1.FC8    52:4A:93:75:71:13:45:18  -                  -                                                        -    -
CT1.FC9    52:4A:93:75:71:13:45:19  -                  -                                                        -    -
     root@rochmn03-pfa-08-581-ct0:/var/home/pureeng# purearray list --controller r
Name  Type              Mode       Model     Version  Status  Internal Details
CT0   array_controller  secondary  FA-X50R4  6.5.8    ready   
CT1   array_controller  primary    FA-X50R3  6.5.8    ready   
     root@rochmn03-pfa-08-581-ct0:/var/home/pureeng# iobalance --sampletime 30
sampling host I/O for 30 seconds...
                     Host  CT0 I/O Count  CT1 I/O Count  
rochmn03-hb2-pod58-001-ll       2.69K       2.31K  
rochmn03-hb2-pod58-002-ll       2.24K       2.92K  
rochmn03-hb2-pod58-003-ll      435.00      296.00  
rochmn03-hb2-pod58-004-ll      690.00      484.00  
rochmn03-hb2-pod58-005-hl      120.00      167.00  
rochmn03-hb2-pod58-005-ll      12.95K      10.84K  
rochmn03-hb2-pod58-006-hl      41.91K      62.81K  
rochmn03-hb2-pod58-006-ll       5.70K       5.29K  
rochmn03-hb2-pod58-007-hl        0.00        0.00  ? Host is idle
rochmn03-hb2-pod58-007-ll      249.00       60.00  ! unbalanced I/O
rochmn03-hb2-pod58-008-hl        0.00        0.00  ? Host is idle
rochmn03-hb2-pod58-008-ll       32.00       36.00  
rochmn03-hb2-pod58-009-hl        0.00        0.00  ? Host is idle
rochmn03-hb2-pod58-009-ll       28.00      251.00  ! unbalanced I/O
rochmn03-hb2-pod58-011-ll      241.00        8.00  ! unbalanced I/O
rochmn03-hb2-pod58-012-ll      853.00      624.00  
rochmn03-hb2-pod58-013-hl       2.76K       3.01K  
rochmn03-hb2-pod58-013-ll       6.44K       4.53K  
rochmn03-hb2-pod58-014-hl      340.00      453.00  
rochmn03-hb2-pod58-014-ll      275.00      283.00  
rochmn03-hb2-pod58-015-hl      245.00      848.00  ! unbalanced I/O
rochmn03-hb2-pod58-015-ll      326.00      445.00  
rochmn03-hb2-pod58-017-hl        2.00        0.00  ! no I/O to CT1
rochmn03-hb2-pod58-017-ll      458.00      353.00  
rochmn03-hb2-pod58-018-hl      45.67K      55.27K  
rochmn03-hb2-pod58-018-ll      20.37K      17.22K  
rochmn03-hb2-pod58-019-ll      898.00      678.00  
rochmn03-hb2-pod58-020-ll        0.00        0.00  ? Host is idle
rochmn03-hb2-pod58-021-hl       3.15K       2.54K  
rochmn03-hb2-pod58-021-ll      12.51K      10.21K  
rochmn03-hb2-pod58-022-ll        4.00      117.00  ! unbalanced I/O
rochmn03-hb2-pod58-023-ll       55.00       66.00  
rochmn03-hb2-pod58-024-ll      257.00       85.00  ! unbalanced I/O
rochmn03-hb2-pod58-025-ll       11.00       17.00  
rochmn03-hb2-pod58-026-hl      188.00      271.00  
rochmn03-hb2-pod58-026-ll       3.68K       2.04K  ! unbalanced I/O
rochmn03-hb2-pod58-034-hl      167.00      283.00  ! unbalanced I/O
rochmn03-hb2-pod58-034-ll       1.15K       1.42K  
rochmn03-hb2-pod58-035-hl       1.23K       1.30K  
rochmn03-hb2-pod58-035-ll      17.71K      15.42K  
rochmn03-hb2-pod58-038-hl       33.00       82.00  ! unbalanced I/O
rochmn03-hb2-pod58-038-ll       8.28K       4.38K  ! unbalanced I/O
rochmn03-hb2-pod58-039-hl       30.00       85.00  ! unbalanced I/O
rochmn03-hb2-pod58-039-ll      924.00      506.00  ! unbalanced I/O
rochmn03-hb2-pod58-040-hl      15.48K      14.02K  
rochmn03-hb2-pod58-040-ll       4.75K       3.92K  
rochmn03-hb2-pod58-041-ll       1.10K       1.63K  
rochmn03-hb2-pod58-042-ll      931.00      628.00  
rochmn03-hb2-pod58-043-hl      12.70K       6.06K  ! unbalanced I/O
rochmn03-hb2-pod58-043-ll      20.59K      23.38K  
rochmn03-hb2-pod58-046-ll       1.88K       1.45K  
rochmn03-hb2-pod58-047-hl       6.04K       6.91K  
rochmn03-hb2-pod58-047-ll       4.44K       3.31K  
rochmn03-hb2-pod58-048-hl        4.00        4.00  
rochmn03-hb2-pod58-048-ll       1.86K       1.59K  
rochmn03-hb2-pod58-049-hl       5.77K       6.74K  
rochmn03-hb2-pod58-049-ll       5.21K       5.16K  
rochmn03-hb2-pod58-050-ll       1.62K       1.30K  
rochmn03-hb2-pod58-051-ll       1.56K       1.24K  
rochmn03-hb2-pod58-052-ll        0.00        0.00  ? Host is idle
rochmn03-hb2-pod58-053-ll      799.00      696.00  
rochmn03-hb2-pod58-056-ll      853.00      592.00  
rochmn03-hb2-pod58-057-hl       7.18K       9.06K  
rochmn03-hb2-pod58-057-ll       8.49K       4.82K  ! unbalanced I/O
rochmn03-hb2-pod58-067-ll      879.00      734.00  
rochmn03-hb2-pod58-068-ll       1.11K       1.01K  
rochmn03-hb2-pod58-069-ll       1.37K       1.31K  
rochmn03-hb4-pod58-001-ll       74.00      170.00  ! unbalanced I/O
rochmn03-hb4-pod58-002-ll      60.59K      59.05K  
     root@rochmn03-pfa-08-581-ct0:/var/home/pureeng# puredrive list
Name       Type   Status   Capacity  Details
CH0.BAY0   SSD    healthy  7.93T     -
CH0.BAY1   SSD    healthy  7.93T     -
CH0.BAY2   SSD    healthy  7.93T     -
CH0.BAY3   SSD    healthy  7.93T     -
CH0.BAY4   SSD    healthy  7.93T     -
CH0.BAY5   SSD    healthy  7.93T     -
CH0.BAY6   SSD    healthy  7.93T     -
CH0.BAY7   SSD    healthy  7.93T     -
CH0.BAY8   SSD    healthy  7.93T     -
CH0.BAY9   SSD    healthy  7.93T     -
CH0.BAY10  SSD    healthy  7.93T     -
CH0.BAY11  SSD    healthy  7.93T     -
CH0.BAY12  SSD    healthy  7.93T     -
CH0.BAY13  SSD    healthy  7.93T     -
CH0.BAY14  SSD    healthy  7.93T     -
CH0.BAY15  SSD    healthy  7.93T     -
CH0.BAY16  -      unused   0.00      -
CH0.BAY17  -      unused   0.00      -
CH0.BAY18  -      unused   0.00      -
CH0.BAY19  -      unused   0.00      -
CH0.NVB0   NVRAM  healthy  7.00G     -
CH0.NVB1   NVRAM  healthy  7.00G     -
CH0.NVB2   NVRAM  unused   0.00      -
CH0.NVB3   NVRAM  unused   0.00      -
     root@rochmn03-pfa-08-581-ct0:/var/home/pureeng# purenetwork fc list
Name      Enabled  WWN                      Speed       Services
CT0.FC4   True     52:4A:93:75:71:13:45:08  32.00 Gb/s  scsi-fc
CT0.FC5   True     52:4A:93:75:71:13:45:09  32.00 Gb/s  scsi-fc
CT0.FC6   True     52:4A:93:75:71:13:45:06  32.00 Gb/s  scsi-fc
CT0.FC7   True     52:4A:93:75:71:13:45:07  32.00 Gb/s  scsi-fc
CT0.FC12  True     52:4A:93:75:71:13:45:00  32.00 Gb/s  scsi-fc
CT0.FC13  True     52:4A:93:75:71:13:45:01  32.00 Gb/s  scsi-fc
CT0.FC14  True     52:4A:93:75:71:13:45:02  32.00 Gb/s  scsi-fc
CT0.FC15  True     52:4A:93:75:71:13:45:03  32.00 Gb/s  scsi-fc
CT1.FC0   True     52:4A:93:75:71:13:45:10  16.00 Gb/s  scsi-fc
CT1.FC1   True     52:4A:93:75:71:13:45:11  16.00 Gb/s  scsi-fc
CT1.FC2   True     52:4A:93:75:71:13:45:12  16.00 Gb/s  scsi-fc
CT1.FC3   True     52:4A:93:75:71:13:45:13  16.00 Gb/s  scsi-fc
CT1.FC4   True     52:4A:93:75:71:13:45:14  32.00 Gb/s  scsi-fc
CT1.FC5   True     52:4A:93:75:71:13:45:15  32.00 Gb/s  scsi-fc
CT1.FC6   True     52:4A:93:75:71:13:45:16  32.00 Gb/s  scsi-fc
CT1.FC7   True     52:4A:93:75:71:13:45:17  32.00 Gb/s  scsi-fc
CT1.FC8   True     52:4A:93:75:71:13:45:18  16.00 Gb/s  scsi-fc
CT1.FC9   True     52:4A:93:75:71:13:45:19  16.00 Gb/s  scsi-fc
     root@rochmn03-pfa-08-581-ct0:/var/home/pureeng# purenetowrk list
bash: purenetowrk: command not found
     root@rochmn03-pfa-08-581-ct0:/var/home/pureeng# purenetowrk list
bash: purenetowrk: command not found
     root@rochmn03-pfa-08-581-ct0:/var/home/pureeng# purenetwork list
Name       Enabled  Speed        Services
CT0.FC4    True     32.00 Gb/s   scsi-fc
CT0.FC5    True     32.00 Gb/s   scsi-fc
CT0.FC6    True     32.00 Gb/s   scsi-fc
CT0.FC7    True     32.00 Gb/s   scsi-fc
CT0.FC12   True     32.00 Gb/s   scsi-fc
CT0.FC13   True     32.00 Gb/s   scsi-fc
CT0.FC14   True     32.00 Gb/s   scsi-fc
CT0.FC15   True     32.00 Gb/s   scsi-fc
CT1.FC0    True     16.00 Gb/s   scsi-fc
CT1.FC1    True     16.00 Gb/s   scsi-fc
CT1.FC2    True     16.00 Gb/s   scsi-fc
CT1.FC3    True     16.00 Gb/s   scsi-fc
CT1.FC4    True     32.00 Gb/s   scsi-fc
CT1.FC5    True     32.00 Gb/s   scsi-fc
CT1.FC6    True     32.00 Gb/s   scsi-fc
CT1.FC7    True     32.00 Gb/s   scsi-fc
CT1.FC8    True     16.00 Gb/s   scsi-fc
CT1.FC9    True     16.00 Gb/s   scsi-fc
ct0.eth0   False    100.00 Gb/s  -
ct0.eth1   False    100.00 Gb/s  -
ct0.eth2   True     25.00 Gb/s   replication
ct0.eth3   False    25.00 Gb/s   replication
ct0.eth4   True     1.00 Gb/s    management
ct0.eth5   False    1.00 Gb/s    management
ct0.eth14  True     25.00 Gb/s   iscsi
ct0.eth15  True     25.00 Gb/s   iscsi
ct1.eth0   True     1.00 Gb/s    management
ct1.eth1   False    1.00 Gb/s    management
ct1.eth2   True     25.00 Gb/s   replication
ct1.eth3   False    25.00 Gb/s   replication
ct1.eth4   True     25.00 Gb/s   iscsi
ct1.eth5   True     25.00 Gb/s   iscsi
ct1.eth6   False    50.00 Gb/s   -
ct1.eth7   False    50.00 Gb/s   -
ct1.eth8   False    50.00 Gb/s   -
ct1.eth9   False    50.00 Gb/s   -
replbond   False    0.00 b/s     replication
vir0       True     1.00 Gb/s    management
vir1       False    1.00 Gb/s    management
     root@rochmn03-pfa-08-581-ct0:/var/home/pureeng# fcpureportlist=`pureport li st --initiator | awk '/Target/,0' | cut -d. -f1 | awk '{print $1,$5}' | grep -v  '-' | grep -v "Initiator" | uniq -c; echo`; fcpureportlistcount=`echo "$fcpureportlist" | awk '{total += $1} END {print total}'`; echo -e "$fcpureportlist\n\n"; echo -e "\tTotal FC connections: $fcpureportlistcount\n\n";
      1 20:00:00:25:B5:3A:08:51 CT0
      1 20:00:00:25:B5:3A:08:51 CT1
      1 20:00:00:25:B5:3A:08:52 CT0
      1 20:00:00:25:B5:3A:08:52 CT1
      1 20:00:00:25:B5:3A:08:53 CT0
      1 20:00:00:25:B5:3A:08:53 CT1
      1 20:00:00:25:B5:3A:08:54 CT0
      1 20:00:00:25:B5:3A:08:54 CT1
      1 20:00:00:25:B5:3A:08:55 CT0
      1 20:00:00:25:B5:3A:08:55 CT1
      1 20:00:00:25:B5:3A:08:56 CT0
      1 20:00:00:25:B5:3A:08:56 CT1
      1 20:00:00:25:B5:3A:08:57 CT0
      1 20:00:00:25:B5:3A:08:57 CT1
      1 20:00:00:25:B5:3A:08:58 CT0
      1 20:00:00:25:B5:3A:08:58 CT1
      1 20:00:00:25:B5:3A:08:59 CT0
      1 20:00:00:25:B5:3A:08:59 CT1
      1 20:00:00:25:B5:3A:08:5A CT0
      1 20:00:00:25:B5:3A:08:5A CT1
      1 20:00:00:25:B5:3A:08:5B CT0
      1 20:00:00:25:B5:3A:08:5B CT1
      1 20:00:00:25:B5:3A:08:5C CT0
      1 20:00:00:25:B5:3A:08:5C CT1
      1 20:00:00:25:B5:3A:08:5E CT0
      1 20:00:00:25:B5:3A:08:5E CT1
      1 20:00:00:25:B5:3A:08:5F CT0
      1 20:00:00:25:B5:3A:08:5F CT1
      1 20:00:00:25:B5:3A:08:60 CT0
      1 20:00:00:25:B5:3A:08:60 CT1
      1 20:00:00:25:B5:3A:08:61 CT0
      1 20:00:00:25:B5:3A:08:61 CT1
      1 20:00:00:25:B5:3A:08:62 CT0
      1 20:00:00:25:B5:3A:08:62 CT1
      1 20:00:00:25:B5:3A:08:63 CT0
      1 20:00:00:25:B5:3A:08:63 CT1
      1 20:00:00:25:B5:3A:08:65 CT0
      1 20:00:00:25:B5:3A:08:65 CT1
      1 20:00:00:25:B5:3A:08:66 CT0
      1 20:00:00:25:B5:3A:08:66 CT1
      1 20:00:00:25:B5:3A:08:68 CT0
      1 20:00:00:25:B5:3A:08:68 CT1
      1 20:00:00:25:B5:3A:08:6A CT0
      1 20:00:00:25:B5:3A:08:6A CT1
      1 20:00:00:25:B5:3A:08:6C CT0
      1 20:00:00:25:B5:3A:08:6C CT1
      1 20:00:00:25:B5:3A:08:6D CT0
      1 20:00:00:25:B5:3A:08:6D CT1
      1 20:00:00:25:B5:3A:08:6E CT0
      1 20:00:00:25:B5:3A:08:6E CT1
      1 20:00:00:25:B5:3A:08:6F CT0
      1 20:00:00:25:B5:3A:08:6F CT1
      1 20:00:00:25:B5:3A:08:70 CT0
      1 20:00:00:25:B5:3A:08:70 CT1
      1 20:00:00:25:B5:3A:08:75 CT0
      1 20:00:00:25:B5:3A:08:75 CT1
      1 20:00:00:25:B5:3A:08:77 CT0
      1 20:00:00:25:B5:3A:08:77 CT1
      1 20:00:00:25:B5:3A:08:78 CT0
      1 20:00:00:25:B5:3A:08:78 CT1
      1 20:00:00:25:B5:3A:08:79 CT0
      1 20:00:00:25:B5:3A:08:79 CT1
      1 20:00:00:25:B5:3A:08:CA CT0
      1 20:00:00:25:B5:3A:08:CA CT1
      1 20:00:00:25:B5:3A:08:CC CT0
      1 20:00:00:25:B5:3A:08:CC CT1
      1 20:00:00:25:B5:3A:08:CD CT0
      1 20:00:00:25:B5:3A:08:CD CT1
      1 20:00:00:25:B5:3A:08:CE CT0
      1 20:00:00:25:B5:3A:08:CE CT1
      1 20:00:00:25:B5:3A:08:CF CT0
      1 20:00:00:25:B5:3A:08:CF CT1
      1 20:00:00:25:B5:3A:08:D0 CT0
      1 20:00:00:25:B5:3A:08:D0 CT1
      1 20:00:00:25:B5:3A:08:D1 CT0
      1 20:00:00:25:B5:3A:08:D1 CT1
      1 20:00:00:25:B5:3A:08:D6 CT0
      1 20:00:00:25:B5:3A:08:D6 CT1
      1 20:00:00:25:B5:3A:08:D7 CT0
      1 20:00:00:25:B5:3A:08:D7 CT1
      1 20:00:00:25:B5:3A:08:D8 CT0
      1 20:00:00:25:B5:3A:08:D8 CT1
      1 20:00:00:25:B5:3A:08:D9 CT0
      1 20:00:00:25:B5:3A:08:D9 CT1
      1 20:00:00:25:B5:3A:08:DA CT0
      1 20:00:00:25:B5:3A:08:DA CT1
      1 20:00:00:25:B5:3A:08:DC CT0
      1 20:00:00:25:B5:3A:08:DC CT1
      1 20:00:00:25:B5:3A:09:F3 CT0
      1 20:00:00:25:B5:3A:09:F3 CT1
      1 20:00:00:25:B5:3A:09:F5 CT0
      1 20:00:00:25:B5:3A:09:F5 CT1
      1 20:00:00:25:B5:3A:09:F7 CT0
      1 20:00:00:25:B5:3A:09:F7 CT1
      1 20:00:00:25:B5:3B:08:51 CT0
      1 20:00:00:25:B5:3B:08:51 CT1
      1 20:00:00:25:B5:3B:08:52 CT0
      1 20:00:00:25:B5:3B:08:52 CT1
      1 20:00:00:25:B5:3B:08:53 CT0
      1 20:00:00:25:B5:3B:08:53 CT1
      1 20:00:00:25:B5:3B:08:54 CT0
      1 20:00:00:25:B5:3B:08:54 CT1
      1 20:00:00:25:B5:3B:08:55 CT0
      1 20:00:00:25:B5:3B:08:55 CT1
      1 20:00:00:25:B5:3B:08:56 CT0
      1 20:00:00:25:B5:3B:08:56 CT1
      1 20:00:00:25:B5:3B:08:57 CT0
      1 20:00:00:25:B5:3B:08:57 CT1
      1 20:00:00:25:B5:3B:08:58 CT0
      1 20:00:00:25:B5:3B:08:58 CT1
      1 20:00:00:25:B5:3B:08:59 CT0
      1 20:00:00:25:B5:3B:08:59 CT1
      1 20:00:00:25:B5:3B:08:5A CT0
      1 20:00:00:25:B5:3B:08:5A CT1
      1 20:00:00:25:B5:3B:08:5B CT0
      1 20:00:00:25:B5:3B:08:5B CT1
      1 20:00:00:25:B5:3B:08:5C CT0
      1 20:00:00:25:B5:3B:08:5C CT1
      1 20:00:00:25:B5:3B:08:5E CT0
      1 20:00:00:25:B5:3B:08:5E CT1
      1 20:00:00:25:B5:3B:08:5F CT0
      1 20:00:00:25:B5:3B:08:5F CT1
      1 20:00:00:25:B5:3B:08:60 CT0
      1 20:00:00:25:B5:3B:08:60 CT1
      1 20:00:00:25:B5:3B:08:61 CT0
      1 20:00:00:25:B5:3B:08:61 CT1
      1 20:00:00:25:B5:3B:08:62 CT0
      1 20:00:00:25:B5:3B:08:62 CT1
      1 20:00:00:25:B5:3B:08:63 CT0
      1 20:00:00:25:B5:3B:08:63 CT1
      1 20:00:00:25:B5:3B:08:65 CT0
      1 20:00:00:25:B5:3B:08:65 CT1
      1 20:00:00:25:B5:3B:08:66 CT0
      1 20:00:00:25:B5:3B:08:66 CT1
      1 20:00:00:25:B5:3B:08:68 CT0
      1 20:00:00:25:B5:3B:08:68 CT1
      1 20:00:00:25:B5:3B:08:6A CT0
      1 20:00:00:25:B5:3B:08:6A CT1
      1 20:00:00:25:B5:3B:08:6C CT0
      1 20:00:00:25:B5:3B:08:6C CT1
      1 20:00:00:25:B5:3B:08:6D CT0
      1 20:00:00:25:B5:3B:08:6D CT1
      1 20:00:00:25:B5:3B:08:6E CT0
      1 20:00:00:25:B5:3B:08:6E CT1
      1 20:00:00:25:B5:3B:08:6F CT0
      1 20:00:00:25:B5:3B:08:6F CT1
      1 20:00:00:25:B5:3B:08:70 CT0
      1 20:00:00:25:B5:3B:08:70 CT1
      1 20:00:00:25:B5:3B:08:75 CT0
      1 20:00:00:25:B5:3B:08:75 CT1
      1 20:00:00:25:B5:3B:08:77 CT0
      1 20:00:00:25:B5:3B:08:77 CT1
      1 20:00:00:25:B5:3B:08:78 CT0
      1 20:00:00:25:B5:3B:08:78 CT1
      1 20:00:00:25:B5:3B:08:79 CT0
      1 20:00:00:25:B5:3B:08:79 CT1
      1 20:00:00:25:B5:3B:08:CA CT0
      1 20:00:00:25:B5:3B:08:CA CT1
      1 20:00:00:25:B5:3B:08:CC CT0
      1 20:00:00:25:B5:3B:08:CC CT1
      1 20:00:00:25:B5:3B:08:CD CT0
      1 20:00:00:25:B5:3B:08:CD CT1
      1 20:00:00:25:B5:3B:08:CE CT0
      1 20:00:00:25:B5:3B:08:CE CT1
      1 20:00:00:25:B5:3B:08:CF CT0
      1 20:00:00:25:B5:3B:08:CF CT1
      1 20:00:00:25:B5:3B:08:D0 CT0
      1 20:00:00:25:B5:3B:08:D0 CT1
      1 20:00:00:25:B5:3B:08:D1 CT0
      1 20:00:00:25:B5:3B:08:D1 CT1
      1 20:00:00:25:B5:3B:08:D6 CT0
      1 20:00:00:25:B5:3B:08:D6 CT1
      1 20:00:00:25:B5:3B:08:D7 CT0
      1 20:00:00:25:B5:3B:08:D7 CT1
      1 20:00:00:25:B5:3B:08:D8 CT0
      1 20:00:00:25:B5:3B:08:D8 CT1
      1 20:00:00:25:B5:3B:08:D9 CT0
      1 20:00:00:25:B5:3B:08:D9 CT1
      1 20:00:00:25:B5:3B:08:DA CT0
      1 20:00:00:25:B5:3B:08:DA CT1
      1 20:00:00:25:B5:3B:08:DC CT0
      1 20:00:00:25:B5:3B:08:DC CT1
      1 20:00:00:25:B5:3B:09:F3 CT0
      1 20:00:00:25:B5:3B:09:F3 CT1
      1 20:00:00:25:B5:3B:09:F5 CT0
      1 20:00:00:25:B5:3B:09:F5 CT1
      1 20:00:00:25:B5:3B:09:F7 CT0
      1 20:00:00:25:B5:3B:09:F7 CT1
      1 20:00:00:25:B5:4A:08:51 CT0
      1 20:00:00:25:B5:4A:08:51 CT1
      1 20:00:00:25:B5:4A:08:52 CT0
      1 20:00:00:25:B5:4A:08:52 CT1
      1 20:00:00:25:B5:4A:08:53 CT0
      1 20:00:00:25:B5:4A:08:53 CT1
      1 20:00:00:25:B5:4A:08:54 CT0
      1 20:00:00:25:B5:4A:08:54 CT1
      1 20:00:00:25:B5:4A:08:55 CT0
      1 20:00:00:25:B5:4A:08:55 CT1
      1 20:00:00:25:B5:4A:08:56 CT0
      1 20:00:00:25:B5:4A:08:56 CT1
      1 20:00:00:25:B5:4A:08:57 CT0
      1 20:00:00:25:B5:4A:08:57 CT1
      1 20:00:00:25:B5:4A:08:58 CT0
      1 20:00:00:25:B5:4A:08:58 CT1
      1 20:00:00:25:B5:4A:08:59 CT0
      1 20:00:00:25:B5:4A:08:59 CT1
      1 20:00:00:25:B5:4A:08:5A CT0
      1 20:00:00:25:B5:4A:08:5A CT1
      1 20:00:00:25:B5:4A:08:5B CT0
      1 20:00:00:25:B5:4A:08:5B CT1
      1 20:00:00:25:B5:4A:08:5C CT0
      1 20:00:00:25:B5:4A:08:5C CT1
      1 20:00:00:25:B5:4A:08:5E CT0
      1 20:00:00:25:B5:4A:08:5E CT1
      1 20:00:00:25:B5:4A:08:5F CT0
      1 20:00:00:25:B5:4A:08:5F CT1
      1 20:00:00:25:B5:4A:08:60 CT0
      1 20:00:00:25:B5:4A:08:60 CT1
      1 20:00:00:25:B5:4A:08:61 CT0
      1 20:00:00:25:B5:4A:08:61 CT1
      1 20:00:00:25:B5:4A:08:62 CT0
      1 20:00:00:25:B5:4A:08:62 CT1
      1 20:00:00:25:B5:4A:08:63 CT0
      1 20:00:00:25:B5:4A:08:63 CT1
      1 20:00:00:25:B5:4A:08:65 CT0
      1 20:00:00:25:B5:4A:08:65 CT1
      1 20:00:00:25:B5:4A:08:66 CT0
      1 20:00:00:25:B5:4A:08:66 CT1
      1 20:00:00:25:B5:4A:08:68 CT0
      1 20:00:00:25:B5:4A:08:68 CT1
      1 20:00:00:25:B5:4A:08:6A CT0
      1 20:00:00:25:B5:4A:08:6A CT1
      1 20:00:00:25:B5:4A:08:6C CT0
      1 20:00:00:25:B5:4A:08:6C CT1
      1 20:00:00:25:B5:4A:08:6D CT0
      1 20:00:00:25:B5:4A:08:6D CT1
      1 20:00:00:25:B5:4A:08:6E CT0
      1 20:00:00:25:B5:4A:08:6E CT1
      1 20:00:00:25:B5:4A:08:6F CT0
      1 20:00:00:25:B5:4A:08:6F CT1
      1 20:00:00:25:B5:4A:08:70 CT0
      1 20:00:00:25:B5:4A:08:70 CT1
      1 20:00:00:25:B5:4A:08:75 CT0
      1 20:00:00:25:B5:4A:08:75 CT1
      1 20:00:00:25:B5:4A:08:77 CT0
      1 20:00:00:25:B5:4A:08:77 CT1
      1 20:00:00:25:B5:4A:08:78 CT0
      1 20:00:00:25:B5:4A:08:78 CT1
      1 20:00:00:25:B5:4A:08:79 CT0
      1 20:00:00:25:B5:4A:08:79 CT1
      1 20:00:00:25:B5:4A:08:CA CT0
      1 20:00:00:25:B5:4A:08:CA CT1
      1 20:00:00:25:B5:4A:08:CC CT0
      1 20:00:00:25:B5:4A:08:CC CT1
      1 20:00:00:25:B5:4A:08:CD CT0
      1 20:00:00:25:B5:4A:08:CD CT1
      1 20:00:00:25:B5:4A:08:CE CT0
      1 20:00:00:25:B5:4A:08:CE CT1
      1 20:00:00:25:B5:4A:08:CF CT0
      1 20:00:00:25:B5:4A:08:CF CT1
      1 20:00:00:25:B5:4A:08:D0 CT0
      1 20:00:00:25:B5:4A:08:D0 CT1
      1 20:00:00:25:B5:4A:08:D1 CT0
      1 20:00:00:25:B5:4A:08:D1 CT1
      1 20:00:00:25:B5:4A:08:D6 CT0
      1 20:00:00:25:B5:4A:08:D6 CT1
      1 20:00:00:25:B5:4A:08:D7 CT0
      1 20:00:00:25:B5:4A:08:D7 CT1
      1 20:00:00:25:B5:4A:08:D8 CT0
      1 20:00:00:25:B5:4A:08:D8 CT1
      1 20:00:00:25:B5:4A:08:D9 CT0
      1 20:00:00:25:B5:4A:08:D9 CT1
      1 20:00:00:25:B5:4A:08:DA CT0
      1 20:00:00:25:B5:4A:08:DA CT1
      1 20:00:00:25:B5:4A:08:DC CT0
      1 20:00:00:25:B5:4A:08:DC CT1
      1 20:00:00:25:B5:4A:09:F3 CT0
      1 20:00:00:25:B5:4A:09:F3 CT1
      1 20:00:00:25:B5:4A:09:F5 CT0
      1 20:00:00:25:B5:4A:09:F5 CT1
      1 20:00:00:25:B5:4A:09:F7 CT0
      1 20:00:00:25:B5:4A:09:F7 CT1
      1 20:00:00:25:B5:4B:08:51 CT0
      1 20:00:00:25:B5:4B:08:51 CT1
      1 20:00:00:25:B5:4B:08:52 CT0
      1 20:00:00:25:B5:4B:08:52 CT1
      1 20:00:00:25:B5:4B:08:53 CT0
      1 20:00:00:25:B5:4B:08:53 CT1
      1 20:00:00:25:B5:4B:08:54 CT0
      1 20:00:00:25:B5:4B:08:54 CT1
      1 20:00:00:25:B5:4B:08:55 CT0
      1 20:00:00:25:B5:4B:08:55 CT1
      1 20:00:00:25:B5:4B:08:56 CT0
      1 20:00:00:25:B5:4B:08:56 CT1
      1 20:00:00:25:B5:4B:08:57 CT0
      1 20:00:00:25:B5:4B:08:57 CT1
      1 20:00:00:25:B5:4B:08:58 CT0
      1 20:00:00:25:B5:4B:08:58 CT1
      1 20:00:00:25:B5:4B:08:59 CT0
      1 20:00:00:25:B5:4B:08:59 CT1
      1 20:00:00:25:B5:4B:08:5A CT0
      1 20:00:00:25:B5:4B:08:5A CT1
      1 20:00:00:25:B5:4B:08:5B CT0
      1 20:00:00:25:B5:4B:08:5B CT1
      1 20:00:00:25:B5:4B:08:5C CT0
      1 20:00:00:25:B5:4B:08:5C CT1
      1 20:00:00:25:B5:4B:08:5E CT0
      1 20:00:00:25:B5:4B:08:5E CT1
      1 20:00:00:25:B5:4B:08:5F CT0
      1 20:00:00:25:B5:4B:08:5F CT1
      1 20:00:00:25:B5:4B:08:60 CT0
      1 20:00:00:25:B5:4B:08:60 CT1
      1 20:00:00:25:B5:4B:08:61 CT0
      1 20:00:00:25:B5:4B:08:61 CT1
      1 20:00:00:25:B5:4B:08:62 CT0
      1 20:00:00:25:B5:4B:08:62 CT1
      1 20:00:00:25:B5:4B:08:63 CT0
      1 20:00:00:25:B5:4B:08:63 CT1
      1 20:00:00:25:B5:4B:08:65 CT0
      1 20:00:00:25:B5:4B:08:65 CT1
      1 20:00:00:25:B5:4B:08:66 CT0
      1 20:00:00:25:B5:4B:08:66 CT1
      1 20:00:00:25:B5:4B:08:68 CT0
      1 20:00:00:25:B5:4B:08:68 CT1
      1 20:00:00:25:B5:4B:08:6A CT0
      1 20:00:00:25:B5:4B:08:6A CT1
      1 20:00:00:25:B5:4B:08:6C CT0
      1 20:00:00:25:B5:4B:08:6C CT1
      1 20:00:00:25:B5:4B:08:6D CT0
      1 20:00:00:25:B5:4B:08:6D CT1
      1 20:00:00:25:B5:4B:08:6E CT0
      1 20:00:00:25:B5:4B:08:6E CT1
      1 20:00:00:25:B5:4B:08:6F CT0
      1 20:00:00:25:B5:4B:08:6F CT1
      1 20:00:00:25:B5:4B:08:70 CT0
      1 20:00:00:25:B5:4B:08:70 CT1
      1 20:00:00:25:B5:4B:08:75 CT0
      1 20:00:00:25:B5:4B:08:75 CT1
      1 20:00:00:25:B5:4B:08:77 CT0
      1 20:00:00:25:B5:4B:08:77 CT1
      1 20:00:00:25:B5:4B:08:78 CT0
      1 20:00:00:25:B5:4B:08:78 CT1
      1 20:00:00:25:B5:4B:08:79 CT0
      1 20:00:00:25:B5:4B:08:79 CT1
      1 20:00:00:25:B5:4B:08:CA CT0
      1 20:00:00:25:B5:4B:08:CA CT1
      1 20:00:00:25:B5:4B:08:CC CT0
      1 20:00:00:25:B5:4B:08:CC CT1
      1 20:00:00:25:B5:4B:08:CD CT0
      1 20:00:00:25:B5:4B:08:CD CT1
      1 20:00:00:25:B5:4B:08:CE CT0
      1 20:00:00:25:B5:4B:08:CE CT1
      1 20:00:00:25:B5:4B:08:CF CT0
      1 20:00:00:25:B5:4B:08:CF CT1
      1 20:00:00:25:B5:4B:08:D0 CT0
      1 20:00:00:25:B5:4B:08:D0 CT1
      1 20:00:00:25:B5:4B:08:D1 CT0
      1 20:00:00:25:B5:4B:08:D1 CT1
      1 20:00:00:25:B5:4B:08:D6 CT0
      1 20:00:00:25:B5:4B:08:D6 CT1
      1 20:00:00:25:B5:4B:08:D7 CT0
      1 20:00:00:25:B5:4B:08:D7 CT1
      1 20:00:00:25:B5:4B:08:D8 CT0
      1 20:00:00:25:B5:4B:08:D8 CT1
      1 20:00:00:25:B5:4B:08:D9 CT0
      1 20:00:00:25:B5:4B:08:D9 CT1
      1 20:00:00:25:B5:4B:08:DA CT0
      1 20:00:00:25:B5:4B:08:DA CT1
      1 20:00:00:25:B5:4B:08:DC CT0
      1 20:00:00:25:B5:4B:08:DC CT1
      1 20:00:00:25:B5:4B:09:F3 CT0
      1 20:00:00:25:B5:4B:09:F3 CT1
      1 20:00:00:25:B5:4B:09:F5 CT0
      1 20:00:00:25:B5:4B:09:F5 CT1
      1 20:00:00:25:B5:4B:09:F7 CT0
      1 20:00:00:25:B5:4B:09:F7 CT1


Total FC connections: 376


     root@rochmn03-pfa-08-581-ct0:/var/home/pureeng# purearm dm status
Process status:
purity start/running
lio-drv start/running
foed start/running, process 7390
platform start/running, process 7354
gui start/running, process 7337
rest start/running, process 8587
monitor start/running, process 7348
iostat start/running, process 15577
statistics start/running, process 7373
middleware start/running, process 11585
vasa start/running, process 11549
platform working
foed working
gui working
platform_env working
quorum working
foed_env working
foed_ready working
remote_patch working
driver working
san working
health working
lio-drv working
middleware-db working
middleware working
vasa working
     root@rochmn03-pfa-08-581-ct0:/var/home/pureeng# purearray list --controller r
Name  Type              Mode       Model     Version  Status  Internal Details
CT0   array_controller  secondary  FA-X50R4  6.5.8    ready   
CT1   array_controller  primary    FA-X50R3  6.5.8    ready   
     root@rochmn03-pfa-08-581-ct0:/var/home/pureeng# purearray list --controller r
Name  Type              Mode       Model     Version  Status  Internal Details
CT0   array_controller  secondary  FA-X50R4  6.5.8    ready   
CT1   array_controller  primary    FA-X50R3  6.5.8    ready   
     root@rochmn03-pfa-08-581-ct0:/var/home/pureeng# iobalance --sampletime 30
sampling host I/O for 30 seconds...
                     Host  CT0 I/O Count  CT1 I/O Count  
rochmn03-hb2-pod58-001-ll       5.20K       4.77K  
rochmn03-hb2-pod58-002-ll      956.00      834.00  
rochmn03-hb2-pod58-003-ll       59.00       54.00  
rochmn03-hb2-pod58-004-ll      901.00      819.00  
rochmn03-hb2-pod58-005-hl      191.00      137.00  
rochmn03-hb2-pod58-005-ll       8.11K       8.98K  
rochmn03-hb2-pod58-006-hl      49.35K      53.40K  
rochmn03-hb2-pod58-006-ll       7.03K       4.93K  
rochmn03-hb2-pod58-007-hl        0.00        0.00  ? Host is idle
rochmn03-hb2-pod58-007-ll      538.00       45.00  ! unbalanced I/O
rochmn03-hb2-pod58-008-hl        0.00        0.00  ? Host is idle
rochmn03-hb2-pod58-008-ll        9.00      122.00  ! unbalanced I/O
rochmn03-hb2-pod58-009-hl        0.00        0.00  ? Host is idle
rochmn03-hb2-pod58-009-ll      296.00       60.00  ! unbalanced I/O
rochmn03-hb2-pod58-011-ll        6.00        0.00  ! no I/O to CT1
rochmn03-hb2-pod58-012-ll       1.37K      951.00  
rochmn03-hb2-pod58-013-hl       4.43K       3.62K  
rochmn03-hb2-pod58-013-ll      12.19K      11.62K  
rochmn03-hb2-pod58-014-hl      331.00      471.00  
rochmn03-hb2-pod58-014-ll      133.00      285.00  ! unbalanced I/O
rochmn03-hb2-pod58-015-hl      271.00      185.00  
rochmn03-hb2-pod58-015-ll      348.00      374.00  
rochmn03-hb2-pod58-017-hl        0.00        8.00  ! no I/O to CT0
rochmn03-hb2-pod58-017-ll      988.00      800.00  
rochmn03-hb2-pod58-018-hl      47.90K      38.50K  
rochmn03-hb2-pod58-018-ll      29.19K       8.54K  ! unbalanced I/O
rochmn03-hb2-pod58-019-ll       1.52K       1.04K  
rochmn03-hb2-pod58-020-ll        0.00        0.00  ? Host is idle
rochmn03-hb2-pod58-021-hl       5.50K       5.88K  
rochmn03-hb2-pod58-021-ll       9.39K       8.06K  
rochmn03-hb2-pod58-022-ll       89.00       32.00  ! unbalanced I/O
rochmn03-hb2-pod58-023-ll       40.00       20.00  ! unbalanced I/O
rochmn03-hb2-pod58-024-ll       81.00       48.00  ! unbalanced I/O
rochmn03-hb2-pod58-025-ll       10.00        1.00  
rochmn03-hb2-pod58-026-hl       97.00      313.00  ! unbalanced I/O
rochmn03-hb2-pod58-026-ll       6.81K       5.97K  
rochmn03-hb2-pod58-034-hl       54.00      212.00  ! unbalanced I/O
rochmn03-hb2-pod58-034-ll       9.74K      10.80K  
rochmn03-hb2-pod58-035-hl       2.76K       3.24K  
rochmn03-hb2-pod58-035-ll      10.81K       9.52K  
rochmn03-hb2-pod58-038-hl        2.00        2.00  
rochmn03-hb2-pod58-038-ll       3.84K       3.25K  
rochmn03-hb2-pod58-039-hl       57.00        8.00  ! unbalanced I/O
rochmn03-hb2-pod58-039-ll      947.00      508.00  ! unbalanced I/O
rochmn03-hb2-pod58-040-hl      15.54K      16.26K  
rochmn03-hb2-pod58-040-ll       5.46K       4.71K  
rochmn03-hb2-pod58-041-ll       1.09K      815.00  
rochmn03-hb2-pod58-042-ll      935.00      965.00  
rochmn03-hb2-pod58-043-hl       1.14K       1.11K  
rochmn03-hb2-pod58-043-ll      77.53K      82.02K  
rochmn03-hb2-pod58-046-ll       1.03K       1.04K  
rochmn03-hb2-pod58-047-hl      19.30K      21.87K  
rochmn03-hb2-pod58-047-ll       5.13K       4.57K  
rochmn03-hb2-pod58-048-hl        4.00        4.00  
rochmn03-hb2-pod58-048-ll      16.63K      12.36K  
rochmn03-hb2-pod58-049-hl      21.49K      19.73K  
rochmn03-hb2-pod58-049-ll       6.16K       7.09K  
rochmn03-hb2-pod58-050-ll       3.36K       2.54K  
rochmn03-hb2-pod58-051-ll       1.46K       1.46K  
rochmn03-hb2-pod58-052-ll        0.00        0.00  ? Host is idle
rochmn03-hb2-pod58-053-ll       1.41K       1.05K  
rochmn03-hb2-pod58-056-ll      857.00      856.00  
rochmn03-hb2-pod58-057-hl      15.23K      16.13K  
rochmn03-hb2-pod58-057-ll      10.48K       8.04K  
rochmn03-hb2-pod58-067-ll       1.20K       1.42K  
rochmn03-hb2-pod58-068-ll       2.16K       1.10K  ! unbalanced I/O
rochmn03-hb2-pod58-069-ll       1.41K       1.19K  
rochmn03-hb4-pod58-001-ll      167.00      122.00  
rochmn03-hb4-pod58-002-ll      59.65K      47.92K  
     root@rochmn03-pfa-08-581-ct0:/var/home/pureeng# ssh peer
Last login: Wed May 14 00:44:22 2025 from fe80::26a9:37ff:fe63:b6db%haeth0

Wed May 14 01:15:47 2025
Welcome root. This is Purity Version 6.5.8 on FlashArray rochmn03-pfa-08-581
http://www.purestorage.com/
     root@rochmn03-pfa-08-581-ct1:~# purewes controller setattr --verify-array rochmn03-pfa-08-581 ct1 --mode secondary;date
Run checks before making changes ...
Check peer purity status...... SUCCESS
Check pureport list........... 
==========    FC connections    ==========

CT      NumOfPort  PortId                                  
CT1     1          20:00:00:25:B5:3B:08:D9                 
CT1     1          20:00:00:25:B5:4B:08:D6                 
CT1     1          20:00:00:25:B5:4A:08:68                 
CT1     1          20:00:00:25:B5:3A:08:5E                 
CT1     1          20:00:00:25:B5:3A:08:58                 
CT1     1          20:00:00:25:B5:4A:08:6E                 
CT1     1          20:00:00:25:B5:3A:08:59                 
CT1     1          20:00:00:25:B5:4A:08:6D                 
CT1     1          20:00:00:25:B5:4B:08:CF                 
CT1     1          20:00:00:25:B5:3B:08:D8                 
CT1     1          20:00:00:25:B5:4B:08:D7                 
CT1     1          20:00:00:25:B5:4A:08:DA                 
CT1     1          20:00:00:25:B5:4A:08:6F                 
CT1     1          20:00:00:25:B5:4B:08:CD                 
CT1     1          20:00:00:25:B5:3A:08:5F                 
CT1     1          20:00:00:25:B5:4A:08:DC                 
CT1     1          20:00:00:25:B5:4B:08:CE                 
CT1     1          20:00:00:25:B5:3B:08:DC                 
CT1     1          20:00:00:25:B5:4B:08:D1                 
CT1     1          20:00:00:25:B5:3A:08:5B                 
CT1     1          20:00:00:25:B5:3A:08:79                 
CT1     1          20:00:00:25:B5:4B:08:D0                 
CT1     1          20:00:00:25:B5:3A:08:78                 
CT1     1          20:00:00:25:B5:3A:08:5C                 
CT1     1          20:00:00:25:B5:4A:08:6C                 
CT1     1          20:00:00:25:B5:4B:08:CA                 
CT1     1          20:00:00:25:B5:3A:08:5A                 
CT1     1          20:00:00:25:B5:4A:08:D9                 
CT1     1          20:00:00:25:B5:4A:08:6A                 
CT1     1          20:00:00:25:B5:4B:08:CC                 
CT1     1          20:00:00:25:B5:4A:08:D8                 
CT1     1          20:00:00:25:B5:3B:08:DA                 
CT1     1          20:00:00:25:B5:4B:09:F5                 
CT1     1          20:00:00:25:B5:3A:08:57                 
CT1     1          20:00:00:25:B5:3B:08:D6                 
CT1     1          20:00:00:25:B5:4B:08:D9                 
CT1     1          20:00:00:25:B5:4A:08:66                 
CT1     1          20:00:00:25:B5:3A:08:70                 
CT1     1          20:00:00:25:B5:4A:08:CF                 
CT1     1          20:00:00:25:B5:3B:08:D7                 
CT1     1          20:00:00:25:B5:4B:08:D8                 
CT1     1          20:00:00:25:B5:3A:08:56                 
CT1     1          20:00:00:25:B5:4A:08:CD                 
CT1     1          20:00:00:25:B5:3A:08:54                 
CT1     1          20:00:00:25:B5:4A:08:D1                 
CT1     1          20:00:00:25:B5:4B:09:F7                 
CT1     1          20:00:00:25:B5:3A:09:F3                 
CT1     1          20:00:00:25:B5:3A:08:55                 
CT1     1          20:00:00:25:B5:4A:08:D0                 
CT1     1          20:00:00:25:B5:4A:08:65                 
CT1     1          20:00:00:25:B5:4A:08:CE                 
CT1     1          20:00:00:25:B5:4A:08:60                 
CT1     1          20:00:00:25:B5:3B:08:D1                 
CT1     1          20:00:00:25:B5:4B:08:DC                 
CT1     1          20:00:00:25:B5:4B:09:F3                 
CT1     1          20:00:00:25:B5:3A:08:51                 
CT1     1          20:00:00:25:B5:3A:09:F7                 
CT1     1          20:00:00:25:B5:4A:08:CA                 
CT1     1          20:00:00:25:B5:4A:08:61                 
CT1     1          20:00:00:25:B5:3A:08:77                 
CT1     1          20:00:00:25:B5:3B:08:D0                 
CT1     1          20:00:00:25:B5:4A:08:D6                 
CT1     1          20:00:00:25:B5:3A:09:F5                 
CT1     1          20:00:00:25:B5:3A:08:53                 
CT1     1          20:00:00:25:B5:4A:08:CC                 
CT1     1          20:00:00:25:B5:3A:08:75                 
CT1     1          20:00:00:25:B5:4A:08:63                 
CT1     1          20:00:00:25:B5:4A:08:62                 
CT1     1          20:00:00:25:B5:4B:08:DA                 
CT1     1          20:00:00:25:B5:4A:08:D7                 
CT1     1          20:00:00:25:B5:3A:08:52                 
CT1     1          20:00:00:25:B5:3B:08:53                 
CT1     1          20:00:00:25:B5:3B:08:52                 
CT1     1          20:00:00:25:B5:3B:09:F5                 
CT1     1          20:00:00:25:B5:4A:08:70                 
CT1     1          20:00:00:25:B5:3B:09:F7                 
CT1     1          20:00:00:25:B5:3B:08:51                 
CT1     1          20:00:00:25:B5:3B:08:54                 
CT1     1          20:00:00:25:B5:3B:09:F3                 
CT1     1          20:00:00:25:B5:4A:08:77                 
CT1     1          20:00:00:25:B5:3B:08:55                 
CT1     1          20:00:00:25:B5:4A:08:75                 
CT1     1          20:00:00:25:B5:3B:08:57                 
CT1     1          20:00:00:25:B5:3B:08:56                 
CT1     1          20:00:00:25:B5:3A:08:CF                 
CT1     1          20:00:00:25:B5:3B:08:5A                 
CT1     1          20:00:00:25:B5:3B:08:5B                 
CT1     1          20:00:00:25:B5:3A:08:CE                 
CT1     1          20:00:00:25:B5:3A:08:CD                 
CT1     1          20:00:00:25:B5:3B:08:5C                 
CT1     1          20:00:00:25:B5:4A:08:79                 
CT1     1          20:00:00:25:B5:3B:08:5F                 
CT1     1          20:00:00:25:B5:3A:08:CA                 
CT1     1          20:00:00:25:B5:4A:08:78                 
CT1     1          20:00:00:25:B5:3B:08:58                 
CT1     1          20:00:00:25:B5:3B:08:5E                 
CT1     1          20:00:00:25:B5:3A:08:CC                 
CT1     1          20:00:00:25:B5:3B:08:59                 
CT1     1          20:00:00:25:B5:3A:08:65                 
CT1     1          20:00:00:25:B5:3B:08:CD                 
CT1     1          20:00:00:25:B5:3B:08:CE                 
CT1     1          20:00:00:25:B5:3A:08:66                 
CT1     1          20:00:00:25:B5:3B:08:CF                 
CT1     1          20:00:00:25:B5:3B:08:CC                 
CT1     1          20:00:00:25:B5:3A:08:62                 
CT1     1          20:00:00:25:B5:3A:08:63                 
CT1     1          20:00:00:25:B5:3A:08:61                 
CT1     1          20:00:00:25:B5:3B:08:CA                 
CT1     1          20:00:00:25:B5:3A:08:60                 
CT1     1          20:00:00:25:B5:3A:08:6F                 
CT1     1          20:00:00:25:B5:3A:08:6D                 
CT1     1          20:00:00:25:B5:3A:08:6E                 
CT1     1          20:00:00:25:B5:3A:08:68                 
CT1     1          20:00:00:25:B5:3A:08:6A                 
CT1     1          20:00:00:25:B5:3A:08:6C                 
CT1     1          20:00:00:25:B5:4B:08:5A                 
CT1     1          20:00:00:25:B5:3A:08:D6                 
CT1     1          20:00:00:25:B5:4A:08:58                 
CT1     1          20:00:00:25:B5:4B:08:60                 
CT1     1          20:00:00:25:B5:4A:08:5E                 
CT1     1          20:00:00:25:B5:3B:08:6F                 
CT1     1          20:00:00:25:B5:4B:08:61                 
CT1     1          20:00:00:25:B5:4A:09:F7                 
CT1     1          20:00:00:25:B5:3A:08:D7                 
CT1     1          20:00:00:25:B5:4A:08:59                 
CT1     1          20:00:00:25:B5:4B:08:63                 
CT1     1          20:00:00:25:B5:4A:08:5F                 
CT1     1          20:00:00:25:B5:3B:08:6E                 
CT1     1          20:00:00:25:B5:4B:08:5B                 
CT1     1          20:00:00:25:B5:3B:08:68                 
CT1     1          20:00:00:25:B5:4A:09:F5                 
CT1     1          20:00:00:25:B5:4B:08:5C                 
CT1     1          20:00:00:25:B5:4B:08:62                 
CT1     1          20:00:00:25:B5:3B:08:6D                 
CT1     1          20:00:00:25:B5:4B:08:70                 
CT1     1          20:00:00:25:B5:4A:08:5B                 
CT1     1          20:00:00:25:B5:3B:08:6A                 
CT1     1          20:00:00:25:B5:4B:08:75                 
CT1     1          20:00:00:25:B5:4B:08:5F                 
CT1     1          20:00:00:25:B5:3A:08:D1                 
CT1     1          20:00:00:25:B5:3A:08:D0                 
CT1     1          20:00:00:25:B5:4A:08:5C                 
CT1     1          20:00:00:25:B5:4B:08:66                 
CT1     1          20:00:00:25:B5:4B:08:5E                 
CT1     1          20:00:00:25:B5:4A:08:5A                 
CT1     1          20:00:00:25:B5:3B:08:78                 
CT1     1          20:00:00:25:B5:4B:08:58                 
CT1     1          20:00:00:25:B5:3B:08:79                 
CT1     1          20:00:00:25:B5:4B:08:65                 
CT1     1          20:00:00:25:B5:4B:08:77                 
CT1     1          20:00:00:25:B5:3B:08:6C                 
CT1     1          20:00:00:25:B5:4B:08:59                 
CT1     1          20:00:00:25:B5:4A:09:F3                 
CT1     1          20:00:00:25:B5:4B:08:53                 
CT1     1          20:00:00:25:B5:3A:08:D9                 
CT1     1          20:00:00:25:B5:4A:08:57                 
CT1     1          20:00:00:25:B5:3A:08:D8                 
CT1     1          20:00:00:25:B5:4B:08:6C                 
CT1     1          20:00:00:25:B5:4A:08:56                 
CT1     1          20:00:00:25:B5:3B:08:65                 
CT1     1          20:00:00:25:B5:4B:08:52                 
CT1     1          20:00:00:25:B5:4B:08:6A                 
CT1     1          20:00:00:25:B5:4A:08:54                 
CT1     1          20:00:00:25:B5:3B:08:70                 
CT1     1          20:00:00:25:B5:4B:08:51                 
CT1     1          20:00:00:25:B5:4A:08:55                 
CT1     1          20:00:00:25:B5:3B:08:66                 
CT1     1          20:00:00:25:B5:4B:08:6E                 
CT1     1          20:00:00:25:B5:3B:08:63                 
CT1     1          20:00:00:25:B5:4B:08:54                 
CT1     1          20:00:00:25:B5:4B:08:68                 
CT1     1          20:00:00:25:B5:3A:08:DC                 
CT1     1          20:00:00:25:B5:4B:08:55                 
CT1     1          20:00:00:25:B5:3B:08:75                 
CT1     1          20:00:00:25:B5:4A:08:51                 
CT1     1          20:00:00:25:B5:4B:08:6D                 
CT1     1          20:00:00:25:B5:3B:08:62                 
CT1     1          20:00:00:25:B5:4B:08:79                 
CT1     1          20:00:00:25:B5:4B:08:57                 
CT1     1          20:00:00:25:B5:3B:08:77                 
CT1     1          20:00:00:25:B5:4A:08:53                 
CT1     1          20:00:00:25:B5:4B:08:6F                 
CT1     1          20:00:00:25:B5:3B:08:60                 
CT1     1          20:00:00:25:B5:4A:08:52                 
CT1     1          20:00:00:25:B5:3B:08:61                 
CT1     1          20:00:00:25:B5:4B:08:78                 
CT1     1          20:00:00:25:B5:4B:08:56                 
CT1     1          20:00:00:25:B5:3A:08:DA                 
CT0     1          20:00:00:25:B5:3B:08:6E                 
CT0     1          20:00:00:25:B5:3B:08:68                 
CT0     1          20:00:00:25:B5:3B:08:6D                 
CT0     1          20:00:00:25:B5:3A:08:D6                 
CT0     1          20:00:00:25:B5:3B:08:6F                 
CT0     1          20:00:00:25:B5:3A:08:D7                 
CT0     1          20:00:00:25:B5:3B:08:78                 
CT0     1          20:00:00:25:B5:3B:08:79                 
CT0     1          20:00:00:25:B5:3B:08:6C                 
CT0     1          20:00:00:25:B5:3B:08:6A                 
CT0     1          20:00:00:25:B5:3A:08:D1                 
CT0     1          20:00:00:25:B5:3A:08:D0                 
CT0     1          20:00:00:25:B5:3B:08:70                 
CT0     1          20:00:00:25:B5:3B:08:66                 
CT0     1          20:00:00:25:B5:3A:08:D9                 
CT0     1          20:00:00:25:B5:3A:08:D8                 
CT0     1          20:00:00:25:B5:3B:08:65                 
CT0     1          20:00:00:25:B5:3B:08:77                 
CT0     1          20:00:00:25:B5:3B:08:60                 
CT0     1          20:00:00:25:B5:3B:08:61                 
CT0     1          20:00:00:25:B5:3A:08:DA                 
CT0     1          20:00:00:25:B5:3B:08:63                 
CT0     1          20:00:00:25:B5:3A:08:DC                 
CT0     1          20:00:00:25:B5:3B:08:75                 
CT0     1          20:00:00:25:B5:3B:08:62                 
CT0     1          20:00:00:25:B5:4B:08:79                 
CT0     1          20:00:00:25:B5:4B:08:57                 
CT0     1          20:00:00:25:B5:3A:08:66                 
CT0     1          20:00:00:25:B5:4B:08:6F                 
CT0     1          20:00:00:25:B5:4A:08:53                 
CT0     1          20:00:00:25:B5:4A:08:52                 
CT0     1          20:00:00:25:B5:4B:08:78                 
CT0     1          20:00:00:25:B5:4B:08:56                 
CT0     1          20:00:00:25:B5:3B:08:CF                 
CT0     1          20:00:00:25:B5:3A:08:65                 
CT0     1          20:00:00:25:B5:4B:08:6E                 
CT0     1          20:00:00:25:B5:4B:08:68                 
CT0     1          20:00:00:25:B5:4B:08:54                 
CT0     1          20:00:00:25:B5:3B:08:CD                 
CT0     1          20:00:00:25:B5:4B:08:55                 
CT0     1          20:00:00:25:B5:3B:08:CE                 
CT0     1          20:00:00:25:B5:4B:08:6D                 
CT0     1          20:00:00:25:B5:4A:08:51                 
CT0     1          20:00:00:25:B5:3A:08:61                 
CT0     1          20:00:00:25:B5:4A:08:54                 
CT0     1          20:00:00:25:B5:4B:08:6A                 
CT0     1          20:00:00:25:B5:3B:08:CA                 
CT0     1          20:00:00:25:B5:4B:08:51                 
CT0     1          20:00:00:25:B5:3A:08:60                 
CT0     1          20:00:00:25:B5:4A:08:55                 
CT0     1          20:00:00:25:B5:3B:08:CC                 
CT0     1          20:00:00:25:B5:4B:08:53                 
CT0     1          20:00:00:25:B5:3A:08:62                 
CT0     1          20:00:00:25:B5:4A:08:57                 
CT0     1          20:00:00:25:B5:3A:08:63                 
CT0     1          20:00:00:25:B5:4A:08:56                 
CT0     1          20:00:00:25:B5:4B:08:6C                 
CT0     1          20:00:00:25:B5:4B:08:52                 
CT0     1          20:00:00:25:B5:4B:08:5E                 
CT0     1          20:00:00:25:B5:4B:08:58                 
CT0     1          20:00:00:25:B5:3A:08:6D                 
CT0     1          20:00:00:25:B5:4A:08:5A                 
CT0     1          20:00:00:25:B5:4B:08:77                 
CT0     1          20:00:00:25:B5:4B:08:59                 
CT0     1          20:00:00:25:B5:3A:08:6E                 
CT0     1          20:00:00:25:B5:4B:08:65                 
CT0     1          20:00:00:25:B5:4A:09:F3                 
CT0     1          20:00:00:25:B5:3A:08:68                 
CT0     1          20:00:00:25:B5:4B:08:75                 
CT0     1          20:00:00:25:B5:4A:08:5B                 
CT0     1          20:00:00:25:B5:4B:08:5F                 
CT0     1          20:00:00:25:B5:3A:08:6F                 
CT0     1          20:00:00:25:B5:4B:08:66                 
CT0     1          20:00:00:25:B5:4A:08:5C                 
CT0     1          20:00:00:25:B5:3A:08:6C                 
CT0     1          20:00:00:25:B5:4A:08:5F                 
CT0     1          20:00:00:25:B5:4B:08:63                 
CT0     1          20:00:00:25:B5:4A:09:F5                 
CT0     1          20:00:00:25:B5:4B:08:5B                 
CT0     1          20:00:00:25:B5:4B:08:5C                 
CT0     1          20:00:00:25:B5:4B:08:70                 
CT0     1          20:00:00:25:B5:4B:08:62                 
CT0     1          20:00:00:25:B5:4A:08:58                 
CT0     1          20:00:00:25:B5:4B:08:5A                 
CT0     1          20:00:00:25:B5:4A:08:5E                 
CT0     1          20:00:00:25:B5:4B:08:60                 
CT0     1          20:00:00:25:B5:3A:08:6A                 
CT0     1          20:00:00:25:B5:4B:08:61                 
CT0     1          20:00:00:25:B5:4A:08:59                 
CT0     1          20:00:00:25:B5:4A:09:F7                 
CT0     1          20:00:00:25:B5:4A:08:D6                 
CT0     1          20:00:00:25:B5:4A:08:63                 
CT0     1          20:00:00:25:B5:3B:09:F7                 
CT0     1          20:00:00:25:B5:4A:08:CC                 
CT0     1          20:00:00:25:B5:4A:08:62                 
CT0     1          20:00:00:25:B5:3B:08:51                 
CT0     1          20:00:00:25:B5:4A:08:D7                 
CT0     1          20:00:00:25:B5:4B:08:DA                 
CT0     1          20:00:00:25:B5:4A:08:60                 
CT0     1          20:00:00:25:B5:3B:08:53                 
CT0     1          20:00:00:25:B5:4B:08:DC                 
CT0     1          20:00:00:25:B5:3B:08:52                 
CT0     1          20:00:00:25:B5:4B:09:F3                 
CT0     1          20:00:00:25:B5:4A:08:61                 
CT0     1          20:00:00:25:B5:4A:08:CA                 
CT0     1          20:00:00:25:B5:3B:09:F5                 
CT0     1          20:00:00:25:B5:4A:08:CD                 
CT0     1          20:00:00:25:B5:3B:08:57                 
CT0     1          20:00:00:25:B5:4A:08:D1                 
CT0     1          20:00:00:25:B5:3B:08:56                 
CT0     1          20:00:00:25:B5:4A:08:D0                 
CT0     1          20:00:00:25:B5:4B:09:F7                 
CT0     1          20:00:00:25:B5:4A:08:CE                 
CT0     1          20:00:00:25:B5:4A:08:65                 
CT0     1          20:00:00:25:B5:3B:08:54                 
CT0     1          20:00:00:25:B5:4B:09:F5                 
CT0     1          20:00:00:25:B5:4B:08:D9                 
CT0     1          20:00:00:25:B5:3B:09:F3                 
CT0     1          20:00:00:25:B5:4B:08:D8                 
CT0     1          20:00:00:25:B5:4A:08:CF                 
CT0     1          20:00:00:25:B5:4A:08:66                 
CT0     1          20:00:00:25:B5:3B:08:55                 
CT0     1          20:00:00:25:B5:3B:08:5B                 
CT0     1          20:00:00:25:B5:4B:08:CC                 
CT0     1          20:00:00:25:B5:3A:08:CE                 
CT0     1          20:00:00:25:B5:4A:08:6A                 
CT0     1          20:00:00:25:B5:4A:08:D9                 
CT0     1          20:00:00:25:B5:3A:08:CD                 
CT0     1          20:00:00:25:B5:4A:08:D8                 
CT0     1          20:00:00:25:B5:3B:08:5C                 
CT0     1          20:00:00:25:B5:3A:08:CF                 
CT0     1          20:00:00:25:B5:3B:08:5A                 
CT0     1          20:00:00:25:B5:4B:08:D1                 
CT0     1          20:00:00:25:B5:4B:08:D0                 
CT0     1          20:00:00:25:B5:4B:08:CA                 
CT0     1          20:00:00:25:B5:4A:08:6C                 
CT0     1          20:00:00:25:B5:4B:08:CD                 
CT0     1          20:00:00:25:B5:3B:08:58                 
CT0     1          20:00:00:25:B5:4A:08:6F                 
CT0     1          20:00:00:25:B5:4A:08:DC                 
CT0     1          20:00:00:25:B5:3B:08:5E                 
CT0     1          20:00:00:25:B5:4B:08:CE                 
CT0     1          20:00:00:25:B5:3B:08:59                 
CT0     1          20:00:00:25:B5:3A:08:CC                 
CT0     1          20:00:00:25:B5:3B:08:5F                 
CT0     1          20:00:00:25:B5:4A:08:68                 
CT0     1          20:00:00:25:B5:4B:08:D6                 
CT0     1          20:00:00:25:B5:3A:08:CA                 
CT0     1          20:00:00:25:B5:4A:08:6E                 
CT0     1          20:00:00:25:B5:4B:08:CF                 
CT0     1          20:00:00:25:B5:4A:08:6D                 
CT0     1          20:00:00:25:B5:4A:08:DA                 
CT0     1          20:00:00:25:B5:4B:08:D7                 
CT0     1          20:00:00:25:B5:3A:08:5F                 
CT0     1          20:00:00:25:B5:3B:08:D9                 
CT0     1          20:00:00:25:B5:4A:08:79                 
CT0     1          20:00:00:25:B5:3A:08:5E                 
CT0     1          20:00:00:25:B5:3A:08:58                 
CT0     1          20:00:00:25:B5:3A:08:59                 
CT0     1          20:00:00:25:B5:3B:08:D8                 
CT0     1          20:00:00:25:B5:4A:08:78                 
CT0     1          20:00:00:25:B5:3A:08:5A                 
CT0     1          20:00:00:25:B5:3B:08:DA                 
CT0     1          20:00:00:25:B5:3B:08:DC                 
CT0     1          20:00:00:25:B5:3A:08:5B                 
CT0     1          20:00:00:25:B5:3A:08:79                 
CT0     1          20:00:00:25:B5:3A:08:78                 
CT0     1          20:00:00:25:B5:3A:08:5C                 
CT0     1          20:00:00:25:B5:4A:08:75                 
CT0     1          20:00:00:25:B5:3A:08:54                 
CT0     1          20:00:00:25:B5:3A:09:F3                 
CT0     1          20:00:00:25:B5:3A:08:55                 
CT0     1          20:00:00:25:B5:3A:08:57                 
CT0     1          20:00:00:25:B5:3B:08:D6                 
CT0     1          20:00:00:25:B5:4A:08:77                 
CT0     1          20:00:00:25:B5:3A:08:70                 
CT0     1          20:00:00:25:B5:3B:08:D7                 
CT0     1          20:00:00:25:B5:3A:08:56                 
CT0     1          20:00:00:25:B5:3A:09:F5                 
CT0     1          20:00:00:25:B5:3A:08:53                 
CT0     1          20:00:00:25:B5:3A:08:75                 
CT0     1          20:00:00:25:B5:3A:08:52                 
CT0     1          20:00:00:25:B5:3B:08:D1                 
CT0     1          20:00:00:25:B5:3A:08:51                 
CT0     1          20:00:00:25:B5:3A:09:F7                 
CT0     1          20:00:00:25:B5:4A:08:70                 
CT0     1          20:00:00:25:B5:3A:08:77                 
CT0     1          20:00:00:25:B5:3B:08:D0                 

Total FC connections: 376

==========    iSCSI connections    ==========

CT     NumOfPort  PortId                                  

Total iSCSI connections: 0

==========    NVMe-RoCE connections    ==========

CT     NumOfPort  PortId                                  

Total NVMe-RoCE connections: 0

SUCCESS
Check IO balance.............. Checking iobalance before proceeding, sampling for 30 seconds, retrying 3 times, adding 30 seconds with each retry
Try 1/4: Sampling I/O for 30 seconds
Sampling finished, I/O is not yet balanced
Try 2/4: Sampling I/O for 60 seconds
Sampling finished, I/O is not yet balanced
Try 3/4: Sampling I/O for 90 seconds
Sampling finished, I/O is not yet balanced
Try 4/4: Sampling I/O for 120 seconds
Sampling finished, I/O is not yet balanced
I/O is not balanced after 4 run(s).
iobalance reports the following: 
sampling host I/O for 120 seconds...
                     Host  CT0 I/O Count  CT1 I/O Count  
rochmn03-hb2-pod58-001-ll       4.30K       3.88K  
rochmn03-hb2-pod58-002-ll       4.63K       4.20K  
rochmn03-hb2-pod58-003-ll       1.31K      814.00  ! unbalanced I/O
rochmn03-hb2-pod58-004-ll       2.30K       1.74K  
rochmn03-hb2-pod58-005-hl       1.64K       3.75K  ! unbalanced I/O
rochmn03-hb2-pod58-005-ll      43.02K      34.63K  
rochmn03-hb2-pod58-006-hl     156.96K     179.28K  
rochmn03-hb2-pod58-006-ll      27.97K      22.32K  
rochmn03-hb2-pod58-007-hl        0.00        0.00  ? Host is idle
rochmn03-hb2-pod58-007-ll      252.00       1.08K  ! unbalanced I/O
rochmn03-hb2-pod58-008-hl        0.00        0.00  ? Host is idle
rochmn03-hb2-pod58-008-ll      500.00      353.00  
rochmn03-hb2-pod58-009-hl        0.00        0.00  ? Host is idle
rochmn03-hb2-pod58-009-ll      647.00      764.00  
rochmn03-hb2-pod58-011-ll      437.00       51.00  ! unbalanced I/O
rochmn03-hb2-pod58-012-ll       3.43K       2.52K  
rochmn03-hb2-pod58-013-hl      16.47K      17.68K  
rochmn03-hb2-pod58-013-ll      28.87K      23.92K  
rochmn03-hb2-pod58-014-hl       1.66K       1.79K  
rochmn03-hb2-pod58-014-ll       1.95K       2.02K  
rochmn03-hb2-pod58-015-hl       1.04K       1.29K  
rochmn03-hb2-pod58-015-ll       1.54K       1.52K  
rochmn03-hb2-pod58-017-hl       60.00      117.00  ! unbalanced I/O
rochmn03-hb2-pod58-017-ll       3.21K       2.96K  
rochmn03-hb2-pod58-018-hl     164.57K     195.76K  
rochmn03-hb2-pod58-018-ll      90.25K      78.96K  
rochmn03-hb2-pod58-019-ll       3.66K       2.59K  
rochmn03-hb2-pod58-020-ll       70.00      165.00  ! unbalanced I/O
rochmn03-hb2-pod58-021-hl      19.55K      20.73K  
rochmn03-hb2-pod58-021-ll      30.97K      25.75K  
rochmn03-hb2-pod58-022-ll      317.00       40.00  ! unbalanced I/O
rochmn03-hb2-pod58-023-ll      630.00      102.00  ! unbalanced I/O
rochmn03-hb2-pod58-024-ll      315.00      290.00  
rochmn03-hb2-pod58-025-ll      403.00      123.00  ! unbalanced I/O
rochmn03-hb2-pod58-026-hl       1.98K       1.95K  
rochmn03-hb2-pod58-026-ll      12.67K      12.27K  
rochmn03-hb2-pod58-034-hl       1.77K       2.06K  
rochmn03-hb2-pod58-034-ll       4.01K       3.93K  
rochmn03-hb2-pod58-035-hl       4.77K       5.79K  
rochmn03-hb2-pod58-035-ll      48.10K      52.02K  
rochmn03-hb2-pod58-038-hl       29.00      102.00  ! unbalanced I/O
rochmn03-hb2-pod58-038-ll      26.81K      27.90K  
rochmn03-hb2-pod58-039-hl       83.00      213.00  ! unbalanced I/O
rochmn03-hb2-pod58-039-ll       5.24K       4.41K  
rochmn03-hb2-pod58-040-hl      57.93K      64.63K  
rochmn03-hb2-pod58-040-ll      21.80K      17.09K  
rochmn03-hb2-pod58-041-ll       3.32K       2.12K  ! unbalanced I/O
rochmn03-hb2-pod58-042-ll       3.16K       2.20K  
rochmn03-hb2-pod58-043-hl       2.52K       2.69K  
rochmn03-hb2-pod58-043-ll     307.71K     470.57K  ! unbalanced I/O
rochmn03-hb2-pod58-046-ll       2.70K       2.45K  
rochmn03-hb2-pod58-047-hl      78.55K      94.89K  
rochmn03-hb2-pod58-047-ll      21.56K      21.08K  
rochmn03-hb2-pod58-048-hl       16.00       24.00  
rochmn03-hb2-pod58-048-ll      57.88K      56.58K  
rochmn03-hb2-pod58-049-hl      87.19K      82.86K  
rochmn03-hb2-pod58-049-ll      35.56K      31.30K  
rochmn03-hb2-pod58-050-ll       3.70K       2.99K  
rochmn03-hb2-pod58-051-ll       4.24K       2.20K  ! unbalanced I/O
rochmn03-hb2-pod58-052-ll       80.00       25.00  ! unbalanced I/O
rochmn03-hb2-pod58-053-ll       3.40K       2.14K  ! unbalanced I/O
rochmn03-hb2-pod58-056-ll       3.26K       2.40K  
rochmn03-hb2-pod58-057-hl      65.37K      69.49K  
rochmn03-hb2-pod58-057-ll      69.92K     144.91K  ! unbalanced I/O
rochmn03-hb2-pod58-067-ll       3.89K       3.27K  
rochmn03-hb2-pod58-068-ll       2.80K       2.62K  
rochmn03-hb2-pod58-069-ll       4.80K       3.10K  ! unbalanced I/O
rochmn03-hb4-pod58-001-ll      509.00      486.00  
rochmn03-hb4-pod58-002-ll     536.23K     656.50K  

Would you like to ignore this check?
WARNING: Unless the workload you are running is known to be imbalanced, ignoring this check could result in an outage and is NOT recommended.
Ignore anyway? (y/n): y
Overriding iobalance check based on user input
SUCCESS
Wed May 14 01:21:53 AM CDT 2025
     root@rochmn03-pfa-08-581-ct1:~# pureararrray list --controoller
Name  Type              Mode       Model     Version  Status  Internal Details
CT0   array_controller  primary    FA-X50R4  6.5.8    ready   
CT1   array_controller  secondary  FA-X50R3  6.5.8    ready   
     root@rochmn03-pfa-08-581-ct1:~# purearray list --controller
Name  Type              Mode       Model     Version  Status  Internal Details
CT0   array_controller  primary    FA-X50R4  6.5.8    ready   
CT1   array_controller  secondary  FA-X50R3  6.5.8    ready   
     root@rochmn03-pfa-08-581-ct1:~# iobalance --sampetletime 30
sampling host I/O for 30 seconds...
                     Host  CT0 I/O Count  CT1 I/O Count  
rochmn03-hb2-pod58-001-ll      449.00      374.00  
rochmn03-hb2-pod58-002-ll      573.00      505.00  
rochmn03-hb2-pod58-003-ll       38.00       38.00  
rochmn03-hb2-pod58-004-ll       1.14K      764.00  
rochmn03-hb2-pod58-005-hl      144.00      171.00  
rochmn03-hb2-pod58-005-ll      20.69K      12.46K  ! unbalanced I/O
rochmn03-hb2-pod58-006-hl      57.49K      56.99K  
rochmn03-hb2-pod58-006-ll      12.23K       9.09K  
rochmn03-hb2-pod58-007-hl        0.00        0.00  ? Host is idle
rochmn03-hb2-pod58-007-ll       71.00       77.00  
rochmn03-hb2-pod58-008-hl        0.00        0.00  ? Host is idle
rochmn03-hb2-pod58-008-ll      144.00       30.00  ! unbalanced I/O
rochmn03-hb2-pod58-009-hl        0.00        0.00  ? Host is idle
rochmn03-hb2-pod58-009-ll      253.00       20.00  ! unbalanced I/O
rochmn03-hb2-pod58-011-ll        0.00        0.00  ? Host is idle
rochmn03-hb2-pod58-012-ll       1.20K      943.00  
rochmn03-hb2-pod58-013-hl       2.93K       2.95K  
rochmn03-hb2-pod58-013-ll       6.88K       4.89K  
rochmn03-hb2-pod58-014-hl      297.00      228.00  
rochmn03-hb2-pod58-014-ll      261.00       65.00  ! unbalanced I/O
rochmn03-hb2-pod58-015-hl      287.00      484.00  ! unbalanced I/O
rochmn03-hb2-pod58-015-ll      282.00      277.00  
rochmn03-hb2-pod58-017-hl        0.00        2.00  ! no I/O to CT0
rochmn03-hb2-pod58-017-ll      743.00      562.00  
rochmn03-hb2-pod58-018-hl      50.81K      49.82K  
rochmn03-hb2-pod58-018-ll      12.05K      10.89K  
rochmn03-hb2-pod58-019-ll       1.23K       1.01K  
rochmn03-hb2-pod58-020-ll        0.00        0.00  ? Host is idle
rochmn03-hb2-pod58-021-hl      12.76K      15.05K  
rochmn03-hb2-pod58-021-ll      12.88K       5.90K  ! unbalanced I/O
rochmn03-hb2-pod58-022-ll      265.00       31.00  ! unbalanced I/O
rochmn03-hb2-pod58-023-ll      250.00       12.00  ! unbalanced I/O
rochmn03-hb2-pod58-024-ll       32.00       21.00  ! unbalanced I/O
rochmn03-hb2-pod58-025-ll      148.00       90.00  ! unbalanced I/O
rochmn03-hb2-pod58-026-hl      248.00      241.00  
rochmn03-hb2-pod58-026-ll       3.29K       2.65K  
rochmn03-hb2-pod58-034-hl      460.00      566.00  
rochmn03-hb2-pod58-034-ll       1.75K       1.85K  
rochmn03-hb2-pod58-035-hl      947.00       1.73K  ! unbalanced I/O
rochmn03-hb2-pod58-035-ll       9.77K       6.86K  
rochmn03-hb2-pod58-038-hl        1.00        3.00  
rochmn03-hb2-pod58-038-ll       9.57K       7.84K  
rochmn03-hb2-pod58-039-hl        2.00        2.00  
rochmn03-hb2-pod58-039-ll      18.68K      16.42K  
rochmn03-hb2-pod58-040-hl      10.25K       8.95K  
rochmn03-hb2-pod58-040-ll       4.88K       3.42K  
rochmn03-hb2-pod58-041-ll       1.04K      820.00  
rochmn03-hb2-pod58-042-ll      886.00      837.00  
rochmn03-hb2-pod58-043-hl      14.60K      15.65K  
rochmn03-hb2-pod58-043-ll     336.14K     331.27K  
rochmn03-hb2-pod58-046-ll       1.08K      895.00  
rochmn03-hb2-pod58-047-hl       9.67K       7.94K  
rochmn03-hb2-pod58-047-ll       6.27K       4.39K  
rochmn03-hb2-pod58-048-hl        4.00        4.00  
rochmn03-hb2-pod58-048-ll       7.20K       6.28K  
rochmn03-hb2-pod58-049-hl      10.92K       8.51K  
rochmn03-hb2-pod58-049-ll       5.59K       3.93K  
rochmn03-hb2-pod58-050-ll       1.31K       1.10K  
rochmn03-hb2-pod58-051-ll      933.00      751.00  
rochmn03-hb2-pod58-052-ll        0.00        0.00  ? Host is idle
rochmn03-hb2-pod58-053-ll       1.23K      917.00  
rochmn03-hb2-pod58-056-ll       1.41K      445.00  ! unbalanced I/O
rochmn03-hb2-pod58-057-hl       9.73K       8.64K  
rochmn03-hb2-pod58-057-ll      20.99K       8.43K  ! unbalanced I/O
rochmn03-hb2-pod58-067-ll       1.06K      957.00  
rochmn03-hb2-pod58-068-ll      838.00      831.00  
rochmn03-hb2-pod58-069-ll       1.23K      580.00  ! unbalanced I/O
rochmn03-hb4-pod58-001-ll       61.00      114.00  ! unbalanced I/O
rochmn03-hb4-pod58-002-ll      59.91K      48.69K  
     root@rochmn03-pfa-08-581-ct1:~# exit
logout
     root@rochmn03-pfa-08-581-ct0:/var/home/pureeng# purearray list --controller r
Name  Type              Mode       Model     Version  Status  Internal Details
CT0   array_controller  primary    FA-X50R4  6.5.8    ready   
CT1   array_controller  secondary  FA-X50R3  6.5.8    ready   
     root@rochmn03-pfa-08-581-ct0:/var/home/pureeng# puredb pretfer CT0
Name
CT0
     root@rochmn03-pfa-08-581-ct0:/var/home/pureeng# IOBiobalance --sampletime 30
sampling host I/O for 30 seconds...
                     Host  CT0 I/O Count  CT1 I/O Count  
rochmn03-hb2-pod58-001-ll       1.32K        9.00  ! unbalanced I/O
rochmn03-hb2-pod58-002-ll       1.78K       72.00  ! unbalanced I/O
rochmn03-hb2-pod58-003-ll      191.00       27.00  ! unbalanced I/O
rochmn03-hb2-pod58-004-ll       1.46K        0.00  ! no I/O to CT1
rochmn03-hb2-pod58-005-hl       1.10K        0.00  ! no I/O to CT1
rochmn03-hb2-pod58-005-ll      33.51K        0.00  ! no I/O to CT1
rochmn03-hb2-pod58-006-hl     114.62K        0.00  ! no I/O to CT1
rochmn03-hb2-pod58-006-ll      20.83K        7.00  ! unbalanced I/O
rochmn03-hb2-pod58-007-hl        0.00        0.00  ? Host is idle
rochmn03-hb2-pod58-007-ll      413.00        0.00  ! no I/O to CT1
rochmn03-hb2-pod58-008-hl        0.00        0.00  ? Host is idle
rochmn03-hb2-pod58-008-ll      297.00        0.00  ! no I/O to CT1
rochmn03-hb2-pod58-009-hl        0.00        0.00  ? Host is idle
rochmn03-hb2-pod58-009-ll      206.00        0.00  ! no I/O to CT1
rochmn03-hb2-pod58-011-ll        7.00        0.00  ! no I/O to CT1
rochmn03-hb2-pod58-012-ll       2.39K        0.00  ! no I/O to CT1
rochmn03-hb2-pod58-013-hl      18.13K        0.00  ! no I/O to CT1
rochmn03-hb2-pod58-013-ll      16.63K        0.00  ! no I/O to CT1
rochmn03-hb2-pod58-014-hl      480.00       28.00  ! unbalanced I/O
rochmn03-hb2-pod58-014-ll      453.00       21.00  ! unbalanced I/O
rochmn03-hb2-pod58-015-hl      921.00       49.00  ! unbalanced I/O
rochmn03-hb2-pod58-015-ll      500.00       12.00  ! unbalanced I/O
rochmn03-hb2-pod58-017-hl        2.00        0.00  ! no I/O to CT1
rochmn03-hb2-pod58-017-ll       2.16K        0.00  ! no I/O to CT1
rochmn03-hb2-pod58-018-hl     114.92K        0.00  ! no I/O to CT1
rochmn03-hb2-pod58-018-ll      39.13K        8.00  ! unbalanced I/O
rochmn03-hb2-pod58-019-ll       2.43K        0.00  ! no I/O to CT1
rochmn03-hb2-pod58-020-ll        0.00        0.00  ? Host is idle
rochmn03-hb2-pod58-021-hl       8.70K        0.00  ! no I/O to CT1
rochmn03-hb2-pod58-021-ll      60.51K        0.00  ! no I/O to CT1
rochmn03-hb2-pod58-022-ll      127.00        7.00  ! unbalanced I/O
rochmn03-hb2-pod58-023-ll      102.00        0.00  ! no I/O to CT1
rochmn03-hb2-pod58-024-ll      171.00        0.00  ! no I/O to CT1
rochmn03-hb2-pod58-025-ll       15.00        0.00  ! no I/O to CT1
rochmn03-hb2-pod58-026-hl      379.00        0.00  ! no I/O to CT1
rochmn03-hb2-pod58-026-ll       8.43K        7.00  ! unbalanced I/O
rochmn03-hb2-pod58-034-hl      584.00       35.00  ! unbalanced I/O
rochmn03-hb2-pod58-034-ll       3.55K       35.00  ! unbalanced I/O
rochmn03-hb2-pod58-035-hl      11.43K       21.00  ! unbalanced I/O
rochmn03-hb2-pod58-035-ll      33.72K       29.00  ! unbalanced I/O
rochmn03-hb2-pod58-038-hl        4.00        0.00  ! no I/O to CT1
rochmn03-hb2-pod58-038-ll      15.36K        0.00  ! no I/O to CT1
rochmn03-hb2-pod58-039-hl       40.00       22.00  ! unbalanced I/O
rochmn03-hb2-pod58-039-ll      36.05K       54.00  ! unbalanced I/O
rochmn03-hb2-pod58-040-hl      22.03K        0.00  ! no I/O to CT1
rochmn03-hb2-pod58-040-ll      25.37K        0.00  ! no I/O to CT1
rochmn03-hb2-pod58-041-ll       2.29K        8.00  ! unbalanced I/O
rochmn03-hb2-pod58-042-ll       1.74K        8.00  ! unbalanced I/O
rochmn03-hb2-pod58-043-hl      50.06K        7.00  ! unbalanced I/O
rochmn03-hb2-pod58-043-ll     246.46K       14.00  ! unbalanced I/O
rochmn03-hb2-pod58-046-ll       1.50K        0.00  ! no I/O to CT1
rochmn03-hb2-pod58-047-hl      35.35K       18.00  ! unbalanced I/O
rochmn03-hb2-pod58-047-ll       8.56K       41.00  ! unbalanced I/O
rochmn03-hb2-pod58-048-hl        8.00        0.00  ! no I/O to CT1
rochmn03-hb2-pod58-048-ll      27.85K        0.00  ! no I/O to CT1
rochmn03-hb2-pod58-049-hl      35.85K        0.00  ! no I/O to CT1
rochmn03-hb2-pod58-049-ll      11.14K       20.00  ! unbalanced I/O
rochmn03-hb2-pod58-050-ll       2.30K       20.00  ! unbalanced I/O
rochmn03-hb2-pod58-051-ll       2.66K        0.00  ! no I/O to CT1
rochmn03-hb2-pod58-052-ll        0.00        0.00  ? Host is idle
rochmn03-hb2-pod58-053-ll       2.29K       14.00  ! unbalanced I/O
rochmn03-hb2-pod58-056-ll      929.00        0.00  ! no I/O to CT1
rochmn03-hb2-pod58-057-hl      21.84K        0.00  ! no I/O to CT1
rochmn03-hb2-pod58-057-ll      15.54K       20.00  ! unbalanced I/O
rochmn03-hb2-pod58-067-ll       1.72K        7.00  ! unbalanced I/O
rochmn03-hb2-pod58-068-ll       1.40K        0.00  ! no I/O to CT1
rochmn03-hb2-pod58-069-ll       2.21K        0.00  ! no I/O to CT1
rochmn03-hb4-pod58-001-ll      138.00        7.00  ! unbalanced I/O
rochmn03-hb4-pod58-002-ll     167.10K       49.00  ! unbalanced I/O
     root@rochmn03-pfa-08-581-ct0:/var/home/pureeng# pureennetwork fc list
Name      Enabled  WWN                      Speed       Services
CT0.FC4   True     52:4A:93:75:71:13:45:08  32.00 Gb/s  scsi-fc
CT0.FC5   True     52:4A:93:75:71:13:45:09  32.00 Gb/s  scsi-fc
CT0.FC6   True     52:4A:93:75:71:13:45:06  32.00 Gb/s  scsi-fc
CT0.FC7   True     52:4A:93:75:71:13:45:07  32.00 Gb/s  scsi-fc
CT0.FC12  True     52:4A:93:75:71:13:45:00  32.00 Gb/s  scsi-fc
CT0.FC13  True     52:4A:93:75:71:13:45:01  32.00 Gb/s  scsi-fc
CT0.FC14  True     52:4A:93:75:71:13:45:02  32.00 Gb/s  scsi-fc
CT0.FC15  True     52:4A:93:75:71:13:45:03  32.00 Gb/s  scsi-fc
CT1.FC0   True     52:4A:93:75:71:13:45:10  16.00 Gb/s  scsi-fc
CT1.FC1   True     52:4A:93:75:71:13:45:11  16.00 Gb/s  scsi-fc
CT1.FC2   True     52:4A:93:75:71:13:45:12  16.00 Gb/s  scsi-fc
CT1.FC3   True     52:4A:93:75:71:13:45:13  16.00 Gb/s  scsi-fc
CT1.FC4   True     52:4A:93:75:71:13:45:14  32.00 Gb/s  scsi-fc
CT1.FC5   True     52:4A:93:75:71:13:45:15  32.00 Gb/s  scsi-fc
CT1.FC6   True     52:4A:93:75:71:13:45:16  32.00 Gb/s  scsi-fc
CT1.FC7   True     52:4A:93:75:71:13:45:17  32.00 Gb/s  scsi-fc
CT1.FC8   True     52:4A:93:75:71:13:45:18  16.00 Gb/s  scsi-fc
CT1.FC9   True     52:4A:93:75:71:13:45:19  16.00 Gb/s  scsi-fc
     root@rochmn03-pfa-08-581-ct0:/var/home/pureeng# purenetwork fc disable ct1. fc0
Name     Enabled  WWN  Speed       Active Services  Services
ct1.fc0  False    -    16.00 Gb/s  -                scsi-fc
     root@rochmn03-pfa-08-581-ct0:/var/home/pureeng# purenetwork fc disable ct1.fc01
Name     Enabled  WWN  Speed       Active Services  Services
ct1.fc1  False    -    16.00 Gb/s  -                scsi-fc
     root@rochmn03-pfa-08-581-ct0:/var/home/pureeng# purenetwork fc disable ct1.fc12
Name     Enabled  WWN  Speed       Active Services  Services
ct1.fc2  False    -    16.00 Gb/s  -                scsi-fc
     root@rochmn03-pfa-08-581-ct0:/var/home/pureeng# purenetwork fc disable ct1.fc23
Name     Enabled  WWN  Speed       Active Services  Services
ct1.fc3  False    -    16.00 Gb/s  -                scsi-fc
     root@rochmn03-pfa-08-581-ct0:/var/home/pureeng# purenetwork fc disable ct1.fc34
Name     Enabled  WWN  Speed       Active Services  Services
ct1.fc4  False    -    32.00 Gb/s  -                scsi-fc
     root@rochmn03-pfa-08-581-ct0:/var/home/pureeng# purenetwork fc disable ct1.fc45
Name     Enabled  WWN  Speed       Active Services  Services
ct1.fc5  False    -    32.00 Gb/s  -                scsi-fc
     root@rochmn03-pfa-08-581-ct0:/var/home/pureeng# purenetwork fc disable ct1.fc56
Name     Enabled  WWN  Speed       Active Services  Services
ct1.fc6  False    -    32.00 Gb/s  -                scsi-fc
     root@rochmn03-pfa-08-581-ct0:/var/home/pureeng# purenetwork fc disable ct1.fc67
Name     Enabled  WWN  Speed       Active Services  Services
ct1.fc7  False    -    32.00 Gb/s  -                scsi-fc
     root@rochmn03-pfa-08-581-ct0:/var/home/pureeng# purenetwork fc disable ct1.fc78
Name     Enabled  WWN  Speed       Active Services  Services
ct1.fc8  False    -    16.00 Gb/s  -                scsi-fc
     root@rochmn03-pfa-08-581-ct0:/var/home/pureeng# purenetwork fc disable ct1.fc89
Name     Enabled  WWN  Speed       Active Services  Services
ct1.fc9  False    -    16.00 Gb/s  -                scsi-fc
     root@rochmn03-pfa-08-581-ct0:/var/home/pureeng# pureennetwork fc list
Name      Enabled  WWN                      Speed       Services
CT0.FC4   True     52:4A:93:75:71:13:45:08  32.00 Gb/s  scsi-fc
CT0.FC5   True     52:4A:93:75:71:13:45:09  32.00 Gb/s  scsi-fc
CT0.FC6   True     52:4A:93:75:71:13:45:06  32.00 Gb/s  scsi-fc
CT0.FC7   True     52:4A:93:75:71:13:45:07  32.00 Gb/s  scsi-fc
CT0.FC12  True     52:4A:93:75:71:13:45:00  32.00 Gb/s  scsi-fc
CT0.FC13  True     52:4A:93:75:71:13:45:01  32.00 Gb/s  scsi-fc
CT0.FC14  True     52:4A:93:75:71:13:45:02  32.00 Gb/s  scsi-fc
CT0.FC15  True     52:4A:93:75:71:13:45:03  32.00 Gb/s  scsi-fc
CT1.FC0   False    52:4A:93:75:71:13:45:10  16.00 Gb/s  scsi-fc
CT1.FC1   False    52:4A:93:75:71:13:45:11  16.00 Gb/s  scsi-fc
CT1.FC2   False    52:4A:93:75:71:13:45:12  16.00 Gb/s  scsi-fc
CT1.FC3   False    52:4A:93:75:71:13:45:13  16.00 Gb/s  scsi-fc
CT1.FC4   False    52:4A:93:75:71:13:45:14  32.00 Gb/s  scsi-fc
CT1.FC5   False    52:4A:93:75:71:13:45:15  32.00 Gb/s  scsi-fc
CT1.FC6   False    52:4A:93:75:71:13:45:16  32.00 Gb/s  scsi-fc
CT1.FC7   False    52:4A:93:75:71:13:45:17  32.00 Gb/s  scsi-fc
CT1.FC8   False    52:4A:93:75:71:13:45:18  16.00 Gb/s  scsi-fc
CT1.FC9   False    52:4A:93:75:71:13:45:19  16.00 Gb/s  scsi-fc
     root@rochmn03-pfa-08-581-ct0:/var/home/pureeng# iobalance --sampletime 30
sampling host I/O for 30 seconds...
                     Host  CT0 I/O Count  CT1 I/O Count  
rochmn03-hb2-pod58-001-ll       4.03K        0.00  ! no I/O to CT1
rochmn03-hb2-pod58-002-ll       3.31K        0.00  ! no I/O to CT1
rochmn03-hb2-pod58-003-ll      464.00        0.00  ! no I/O to CT1
rochmn03-hb2-pod58-004-ll       1.09K        0.00  ! no I/O to CT1
rochmn03-hb2-pod58-005-hl      360.00        0.00  ! no I/O to CT1
rochmn03-hb2-pod58-005-ll      24.70K        0.00  ! no I/O to CT1
rochmn03-hb2-pod58-006-hl     127.95K        0.00  ! no I/O to CT1
rochmn03-hb2-pod58-006-ll      14.34K        0.00  ! no I/O to CT1
rochmn03-hb2-pod58-007-hl        0.00        0.00  ? Host is idle
rochmn03-hb2-pod58-007-ll      408.00        0.00  ! no I/O to CT1
rochmn03-hb2-pod58-008-hl        0.00        0.00  ? Host is idle
rochmn03-hb2-pod58-008-ll      282.00        0.00  ! no I/O to CT1
rochmn03-hb2-pod58-009-hl        0.00        0.00  ? Host is idle
rochmn03-hb2-pod58-009-ll      297.00        0.00  ! no I/O to CT1
rochmn03-hb2-pod58-011-ll      243.00        0.00  ! no I/O to CT1
rochmn03-hb2-pod58-012-ll       1.92K        0.00  ! no I/O to CT1
rochmn03-hb2-pod58-013-hl      16.20K        0.00  ! no I/O to CT1
rochmn03-hb2-pod58-013-ll       7.59K        0.00  ! no I/O to CT1
rochmn03-hb2-pod58-014-hl      32.14K        0.00  ! no I/O to CT1
rochmn03-hb2-pod58-014-ll      23.86K        0.00  ! no I/O to CT1
rochmn03-hb2-pod58-015-hl      20.66K        0.00  ! no I/O to CT1
rochmn03-hb2-pod58-015-ll      16.63K        0.00  ! no I/O to CT1
rochmn03-hb2-pod58-017-hl        2.00        0.00  ! no I/O to CT1
rochmn03-hb2-pod58-017-ll      868.00        0.00  ! no I/O to CT1
rochmn03-hb2-pod58-018-hl     101.32K        0.00  ! no I/O to CT1
rochmn03-hb2-pod58-018-ll      33.88K        0.00  ! no I/O to CT1
rochmn03-hb2-pod58-019-ll       1.68K        0.00  ! no I/O to CT1
rochmn03-hb2-pod58-020-ll      111.00        0.00  ! no I/O to CT1
rochmn03-hb2-pod58-021-hl       5.86K        0.00  ! no I/O to CT1
rochmn03-hb2-pod58-021-ll      22.91K        0.00  ! no I/O to CT1
rochmn03-hb2-pod58-022-ll      385.00        0.00  ! no I/O to CT1
rochmn03-hb2-pod58-023-ll      301.00        0.00  ! no I/O to CT1
rochmn03-hb2-pod58-024-ll      180.00        0.00  ! no I/O to CT1
rochmn03-hb2-pod58-025-ll      340.00        0.00  ! no I/O to CT1
rochmn03-hb2-pod58-026-hl      390.00        0.00  ! no I/O to CT1
rochmn03-hb2-pod58-026-ll       5.29K        0.00  ! no I/O to CT1
rochmn03-hb2-pod58-034-hl      32.77K        0.00  ! no I/O to CT1
rochmn03-hb2-pod58-034-ll      35.15K        0.00  ! no I/O to CT1
rochmn03-hb2-pod58-035-hl      25.20K        0.00  ! no I/O to CT1
rochmn03-hb2-pod58-035-ll      44.58K        0.00  ! no I/O to CT1
rochmn03-hb2-pod58-038-hl        4.00        0.00  ! no I/O to CT1
rochmn03-hb2-pod58-038-ll       9.58K        0.00  ! no I/O to CT1
rochmn03-hb2-pod58-039-hl      113.00        0.00  ! no I/O to CT1
rochmn03-hb2-pod58-039-ll       3.27K        0.00  ! no I/O to CT1
rochmn03-hb2-pod58-040-hl      36.31K        0.00  ! no I/O to CT1
rochmn03-hb2-pod58-040-ll       9.08K        0.00  ! no I/O to CT1
rochmn03-hb2-pod58-041-ll       2.87K        0.00  ! no I/O to CT1
rochmn03-hb2-pod58-042-ll       1.25K        0.00  ! no I/O to CT1
rochmn03-hb2-pod58-043-hl      18.61K        0.00  ! no I/O to CT1
rochmn03-hb2-pod58-043-ll     297.91K        0.00  ! no I/O to CT1
rochmn03-hb2-pod58-046-ll       1.10K        0.00  ! no I/O to CT1
rochmn03-hb2-pod58-047-hl      21.08K        0.00  ! no I/O to CT1
rochmn03-hb2-pod58-047-ll       5.34K        0.00  ! no I/O to CT1
rochmn03-hb2-pod58-048-hl       12.00        0.00  ! no I/O to CT1
rochmn03-hb2-pod58-048-ll       8.21K        0.00  ! no I/O to CT1
rochmn03-hb2-pod58-049-hl      20.33K        0.00  ! no I/O to CT1
rochmn03-hb2-pod58-049-ll      10.05K        0.00  ! no I/O to CT1
rochmn03-hb2-pod58-050-ll       1.61K        0.00  ! no I/O to CT1
rochmn03-hb2-pod58-051-ll       1.54K        0.00  ! no I/O to CT1
rochmn03-hb2-pod58-052-ll        0.00        0.00  ? Host is idle
rochmn03-hb2-pod58-053-ll       1.68K        0.00  ! no I/O to CT1
rochmn03-hb2-pod58-056-ll       1.05K        0.00  ! no I/O to CT1
rochmn03-hb2-pod58-057-hl      31.15K        0.00  ! no I/O to CT1
rochmn03-hb2-pod58-057-ll      16.09K        0.00  ! no I/O to CT1
rochmn03-hb2-pod58-067-ll       1.91K        0.00  ! no I/O to CT1
rochmn03-hb2-pod58-068-ll       2.26K        0.00  ! no I/O to CT1
rochmn03-hb2-pod58-069-ll       1.45K        0.00  ! no I/O to CT1
rochmn03-hb4-pod58-001-ll      181.00        0.00  ! no I/O to CT1
rochmn03-hb4-pod58-002-ll     181.67K        0.00  ! no I/O to CT1
     root@rochmn03-pfa-08-581-ct0:/var/home/pureeng# list=`pureport list --initiator`; echo; for i in {0..1}; do for j in {4..18}; do cnt=`echo "$list"|grep CT$i.FC$j|wc -l`;echo CT$i.FC$j $cnt; done; echo; done

CT0.FC4 47
CT0.FC5 47
CT0.FC6 0
CT0.FC7 0
CT0.FC8 0
CT0.FC9 0
CT0.FC10 0
CT0.FC11 0
CT0.FC12 47
CT0.FC13 47
CT0.FC14 0
CT0.FC15 0
CT0.FC16 0
CT0.FC17 0
CT0.FC18 0

CT1.FC4 0
CT1.FC5 0
CT1.FC6 0
CT1.FC7 0
CT1.FC8 0
CT1.FC9 0
CT1.FC10 0
CT1.FC11 0
CT1.FC12 0
CT1.FC13 0
CT1.FC14 0
CT1.FC15 0
CT1.FC16 0
CT1.FC17 0
CT1.FC18 0

     root@rochmn03-pfa-08-581-ct0:/var/home/pureeng# purearray list --controller r
Name  Type              Mode       Model     Version  Status  Internal Details
CT0   array_controller  primary    FA-X50R4  6.5.8    ready   
CT1   array_controller  secondary  FA-X50R3  6.5.8    ready   
     root@rochmn03-pfa-08-581-ct0:/var/home/pureeng# 
Purity

PCTFJ242401CF login: puresetup
Password: 
Last login: Wed May 14 04:14:41 UTC 2025 on ttyS0

Wed May 14 06:43:00 2025
Welcome puresetup. This is Purity Version 6.5.8 on FlashArray PCTFJ242401CF
http://www.purestorage.com/
puresetup@PCTFJ242401CF:~$ pureboot list
===================================================================
=                            NOTICE                               =
===================================================================
=                                                                 =
=    Firmware is currently being checked and/or updated           =
=    on this controller.                                          =
=                                                                 =
=    If updates are necessary they will be applied automatically, =
=    and one or more automatic reboots may occur as a result.     =
=    A completion notice will be provided when done.              =
=                                                                 =
=    DO NOT RESTART OR REMOVE POWER WHILE UPDATE IS IN PROGRESS   =
=                                                                 =
===================================================================


Marked entry (*) is currently running
Marked entry (-->) will run at next reboot
    0. Purity 6.5.5 (202404130351+34e2b1e66ad3) with kernel 5.15.123+ (202403191505+d9f0e688c788) on first (/dev/sda3)
*-->1. Purity 6.5.8 (202408090136+b967c2f84655) with kernel 5.15.123+ (202407140227+e4052619b975) on second (/dev/sda4)
puresetup@PCTFJ242401CF:~$                                                                                
Broadcast message from root@PCTFJ242401CF (somewhere) (Wed May 14 06:44:35 2025
                                                                               
===================================================================            
=                   UPDATE AND/OR CHECK COMPLETE                  =            
=                                                                 =            
=    The firmware checks/updates on this system are now complete. =            
=    No further action is required, and the controller will       =            
=    continue running as usual                                    =            
=                                                                 =            
===================================================================            
                                                                               
                                                                               

puresetup@PCTFJ242401CF:~$ puresetup replace --from-controller FA-X50R3 
##########################################
#   Welcome to the Purity Setup Wizard   #
##########################################
Controller hardware model is compatible with the controller purity version
[Errno 111] Connection refused
Local controller model is FA-X50R4.
Drive detected storage type is X.
FA-X50R3 found to be replaced by FA-X50R4 has storage type X.
Controller type supports multiple storage types, detecting type of storage installed...
Detected storage type X
Pre-existing storage type X was found on the device
Successfully configured storage type X for array controller
Check Cobalt NDU controllers.. OK
Check RDL..................... OK
Check shelf cabling........... OK
Check controller link......... OK
Check power supply............ OK
Check PCIE AER errors......... OK
Check io card pci id's........ OK
Check LOM MAC addresses....... OK
Getting local controller type. Local controller type is cobalt_a.
Getting local controller variant. Not a generic controller, Exiting.
Checking peer controller for tunables

Apply PS_DISABLE_ERADICATION = 1 # 01116954
 (y/n):y
Apply PS_DISABLE_ERADICATION = 1 # 01116954
 (y/n): y
Tunable parameter set: PS_DISABLE_ERADICATION=1

Apply FMM_DRIVE_EVENT_RETIRE_SCAN_INTERVAL_MINUTE = 30 # PURE-260696
 (y/n):y
Apply FMM_DRIVE_EVENT_RETIRE_SCAN_INTERVAL_MINUTE = 30 # PURE-260696
 (y/n): y
Tunable parameter set: FMM_DRIVE_EVENT_RETIRE_SCAN_INTERVAL_MINUTE=30

Apply ATOM_5206 = 1 #
 (y/n):y
Apply ATOM_5206 = 1 #
 (y/n): y
Tunable parameter set: ATOM_5206=1

Apply PS_FILEGW_SMB_HIDE_DOT_SNAPSHOT = 0 # Set during upgrade to 6.3.15 - CLOUD
 (y/n):y
Apply PS_FILEGW_SMB_HIDE_DOT_SNAPSHOT = 0 # Set during upgrade to 6.3.15 - CLOUD
 (y/n): y
Tunable parameter set: PS_FILEGW_SMB_HIDE_DOT_SNAPSHOT=0

Apply ATOM_10072 = GH # CLOUD-152371
 (y/n):y
Apply ATOM_10072 = GH # CLOUD-152371
 (y/n): y
Tunable parameter set: ATOM_10072=GH

Apply ATOM_SECURITY_PATCH_FA_2025_A = PCTFJ20170009,PCTFJ21070052,6.5.8 # CLOUD-
 (y/n):y
Apply ATOM_SECURITY_PATCH_FA_2025_A = PCTFJ20170009,PCTFJ21070052,6.5.8 # CLOUD-
 (y/n): y
Tunable parameter set: ATOM_SECURITY_PATCH_FA_2025_A=PCTFJ20170009,PCTFJ21070052,6.5.8
Stopping purity to ensure tunables are properly loaded.
Press ENTER to reboot

Please run puresetup again after reboot.
[Errno 111] Connection refused
 GNU GRUB  version 2.06

/----------------------------------------------------------------------------\||||||||||||||||||||||||||\----------------------------------------------------------------------------/     Use the ^ and v keys to select which entry is highlighted.          
      Press enter to boot the selected OS, `e' to edit the commands       
      before booting or `c' for a command-line.                             Purity 6.5.5 (202404130351+34e2b1e66ad3) with kernel 5.15.123+ (2024031915>
*Purity 6.5.8 (202408090136+b967c2f84655) with kernel 5.15.123+ (2024071402>
                                                                                                                                                                                                                                                                                                                                                                                                                                                                                                                                                                                                                                                                                                                                                                                                                                                                        The highlighted entry will be executed automatically in 3s.                    The highlighted entry will be executed automatically in 2s.                    The highlighted entry will be executed automatically in 1s.                    The highlighted entry will be executed automatically in 0s.                 
Purity

PCTFJ242401CF login: puresetup
Password: 
Last login: Wed May 14 06:42:59 UTC 2025 on ttyS0

Wed May 14 06:48:34 2025
Welcome puresetup. This is Purity Version 6.5.8 on FlashArray PCTFJ242401CF
http://www.purestorage.com/
puresetup@PCTFJ242401CF:~$ pureboot list

Marked entry (*) is currently running
Marked entry (-->) will run at next reboot
    0. Purity 6.5.5 (202404130351+34e2b1e66ad3) with kernel 5.15.123+ (202403191505+d9f0e688c788) on first (/dev/sda3)
*-->1. Purity 6.5.8 (202408090136+b967c2f84655) with kernel 5.15.123+ (202407140227+e4052619b975) on second (/dev/sda4)
puresetup@PCTFJ242401CF:~$ puresetup replace --from-controller FA-X50R3
##########################################
#   Welcome to the Purity Setup Wizard   #
##########################################
Controller hardware model is compatible with the controller purity version
[Errno 111] Connection refused
Local controller model is FA-X50R4.
Drive detected storage type is X.
FA-X50R3 found to be replaced by FA-X50R4 has storage type X.
Controller type supports multiple storage types, detecting type of storage installed...
Detected storage type X
Pre-existing storage type X was found on the device
Successfully configured storage type X for array controller
Check Cobalt NDU controllers.. OK
Check RDL..................... OK
Check shelf cabling........... OK
Check controller link......... OK
Check power supply............ OK
Check PCIE AER errors......... OK
Check io card pci id's........ OK
Check LOM MAC addresses....... OK
Getting local controller type. Local controller type is cobalt_a.
Getting local controller variant. Not a generic controller, Exiting.
Checking peer controller for tunables
purity.service stablized: done
purity start/running
platform: ..done
foed: .done
gui: ....done
rest: done
platform_env: 0.done
quorum: ......done
foed_env: 1.1.1.1.1.0.done
foed_ready: done
remote_patch: done
driver: done
san: Skip waiting for san during HW NDU
[FA-X50R3.CT1.ETH1] does not need to be migrated since it has no configuration and is not a subinterface.
[FA-X50R3.CT1.ETH3] does not need to be migrated since it has no configuration and is not a subinterface.
[FA-X50R3.CT1.ETH6] does not need to be migrated since it has no configuration and is not a subinterface.
[FA-X50R3.CT1.ETH7] does not need to be migrated since it has no configuration and is not a subinterface.
[FA-X50R3.CT1.ETH8] does not need to be migrated since it has no configuration and is not a subinterface.
[FA-X50R3.CT1.ETH9] does not need to be migrated since it has no configuration and is not a subinterface.
Please move ports as shown below:
[FA-X50R3.CT1.ETH0] ====>> [FA-X50R4.CT1.ETH4](Slot: LOM)
[FA-X50R3.CT1.ETH2] ====>> [FA-X50R4.CT1.ETH2](Slot: LOM)
[FA-X50R3.CT1.ETH4] ====>> [FA-X50R4.CT1.ETH14](Slot:2)
Press Enter to show more lines...
[FA-X50R3.CT1.ETH5] ====>> [FA-X50R4.CT1.ETH15](Slot:2)
[FA-X50R3.CT1.FC0] ====>> [FA-X50R4.CT1.FC12](Slot:3)
[FA-X50R3.CT1.FC1] ====>> [FA-X50R4.CT1.FC13](Slot:3)
[FA-X50R3.CT1.FC2] ====>> [FA-X50R4.CT1.FC14](Slot:3)
[FA-X50R3.CT1.FC3] ====>> [FA-X50R4.CT1.FC15](Slot:3)
[FA-X50R3.CT1.FC4] ====>> [FA-X50R4.CT1.FC4](Slot:1)
[FA-X50R3.CT1.FC5] ====>> [FA-X50R4.CT1.FC5](Slot:1)
[FA-X50R3.CT1.FC6] ====>> [FA-X50R4.CT1.FC6](Slot:1)
[FA-X50R3.CT1.FC7] ====>> [FA-X50R4.CT1.FC7](Slot:1)
Exit the upgrade process: 
Error: Unable to migrate ports configuration:
[FA-X50R3.CT1.FC8, FA-X50R3.CT1.FC9]
because target ports are missing.
The following ports cannot migrate from old controller to new controller: {}
To discard the network port configuration for all missing ports, run the puresetup replace command with the option '--allow-lose-netconfig'
CONFIG_TASK_COMPLETED:CONFIG_TASK_PURESETUP_EXITED
puresetup@PCTFJ242401CF:~$                                                                                
Broadcast message from root@rochmn03-pfa-08-581-ct1 (somewhere) (Wed May 14 06:
                                                                               
                                                                               
Purity//FA Information System Status                                           
====================================                                           
Purity//FA has successfully started for                                        
the first time after an install                                                
or upgrade. Purity//FA 6.5.8 (202408090136+b967c2f84655-65x)                   
is now set to be the default.                                                  
                                                                               

puresetup@PCTFJ242401CF:~$ pureport list
Name       WWN                      Portal             IQN                                                      NQN  Failover
CT0.ETH14  -                        10.92.128.12:3260  iqn.2010-06.com.purestorage:flasharray.14bf6b4343fee6a8  -    -
CT0.ETH15  -                        10.92.128.13:3260  iqn.2010-06.com.purestorage:flasharray.14bf6b4343fee6a8  -    -
CT0.FC4    52:4A:93:75:71:13:45:08  -                  -                                                        -    -
CT0.FC5    52:4A:93:75:71:13:45:09  -                  -                                                        -    -
CT0.FC6    52:4A:93:75:71:13:45:06  -                  -                                                        -    -
CT0.FC7    52:4A:93:75:71:13:45:07  -                  -                                                        -    -
CT0.FC12   52:4A:93:75:71:13:45:00  -                  -                                                        -    -
CT0.FC13   52:4A:93:75:71:13:45:01  -                  -                                                        -    -
CT0.FC14   52:4A:93:75:71:13:45:02  -                  -                                                        -    -
CT0.FC15   52:4A:93:75:71:13:45:03  -                  -                                                        -    -
CT1.ETH14  -                        10.92.128.14:3260  iqn.2010-06.com.purestorage:flasharray.14bf6b4343fee6a8  -    -
CT1.ETH15  -                        10.92.128.15:3260  iqn.2010-06.com.purestorage:flasharray.14bf6b4343fee6a8  -    -
CT1.FC4    52:4A:93:75:71:13:45:10  -                  -                                                        -    -
CT1.FC5    52:4A:93:75:71:13:45:15  -                  -                                                        -    -
CT1.FC6    52:4A:93:75:71:13:45:16  -                  -                                                        -    -
CT1.FC7    52:4A:93:75:71:13:45:17  -                  -                                                        -    -
CT1.FC12   52:4A:93:75:71:13:45:11  -                  -                                                        -    -
CT1.FC13   52:4A:93:75:71:13:45:12  -                  -                                                        -    -
CT1.FC14   52:4A:93:75:71:13:45:13  -                  -                                                        -    -
CT1.FC15   52:4A:93:75:71:13:45:18  -                  -                                                        -    -
puresetup@PCTFJ242401CF:~$ pureport list
Name       WWN                      Portal             IQN                                                      NQN  Failover
CT0.ETH14  -                        10.92.128.12:3260  iqn.2010-06.com.purestorage:flasharray.14bf6b4343fee6a8  -    -
CT0.ETH15  -                        10.92.128.13:3260  iqn.2010-06.com.purestorage:flasharray.14bf6b4343fee6a8  -    -
CT0.FC4    52:4A:93:75:71:13:45:08  -                  -                                                        -    -
CT0.FC5    52:4A:93:75:71:13:45:09  -                  -                                                        -    -
CT0.FC6    52:4A:93:75:71:13:45:06  -                  -                                                        -    -
CT0.FC7    52:4A:93:75:71:13:45:07  -                  -                                                        -    -
CT0.FC12   52:4A:93:75:71:13:45:00  -                  -                                                        -    -
CT0.FC13   52:4A:93:75:71:13:45:01  -                  -                                                        -    -
CT0.FC14   52:4A:93:75:71:13:45:02  -                  -                                                        -    -
CT0.FC15   52:4A:93:75:71:13:45:03  -                  -                                                        -    -
CT1.ETH14  -                        10.92.128.14:3260  iqn.2010-06.com.purestorage:flasharray.14bf6b4343fee6a8  -    -
CT1.ETH15  -                        10.92.128.15:3260  iqn.2010-06.com.purestorage:flasharray.14bf6b4343fee6a8  -    -
CT1.FC4    52:4A:93:75:71:13:45:12  -                  -                                                        -    -
CT1.FC5    52:4A:93:75:71:13:45:15  -                  -                                                        -    -
CT1.FC6    52:4A:93:75:71:13:45:16  -                  -                                                        -    -
CT1.FC7    52:4A:93:75:71:13:45:17  -                  -                                                        -    -
CT1.FC12   52:4A:93:75:71:13:45:10  -                  -                                                        -    -
CT1.FC13   52:4A:93:75:71:13:45:11  -                  -                                                        -    -
CT1.FC14   52:4A:93:75:71:13:45:13  -                  -                                                        -    -
CT1.FC15   52:4A:93:75:71:13:45:18  -                  -                                                        -    -
puresetup@PCTFJ242401CF:~$ pureport list
Name       WWN                      Portal             IQN                                                      NQN  Failover
CT0.ETH14  -                        10.92.128.12:3260  iqn.2010-06.com.purestorage:flasharray.14bf6b4343fee6a8  -    -
CT0.ETH15  -                        10.92.128.13:3260  iqn.2010-06.com.purestorage:flasharray.14bf6b4343fee6a8  -    -
CT0.FC4    52:4A:93:75:71:13:45:08  -                  -                                                        -    -
CT0.FC5    52:4A:93:75:71:13:45:09  -                  -                                                        -    -
CT0.FC6    52:4A:93:75:71:13:45:06  -                  -                                                        -    -
CT0.FC7    52:4A:93:75:71:13:45:07  -                  -                                                        -    -
CT0.FC12   52:4A:93:75:71:13:45:00  -                  -                                                        -    -
CT0.FC13   52:4A:93:75:71:13:45:01  -                  -                                                        -    -
CT0.FC14   52:4A:93:75:71:13:45:02  -                  -                                                        -    -
CT0.FC15   52:4A:93:75:71:13:45:03  -                  -                                                        -    -
CT1.ETH14  -                        10.92.128.14:3260  iqn.2010-06.com.purestorage:flasharray.14bf6b4343fee6a8  -    -
CT1.ETH15  -                        10.92.128.15:3260  iqn.2010-06.com.purestorage:flasharray.14bf6b4343fee6a8  -    -
CT1.FC4    52:4A:93:75:71:13:45:18  -                  -                                                        -    -
CT1.FC5    52:4A:93:75:71:13:45:15  -                  -                                                        -    -
CT1.FC6    52:4A:93:75:71:13:45:16  -                  -                                                        -    -
CT1.FC7    52:4A:93:75:71:13:45:17  -                  -                                                        -    -
CT1.FC12   52:4A:93:75:71:13:45:10  -                  -                                                        -    -
CT1.FC13   52:4A:93:75:71:13:45:11  -                  -                                                        -    -
CT1.FC14   52:4A:93:75:71:13:45:13  -                  -                                                        -    -
CT1.FC15   52:4A:93:75:71:13:45:12  -                  -                                                        -    -
puresetup@PCTFJ242401CF:~$ pureport list
Name       WWN                      Portal             IQN                                                      NQN  Failover
CT0.ETH14  -                        10.92.128.12:3260  iqn.2010-06.com.purestorage:flasharray.14bf6b4343fee6a8  -    -
CT0.ETH15  -                        10.92.128.13:3260  iqn.2010-06.com.purestorage:flasharray.14bf6b4343fee6a8  -    -
CT0.FC4    52:4A:93:75:71:13:45:08  -                  -                                                        -    -
CT0.FC5    52:4A:93:75:71:13:45:09  -                  -                                                        -    -
CT0.FC6    52:4A:93:75:71:13:45:06  -                  -                                                        -    -
CT0.FC7    52:4A:93:75:71:13:45:07  -                  -                                                        -    -
CT0.FC12   52:4A:93:75:71:13:45:00  -                  -                                                        -    -
CT0.FC13   52:4A:93:75:71:13:45:01  -                  -                                                        -    -
CT0.FC14   52:4A:93:75:71:13:45:02  -                  -                                                        -    -
CT0.FC15   52:4A:93:75:71:13:45:03  -                  -                                                        -    -
CT1.ETH14  -                        10.92.128.14:3260  iqn.2010-06.com.purestorage:flasharray.14bf6b4343fee6a8  -    -
CT1.ETH15  -                        10.92.128.15:3260  iqn.2010-06.com.purestorage:flasharray.14bf6b4343fee6a8  -    -
CT1.FC4    52:4A:93:75:71:13:45:18  -                  -                                                        -    -
CT1.FC5    52:4A:93:75:71:13:45:15  -                  -                                                        -    -
CT1.FC6    52:4A:93:75:71:13:45:16  -                  -                                                        -    -
CT1.FC7    52:4A:93:75:71:13:45:17  -                  -                                                        -    -
CT1.FC12   52:4A:93:75:71:13:45:10  -                  -                                                        -    -
CT1.FC13   52:4A:93:75:71:13:45:11  -                  -                                                        -    -
CT1.FC14   52:4A:93:75:71:13:45:13  -                  -                                                        -    -
CT1.FC15   52:4A:93:75:71:13:45:12  -                  -                                                        -    -
puresetup@PCTFJ242401CF:~$ pureport list
Name       WWN                      Portal             IQN                                                      NQN  Failover
CT0.ETH14  -                        10.92.128.12:3260  iqn.2010-06.com.purestorage:flasharray.14bf6b4343fee6a8  -    -
CT0.ETH15  -                        10.92.128.13:3260  iqn.2010-06.com.purestorage:flasharray.14bf6b4343fee6a8  -    -
CT0.FC4    52:4A:93:75:71:13:45:08  -                  -                                                        -    -
CT0.FC5    52:4A:93:75:71:13:45:09  -                  -                                                        -    -
CT0.FC6    52:4A:93:75:71:13:45:06  -                  -                                                        -    -
CT0.FC7    52:4A:93:75:71:13:45:07  -                  -                                                        -    -
CT0.FC12   52:4A:93:75:71:13:45:00  -                  -                                                        -    -
CT0.FC13   52:4A:93:75:71:13:45:01  -                  -                                                        -    -
CT0.FC14   52:4A:93:75:71:13:45:02  -                  -                                                        -    -
CT0.FC15   52:4A:93:75:71:13:45:03  -                  -                                                        -    -
CT1.ETH14  -                        10.92.128.14:3260  iqn.2010-06.com.purestorage:flasharray.14bf6b4343fee6a8  -    -
CT1.ETH15  -                        10.92.128.15:3260  iqn.2010-06.com.purestorage:flasharray.14bf6b4343fee6a8  -    -
CT1.FC4    52:4A:93:75:71:13:45:18  -                  -                                                        -    -
CT1.FC5    52:4A:93:75:71:13:45:10  -                  -                                                        -    -
CT1.FC6    52:4A:93:75:71:13:45:16  -                  -                                                        -    -
CT1.FC7    52:4A:93:75:71:13:45:17  -                  -                                                        -    -
CT1.FC12   52:4A:93:75:71:13:45:11  -                  -                                                        -    -
CT1.FC13   52:4A:93:75:71:13:45:13  -                  -                                                        -    -
CT1.FC14   52:4A:93:75:71:13:45:12  -                  -                                                        -    -
CT1.FC15   52:4A:93:75:71:13:45:19  -                  -                                                        -    -
puresetup@PCTFJ242401CF:~$ purenetwork fc list
Name      Enabled  WWN                      Speed       Services
CT0.FC4   True     52:4A:93:75:71:13:45:08  32.00 Gb/s  scsi-fc
CT0.FC5   True     52:4A:93:75:71:13:45:09  32.00 Gb/s  scsi-fc
CT0.FC6   True     52:4A:93:75:71:13:45:06  32.00 Gb/s  scsi-fc
CT0.FC7   True     52:4A:93:75:71:13:45:07  32.00 Gb/s  scsi-fc
CT0.FC12  True     52:4A:93:75:71:13:45:00  32.00 Gb/s  scsi-fc
CT0.FC13  True     52:4A:93:75:71:13:45:01  32.00 Gb/s  scsi-fc
CT0.FC14  True     52:4A:93:75:71:13:45:02  32.00 Gb/s  scsi-fc
CT0.FC15  True     52:4A:93:75:71:13:45:03  32.00 Gb/s  scsi-fc
CT1.FC4   False    52:4A:93:75:71:13:45:18  32.00 Gb/s  scsi-fc
CT1.FC5   False    52:4A:93:75:71:13:45:19  32.00 Gb/s  scsi-fc
CT1.FC6   False    52:4A:93:75:71:13:45:16  32.00 Gb/s  scsi-fc
CT1.FC7   False    52:4A:93:75:71:13:45:17  32.00 Gb/s  scsi-fc
CT1.FC12  False    52:4A:93:75:71:13:45:11  32.00 Gb/s  scsi-fc
CT1.FC13  False    52:4A:93:75:71:13:45:13  32.00 Gb/s  scsi-fc
CT1.FC14  False    52:4A:93:75:71:13:45:12  32.00 Gb/s  scsi-fc
CT1.FC15  False    52:4A:93:75:71:13:45:10  32.00 Gb/s  scsi-fc
puresetup@PCTFJ242401CF:~$ purenetwork fc list
Name      Enabled  WWN                      Speed       Services
CT0.FC4   True     52:4A:93:75:71:13:45:08  32.00 Gb/s  scsi-fc
CT0.FC5   True     52:4A:93:75:71:13:45:09  32.00 Gb/s  scsi-fc
CT0.FC6   True     52:4A:93:75:71:13:45:06  32.00 Gb/s  scsi-fc
CT0.FC7   True     52:4A:93:75:71:13:45:07  32.00 Gb/s  scsi-fc
CT0.FC12  True     52:4A:93:75:71:13:45:00  32.00 Gb/s  scsi-fc
CT0.FC13  True     52:4A:93:75:71:13:45:01  32.00 Gb/s  scsi-fc
CT0.FC14  True     52:4A:93:75:71:13:45:02  32.00 Gb/s  scsi-fc
CT0.FC15  True     52:4A:93:75:71:13:45:03  32.00 Gb/s  scsi-fc
CT1.FC4   False    52:4A:93:75:71:13:45:18  32.00 Gb/s  scsi-fc
CT1.FC5   False    52:4A:93:75:71:13:45:19  32.00 Gb/s  scsi-fc
CT1.FC6   False    52:4A:93:75:71:13:45:16  32.00 Gb/s  scsi-fc
CT1.FC7   False    52:4A:93:75:71:13:45:17  32.00 Gb/s  scsi-fc
CT1.FC12  False    52:4A:93:75:71:13:45:10  32.00 Gb/s  scsi-fc
CT1.FC13  False    52:4A:93:75:71:13:45:13  32.00 Gb/s  scsi-fc
CT1.FC14  False    52:4A:93:75:71:13:45:12  32.00 Gb/s  scsi-fc
CT1.FC15  False    52:4A:93:75:71:13:45:11  32.00 Gb/s  scsi-fc
puresetup@PCTFJ242401CF:~$ clear
puresetup@PCTFJ242401CF:~$ pureport list
Name       WWN                      Portal             IQN                                                      NQN  Failover
CT0.ETH14  -                        10.92.128.12:3260  iqn.2010-06.com.purestorage:flasharray.14bf6b4343fee6a8  -    -
CT0.ETH15  -                        10.92.128.13:3260  iqn.2010-06.com.purestorage:flasharray.14bf6b4343fee6a8  -    -
CT0.FC4    52:4A:93:75:71:13:45:08  -                  -                                                        -    -
CT0.FC5    52:4A:93:75:71:13:45:09  -                  -                                                        -    -
CT0.FC6    52:4A:93:75:71:13:45:06  -                  -                                                        -    -
CT0.FC7    52:4A:93:75:71:13:45:07  -                  -                                                        -    -
CT0.FC12   52:4A:93:75:71:13:45:00  -                  -                                                        -    -
CT0.FC13   52:4A:93:75:71:13:45:01  -                  -                                                        -    -
CT0.FC14   52:4A:93:75:71:13:45:02  -                  -                                                        -    -
CT0.FC15   52:4A:93:75:71:13:45:03  -                  -                                                        -    -
CT1.ETH14  -                        10.92.128.14:3260  iqn.2010-06.com.purestorage:flasharray.14bf6b4343fee6a8  -    -
CT1.ETH15  -                        10.92.128.15:3260  iqn.2010-06.com.purestorage:flasharray.14bf6b4343fee6a8  -    -
CT1.FC4    52:4A:93:75:71:13:45:18  -                  -                                                        -    -
CT1.FC5    52:4A:93:75:71:13:45:19  -                  -                                                        -    -
CT1.FC6    52:4A:93:75:71:13:45:16  -                  -                                                        -    -
CT1.FC7    52:4A:93:75:71:13:45:17  -                  -                                                        -    -
CT1.FC12   52:4A:93:75:71:13:45:10  -                  -                                                        -    -
CT1.FC13   52:4A:93:75:71:13:45:11  -                  -                                                        -    -
CT1.FC14   52:4A:93:75:71:13:45:12  -                  -                                                        -    -
CT1.FC15   52:4A:93:75:71:13:45:13  -                  -                                                        -    -
puresetup@PCTFJ242401CF:~$ puresetup replace --allow-lose-netconfig --from-controller FA-X50R3 
##########################################
#   Welcome to the Purity Setup Wizard   #
##########################################
Controller hardware model is compatible with the controller purity version
Name       Created                  Expires
puresetup  2025-05-14 07:10:30 UTC  2025-05-14 08:10:30 UTC
Local controller model is FA-X50R4.
Drive detected storage type is X.
FA-X50R3 found to be replaced by FA-X50R4 has storage type X.
Controller type supports multiple storage types, detecting type of storage installed...
Detected storage type X
Pre-existing storage type X was found on the device
Successfully configured storage type X for array controller
Check Cobalt NDU controllers.. OK
Check RDL..................... OK
Check shelf cabling........... OK
Check controller link......... OK
Check power supply............ OK
Check PCIE AER errors......... OK
Check io card pci id's........ OK
Check LOM MAC addresses....... OK
Getting local controller type. Local controller type is cobalt_a.
Getting local controller variant. Not a generic controller, Exiting.
Checking peer controller for tunables
purity.service stablized: done
platform: done
foed: done
gui: done
rest: done
platform_env: 0.done
quorum: done
foed_env: 0.done
foed_ready: done
remote_patch: done
driver: done
san: Skip waiting for san during HW NDU
[FA-X50R3.CT1.ETH1] does not need to be migrated since it has no configuration and is not a subinterface.
[FA-X50R3.CT1.ETH3] does not need to be migrated since it has no configuration and is not a subinterface.
[FA-X50R3.CT1.ETH6] does not need to be migrated since it has no configuration and is not a subinterface.
[FA-X50R3.CT1.ETH7] does not need to be migrated since it has no configuration and is not a subinterface.
[FA-X50R3.CT1.ETH8] does not need to be migrated since it has no configuration and is not a subinterface.
[FA-X50R3.CT1.ETH9] does not need to be migrated since it has no configuration and is not a subinterface.
Please move ports as shown below:
[FA-X50R3.CT1.ETH0] ====>> [FA-X50R4.CT1.ETH4](Slot: LOM)
[FA-X50R3.CT1.ETH2] ====>> [FA-X50R4.CT1.ETH2](Slot: LOM)
[FA-X50R3.CT1.ETH4] ====>> [FA-X50R4.CT1.ETH14](Slot:2)
Press Enter to show more lines...
[FA-X50R3.CT1.ETH5] ====>> [FA-X50R4.CT1.ETH15](Slot:2)
[FA-X50R3.CT1.FC0] ====>> [FA-X50R4.CT1.FC4](Slot:1)
[FA-X50R3.CT1.FC1] ====>> [FA-X50R4.CT1.FC5](Slot:1)
[FA-X50R3.CT1.FC2] ====>> [FA-X50R4.CT1.FC12](Slot:3)
[FA-X50R3.CT1.FC3] ====>> [FA-X50R4.CT1.FC13](Slot:3)
[FA-X50R3.CT1.FC4] ====>> [FA-X50R4.CT1.FC14](Slot:3)
[FA-X50R3.CT1.FC5] ====>> [FA-X50R4.CT1.FC15](Slot:3)
[FA-X50R3.CT1.FC6] ====>> [FA-X50R4.CT1.FC6](Slot:1)
[FA-X50R3.CT1.FC7] ====>> [FA-X50R4.CT1.FC7](Slot:1)
Error: Unable to migrate ports configuration:
[FA-X50R3.CT1.FC8, FA-X50R3.CT1.FC9]
because target ports are missing.
The following ports cannot migrate from old controller to new controller: {}
Are you sure you want to discard the network port configurations
for all missing ports? (y/n):yAre you sure you want to discard the network port configurations
for all missing ports? (y/n): y

After the cables have been moved, type "CONTINUE": continue
Configuring network ports...
Perform ping test on port ETH14 ....... OK
Perform ping test on port ETH15 ....... OK
Perform ping test on port ETH4 ....... OK
Perform ping test on port ETH2 ....... OK
Checking SAN connectivity
SAN is ready.
Waiting for Software Check:.Checking iobalance before proceeding, sampling for 30 seconds, retrying 1 times, adding 30 seconds with each retry
Try 1/2: Sampling I/O for 30 seconds
Sampling finished, I/O is not yet balanced
Try 2/2: Sampling I/O for 60 seconds
Sampling finished, I/O is not yet balanced
I/O is not balanced after 2 run(s).
iobalance reports the following: 
sampling host I/O for 60 seconds...
                     Host  CT0 I/O Count  CT1 I/O Count  
rochmn03-hb2-pod58-001-ll       7.13K        0.00  ! no I/O to CT1
rochmn03-hb2-pod58-002-ll       8.59K        0.00  ! no I/O to CT1
rochmn03-hb2-pod58-003-ll       1.19K        0.00  ! no I/O to CT1
rochmn03-hb2-pod58-004-ll       3.60K        0.00  ! no I/O to CT1
rochmn03-hb2-pod58-005-hl       4.64K        0.00  ! no I/O to CT1
rochmn03-hb2-pod58-005-ll      34.54K        0.00  ! no I/O to CT1
rochmn03-hb2-pod58-006-hl     220.92K        0.00  ! no I/O to CT1
rochmn03-hb2-pod58-006-ll      30.44K        0.00  ! no I/O to CT1
rochmn03-hb2-pod58-007-hl        0.00        0.00  ? Host is idle
rochmn03-hb2-pod58-007-ll      619.00        0.00  ! no I/O to CT1
rochmn03-hb2-pod58-008-hl        0.00        0.00  ? Host is idle
rochmn03-hb2-pod58-008-ll      305.00        0.00  ! no I/O to CT1
rochmn03-hb2-pod58-009-hl        0.00        0.00  ? Host is idle
rochmn03-hb2-pod58-009-ll      599.00        0.00  ! no I/O to CT1
rochmn03-hb2-pod58-011-ll      367.00        0.00  ! no I/O to CT1
rochmn03-hb2-pod58-012-ll       3.11K        0.00  ! no I/O to CT1
rochmn03-hb2-pod58-013-hl      12.06K        0.00  ! no I/O to CT1
rochmn03-hb2-pod58-013-ll      51.01K        0.00  ! no I/O to CT1
rochmn03-hb2-pod58-014-hl       1.46K        0.00  ! no I/O to CT1
rochmn03-hb2-pod58-014-ll       1.20K        0.00  ! no I/O to CT1
rochmn03-hb2-pod58-015-hl       1.03K        0.00  ! no I/O to CT1
rochmn03-hb2-pod58-015-ll       1.12K        0.00  ! no I/O to CT1
rochmn03-hb2-pod58-017-hl        4.00        0.00  ! no I/O to CT1
rochmn03-hb2-pod58-017-ll      34.59K        0.00  ! no I/O to CT1
rochmn03-hb2-pod58-018-hl     194.09K        0.00  ! no I/O to CT1
rochmn03-hb2-pod58-018-ll      67.61K        0.00  ! no I/O to CT1
rochmn03-hb2-pod58-019-ll       3.32K        0.00  ! no I/O to CT1
rochmn03-hb2-pod58-020-ll        0.00        0.00  ? Host is idle
rochmn03-hb2-pod58-021-hl      28.68K        0.00  ! no I/O to CT1
rochmn03-hb2-pod58-021-ll      51.61K        0.00  ! no I/O to CT1
rochmn03-hb2-pod58-022-ll      365.00        0.00  ! no I/O to CT1
rochmn03-hb2-pod58-023-ll      366.00        0.00  ! no I/O to CT1
rochmn03-hb2-pod58-024-ll      642.00        0.00  ! no I/O to CT1
rochmn03-hb2-pod58-025-ll      505.00        0.00  ! no I/O to CT1
rochmn03-hb2-pod58-026-hl      834.00        0.00  ! no I/O to CT1
rochmn03-hb2-pod58-026-ll      14.25K        0.00  ! no I/O to CT1
rochmn03-hb2-pod58-034-hl       1.11K        0.00  ! no I/O to CT1
rochmn03-hb2-pod58-034-ll     100.20K        0.00  ! no I/O to CT1
rochmn03-hb2-pod58-035-hl       5.70K        0.00  ! no I/O to CT1
rochmn03-hb2-pod58-035-ll     234.04K        0.00  ! no I/O to CT1
rochmn03-hb2-pod58-038-hl       12.00        0.00  ! no I/O to CT1
rochmn03-hb2-pod58-038-ll      29.72K        0.00  ! no I/O to CT1
rochmn03-hb2-pod58-039-hl      119.00        0.00  ! no I/O to CT1
rochmn03-hb2-pod58-039-ll      19.02K        0.00  ! no I/O to CT1
rochmn03-hb2-pod58-040-hl      37.45K        0.00  ! no I/O to CT1
rochmn03-hb2-pod58-040-ll      21.86K        0.00  ! no I/O to CT1
rochmn03-hb2-pod58-041-ll       3.42K        0.00  ! no I/O to CT1
rochmn03-hb2-pod58-042-ll       5.35K        0.00  ! no I/O to CT1
rochmn03-hb2-pod58-043-hl       2.47K        0.00  ! no I/O to CT1
rochmn03-hb2-pod58-043-ll      87.73K        0.00  ! no I/O to CT1
rochmn03-hb2-pod58-046-ll       4.89K        0.00  ! no I/O to CT1
rochmn03-hb2-pod58-047-hl      76.73K        0.00  ! no I/O to CT1
rochmn03-hb2-pod58-047-ll      36.33K        0.00  ! no I/O to CT1
rochmn03-hb2-pod58-048-hl       16.00        0.00  ! no I/O to CT1
rochmn03-hb2-pod58-048-ll      49.52K        0.00  ! no I/O to CT1
rochmn03-hb2-pod58-049-hl      74.95K        0.00  ! no I/O to CT1
rochmn03-hb2-pod58-049-ll      32.37K        0.00  ! no I/O to CT1
rochmn03-hb2-pod58-050-ll       6.06K        0.00  ! no I/O to CT1
rochmn03-hb2-pod58-051-ll       6.15K        0.00  ! no I/O to CT1
rochmn03-hb2-pod58-052-ll        0.00        0.00  ? Host is idle
rochmn03-hb2-pod58-053-ll       2.84K        0.00  ! no I/O to CT1
rochmn03-hb2-pod58-056-ll       5.08K        0.00  ! no I/O to CT1
rochmn03-hb2-pod58-057-hl      37.93K        0.00  ! no I/O to CT1
rochmn03-hb2-pod58-057-ll      49.55K        0.00  ! no I/O to CT1
rochmn03-hb2-pod58-067-ll       7.78K        0.00  ! no I/O to CT1
rochmn03-hb2-pod58-068-ll       4.50K        0.00  ! no I/O to CT1
rochmn03-hb2-pod58-069-ll       3.67K        0.00  ! no I/O to CT1
rochmn03-hb4-pod58-001-ll      595.00        0.00  ! no I/O to CT1
rochmn03-hb4-pod58-002-ll     184.36K        0.00  ! no I/O to CT1

Would you like to ignore this check?
WARNING: Unless the workload you are running is known to be imbalanced, ignoring this check could result in an outage and is NOT recommended.
Ignore anyway? (y/n): y
Overriding iobalance check based on user input
SUCCESS
passwd: password expiry information changed.
Current time zone: Etc/UTC
Change time zone [requires reboot] (y/n):yChange time zone [requires reboot] (y/n): y
Configuring tzdata
------------------

Please select the geographic area in which you live. Subsequent configuration 
questions will narrow this down by presenting a list of cities, representing the
time zones in which they are located.

  1. Africa      4. Australia     7. Atlantic Ocean  10. Pacific Ocean
  2. America     5. Arctic Ocean  8. Europe          11. US
  3. Antarctica  6. Asia          9. Indian Ocean    12. None of the above

Geographic area: 2


Please select the city or region corresponding to your time zone.

  1. Adak                       80. Juneau
  2. Anchorage                  81. Louisville (Kentucky)
  3. Anguilla                   82. Monticello (Kentucky)
  4. Antigua                    83. Kralendijk
  5. Araguaina                  84. La Paz
  6. Buenos Aires (Argentina)   85. Lima
  7. Catamarca (Argentina)      86. Los Angeles
  8. Cordoba (Argentina)        87. Lower Princes
  9. Jujuy (Argentina)          88. Maceio
  10. La Rioja (Argentina)      89. Managua
  11. Mendoza (Argentina)       90. Manaus
  12. Rio Gallegos (Argentina)  91. Marigot
  13. Salta (Argentina)         92. Martinique
  14. San Juan (Argentina)      93. Matamoros
  15. San Luis (Argentina)      94. Mazatlan
  16. Tucuman (Argentina)       95. Menominee
  17. Ushuaia (Argentina)       96. Merida
  18. Aruba                     97. Metlakatla
[More] 

  19. Asuncion                  98. Mexico City
  20. Atikokan                  99. Miquelon
  21. Atka                      100. Moncton
  22. Bahia                     101. Monterrey
  23. Bahia Banderas            102. Montevideo
  24. Barbados                  103. Montreal
  25. Belem                     104. Montserrat
  26. Belize                    105. Nassau
  27. Blanc-Sablon              106. New York
  28. Boa Vista                 107. Nipigon
  29. Bogota                    108. Nome
  30. Boise                     109. Fernando de Noronha
  31. Cambridge Bay             110. Beulah (North Dakota)
  32. Campo Grande              111. Center (North Dakota)
  33. Cancun                    112. New Salem (North Dakota)
  34. Caracas                   113. Nuuk
  35. Cayenne                   114. Ojinaga
  36. Cayman                    115. Panama
  37. Chicago                   116. Pangnirtung
  38. Chihuahua                 117. Paramaribo
  39. Ciudad_Juarez             118. Phoenix
  40. Coral Harbour             119. Port-au-Prince
[More] 

  41. Costa Rica                120. Port of Spain
  42. Creston                   121. Porto Acre
  43. Cuiaba                    122. Porto Velho
  44. Curaçao                  123. Puerto Rico
  45. Danmarkshavn              124. Punta Arenas
  46. Dawson                    125. Rainy River
  47. Dawson Creek              126. Rankin Inlet
  48. Denver                    127. Recife
  49. Detroit                   128. Regina
  50. Dominica                  129. Resolute
  51. Edmonton                  130. Rio Branco
  52. Eirunepe                  131. Santa Isabel
  53. El Salvador               132. Santarém
  54. Ensenada                  133. Santiago
  55. Fort Nelson               134. Santo Domingo
  56. Fortaleza                 135. São Paulo
  57. Glace Bay                 136. Scoresbysund
  58. Godthab                   137. Shiprock
  59. Goose Bay                 138. Sitka
  60. Grand Turk                139. St Barthelemy
  61. Grenada                   140. St Johns
  62. Guadeloupe                141. St Kitts
[More] 

  63. Guatemala                 142. St Lucia
  64. Guayaquil                 143. St Thomas
  65. Guyana                    144. St Vincent
  66. Halifax                   145. Swift Current
  67. Havana                    146. Tegucigalpa
  68. Hermosillo                147. Thule
  69. Indianapolis (Indiana)    148. Thunder Bay
  70. Knox (Indiana)            149. Tijuana
  71. Marengo (Indiana)         150. Toronto
  72. Petersburg (Indiana)      151. Tortola
  73. Tell City (Indiana)       152. Vancouver
  74. Vevay (Indiana)           153. Virgin
  75. Vincennes (Indiana)       154. Whitehorse
  76. Winamac (Indiana)         155. Winnipeg
  77. Inuvik                    156. Yakutat
  78. Iqaluit                   157. Yellowknife
  79. Jamaica

Time zone: 37



Current default time zone: 'America/Chicago'
Local time is now:      Wed May 14 02:17:12 CDT 2025.
Universal Time is now:  Wed May 14 07:17:12 UTC 2025.

'/cache/timezone/localtime' -> '/usr/share/zoneinfo/America/Chicago'
Confirm time zone change from Etc/UTC to America/Chicago
(y/N):y(y/N): y
Press ENTER to reboot

Secondary controller will be ready to use after reboot.

Secondary controller is ready to use.
CONFIG_TASK_COMPLETED:CONFIG_TASK_PURESETUP_EXITED
puresetup@PCTFJ242401CF:~$ 
     root@rochmn03-pfa-08-581-ct0:/var/home/pureeng# 
     root@rochmn03-pfa-08-581-ct0:/var/home/pureeng# purearray list --controller r
Name  Type              Mode     Model     Version  Status   Internal Details
CT0   array_controller  primary  FA-X50R4  6.5.8    ready    
CT1   array_controller  offline  -         -        unknown  
     root@rochmn03-pfa-08-581-ct0:/var/home/pureeng# purearray list --controller r
Name  Type              Mode       Model     Version  Status  Internal Details
CT0   array_controller  primary    FA-X50R4  6.5.8    ready   
CT1   array_controller  secondary  FA-X50R4  6.5.8    ready   
     root@rochmn03-pfa-08-581-ct0:/var/home/pureeng# purenetowork fc list
Name      Enabled  WWN                      Speed       Services
CT0.FC4   True     52:4A:93:75:71:13:45:08  32.00 Gb/s  scsi-fc
CT0.FC5   True     52:4A:93:75:71:13:45:09  32.00 Gb/s  scsi-fc
CT0.FC6   True     52:4A:93:75:71:13:45:06  32.00 Gb/s  scsi-fc
CT0.FC7   True     52:4A:93:75:71:13:45:07  32.00 Gb/s  scsi-fc
CT0.FC12  True     52:4A:93:75:71:13:45:00  32.00 Gb/s  scsi-fc
CT0.FC13  True     52:4A:93:75:71:13:45:01  32.00 Gb/s  scsi-fc
CT0.FC14  True     52:4A:93:75:71:13:45:02  32.00 Gb/s  scsi-fc
CT0.FC15  True     52:4A:93:75:71:13:45:03  32.00 Gb/s  scsi-fc
CT1.FC4   False    52:4A:93:75:71:13:45:18  32.00 Gb/s  scsi-fc
CT1.FC5   False    52:4A:93:75:71:13:45:19  32.00 Gb/s  scsi-fc
CT1.FC6   False    52:4A:93:75:71:13:45:16  32.00 Gb/s  scsi-fc
CT1.FC7   False    52:4A:93:75:71:13:45:17  32.00 Gb/s  scsi-fc
CT1.FC12  False    52:4A:93:75:71:13:45:10  32.00 Gb/s  scsi-fc
CT1.FC13  False    52:4A:93:75:71:13:45:11  32.00 Gb/s  scsi-fc
CT1.FC14  False    52:4A:93:75:71:13:45:12  32.00 Gb/s  scsi-fc
CT1.FC15  False    52:4A:93:75:71:13:45:13  32.00 Gb/s  scsi-fc
     root@rochmn03-pfa-08-581-ct0:/var/home/pureeng# purenetwork fc enable ct1.f c4

usage: purenetwork fc [-h] {disable,enable,list,monitor,setattr} ...
purenetwork fc: error: argument subcommand: invalid choice: 'enabl' (choose from 'disable', 'enable', 'list', 'setattr', 'monitor')
     root@rochmn03-pfa-08-581-ct0:/var/home/pureeng# clear
     root@rochmn03-pfa-08-581-ct0:/var/home/pureeng# purenetwork listfc list
Name      Enabled  WWN                      Speed       Services
CT0.FC4   True     52:4A:93:75:71:13:45:08  32.00 Gb/s  scsi-fc
CT0.FC5   True     52:4A:93:75:71:13:45:09  32.00 Gb/s  scsi-fc
CT0.FC6   True     52:4A:93:75:71:13:45:06  32.00 Gb/s  scsi-fc
CT0.FC7   True     52:4A:93:75:71:13:45:07  32.00 Gb/s  scsi-fc
CT0.FC12  True     52:4A:93:75:71:13:45:00  32.00 Gb/s  scsi-fc
CT0.FC13  True     52:4A:93:75:71:13:45:01  32.00 Gb/s  scsi-fc
CT0.FC14  True     52:4A:93:75:71:13:45:02  32.00 Gb/s  scsi-fc
CT0.FC15  True     52:4A:93:75:71:13:45:03  32.00 Gb/s  scsi-fc
CT1.FC4   False    52:4A:93:75:71:13:45:18  32.00 Gb/s  scsi-fc
CT1.FC5   False    52:4A:93:75:71:13:45:19  32.00 Gb/s  scsi-fc
CT1.FC6   False    52:4A:93:75:71:13:45:16  32.00 Gb/s  scsi-fc
CT1.FC7   False    52:4A:93:75:71:13:45:17  32.00 Gb/s  scsi-fc
CT1.FC12  False    52:4A:93:75:71:13:45:10  32.00 Gb/s  scsi-fc
CT1.FC13  False    52:4A:93:75:71:13:45:11  32.00 Gb/s  scsi-fc
CT1.FC14  False    52:4A:93:75:71:13:45:12  32.00 Gb/s  scsi-fc
CT1.FC15  False    52:4A:93:75:71:13:45:13  32.00 Gb/s  scsi-fc
     root@rochmn03-pfa-08-581-ct0:/var/home/pureeng# purenetwork fc enable ct1.f c4
Name     Enabled  WWN  Speed       Active Services  Services
ct1.fc4  True     -    32.00 Gb/s  -                scsi-fc
     root@rochmn03-pfa-08-581-ct0:/var/home/pureeng# purenetwork fc enable ct1.fc45
Name     Enabled  WWN  Speed       Active Services  Services
ct1.fc5  True     -    32.00 Gb/s  -                scsi-fc
     root@rochmn03-pfa-08-581-ct0:/var/home/pureeng# purenetwork fc enable ct1.fc56
Name     Enabled  WWN  Speed       Active Services  Services
ct1.fc6  True     -    32.00 Gb/s  -                scsi-fc
     root@rochmn03-pfa-08-581-ct0:/var/home/pureeng# purenetwork fc enable ct1.fc67
Name     Enabled  WWN  Speed       Active Services  Services
ct1.fc7  True     -    32.00 Gb/s  -                scsi-fc
     root@rochmn03-pfa-08-581-ct0:/var/home/pureeng# purenetwork fc enable ct1.fc712
Name      Enabled  WWN  Speed       Active Services  Services
ct1.fc12  True     -    32.00 Gb/s  -                scsi-fc
     root@rochmn03-pfa-08-581-ct0:/var/home/pureeng# purenetwork fc enable ct1.fc123
Name      Enabled  WWN  Speed       Active Services  Services
ct1.fc13  True     -    32.00 Gb/s  -                scsi-fc
     root@rochmn03-pfa-08-581-ct0:/var/home/pureeng# purenetwork fc enable ct1.fc134
Name      Enabled  WWN  Speed       Active Services  Services
ct1.fc14  True     -    32.00 Gb/s  -                scsi-fc
     root@rochmn03-pfa-08-581-ct0:/var/home/pureeng# purenetwork fc enable ct1.fc145
Name      Enabled  WWN  Speed       Active Services  Services
ct1.fc15  True     -    32.00 Gb/s  -                scsi-fc
     root@rochmn03-pfa-08-581-ct0:/var/home/pureeng# puredb prefer ''
Name

     root@rochmn03-pfa-08-581-ct0:/var/home/pureeng# iobalance --sampletime 30
sampling host I/O for 30 seconds...
                     Host  CT0 I/O Count  CT1 I/O Count  
rochmn03-hb2-pod58-001-ll      843.00        0.00  ! no I/O to CT1
rochmn03-hb2-pod58-002-ll       1.96K        0.00  ! no I/O to CT1
rochmn03-hb2-pod58-003-ll       96.00        0.00  ! no I/O to CT1
rochmn03-hb2-pod58-004-ll       1.03K        0.00  ! no I/O to CT1
rochmn03-hb2-pod58-005-hl      827.00        0.00  ! no I/O to CT1
rochmn03-hb2-pod58-005-ll      23.36K        0.00  ! no I/O to CT1
rochmn03-hb2-pod58-006-hl      65.49K        0.00  ! no I/O to CT1
rochmn03-hb2-pod58-006-ll      24.60K        0.00  ! no I/O to CT1
rochmn03-hb2-pod58-007-hl        0.00        0.00  ? Host is idle
rochmn03-hb2-pod58-007-ll      305.00        0.00  ! no I/O to CT1
rochmn03-hb2-pod58-008-hl        0.00        0.00  ? Host is idle
rochmn03-hb2-pod58-008-ll      245.00        0.00  ! no I/O to CT1
rochmn03-hb2-pod58-009-hl        0.00        0.00  ? Host is idle
rochmn03-hb2-pod58-009-ll      297.00        0.00  ! no I/O to CT1
rochmn03-hb2-pod58-011-ll      124.00       28.00  ! unbalanced I/O
rochmn03-hb2-pod58-012-ll       2.27K        0.00  ! no I/O to CT1
rochmn03-hb2-pod58-013-hl       4.84K        0.00  ! no I/O to CT1
rochmn03-hb2-pod58-013-ll       7.48K        0.00  ! no I/O to CT1
rochmn03-hb2-pod58-014-hl      914.00        0.00  ! no I/O to CT1
rochmn03-hb2-pod58-014-ll      891.00        0.00  ! no I/O to CT1
rochmn03-hb2-pod58-015-hl       1.10K      741.00  
rochmn03-hb2-pod58-015-ll      956.00      953.00  
rochmn03-hb2-pod58-017-hl        2.00        0.00  ! no I/O to CT1
rochmn03-hb2-pod58-017-ll       4.91K        0.00  ! no I/O to CT1
rochmn03-hb2-pod58-018-hl      71.43K        0.00  ! no I/O to CT1
rochmn03-hb2-pod58-018-ll      16.57K        0.00  ! no I/O to CT1
rochmn03-hb2-pod58-019-ll       2.13K        0.00  ! no I/O to CT1
rochmn03-hb2-pod58-020-ll        0.00        0.00  ? Host is idle
rochmn03-hb2-pod58-021-hl       4.71K        0.00  ! no I/O to CT1
rochmn03-hb2-pod58-021-ll      11.49K        0.00  ! no I/O to CT1
rochmn03-hb2-pod58-022-ll        0.00        0.00  ? Host is idle
rochmn03-hb2-pod58-023-ll      286.00        0.00  ! no I/O to CT1
rochmn03-hb2-pod58-024-ll       63.00       43.00  
rochmn03-hb2-pod58-025-ll      304.00        0.00  ! no I/O to CT1
rochmn03-hb2-pod58-026-hl      381.00        0.00  ! no I/O to CT1
rochmn03-hb2-pod58-026-ll       5.20K        0.00  ! no I/O to CT1
rochmn03-hb2-pod58-034-hl      666.00        0.00  ! no I/O to CT1
rochmn03-hb2-pod58-034-ll      34.70K        0.00  ! no I/O to CT1
rochmn03-hb2-pod58-035-hl      817.00        0.00  ! no I/O to CT1
rochmn03-hb2-pod58-035-ll      39.02K        0.00  ! no I/O to CT1
rochmn03-hb2-pod58-038-hl        8.00        0.00  ! no I/O to CT1
rochmn03-hb2-pod58-038-ll       7.39K        0.00  ! no I/O to CT1
rochmn03-hb2-pod58-039-hl        4.00        0.00  ! no I/O to CT1
rochmn03-hb2-pod58-039-ll       7.14K        0.00  ! no I/O to CT1
rochmn03-hb2-pod58-040-hl      25.03K      12.90K  ! unbalanced I/O
rochmn03-hb2-pod58-040-ll       9.82K       1.60K  ! unbalanced I/O
rochmn03-hb2-pod58-041-ll       1.77K        0.00  ! no I/O to CT1
rochmn03-hb2-pod58-042-ll      882.00      438.00  ! unbalanced I/O
rochmn03-hb2-pod58-043-hl       2.86K        0.00  ! no I/O to CT1
rochmn03-hb2-pod58-043-ll      25.36K        0.00  ! no I/O to CT1
rochmn03-hb2-pod58-046-ll       1.05K      603.00  ! unbalanced I/O
rochmn03-hb2-pod58-047-hl      19.56K        0.00  ! no I/O to CT1
rochmn03-hb2-pod58-047-ll      11.10K        0.00  ! no I/O to CT1
rochmn03-hb2-pod58-048-hl        8.00        0.00  ! no I/O to CT1
rochmn03-hb2-pod58-048-ll       8.08K        0.00  ! no I/O to CT1
rochmn03-hb2-pod58-049-hl      13.14K       4.18K  ! unbalanced I/O
rochmn03-hb2-pod58-049-ll       9.32K       3.88K  ! unbalanced I/O
rochmn03-hb2-pod58-050-ll       2.22K        0.00  ! no I/O to CT1
rochmn03-hb2-pod58-051-ll       1.14K      865.00  
rochmn03-hb2-pod58-052-ll      197.00       32.00  ! unbalanced I/O
rochmn03-hb2-pod58-053-ll       2.22K        0.00  ! no I/O to CT1
rochmn03-hb2-pod58-056-ll       1.43K        0.00  ! no I/O to CT1
rochmn03-hb2-pod58-057-hl      33.58K       4.27K  ! unbalanced I/O
rochmn03-hb2-pod58-057-ll       7.45K      752.00  ! unbalanced I/O
rochmn03-hb2-pod58-067-ll       3.19K        0.00  ! no I/O to CT1
rochmn03-hb2-pod58-068-ll       1.38K        0.00  ! no I/O to CT1
rochmn03-hb2-pod58-069-ll       1.38K        0.00  ! no I/O to CT1
rochmn03-hb4-pod58-001-ll      324.00      369.00  
rochmn03-hb4-pod58-002-ll     554.66K        0.00  ! no I/O to CT1
     root@rochmn03-pfa-08-581-ct0:/var/home/pureeng# fcpureportlist=`pureport list --initiator | awk '/Target/,0' | cut -d. -f1 | awk '{print $1,$5}' | grep -v '-' | grep -v "Initiator" | uniq -c; echo`; fcpureportlistcount=`echo "$fcpureportlist" | awk '{total += $1} END {print total}'`; echo -e "$fcpureportlist\n\n"; echo -e "\tTotal FC connections: $fcpureportlistcount\n\n";
      1 20:00:00:25:B5:3A:08:51 CT0
      1 20:00:00:25:B5:3A:08:51 CT1
      1 20:00:00:25:B5:3A:08:52 CT0
      1 20:00:00:25:B5:3A:08:52 CT1
      1 20:00:00:25:B5:3A:08:53 CT0
      1 20:00:00:25:B5:3A:08:53 CT1
      1 20:00:00:25:B5:3A:08:54 CT0
      1 20:00:00:25:B5:3A:08:54 CT1
      1 20:00:00:25:B5:3A:08:55 CT0
      1 20:00:00:25:B5:3A:08:55 CT1
      1 20:00:00:25:B5:3A:08:56 CT0
      1 20:00:00:25:B5:3A:08:56 CT1
      1 20:00:00:25:B5:3A:08:57 CT0
      1 20:00:00:25:B5:3A:08:57 CT1
      1 20:00:00:25:B5:3A:08:58 CT0
      1 20:00:00:25:B5:3A:08:58 CT1
      1 20:00:00:25:B5:3A:08:59 CT0
      1 20:00:00:25:B5:3A:08:59 CT1
      1 20:00:00:25:B5:3A:08:5A CT0
      1 20:00:00:25:B5:3A:08:5A CT1
      1 20:00:00:25:B5:3A:08:5B CT0
      1 20:00:00:25:B5:3A:08:5B CT1
      1 20:00:00:25:B5:3A:08:5C CT0
      1 20:00:00:25:B5:3A:08:5C CT1
      1 20:00:00:25:B5:3A:08:5E CT0
      1 20:00:00:25:B5:3A:08:5E CT1
      1 20:00:00:25:B5:3A:08:5F CT0
      1 20:00:00:25:B5:3A:08:5F CT1
      1 20:00:00:25:B5:3A:08:60 CT0
      1 20:00:00:25:B5:3A:08:60 CT1
      1 20:00:00:25:B5:3A:08:61 CT0
      1 20:00:00:25:B5:3A:08:61 CT1
      1 20:00:00:25:B5:3A:08:62 CT0
      1 20:00:00:25:B5:3A:08:62 CT1
      1 20:00:00:25:B5:3A:08:63 CT0
      1 20:00:00:25:B5:3A:08:63 CT1
      1 20:00:00:25:B5:3A:08:65 CT0
      1 20:00:00:25:B5:3A:08:65 CT1
      1 20:00:00:25:B5:3A:08:66 CT0
      1 20:00:00:25:B5:3A:08:66 CT1
      1 20:00:00:25:B5:3A:08:68 CT0
      1 20:00:00:25:B5:3A:08:68 CT1
      1 20:00:00:25:B5:3A:08:6A CT0
      1 20:00:00:25:B5:3A:08:6A CT1
      1 20:00:00:25:B5:3A:08:6C CT0
      1 20:00:00:25:B5:3A:08:6C CT1
      1 20:00:00:25:B5:3A:08:6D CT0
      1 20:00:00:25:B5:3A:08:6D CT1
      1 20:00:00:25:B5:3A:08:6E CT0
      1 20:00:00:25:B5:3A:08:6E CT1
      1 20:00:00:25:B5:3A:08:6F CT0
      1 20:00:00:25:B5:3A:08:6F CT1
      1 20:00:00:25:B5:3A:08:70 CT0
      1 20:00:00:25:B5:3A:08:70 CT1
      1 20:00:00:25:B5:3A:08:75 CT0
      1 20:00:00:25:B5:3A:08:75 CT1
      1 20:00:00:25:B5:3A:08:77 CT0
      1 20:00:00:25:B5:3A:08:77 CT1
      1 20:00:00:25:B5:3A:08:78 CT0
      1 20:00:00:25:B5:3A:08:78 CT1
      1 20:00:00:25:B5:3A:08:79 CT0
      1 20:00:00:25:B5:3A:08:79 CT1
      1 20:00:00:25:B5:3A:08:CA CT0
      1 20:00:00:25:B5:3A:08:CA CT1
      1 20:00:00:25:B5:3A:08:CC CT0
      1 20:00:00:25:B5:3A:08:CC CT1
      1 20:00:00:25:B5:3A:08:CD CT0
      1 20:00:00:25:B5:3A:08:CD CT1
      1 20:00:00:25:B5:3A:08:CE CT0
      1 20:00:00:25:B5:3A:08:CE CT1
      1 20:00:00:25:B5:3A:08:CF CT0
      1 20:00:00:25:B5:3A:08:CF CT1
      1 20:00:00:25:B5:3A:08:D0 CT0
      1 20:00:00:25:B5:3A:08:D0 CT1
      1 20:00:00:25:B5:3A:08:D1 CT0
      1 20:00:00:25:B5:3A:08:D1 CT1
      1 20:00:00:25:B5:3A:08:D6 CT0
      1 20:00:00:25:B5:3A:08:D6 CT1
      1 20:00:00:25:B5:3A:08:D7 CT0
      1 20:00:00:25:B5:3A:08:D7 CT1
      1 20:00:00:25:B5:3A:08:D8 CT0
      1 20:00:00:25:B5:3A:08:D8 CT1
      1 20:00:00:25:B5:3A:08:D9 CT0
      1 20:00:00:25:B5:3A:08:D9 CT1
      1 20:00:00:25:B5:3A:08:DA CT0
      1 20:00:00:25:B5:3A:08:DA CT1
      1 20:00:00:25:B5:3A:08:DC CT0
      1 20:00:00:25:B5:3A:08:DC CT1
      1 20:00:00:25:B5:3A:09:F3 CT0
      1 20:00:00:25:B5:3A:09:F3 CT1
      1 20:00:00:25:B5:3A:09:F5 CT0
      1 20:00:00:25:B5:3A:09:F5 CT1
      1 20:00:00:25:B5:3A:09:F7 CT0
      1 20:00:00:25:B5:3A:09:F7 CT1
      1 20:00:00:25:B5:3B:08:51 CT0
      1 20:00:00:25:B5:3B:08:51 CT1
      1 20:00:00:25:B5:3B:08:52 CT0
      1 20:00:00:25:B5:3B:08:52 CT1
      1 20:00:00:25:B5:3B:08:53 CT0
      1 20:00:00:25:B5:3B:08:53 CT1
      1 20:00:00:25:B5:3B:08:54 CT0
      1 20:00:00:25:B5:3B:08:54 CT1
      1 20:00:00:25:B5:3B:08:55 CT0
      1 20:00:00:25:B5:3B:08:55 CT1
      1 20:00:00:25:B5:3B:08:56 CT0
      1 20:00:00:25:B5:3B:08:56 CT1
      1 20:00:00:25:B5:3B:08:57 CT0
      1 20:00:00:25:B5:3B:08:57 CT1
      1 20:00:00:25:B5:3B:08:58 CT0
      1 20:00:00:25:B5:3B:08:58 CT1
      1 20:00:00:25:B5:3B:08:59 CT0
      1 20:00:00:25:B5:3B:08:59 CT1
      1 20:00:00:25:B5:3B:08:5A CT0
      1 20:00:00:25:B5:3B:08:5A CT1
      1 20:00:00:25:B5:3B:08:5B CT0
      1 20:00:00:25:B5:3B:08:5B CT1
      1 20:00:00:25:B5:3B:08:5C CT0
      1 20:00:00:25:B5:3B:08:5C CT1
      1 20:00:00:25:B5:3B:08:5E CT0
      1 20:00:00:25:B5:3B:08:5E CT1
      1 20:00:00:25:B5:3B:08:5F CT0
      1 20:00:00:25:B5:3B:08:5F CT1
      1 20:00:00:25:B5:3B:08:60 CT0
      1 20:00:00:25:B5:3B:08:60 CT1
      1 20:00:00:25:B5:3B:08:61 CT0
      1 20:00:00:25:B5:3B:08:61 CT1
      1 20:00:00:25:B5:3B:08:62 CT0
      1 20:00:00:25:B5:3B:08:62 CT1
      1 20:00:00:25:B5:3B:08:63 CT0
      1 20:00:00:25:B5:3B:08:63 CT1
      1 20:00:00:25:B5:3B:08:65 CT0
      1 20:00:00:25:B5:3B:08:65 CT1
      1 20:00:00:25:B5:3B:08:66 CT0
      1 20:00:00:25:B5:3B:08:66 CT1
      1 20:00:00:25:B5:3B:08:68 CT0
      1 20:00:00:25:B5:3B:08:68 CT1
      1 20:00:00:25:B5:3B:08:6A CT0
      1 20:00:00:25:B5:3B:08:6A CT1
      1 20:00:00:25:B5:3B:08:6C CT0
      1 20:00:00:25:B5:3B:08:6C CT1
      1 20:00:00:25:B5:3B:08:6D CT0
      1 20:00:00:25:B5:3B:08:6D CT1
      1 20:00:00:25:B5:3B:08:6E CT0
      1 20:00:00:25:B5:3B:08:6E CT1
      1 20:00:00:25:B5:3B:08:6F CT0
      1 20:00:00:25:B5:3B:08:6F CT1
      1 20:00:00:25:B5:3B:08:70 CT0
      1 20:00:00:25:B5:3B:08:70 CT1
      1 20:00:00:25:B5:3B:08:75 CT0
      1 20:00:00:25:B5:3B:08:75 CT1
      1 20:00:00:25:B5:3B:08:77 CT0
      1 20:00:00:25:B5:3B:08:77 CT1
      1 20:00:00:25:B5:3B:08:78 CT0
      1 20:00:00:25:B5:3B:08:78 CT1
      1 20:00:00:25:B5:3B:08:79 CT0
      1 20:00:00:25:B5:3B:08:79 CT1
      1 20:00:00:25:B5:3B:08:CA CT0
      1 20:00:00:25:B5:3B:08:CA CT1
      1 20:00:00:25:B5:3B:08:CC CT0
      1 20:00:00:25:B5:3B:08:CC CT1
      1 20:00:00:25:B5:3B:08:CD CT0
      1 20:00:00:25:B5:3B:08:CD CT1
      1 20:00:00:25:B5:3B:08:CE CT0
      1 20:00:00:25:B5:3B:08:CE CT1
      1 20:00:00:25:B5:3B:08:CF CT0
      1 20:00:00:25:B5:3B:08:CF CT1
      1 20:00:00:25:B5:3B:08:D0 CT0
      1 20:00:00:25:B5:3B:08:D0 CT1
      1 20:00:00:25:B5:3B:08:D1 CT0
      1 20:00:00:25:B5:3B:08:D1 CT1
      1 20:00:00:25:B5:3B:08:D6 CT0
      1 20:00:00:25:B5:3B:08:D6 CT1
      1 20:00:00:25:B5:3B:08:D7 CT0
      1 20:00:00:25:B5:3B:08:D7 CT1
      1 20:00:00:25:B5:3B:08:D8 CT0
      1 20:00:00:25:B5:3B:08:D8 CT1
      1 20:00:00:25:B5:3B:08:D9 CT0
      1 20:00:00:25:B5:3B:08:D9 CT1
      1 20:00:00:25:B5:3B:08:DA CT0
      1 20:00:00:25:B5:3B:08:DA CT1
      1 20:00:00:25:B5:3B:08:DC CT0
      1 20:00:00:25:B5:3B:08:DC CT1
      1 20:00:00:25:B5:3B:09:F3 CT0
      1 20:00:00:25:B5:3B:09:F3 CT1
      1 20:00:00:25:B5:3B:09:F5 CT0
      1 20:00:00:25:B5:3B:09:F5 CT1
      1 20:00:00:25:B5:3B:09:F7 CT0
      1 20:00:00:25:B5:3B:09:F7 CT1
      1 20:00:00:25:B5:4A:08:51 CT0
      1 20:00:00:25:B5:4A:08:51 CT1
      1 20:00:00:25:B5:4A:08:52 CT0
      1 20:00:00:25:B5:4A:08:52 CT1
      1 20:00:00:25:B5:4A:08:53 CT0
      1 20:00:00:25:B5:4A:08:53 CT1
      1 20:00:00:25:B5:4A:08:54 CT0
      1 20:00:00:25:B5:4A:08:54 CT1
      1 20:00:00:25:B5:4A:08:55 CT0
      1 20:00:00:25:B5:4A:08:55 CT1
      1 20:00:00:25:B5:4A:08:56 CT0
      1 20:00:00:25:B5:4A:08:56 CT1
      1 20:00:00:25:B5:4A:08:57 CT0
      1 20:00:00:25:B5:4A:08:57 CT1
      1 20:00:00:25:B5:4A:08:58 CT0
      1 20:00:00:25:B5:4A:08:58 CT1
      1 20:00:00:25:B5:4A:08:59 CT0
      1 20:00:00:25:B5:4A:08:59 CT1
      1 20:00:00:25:B5:4A:08:5A CT0
      1 20:00:00:25:B5:4A:08:5A CT1
      1 20:00:00:25:B5:4A:08:5B CT0
      1 20:00:00:25:B5:4A:08:5B CT1
      1 20:00:00:25:B5:4A:08:5C CT0
      1 20:00:00:25:B5:4A:08:5C CT1
      1 20:00:00:25:B5:4A:08:5E CT0
      1 20:00:00:25:B5:4A:08:5E CT1
      1 20:00:00:25:B5:4A:08:5F CT0
      1 20:00:00:25:B5:4A:08:5F CT1
      1 20:00:00:25:B5:4A:08:60 CT0
      1 20:00:00:25:B5:4A:08:60 CT1
      1 20:00:00:25:B5:4A:08:61 CT0
      1 20:00:00:25:B5:4A:08:61 CT1
      1 20:00:00:25:B5:4A:08:62 CT0
      1 20:00:00:25:B5:4A:08:62 CT1
      1 20:00:00:25:B5:4A:08:63 CT0
      1 20:00:00:25:B5:4A:08:63 CT1
      1 20:00:00:25:B5:4A:08:65 CT0
      1 20:00:00:25:B5:4A:08:65 CT1
      1 20:00:00:25:B5:4A:08:66 CT0
      1 20:00:00:25:B5:4A:08:66 CT1
      1 20:00:00:25:B5:4A:08:68 CT0
      1 20:00:00:25:B5:4A:08:68 CT1
      1 20:00:00:25:B5:4A:08:6A CT0
      1 20:00:00:25:B5:4A:0 :CT0
      1 20:00:00:25:B5:4B:08:5B CT1
      1 20:00:00:25:B5:4B:08:5C CT0
      1 20:00:00:25:B5:4B:08:5C CT1
      1 20:00:00:25:B5:4B:08:5E CT0
      1 20:00:00:25:B5:4B:08:5E CT1
      1 20:00:00:25:B5:4B:08:5F CT0
      1 20:00:00:25:B5:4B:08:5F CT1
      1 20:00:00:25:B5:4B:08:60 CT0
      1 20:00:00:25:B5:4B:08:60 CT1
      1 20:00:00:25:B5:4B:08:61 CT0
      1 20:00:00:25:B5:4B:08:61 CT1
      1 20:00:00:25:B5:4B:08:62 CT0
      1 20:00:00:25:B5:4B:08:62 CT1
      1 20:00:00:25:B5:4B:08:63 CT0
      1 20:00:00:25:B5:4B:08:63 CT1
      1 20:00:00:25:B5:4B:08:65 CT0
      1 20:00:00:25:B5:4B:08:65 CT1
      1 20:00:00:25:B5:4B:08:66 CT0
      1 20:00:00:25:B5:4B:08:66 CT1
      1 20:00:00:25:B5:4B:08:68 CT0
      1 20:00:00:25:B5:4B:08:68 CT1
      1 20:00:00:25:B5:4B:08:6A CT0
      1 20:00:00:25:B5:4B:08:6A CT1
      1 20:00:00:25:B5:4B:08:6C CT0
      1 20:00:00:25:B5:4B:08:6C CT1
      1 20:00:00:25:B5:4B:08:6D CT0
      1 20:00:00:25:B5:4B:08:6D CT1
      1 20:00:00:25:B5:4B:08:6E CT0
      1 20:00:00:25:B5:4B:08:6E CT1
      1 20:00:00:25:B5:4B:08:6F CT0
      1 20:00:00:25:B5:4B:08:6F CT1
      1 20:00:00:25:B5:4B:08:70 CT0
      1 20:00:00:25:B5:4B:08:70 CT1
      1 20:00:00:25:B5:4B:08:75 CT0
      1 20:00:00:25:B5:4B:08:75 CT1
      1 20:00:00:25:B5:4B:08:77 CT0
      1 20:00:00:25:B5:4B:08:77 CT1
      1 20:00:00:25:B5:4B:08:78 CT0
      1 20:00:00:25:B5:4B:08:78 CT1
      1 20:00:00:25:B5:4B:08:79 CT0
      1 20:00:00:25:B5:4B:08:79 CT1
      1 20:00:00:25:B5:4B:08:CA CT0
      1 20:00:00:25:B5:4B:08:CA CT1
      1 20:00:00:25:B5:4B:08:CC CT0
      1 20:00:00:25:B5:4B:08:CC CT1
      1 20:00:00:25:B5:4B:08:CD CT0
      1 20:00:00:25:B5:4B:08:CD CT1
      1 20:00:00:25:B5:4B:08:CE CT0
      1 20:00:00:25:B5:4B:08:CE CT1
      1 20:00:00:25:B5:4B:08:CF CT0
      1 20:00:00:25:B5:4B:08:CF CT1
      1 20:00:00:25:B5:4B:08:D0 CT0
      1 20:00:00:25:B5:4B:08:D0 CT1
      1 20:00:00:25:B5:4B:08:D1 CT0
      1 20:00:00:25:B5:4B:08:D1 CT1
      1 20:00:00:25:B5:4B:08:D6 CT0
      1 20:00:00:25:B5:4B:08:D6 CT1
      1 20:00:00:25:B5:4B:08:D7 CT0
      1 20:00:00:25:B5:4B:08:D7 CT1
      1 20:00:00:25:B5:4B:08:D8 CT0
      1 20:00:00:25:B5:4B:08:D8 CT1
      1 20:00:00:25:B5:4B:08:D9 CT0
      1 20:00:00:25:B5:4B:08:D9 CT1
      1 20:00:00:25:B5:4B:08:DA CT0
      1 20:00:00:25:B5:4B:08:DA CT1
      1 20:00:00:25:B5:4B:08:DC CT0
      1 20:00:00:25:B5:4B:08:DC CT1
      1 20:00:00:25:B5:4B:09:F3 CT0
      1 20:00:00:25:B5:4B:09:F3 CT1
      1 20:00:00:25:B5:4B:09:F5 CT0
      1 20:00:00:25:B5:4B:09:F5 CT1
      1 20:00:00:25:B5:4B:09:F7 CT0
      1 20:00:00:25:B5:4B:09:F7 CT1


Total FC connections: 376


     root@rochmn03-pfa-08-581-ct0:/var/home/pureeng# date
Wed May 14 02:24:41 AM CDT 2025
     root@rochmn03-pfa-08-581-ct0:/var/home/pureeng# purehw list
Name       Status         Identify  Slot  Index  Speed       Temperature  Voltage  Details
CH0        ok             off       -     0      -           -            -        -
CH0.BAY0   ok             off       -     0      -           -            -        -
CH0.BAY1   ok             off       -     1      -           -            -        -
CH0.BAY2   ok             off       -     2      -           -            -        -
CH0.BAY3   ok             off       -     3      -           -            -        -
CH0.BAY4   ok             off       -     4      -           -            -        -
CH0.BAY5   ok             off       -     5      -           -            -        -
CH0.BAY6   ok             off       -     6      -           -            -        -
CH0.BAY7   ok             off       -     7      -           -            -        -
CH0.BAY8   ok             off       -     8      -           -            -        -
CH0.BAY9   ok             off       -     9      -           -            -        -
CH0.BAY10  ok             off       -     10     -           -            -        -
CH0.BAY11  ok             off       -     11     -           -            -        -
CH0.BAY12  ok             off       -     12     -           -            -        -
CH0.BAY13  ok             off       -     13     -           -            -        -
CH0.BAY14  ok             off       -     14     -           -            -        -
CH0.BAY15  ok             off       -     15     -           -            -        -
CH0.BAY16  not_installed  off       -     16     -           -            -        -
CH0.BAY17  not_installed  off       -     17     -           -            -        -
CH0.BAY18  not_installed  off       -     18     -           -            -        -
CH0.BAY19  not_installed  off       -     19     -           -            -        -
CH0.NVB0   ok             off       -     0      -           -            -        -
CH0.NVB1   ok             off       -     1      -           -            -        -
CH0.NVB2   not_installed  off       -     2      -           -            -        -
CH0.NVB3   not_installed  off       -     3      -           -            -        -
CH0.PWR0   ok             -         -     0      -           -            204 V    -
CH0.PWR1   ok             -         -     1      -           -            204 V    -
CH0.TMP0   ok             -         -     0      -           34 C         -        -
CT0        ok             off       -     0      -           -            -        -
CT0.ETH0   ok             -         -     0      0.00 b/s    -            -        -
CT0.ETH1   ok             -         -     1      0.00 b/s    -            -        -
CT0.ETH2   ok             -         -     2      25.00 Gb/s  -            -        -
CT0.ETH3   ok             -         -     3      0.00 b/s    -            -        -
CT0.ETH4   ok             -         -     4      1.00 Gb/s   -            -        -
CT0.ETH5   ok             -         -     5      0.00 b/s    -            -        -
CT0.ETH14  ok             -         2     14     25.00 Gb/s  -            -        -
CT0.ETH15  ok             -         2     15     25.00 Gb/s  -            -        -
CT0.FAN0   ok             -         -     0      -           -            -        -
CT0.FAN1   ok             -         -     1      -           -            -        -
CT0.FAN2   ok             -         -     2      -           -            -        -
CT0.FAN3   ok             -         -     3      -           -            -        -
CT0.FAN4   ok             -         -     4      -           -            -        -
CT0.FAN5   ok             -         -     5      -           -            -        -
CT0.FC4    ok             -         1     4      16.00 Gb/s  -            -        -
CT0.FC5    ok             -         1     5      16.00 Gb/s  -            -        -
CT0.FC6    ok             -         1     6      0.00 b/s    -            -        -
CT0.FC7    ok             -         1     7      0.00 b/s    -            -        -
CT0.FC12   ok             -         3     12     16.00 Gb/s  -            -        -
CT0.FC13   ok             -         3     13     16.00 Gb/s  -            -        -
CT0.FC14   ok             -         3     14     0.00 b/s    -            -        -
CT0.FC15   ok             -         3     15     0.00 b/s    -            -        -
CT0.TMP0   ok             -         -     0      -           47 C         -        -
CT0.TMP1   ok             -         -     1      -           49 C         -        -
CT0.TMP2   ok             -         -     2      -           69 C         -        -
CT0.TMP3   ok             -         -     3      -           65 C         -        -
CT0.TMP4   ok             -         -     4      -           54 C         -        -
CT0.TMP5   ok             -         -     5      -           54 C         -        -
CT0.TMP6   ok             -         -     6      -           38 C         -        -
CT0.TMP7   ok             -         -     7      -           40 C         -        -
CT0.TMP8   ok             -         -     8      -           62 C         -        -
CT0.TMP9   ok             -         -     9      -           48 C         -        -
CT0.TMP11  ok             -         -     11     -           47 C         -        -
CT0.TMP12  ok             -         -     12     -           46 C         -        -
CT0.TMP13  ok             -         -     13     -           49 C         -        -
CT0.TMP14  ok             -         -     14     -           48 C         -        -
CT0.TMP15  ok             -         -     15     -           48 C         -        -
CT0.TMP17  ok             -         -     17     -           49 C         -        -
CT0.TMP19  ok             -         -     19     -           47 C         -        -
CT0.TMP20  ok             -         -     20     -           47 C         -        -
CT0.TMP21  ok             -         -     21     -           51 C         -        -
CT0.TMP22  ok             -         -     22     -           50 C         -        -
CT0.TMP23  ok             -         -     23     -           49 C         -        -
CT1        ok             off       -     1      -           -            -        -
CT1.ETH0   ok             -         -     0      0.00 b/s    -            -        -
CT1.ETH1   ok             -         -     1      0.00 b/s    -            -        -
CT1.ETH2   ok             -         -     2      25.00 Gb/s  -            -        -
CT1.ETH3   ok             -         -     3      0.00 b/s    -            -        -
CT1.ETH4   ok             -         -     4      1.00 Gb/s   -            -        -
CT1.ETH5   ok             -         -     5      0.00 b/s    -            -        -
CT1.ETH14  ok             -         2     14     25.00 Gb/s  -            -        -
CT1.ETH15  ok             -         2     15     25.00 Gb/s  -            -        -
CT1.FAN0   ok             -         -     0      -           -            -        -
CT1.FAN1   ok             -         -     1      -           -            -        -
CT1.FAN2   ok             -         -     2      -           -            -        -
CT1.FAN3   ok             -         -     3      -           -            -        -
CT1.FAN4   ok             -         -     4      -           -            -        -
CT1.FAN5   ok             -         -     5      -           -            -        -
CT1.FC4    ok             -         1     4      16.00 Gb/s  -            -        -
CT1.FC5    ok             -         1     5      16.00 Gb/s  -            -        -
CT1.FC6    ok             -         1     6      0.00 b/s    -            -        -
CT1.FC7    ok             -         1     7      0.00 b/s    -            -        -
CT1.FC12   ok             -         3     12     16.00 Gb/s  -            -        -
CT1.FC13   ok             -         3     13     16.00 Gb/s  -            -        -
CT1.FC14   ok             -         3     14     0.00 b/s    -            -        -
CT1.FC15   ok             -         3     15     0.00 b/s    -            -        -
CT1.TMP0   ok             -         -     0      -           46 C         -        -
CT1.TMP1   ok             -         -     1      -           48 C         -        -
CT1.TMP2   ok             -         -     2      -           58 C         -        -
CT1.TMP3   ok             -         -     3      -      puremessage list --open
     root@rochmn03-pfa-08-581-ct0:/var/home/pureeng# puremessage list --open --g hidden
usage: puremessage [-h]
                   {advance,check,clear,create,delete,flag,list,reset,setattr}
                   ...
puremessage: error: unrecognized arguments: --ghidden
     root@rochmn03-pfa-08-581-ct0:/var/home/pureeng# puremessage list --open --ghidden

     root@rochmn03-pfa-08-581-ct0:/var/home/pureeng# puremessage list --open -- --h idden
ID         Time                     Severity  Category  Code   Component     Name  Event                                            Expected  Actual  Details
107702150  2025-05-14 02:25:24 CDT  info      array     50002  portal_state  ct1   Portal state: online, time: 2025-05-14 02:20:22  -         -       Portal state online
     root@rochmn03-pfa-08-581-ct0:/var/home/pureeng# puredrive list
Name       Type   Status   Capacity  Details
CH0.BAY0   SSD    healthy  7.93T     -
CH0.BAY1   SSD    healthy  7.93T     -
CH0.BAY2   SSD    healthy  7.93T     -
CH0.BAY3   SSD    healthy  7.93T     -
CH0.BAY4   SSD    healthy  7.93T     -
CH0.BAY5   SSD    healthy  7.93T     -
CH0.BAY6   SSD    healthy  7.93T     -
CH0.BAY7   SSD    healthy  7.93T     -
CH0.BAY8   SSD    healthy  7.93T     -
CH0.BAY9   SSD    healthy  7.93T     -
CH0.BAY10  SSD    healthy  7.93T     -
CH0.BAY11  SSD    healthy  7.93T     -
CH0.BAY12  SSD    healthy  7.93T     -
CH0.BAY13  SSD    healthy  7.93T     -
CH0.BAY14  SSD    healthy  7.93T     -
CH0.BAY15  SSD    healthy  7.93T     -
CH0.BAY16  -      unused   0.00      -
CH0.BAY17  -      unused   0.00      -
CH0.BAY18  -      unused   0.00      -
CH0.BAY19  -      unused   0.00      -
CH0.NVB0   NVRAM  healthy  7.00G     -
CH0.NVB1   NVRAM  healthy  7.00G     -
CH0.NVB2   NVRAM  unused   0.00      -
CH0.NVB3   NVRAM  unused   0.00      -
     root@rochmn03-pfa-08-581-ct0:/var/home/pureeng# purearray list --controller r
Name  Type              Mode       Model     Version  Status  Internal Details
CT0   array_controller  primary    FA-X50R4  6.5.8    ready   
CT1   array_controller  secondary  FA-X50R4  6.5.8    ready   
     root@rochmn03-pfa-08-581-ct0:/var/home/pureeng# iobalance --sampletime 30
sampling host I/O for 30 seconds...
                     Host  CT0 I/O Count  CT1 I/O Count  
rochmn03-hb2-pod58-001-ll       3.07K       2.78K  
rochmn03-hb2-pod58-002-ll       4.31K       4.14K  
rochmn03-hb2-pod58-003-ll      496.00      399.00  
rochmn03-hb2-pod58-004-ll       1.47K      675.00  ! unbalanced I/O
rochmn03-hb2-pod58-005-hl      122.00      150.00  
rochmn03-hb2-pod58-005-ll      14.17K      10.33K  
rochmn03-hb2-pod58-006-hl      17.16K      52.02K  ! unbalanced I/O
rochmn03-hb2-pod58-006-ll       9.92K       3.24K  ! unbalanced I/O
rochmn03-hb2-pod58-007-hl        0.00        0.00  ? Host is idle
rochmn03-hb2-pod58-007-ll      365.00       23.00  ! unbalanced I/O
rochmn03-hb2-pod58-008-hl        0.00        0.00  ? Host is idle
rochmn03-hb2-pod58-008-ll      249.00        8.00  ! unbalanced I/O
rochmn03-hb2-pod58-009-hl        0.00        0.00  ? Host is idle
rochmn03-hb2-pod58-009-ll      102.00      280.00  ! unbalanced I/O
rochmn03-hb2-pod58-011-ll      123.00        4.00  ! unbalanced I/O
rochmn03-hb2-pod58-012-ll       1.62K       1.24K  
rochmn03-hb2-pod58-013-hl       2.93K       3.32K  
rochmn03-hb2-pod58-013-ll       7.93K       6.79K  
rochmn03-hb2-pod58-014-hl      132.00      329.00  ! unbalanced I/O
rochmn03-hb2-pod58-014-ll      336.00      453.00  
rochmn03-hb2-pod58-015-hl      197.00      586.00  ! unbalanced I/O
rochmn03-hb2-pod58-015-ll      283.00      383.00  
rochmn03-hb2-pod58-017-hl        1.00        1.00  
rochmn03-hb2-pod58-017-ll      768.00      821.00  
rochmn03-hb2-pod58-018-hl      35.62K      38.70K  
rochmn03-hb2-pod58-018-ll      15.55K      12.11K  
rochmn03-hb2-pod58-019-ll       1.17K       1.04K  
rochmn03-hb2-pod58-020-ll        0.00        0.00  ? Host is idle
rochmn03-hb2-pod58-021-hl      12.28K      23.49K  ! unbalanced I/O
rochmn03-hb2-pod58-021-ll       5.83K       2.97K  ! unbalanced I/O
rochmn03-hb2-pod58-022-ll       84.00       43.00  ! unbalanced I/O
rochmn03-hb2-pod58-023-ll      137.00       31.00  ! unbalanced I/O
rochmn03-hb2-pod58-024-ll      165.00       48.00  ! unbalanced I/O
rochmn03-hb2-pod58-025-ll      155.00        6.00  ! unbalanced I/O
rochmn03-hb2-pod58-026-hl       97.00      312.00  ! unbalanced I/O
rochmn03-hb2-pod58-026-ll       3.44K       3.29K  
rochmn03-hb2-pod58-034-hl      296.00      351.00  
rochmn03-hb2-pod58-034-ll       5.23K       4.94K  
rochmn03-hb2-pod58-035-hl      348.00      512.00  
rochmn03-hb2-pod58-035-ll      22.74K      18.78K  
rochmn03-hb2-pod58-038-hl        0.00        4.00  ! no I/O to CT0
rochmn03-hb2-pod58-038-ll       3.83K       2.87K  
rochmn03-hb2-pod58-039-hl        0.00        4.00  ! no I/O to CT0
rochmn03-hb2-pod58-039-ll       3.50K       6.46K  ! unbalanced I/O
rochmn03-hb2-pod58-040-hl      13.25K      13.41K  
rochmn03-hb2-pod58-040-ll       4.73K       3.43K  
rochmn03-hb2-pod58-041-ll      894.00      867.00  
rochmn03-hb2-pod58-042-ll      841.00      744.00  
rochmn03-hb2-pod58-043-hl      855.00      797.00  
rochmn03-hb2-pod58-043-ll      16.27K      16.72K  
rochmn03-hb2-pod58-046-ll      826.00      780.00  
rochmn03-hb2-pod58-047-hl       6.48K      20.80K  ! unbalanced I/O
rochmn03-hb2-pod58-047-ll       4.17K       4.57K  
rochmn03-hb2-pod58-048-hl        0.00        8.00  ! no I/O to CT0
rochmn03-hb2-pod58-048-ll      14.09K      10.99K  
rochmn03-hb2-pod58-049-hl      15.25K      14.39K  
rochmn03-hb2-pod58-049-ll       9.02K       6.38K  
rochmn03-hb2-pod58-050-ll       1.77K       1.18K  ! unbalanced I/O
rochmn03-hb2-pod58-051-ll       1.04K       1.08K  
rochmn03-hb2-pod58-052-ll        0.00        0.00  ? Host is idle
rochmn03-hb2-pod58-053-ll       1.05K      734.00  
rochmn03-hb2-pod58-056-ll       1.64K       1.36K  
rochmn03-hb2-pod58-057-hl      13.04K      13.42K  
rochmn03-hb2-pod58-057-ll      10.70K       8.54K  
rochmn03-hb2-pod58-067-ll       1.60K       1.14K  
rochmn03-hb2-pod58-068-ll      608.00       1.12K  ! unbalanced I/O
rochmn03-hb2-pod58-069-ll       1.30K       1.08K  
rochmn03-hb4-pod58-001-ll      164.00       76.00  ! unbalanced I/O
rochmn03-hb4-pod58-002-ll     252.32K     266.20K  
     root@rochmn03-pfa-08-581-ct0:/var/home/pureeng# purehw list
Name       Status         Identify  Slot  Index  Speed       Temperature  Voltage  Details
CH0        ok             off       -     0      -           -            -        -
CH0.BAY0   ok             off       -     0      -           -            -        -
CH0.BAY1   ok             off       -     1      -           -            -        -
CH0.BAY2   ok             off       -     2      -           -            -        -
CH0.BAY3   ok             off       -     3      -           -            -        -
CH0.BAY4   ok             off       -     4      -           -            -        -
CH0.BAY5   ok             off       -     5      -           -            -        -
CH0.BAY6   ok             off       -     6      -           -            -        -
CH0.BAY7   ok             off       -     7      -           -            -        -
CH0.BAY8   ok             off       -     8      -           -            -        -
CH0.BAY9   ok             off       -     9      -           -            -        -
CH0.BAY10  ok             off       -     10     -           -            -        -
CH0.BAY11  ok             off       -     11     -           -            -        -
CH0.BAY12  ok             off       -     12     -           -            -        -
CH0.BAY13  ok             off       -     13     -           -            -        -
CH0.BAY14  ok             off       -     14     -           -            -        -
CH0.BAY15  ok             off       -     15     -           -            -        -
CH0.BAY16  not_installed  off       -     16     -           -            -        -
CH0.BAY17  not_installed  off       -     17     -           -            -        -
CH0.BAY18  not_installed  off       -     18     -           -            -        -
CH0.BAY19  not_installed  off       -     19     -           -            -        -
CH0.NVB0   ok             off       -     0      -           -            -        -
CH0.NVB1   ok             off       -     1      -           -            -        -
CH0.NVB2   not_installed  off       -     2      -           -            -        -
CH0.NVB3   not_installed  off       -     3      -           -            -        -
CH0.PWR0   ok             -         -     0      -           -            204 V    -
CH0.PWR1   ok             -         -     1      -           -            204 V    -
CH0.TMP0   ok             -         -     0      -           34 C         -        -
CT0        ok             off       -     0      -           -            -        -
CT0.ETH0   ok             -         -     0      0.00 b/s    -            -        -
CT0.ETH1   ok             -         -     1      0.00 b/s    -            -        -
CT0.ETH2   ok             -         -     2      25.00 Gb/s  -            -        -
CT0.ETH3   ok             -         -     3      0.00 b/s    -            -        -
CT0.ETH4   ok             -         -     4      1.00 Gb/s   -            -        -
CT0.ETH5   ok             -         -     5      0.00 b/s    -            -        -
CT0.ETH14  ok             -         2     14     25.00 Gb/s  -            -        -
CT0.ETH15  ok             -         2     15     25.00 Gb/s  -            -        -
CT0.FAN0   ok             -         -     0      -           -            -        -
CT0.FAN1   ok             -         -     1      -           -            -        -
CT0.FAN2   ok             -         -     2      -           -            -        -
CT0.FAN3   ok             -         -     3      -           -            -        -
CT0.FAN4   ok             -         -     4      -           -            -        -
CT0.FAN5   ok             -         -     5      -           -            -        -
CT0.FC4    ok             -         1     4      16.00 Gb/s  -            -        -
CT0.FC5    ok             -         1     5      16.00 Gb/s  -            -        -
CT0.FC6    ok             -         1     6      0.00 b/s    -            -        -
CT0.FC7    ok             -         1     7      0.00 b/s    -            -        -
CT0.FC12   ok             -         3     12     16.00 Gb/s  -            -        -
CT0.FC13   ok             -         3     13     16.00 Gb/s  -            -        -
CT0.FC14   ok             -         3     14     0.00 b/s    -            -        -
CT0.FC15   ok             -         3     15     0.00 b/s    -            -        -
CT0.TMP0   ok             -         -     0      -           47 C         -        -
CT0.TMP1   ok             -         -     1      -           50 C         -        -
CT0.TMP2   ok             -         -     2      -           70 C         -        -
CT0.TMP3   ok             -         -     3      -           65 C         -        -
CT0.TMP4   ok             -         -     4      -           54 C         -        -
CT0.TMP5   ok             -         -     5      -           55 C         -        -
CT0.TMP6   ok             -         -     6      -           38 C         -        -
CT0.TMP7   ok             -         -     7      -           40 C         -        -
CT0.TMP8   ok             -         -     8      -           63 C         -        -
CT0.TMP9   ok             -         -     9      -           48 C         -        -
CT0.TMP11  ok             -         -     11     -           47 C         -        -
CT0.TMP12  ok             -         -     12     -           46 C         -        -
CT0.TMP13  ok             -         -     13     -           50 C         -        -
CT0.TMP14  ok             -         -     14     -           48 C         -        -
CT0.TMP15  ok             -         -     15     -           48 C         -        -
CT0.TMP17  ok             -         -     17     -           49 C         -        -
CT0.TMP19  ok             -         -     19     -           47 C         -        -
CT0.TMP20  ok             -         -     20     -           47 C         -        -
CT0.TMP21  ok             -         -     21     -           51 C         -        -
CT0.TMP22  ok             -         -     22     -           50 C         -        -
CT0.TMP23  ok             -         -     23     -           49 C         -        -
CT1        ok             off       -     1      -           -            -        -
CT1.ETH0   ok             -         -     0      0.00 b/s    -            -        -
CT1.ETH1   ok             -         -     1      0.00 b/s    -            -        -
CT1.ETH2   ok             -         -     2      25.00 Gb/s  -            -        -
CT1.ETH3   ok             -         -     3      0.00 b/s    -            -        -
CT1.ETH4   ok             -         -     4      1.00 Gb/s   -            -        -
CT1.ETH5   ok             -         -     5      0.00 b/s    -            -        -
CT1.ETH14  ok             -         2     14     25.00 Gb/s  -            -        -
CT1.ETH15  ok             -         2     15     25.00 Gb/s  -            -        -
CT1.FAN0   ok             -         -     0      -           -            -        -
CT1.FAN1   ok             -         -     1      -           -            -        -
CT1.FAN2   ok             -         -     2      -           -            -        -
CT1.FAN3   ok             -         -     3      -           -            -        -
CT1.FAN4   ok             -         -     4      -           -            -        -
CT1.FAN5   ok             -         -     5      -           -            -        -
CT1.FC4    ok             -         1     4      16.00 Gb/s  -            -        -
CT1.FC5    ok             -         1     5      16.00 Gb/s  -            -        -
CT1.FC6    ok             -         1     6      0.00 b/s    -            -        -
CT1.FC7    ok             -         1     7      0.00 b/s    -            -        -
CT1.FC12   ok             -         3     12     16.00 Gb/s  -            -        -
CT1.FC13   ok             -         3     13     16.00 Gb/s  -            -        -
CT1.FC14   ok             -         3     14     0.00 b/s    -            -        -
CT1.FC15   ok             -         3     15     0.00 b/s    -            -        -
CT1.TMP0   ok             -         -     0      -           46 C         -        -
CT1.TMP1   ok             -         -     1      -           49 C         -        -
CT1.TMP2   ok             -         -     2      -           58 C         -        -
CT1.TMP3   ok             -         -     3      -           58 C         -        -
CT1.TMP4   ok             -         -     4      -           51 C         -        -
CT1.TMP5   ok             -         -     5      -           52 C         -        -
CT1.TMP6   ok             -         -     6      -           38 C         -        -
CT1.TMP7   ok             -         -     7      -           39 C         -        -
CT1.TMP8   ok             -         -     8      -           60 C         -        -
CT1.TMP9   ok             -         -     9      -           43 C         -        -
CT1.TMP11  ok             -         -     11     -           42 C         -        -
CT1.TMP12  ok             -         -     12     -           42 C         -        -
CT1.TMP13  ok             -         -     13     -           44 C         -        -
CT1.TMP14  ok             -         -     14     -           43 C         -        -
CT1.TMP15  ok             -         -     15     -           43 C         -        -
CT1.TMP17  ok             -         -     17     -           43 C         -        -
CT1.TMP19  ok             -         -     19     -           42 C         -        -
CT1.TMP20  ok             -         -     20     -           42 C         -        -
CT1.TMP21  ok             -         -     21     -           46 C         -        -
CT1.TMP22  ok             -         -     22     -           45 C         -        -
CT1.TMP23  ok             -         -     23     -           45 C         -        -
     root@rochmn03-pfa-08-581-ct0:/var/home/pureeng# puremessage list -0--open
     root@rochmn03-pfa-08-581-ct0:/var/home/pureeng# iobalance --sampletime 30
sampling host I/O for 30 seconds...
                     Host  CT0 I/O Count  CT1 I/O Count  
rochmn03-hb2-pod58-001-ll      828.00      425.00  ! unbalanced I/O
rochmn03-hb2-pod58-002-ll      814.00      616.00  
rochmn03-hb2-pod58-003-ll       29.00       34.00  
rochmn03-hb2-pod58-004-ll      705.00      224.00  ! unbalanced I/O
rochmn03-hb2-pod58-005-hl      408.00      422.00  
rochmn03-hb2-pod58-005-ll       9.66K       7.98K  
rochmn03-hb2-pod58-006-hl       9.36K      73.28K  ! unbalanced I/O
rochmn03-hb2-pod58-006-ll       4.43K       4.03K  
rochmn03-hb2-pod58-007-hl        0.00        0.00  ? Host is idle
rochmn03-hb2-pod58-007-ll      155.00       29.00  ! unbalanced I/O
rochmn03-hb2-pod58-008-hl        0.00        0.00  ? Host is idle
rochmn03-hb2-pod58-008-ll       45.00      255.00  ! unbalanced I/O
rochmn03-hb2-pod58-009-hl        0.00        0.00  ? Host is idle
rochmn03-hb2-pod58-009-ll       34.00      152.00  ! unbalanced I/O
rochmn03-hb2-pod58-011-ll      123.00        4.00  ! unbalanced I/O
rochmn03-hb2-pod58-012-ll      859.00      479.00  ! unbalanced I/O
rochmn03-hb2-pod58-013-hl       3.75K       4.59K  
rochmn03-hb2-pod58-013-ll       7.09K       4.91K  
rochmn03-hb2-pod58-014-hl      226.00      769.00  ! unbalanced I/O
rochmn03-hb2-pod58-014-ll      252.00      359.00  
rochmn03-hb2-pod58-015-hl      130.00      437.00  ! unbalanced I/O
rochmn03-hb2-pod58-015-ll      466.00      490.00  
rochmn03-hb2-pod58-017-hl       32.00       81.00  ! unbalanced I/O
rochmn03-hb2-pod58-017-ll      985.00      709.00  
rochmn03-hb2-pod58-018-hl      30.53K      39.53K  
rochmn03-hb2-pod58-018-ll      44.34K      38.27K  
rochmn03-hb2-pod58-019-ll      679.00      662.00  
rochmn03-hb2-pod58-020-ll        0.00        0.00  ? Host is idle
rochmn03-hb2-pod58-021-hl       3.45K       3.88K  
rochmn03-hb2-pod58-021-ll       8.28K      10.51K  
rochmn03-hb2-pod58-022-ll      151.00        4.00  ! unbalanced I/O
rochmn03-hb2-pod58-023-ll      157.00       28.00  ! unbalanced I/O
rochmn03-hb2-pod58-024-ll      137.00       36.00  ! unbalanced I/O
rochmn03-hb2-pod58-025-ll      112.00       26.00  ! unbalanced I/O
rochmn03-hb2-pod58-026-hl      277.00      117.00  ! unbalanced I/O
rochmn03-hb2-pod58-026-ll       2.51K       2.61K  
rochmn03-hb2-pod58-034-hl      136.00      197.00  
rochmn03-hb2-pod58-034-ll      860.00      656.00  
rochmn03-hb2-pod58-035-hl      964.00       1.20K  
rochmn03-hb2-pod58-035-ll       7.78K       5.54K  
rochmn03-hb2-pod58-038-hl        2.00        2.00  
rochmn03-hb2-pod58-038-ll      37.35K      27.05K  
rochmn03-hb2-pod58-039-hl       28.00       87.00  ! unbalanced I/O
rochmn03-hb2-pod58-039-ll       3.28K       3.25K  
rochmn03-hb2-pod58-040-hl      10.49K      11.67K  
rochmn03-hb2-pod58-040-ll       8.18K       6.00K  
rochmn03-hb2-pod58-041-ll      618.00      498.00  
rochmn03-hb2-pod58-042-ll      654.00      595.00  
rochmn03-hb2-pod58-043-hl       1.23K       3.68K  ! unbalanced I/O
rochmn03-hb2-pod58-043-ll      16.92K      15.69K  
rochmn03-hb2-pod58-046-ll       1.03K      730.00  
rochmn03-hb2-pod58-047-hl      973.00      18.66K  ! unbalanced I/O
rochmn03-hb2-pod58-047-ll      12.70K      11.38K  
rochmn03-hb2-pod58-048-hl        5.00        7.00  
rochmn03-hb2-pod58-048-ll      11.89K       6.93K  ! unbalanced I/O
rochmn03-hb2-pod58-049-hl       9.71K       9.96K  
rochmn03-hb2-pod58-049-ll      15.99K      16.62K  
rochmn03-hb2-pod58-050-ll       1.05K      864.00  
rochmn03-hb2-pod58-051-ll      977.00      714.00  
rochmn03-hb2-pod58-052-ll        0.00        0.00  ? Host is idle
rochmn03-hb2-pod58-053-ll      780.00      690.00  
rochmn03-hb2-pod58-056-ll      903.00      465.00  ! unbalanced I/O
rochmn03-hb2-pod58-057-hl      16.92K      14.81K  
rochmn03-hb2-pod58-057-ll      13.36K      10.80K  
rochmn03-hb2-pod58-067-ll      687.00      721.00  
rochmn03-hb2-pod58-068-ll      861.00       1.07K  
rochmn03-hb2-pod58-069-ll      830.00      852.00  
rochmn03-hb4-pod58-001-ll       28.00      144.00  ! unbalanced I/O
rochmn03-hb4-pod58-002-ll      41.64K      48.18K  
     root@rochmn03-pfa-08-581-ct0:/var/home/pureeng# fcpureportlist=`pureport li st --initiator | awk '/Target/,0' | cut -d. -f1 | awk '{print $1,$5}' | grep -v '-' | grep -v "Initiator" | uniq -c; echo`; fcpureportlistcount=`echo "$fcpureportlist" | awk '{total += $1} END {print total}'`; echo -e "$fcpureportlist\n\n"; echo -e "\tTotal FC connections: $fcpureportlistcount\n\n";
      1 20:00:00:25:B5:3A:08:51 CT0
      1 20:00:00:25:B5:3A:08:51 CT1
      1 20:00:00:25:B5:3A:08:52 CT0
      1 20:00:00:25:B5:3A:08:52 CT1
      1 20:00:00:25:B5:3A:08:53 CT0
      1 20:00:00:25:B5:3A:08:53 CT1
      1 20:00:00:25:B5:3A:08:54 CT0
      1 20:00:00:25:B5:3A:08:54 CT1
      1 20:00:00:25:B5:3A:08:55 CT0
      1 20:00:00:25:B5:3A:08:55 CT1
      1 20:00:00:25:B5:3A:08:56 CT0
      1 20:00:00:25:B5:3A:08:56 CT1
      1 20:00:00:25:B5:3A:08:57 CT0
      1 20:00:00:25:B5:3A:08:57 CT1
      1 20:00:00:25:B5:3A:08:58 CT0
      1 20:00:00:25:B5:3A:08:58 CT1
      1 20:00:00:25:B5:3A:08:59 CT0
      1 20:00:00:25:B5:3A:08:59 CT1
      1 20:00:00:25:B5:3A:08:5A CT0
      1 20:00:00:25:B5:3A:08:5A CT1
      1 20:00:00:25:B5:3A:08:5B CT0
      1 20:00:00:25:B5:3A:08:5B CT1
      1 20:00:00:25:B5:3A:08:5C CT0
      1 20:00:00:25:B5:3A:08:5C CT1
      1 20:00:00:25:B5:3A:08:5E CT0
      1 20:00:00:25:B5:3A:08:5E CT1
      1 20:00:00:25:B5:3A:08:5F CT0
      1 20:00:00:25:B5:3A:08:5F CT1
      1 20:00:00:25:B5:3A:08:60 CT0
      1 20:00:00:25:B5:3A:08:60 CT1
      1 20:00:00:25:B5:3A:08:61 CT0
      1 20:00:00:25:B5:3A:08:61 CT1
      1 20:00:00:25:B5:3A:08:62 CT0
      1 20:00:00:25:B5:3A:08:62 CT1
      1 20:00:00:25:B5:3A:08:63 CT0
      1 20:00:00:25:B5:3A:08:63 CT1
      1 20:00:00:25:B5:3A:08:65 CT0
      1 20:00:00:25:B5:3A:08:65 CT1
      1 20:00:00:25:B5:3A:08:66 CT0
      1 20:00:00:25:B5:3A:08:66 CT1
      1 20:00:00:25:B5:3A:08:68 CT0
      1 20:00:00:25:B5:3A:08:68 CT1
      1 20:00:00:25:B5:3A:08:6A CT0
      1 20:00:00:25:B5:3A:08:6A CT1
      1 20:00:00:25:B5:3A:08:6C CT0
      1 20:00:00:25:B5:3A:08:6C CT1
      1 20:00:00:25:B5:3A:08:6D CT0
      1 20:00:00:25:B5:3A:08:6D CT1
      1 20:00:00:25:B5:3A:08:6E CT0
      1 20:00:00:25:B5:3A:08:6E CT1
      1 20:00:00:25:B5:3A:08:6F CT0
      1 20:00:00:25:B5:3A:08:6F CT1
      1 20:00:00:25:B5:3A:08:70 CT0
      1 20:00:00:25:B5:3A:08:70 CT1
      1 20:00:00:25:B5:3A:08:75 CT0
      1 20:00:00:25:B5:3A:08:75 CT1
      1 20:00:00:25:B5:3A:08:77 CT0
      1 20:00:00:25:B5:3A:08:77 CT1
      1 20:00:00:25:B5:3A:08:78 CT0
      1 20:00:00:25:B5:3A:08:78 CT1
      1 20:00:00:25:B5:3A:08:79 CT0
      1 20:00:00:25:B5:3A:08:79 CT1
      1 20:00:00:25:B5:3A:08:CA CT0
      1 20:00:00:25:B5:3A:08:CA CT1
      1 20:00:00:25:B5:3A:08:CC CT0
      1 20:00:00:25:B5:3A:08:CC CT1
      1 20:00:00:25:B5:3A:08:CD CT0
      1 20:00:00:25:B5:3A:08:CD CT1
      1 20:00:00:25:B5:3A:08:CE CT0
      1 20:00:00:25:B5:3A:08:CE CT1
      1 20:00:00:25:B5:3A:08:CF CT0
      1 20:00:00:25:B5:3A:08:CF CT1
      1 20:00:00:25:B5:3A:08:D0 CT0
      1 20:00:00:25:B5:3A:08:D0 CT1
      1 20:00:00:25:B5:3A:08:D1 CT0
      1 20:00:00:25:B5:3A:08:D1 CT1
      1 20:00:00:25:B5:3A:08:D6 CT0
      1 20:00:00:25:B5:3A:08:D6 CT1
      1 20:00:00:25:B5:3A:08:D7 CT0
      1 20:00:00:25:B5:3A:08:D7 CT1
      1 20:00:00:25:B5:3A:08:D8 CT0
      1 20:00:00:25:B5:3A:08:D8 CT1
      1 20:00:00:25:B5:3A:08:D9 CT0
      1 20:00:00:25:B5:3A:08:D9 CT1
      1 20:00:00:25:B5:3A:08:DA CT0
      1 20:00:00:25:B5:3A:08:DA CT1
      1 20:00:00:25:B5:3A:08:DC CT0
      1 20:00:00:25:B5:3A:08:DC CT1
      1 20:00:00:25:B5:3A:09:F3 CT0
      1 20:00:00:25:B5:3A:09:F3 CT1
      1 20:00:00:25:B5:3A:09:F5 CT0
      1 20:00:00:25:B5:3A:09:F5 CT1
      1 20:00:00:25:B5:3A:09:F7 CT0
      1 20:00:00:25:B5:3A:09:F7 CT1
      1 20:00:00:25:B5:3B:08:51 CT0
      1 20:00:00:25:B5:3B:08:51 CT1
      1 20:00:00:25:B5:3B:08:52 CT0
      1 20:00:00:25:B5:3B:08:52 CT1
      1 20:00:00:25:B5:3B:08:53 CT0
      1 20:00:00:25:B5:3B:08:53 CT1
      1 20:00:00:25:B5:3B:08:54 CT0
      1 20:00:00:25:B5:3B:08:54 CT1
      1 20:00:00:25:B5:3B:08:55 CT0
      1 20:00:00:25:B5:3B:08:55 CT1
      1 20:00:00:25:B5:3B:08:56 CT0
      1 20:00:00:25:B5:3B:08:56 CT1
      1 20:00:00:25:B5:3B:08:57 CT0
      1 20:00:00:25:B5:3B:08:57 CT1
      1 20:00:00:25:B5:3B:08:58 CT0
      1 20:00:00:25:B5:3B:08:58 CT1
      1 20:00:00:25:B5:3B:08:59 CT0
      1 20:00:00:25:B5:3B:08:59 CT1
      1 20:00:00:25:B5:3B:08:5A CT0
      1 20:00:00:25:B5:3B:08:5A CT1
      1 20:00:00:25:B5:3B:08:5B CT0
      1 20:00:00:25:B5:3B:08:5B CT1
      1 20:00:00:25:B5:3B:08:5C CT0
      1 20:00:00:25:B5:3B:08:5C CT1
      1 20:00:00:25:B5:3B:08:5E CT0
      1 20:00:00:25:B5:3B:08:5E CT1
      1 20:00:00:25:B5:3B:08:5F CT0
      1 20:00:00:25:B5:3B:08:5F CT1
      1 20:00:00:25:B5:3B:08:60 CT0
      1 20:00:00:25:B5:3B:08:60 CT1
      1 20:00:00:25:B5:3B:08:61 CT0
      1 20:00:00:25:B5:3B:08:61 CT1
      1 20:00:00:25:B5:3B:08:62 CT0
      1 20:00:00:25:B5:3B:08:62 CT1
      1 20:00:00:25:B5:3B:08:63 CT0
      1 20:00:00:25:B5:3B:08:63 CT1
      1 20:00:00:25:B5:3B:08:65 CT0
      1 20:00:00:25:B5:3B:08:65 CT1
      1 20:00:00:25:B5:3B:08:66 CT0
      1 20:00:00:25:B5:3B:08:66 CT1
      1 20:00:00:25:B5:3B:08:68 CT0
      1 20:00:00:25:B5:3B:08:68 CT1
      1 20:00:00:25:B5:3B:08:6A CT0
      1 20:00:00:25:B5:3B:08:6A CT1
      1 20:00:00:25:B5:3B:08:6C CT0
      1 20:00:00:25:B5:3B:08:6C CT1
      1 20:00:00:25:B5:3B:08:6D CT0
      1 20:00:00:25:B5:3B:08:6D CT1
      1 20:00:00:25:B5:3B:08:6E CT0
      1 20:00:00:25:B5:3B:08:6E CT1
      1 20:00:00:25:B5:3B:08:6F CT0
      1 20:00:00:25:B5:3B:08:6F CT1
      1 20:00:00:25:B5:3B:08:70 CT0
      1 20:00:00:25:B5:3B:08:70 CT1
      1 20:00:00:25:B5:3B:08:75 CT0
      1 20:00:00:25:B5:3B:08:75 CT1
      1 20:00:00:25:B5:3B:08:77 CT0
      1 20:00:00:25:B5:3B:08:77 CT1
      1 20:00:00:25:B5:3B:08:78 CT0
      1 20:00:00:25:B5:3B:08:78 CT1
      1 20:00:00:25:B5:3B:08:79 CT0
      1 20:00:00:25:B5:3B:08:79 CT1
      1 20:00:00:25:B5:3B:08:CA CT0
      1 20:00:00:25:B5:3B:08:CA CT1
      1 20:00:00:25:B5:3B:08:CC CT0
      1 20:00:00:25:B5:3B:08:CC CT1
      1 20:00:00:25:B5:3B:08:CD CT0
      1 20:00:00:25:B5:3B:08:CD CT1
      1 20:00:00:25:B5:3B:08:CE CT0
      1 20:00:00:25:B5:3B:08:CE CT1
      1 20:00:00:25:B5:3B:08:CF CT0
      1 20:00:00:25:B5:3B:08:CF CT1
      1 20:00:00:25:B5:3B:08:D0 CT0
      1 20:00:00:25:B5:3B:08:D0 CT1
      1 20:00:00:25:B5:3B:08:D1 CT0
      1 20:00:00:25:B5:3B:08:D1 CT1
      1 20:00:00:25:B5:3B:08:D6 CT0
      1 20:00:00:25:B5:3B:08:D6 CT1
      1 20:00:00:25:B5:3B:08:D7 CT0
      1 20:00:00:25:B5:3B:08:D7 CT1
      1 20:00:00:25:B5:3B:08:D8 CT0
      1 20:00:00:25:B5:3B:08:D8 CT1
      1 20:00:00:25:B5:3B:08:D9 CT0
      1 20:00:00:25:B5:3B:08:D9 CT1
      1 20:00:00:25:B5:3B:08:DA CT0
      1 20:00:00:25:B5:3B:08:DA CT1
      1 20:00:00:25:B5:3B:08:DC CT0
      1 20:00:00:25:B5:3B:08:DC CT1
      1 20:00:00:25:B5:3B:09:F3 CT0
      1 20:00:00:25:B5:3B:09:F3 CT1
      1 20:00:00:25:B5:3B:09:F5 CT0
      1 20:00:00:25:B5:3B:09:F5 CT1
      1 20:00:00:25:B5:3B:09:F7 CT0
      1 20:00:00:25:B5:3B:09:F7 CT1
      1 20:00:00:25:B5:4A:08:51 CT0
      1 20:00:00:25:B5:4A:08:51 CT1
      1 20:00:00:25:B5:4A:08:52 CT0
      1 20:00:00:25:B5:4A:08:52 CT1
      1 20:00:00:25:B5:4A:08:53 CT0
      1 20:00:00:25:B5:4A:08:53 CT1
      1 20:00:00:25:B5:4A:08:54 CT0
      1 20:00:00:25:B5:4A:08:54 CT1
      1 20:00:00:25:B5:4A:08:55 CT0
      1 20:00:00:25:B5:4A:08:55 CT1
      1 20:00:00:25:B5:4A:08:56 CT0
      1 20:00:00:25:B5:4A:08:56 CT1
      1 20:00:00:25:B5:4A:08:57 CT0
      1 20:00:00:25:B5:4A:08:57 CT1
      1 20:00:00:25:B5:4A:08:58 CT0
      1 20:00:00:25:B5:4A:08:58 CT1
      1 20:00:00:25:B5:4A:08:59 CT0
      1 20:00:00:25:B5:4A:08:59 CT1
      1 20:00:00:25:B5:4A:08:5A CT0
      1 20:00:00:25:B5:4A:08:5A CT1
      1 20:00:00:25:B5:4A:08:5B CT0
      1 20:00:00:25:B5:4A:08:5B CT1
      1 20:00:00:25:B5:4A:08:5C CT0
      1 20:00:00:25:B5:4A:08:5C CT1
      1 20:00:00:25:B5:4A:08:5E CT0
      1 20:00:00:25:B5:4A:08:5E CT1
      1 20:00:00:25:B5:4A:08:5F CT0
      1 20:00:00:25:B5:4A:08:5F CT1
      1 20:00:00:25:B5:4A:08:60 CT0
      1 20:00:00:25:B5:4A:08:60 CT1
      1 20:00:00:25:B5:4A:08:61 CT0
      1 20:00:00:25:B5:4A:08:61 CT1
      1 20:00:00:25:B5:4A:08:62 CT0
      1 20:00:00:25:B5:4A:08:62 CT1
      1 20:00:00:25:B5:4A:08:63 CT0
      1 20:00:00:25:B5:4A:08:63 CT1
      1 20:00:00:25:B5:4A:08:65 CT0
      1 20:00:00:25:B5:4A:08:65 CT1
      1 20:00:00:25:B5:4A:08:66 CT0
      1 20:00:00:25:B5:4A:08:66 CT1
      1 20:00:00:25:B5:4A:08:68 CT0
      1 20:00:00:25:B5:4A:08:68 CT1
      1 20:00:00:25:B5:4A:08:6A CT0
      1 20:00:00:25:B5:4A:00:0:00:25:B5:4A:08:CE CT0
      1 20:00:00:25:B5:4A:08:CE CT1
      1 20:00:00:25:B5:4A:08:CF CT0
      1 20:00:00:25:B5:4A:08:CF CT1
      1 20:00:00:25:B5:4A:08:D0 CT0
      1 20:00:00:25:B5:4A:08:D0 CT1
      1 20:00:00:25:B5:4A:08:D1 CT0
      1 20:00:00:25:B5:4A:08:D1 CT1
      1 20:00:00:25:B5:4A:08:D6 CT0
      1 20:00:00:25:B5:4A:08:D6 CT1
      1 20:00:00:25:B5:4A:08:D7 CT0
      1 20:00:00:25:B5:4A:08:D7 CT1
      1 20:00:00:25:B5:4A:08:D8 CT0
      1 20:00:00:25:B5:4A:08:D8 CT1
      1 20:00:00:25:B5:4A:08:D9 CT0
      1 20:00:00:25:B5:4A:08:D9 CT1
      1 20:00:00:25:B5:4A:08:DA CT0
      1 20:00:00:25:B5:4A:08:DA CT1
      1 20:00:00:25:B5:4A:08:DC CT0
      1 20:00:00:25:B5:4A:08:DC CT1
      1 20:00:00:25:B5:4A:09:F3 CT0
      1 20:00:00:25:B5:4A:09:F3 CT1
      1 20:00:00:25:B5:4A:09:F5 CT0
      1 20:00:00:25:B5:4A:09:F5 CT1
      1 20:00:00:25:B5:4A:09:F7 CT0
      1 20:00:00:25:B5:4A:09:F7 CT1
      1 20:00:00:25:B5:4B:08:51 CT0
      1 20:00:00:25:B5:4B:08:51 CT1
      1 20:00:00:25:B5:4B:08:52 CT0
      1 20:00:00:25:B5:4B:08:52 CT1
      1 20:00:00:25:B5:4B:08:53 CT0
      1 20:00:00:25:B5:4B:08:53 CT1
      1 20:00:00:25:B5:4B:08:54 CT0
      1 20:00:00:25:B5:4B:08:54 CT1
      1 20:00:00:25:B5:4B:08:55 CT0
      1 20:00:00:25:B5:4B:08:55 CT1
      1 20:00:00:25:B5:4B:08:56 CT0
      1 20:00:00:25:B5:4B:08:56 CT1
      1 20:00:00:25:B5:4B:08:57 CT0
      1 20:00:00:25:B5:4B:08:57 CT1
      1 20:00:00:25:B5:4B:08:58 CT0
      1 20:00:00:25:B5:4B:08:58 CT1
      1 20:00:00:25:B5:4B:08:59 CT0
      1 20:00:00:25:B5:4B:08:59 CT1
      1 20:00:00:25:B5:4B:08:5A CT0
      1 20:00:00:25:B5:4B:08:5A CT1
      1 20:00:00:25:B5:4B:08:5B CT0
      1 20:00:00:25:B5:4B:08:5B CT1
      1 20:00:00:25:B5:4B:08:5C CT0
      1 20:00:00:25:B5:4B:08:5C CT1
      1 20:00:00:25:B5:4B:08:5E CT0
      1 20:00:00:25:B5:4B:08:5E CT1
      1 20:00:00:25:B5:4B:08:5F CT0
      1 20:00:00:25:B5:4B:08:5F CT1
      1 20:00:00:25:B5:4B:08:60 CT0
      1 20:00:00:25:B5:4B:08:60 CT1
      1 20:00:00:25:B5:4B:08:61 CT0
      1 20:00:00:25:B5:4B:08:61 CT1
      1 20:00:00:25:B5:4B:08:62 CT0
      1 20:00:00:25:B5:4B:08:62 CT1
      1 20:00:00:25:B5:4B:08:63 CT0
      1 20:00:00:25:B5:4B:08:63 CT1
      1 20:00:00:25:B5:4B:08:65 CT0
      1 20:00:00:25:B5:4B:08:65 CT1
      1 20:00:00:25:B5:4B:08:66 CT0
      1 20:00:00:25:B5:4B:08:66 CT1
      1 20:00:00:25:B5:4B:08:68 CT0
      1 20:00:00:25:B5:4B:08:68 CT1
      1 20:00:00:25:B5:4B:08:6A CT0
      1 20:00:00:25:B5:4B:08:6A CT1
      1 20:00:00:25:B5:4B:08:6C CT0
      1 20:00:00:25:B5:4B:08:6C CT1
      1 20:00:00:25:B5:4B:08:6D CT0
      1 20:00:00:25:B5:4B:08:6D CT1
      1 20:00:00:25:B5:4B:08:6E CT0
      1 20:00:00:25:B5:4B:08:6E CT1
      1 20:00:00:25:B5:4B:08:6F CT0
      1 20:00:00:25:B5:4B:08:6F CT1
      1 20:00:00:25:B5:4B:08:70 CT0
      1 20:00:00:25:B5:4B:08:70 CT1
      1 20:00:00:25:B5:4B:08:75 CT0
      1 20:00:00:25:B5:4B:08:75 CT1
      1 20:00:00:25:B5:4B:08:77 CT0
      1 20:00:00:25:B5:4B:08:77 CT1
      1 20:00:00:25:B5:4B:08:78 CT0
      1 20:00:00:25:B5:4B:08:78 CT1
      1 20:00:00:25:B5:4B:08:79 CT0
      1 20:00:00:25:B5:4B:08:79 CT1
      1 20:00:00:25:B5:4B:08:CA CT0
      1 20:00:00:25:B5:4B:08:CA CT1
      1 20:00:00:25:B5:4B:08:CC CT0
      1 20:00:00:25:B5:4B:08:CC CT1
      1 20:00:00:25:B5:4B:08:CD CT0
      1 20:00:00:25:B5:4B:08:CD CT1
      1 20:00:00:25:B5:4B:08:CE CT0
      1 20:00:00:25:B5:4B:08:CE CT1
      1 20:00:00:25:B5:4B:08:CF CT0
      1 20:00:00:25:B5:4B:08:CF CT1
      1 20:00:00:25:B5:4B:08:D0 CT0
      1 20:00:00:25:B5:4B:08:D0 CT1
      1 20:00:00:25:B5:4B:08:D1 CT0
      1 20:00:00:25:B5:4B:08:D1 CT1
      1 20:00:00:25:B5:4B:08:D6 CT0
      1 20:00:00:25:B5:4B:08:D6 CT1
      1 20:00:00:25:B5:4B:08:D7 CT0
      1 20:00:00:25:B5:4B:08:D7 CT1
      1 20:00:00:25:B5:4B:08:D8 CT0
      1 20:00:00:25 B
     root@rochmn03-pfa-08-581-ct0:/var/home/pureeng# fcpureportlist=`pureport list --initiator | awk '/Target/,0' | cut -d. -f1 | awk '{print $1,$5}' | grep -v '-' | grep -v "Initiator" | uniq -c; echo`; fcpureportlistcount=`echo "$fcpureportlist" | awk '{total += $1} END {print total}'`; echo -e "$fcpureportlist\n\n"; echo -e "\tTotal FC connections: $fcpureportlistcount\n\n";
      1 20:00:00:25:B5:3A:08:51 CT0
      1 20:00:00:25:B5:3A:08:51 CT1
      1 20:00:00:25:B5:3A:08:52 CT0
      1 20:00:00:25:B5:3A:08:52 CT1
      1 20:00:00:25:B5:3A:08:53 CT0
      1 20:00:00:25:B5:3A:08:53 CT1
      1 20:00:00:25:B5:3A:08:54 CT0
      1 20:00:00:25:B5:3A:08:54 CT1
      1 20:00:00:25:B5:3A:08:55 CT0
      1 20:00:00:25:B5:3A:08:55 CT1
      1 20:00:00:25:B5:3A:08:56 CT0
      1 20:00:00:25:B5:3A:08:56 CT1
      1 20:00:00:25:B5:3A:08:57 CT0
      1 20:00:00:25:B5:3A:08:57 CT1
      1 20:00:00:25:B5:3A:08:58 CT0
      1 20:00:00:25:B5:3A:08:58 CT1
      1 20:00:00:25:B5:3A:08:59 CT0
      1 20:00:00:25:B5:3A:08:59 CT1
      1 20:00:00:25:B5:3A:08:5A CT0
      1 20:00:00:25:B5:3A:08:5A CT1
      1 20:00:00:25:B5:3A:08:5B CT0
      1 20:00:00:25:B5:3A:08:5B CT1
      1 20:00:00:25:B5:3A:08:5C CT0
      1 20:00:00:25:B5:3A:08:5C CT1
      1 20:00:00:25:B5:3A:08:5E CT0
      1 20:00:00:25:B5:3A:08:5E CT1
      1 20:00:00:25:B5:3A:08:5F CT0
      1 20:00:00:25:B5:3A:08:5F CT1
      1 20:00:00:25:B5:3A:08:60 CT0
      1 20:00:00:25:B5:3A:08:60 CT1
      1 20:00:00:25:B5:3A:08:61 CT0
      1 20:00:00:25:B5:3A:08:61 CT1
      1 20:00:00:25:B5:3A:08:62 CT0
      1 20:00:00:25:B5:3A:08:62 CT1
      1 20:00:00:25:B5:3A:08:63 CT0
      1 20:00:00:25:B5:3A:08:63 CT1
      1 20:00:00:25:B5:3A:08:65 CT0
      1 20:00:00:25:B5:3A:08:65 CT1
      1 20:00:00:25:B5:3A:08:66 CT0
      1 20:00:00:25:B5:3A:08:66 CT1
      1 20:00:00:25:B5:3A:08:68 CT0
      1 20:00:00:25:B5:3A:08:68 CT1
      1 20:00:00:25:B5:3A:08:6A CT0
      1 20:00:00:25:B5:3A:08:6A CT1
      1 20:00:00:25:B5:3A:08:6C CT0
      1 20:00:00:25:B5:3A:08:6C CT1
      1 20:00:00:25:B5:3A:08:6D CT0
      1 20:00:00:25:B5:3A:08:6D CT1
      1 20:00:00:25:B5:3A:08:6E CT0
      1 20:00:00:25:B5:3A:08:6E CT1
      1 20:00:00:25:B5:3A:08:6F CT0
      1 20:00:00:25:B5:3A:08:6F CT1
      1 20:00:00:25:B5:3A:08:70 CT0
      1 20:00:00:25:B5:3A:08:70 CT1
      1 20:00:00:25:B5:3A:08:75 CT0
      1 20:00:00:25:B5:3A:08:75 CT1
      1 20:00:00:25:B5:3A:08:77 CT0
      1 20:00:00:25:B5:3A:08:77 CT1
      1 20:00:00:25:B5:3A:08:78 CT0
      1 20:00:00:25:B5:3A:08:78 CT1
      1 20:00:00:25:B5:3A:08:79 CT0
      1 20:00:00:25:B5:3A:08:79 CT1
      1 20:00:00:25:B5:3A:08:CA CT0
      1 20:00:00:25:B5:3A:08:CA CT1
      1 20:00:00:25:B5:3A:08:CC CT0
      1 20:00:00:25:B5:3A:08:CC CT1
      1 20:00:00:25:B5:3A:08:CD CT0
      1 20:00:00:25:B5:3A:08:CD CT1
      1 20:00:00:25:B5:3A:08:CE CT0
      1 20:00:00:25:B5:3A:08:CE CT1
      1 20:00:00:25:B5:3A:08:CF CT0
      1 20:00:00:25:B5:3A:08:CF CT1
      1 20:00:00:25:B5:3A:08:D0 CT0
      1 20:00:00:25:B5:3A:08:D0 CT1
      1 20:00:00:25:B5:3A:08:D1 CT0
      1 20:00:00:25:B5:3A:08:D1 CT1
      1 20:00:00:25:B5:3A:08:D6 CT0
      1 20:00:00:25:B5:3A:08:D6 CT1
      1 20:00:00:25:B5:3A:08:D7 CT0
      1 20:00:00:25:B5:3A:08:D7 CT1
      1 20:00:00:25:B5:3A:08:D8 CT0
      1 20:00:00:25:B5:3A:08:D8 CT1
      1 20:00:00:25:B5:3A:08:D9 CT0
      1 20:00:00:25:B5:3A:08:D9 CT1
      1 20:00:00:25:B5:3A:08:DA CT0
      1 20:00:00:25:B5:3A:08:DA CT1
      1 20:00:00:25:B5:3A:08:DC CT0
      1 20:00:00:25:B5:3A:08:DC CT1
      1 20:00:00:25:B5:3A:09:F3 CT0
      1 20:00:00:25:B5:3A:09:F3 CT1
      1 20:00:00:25:B5:3A:09:F5 CT0
      1 20:00:00:25:B5:3A:09:F5 CT1
      1 20:00:00:25:B5:3A:09:F7 CT0
      1 20:00:00:25:B5:3A:09:F7 CT1
      1 20:00:00:25:B5:3B:08:51 CT0
      1 20:00:00:25:B5:3B:08:51 CT1
      1 20:00:00:25:B5:3B:08:52 CT0
      1 20:00:00:25:B5:3B:08:52 CT1
      1 20:00:00:25:B5:3B:08:53 CT0
      1 20:00:00:25:B5:3B:08:53 CT1
      1 20:00:00:25:B5:3B:08:54 CT0
      1 20:00:00:25:B5:3B:08:54 CT1
      1 20:00:00:25:B5:3B:08:55 CT0
      1 20:00:00:25:B5:3B:08:55 CT1
      1 20:00:00:25:B5:3B:08:56 CT0
      1 20:00:00:25:B5:3B:08:56 CT1
      1 20:00:00:25:B5:3B:08:57 CT0
      1 20:00:00:25:B5:3B:08:57 CT1
      1 20:00:00:25:B5:3B:08:58 CT0
      1 20:00:00:25:B5:3B:08:58 CT1
      1 20:00:00:25:B5:3B:08:59 CT0
      1 20:00:00:25:B5:3B:08:59 CT1
      1 20:00:00:25:B5:3B:08:5A CT0
      1 20:00:00:25:B5:3B:08:5A CT1
      1 20:00:00:25:B5:3B:08:5B CT0
      1 20:00:00:25:B5:3B:08:5B CT1
      1 20:00:00:25:B5:3B:08:5C CT0
      1 20:00:00:25:B5:3B:08:5C CT1
      1 20:00:00:25:B5:3B:08:5E CT0
      1 20:00:00:25:B5:3B:08:5E CT1
      1 20:00:00:25:B5:3B:08:5F CT0
      1 20:00:00:25:B5:3B:08:5F CT1
      1 20:00:00:25:B5:3B:08:60 CT0
      1 20:00:00:25:B5:3B:08:60 CT1
      1 20:00:00:25:B5:3B:08:61 CT0
      1 20:00:00:25:B5:3B:08:61 CT1
      1 20:00:00:25:B5:3B:08:62 CT0
      1 20:00:00:25:B5:3B:08:62 CT1
      1 20:00:00:25:B5:3B:08:63 CT0
      1 20:00:00:25:B5:3B:08:63 CT1
      1 20:00:00:25:B5:3B:08:65 CT0
      1 20:00:00:25:B5:3B:08:65 CT1
      1 20:00:00:25:B5:3B:08:66 CT0
      1 20:00:00:25:B5:3B:08:66 CT1
      1 20:00:00:25:B5:3B:08:68 CT0
      1 20:00:00:25:B5:3B:08:68 CT1
      1 20:00:00:25:B5:3B:08:6A CT0
      1 20:00:00:25:B5:3B:08:6A CT1
      1 20:00:00:25:B5:3B:08:6C CT0
      1 20:00:00:25:B5:3B:08:6C CT1
      1 20:00:00:25:B5:3B:08:6D CT0
      1 20:00:00:25:B5:3B:08:6D CT1
      1 20:00:00:25:B5:3B:08:6E CT0
      1 20:00:00:25:B5:3B:08:6E CT1
      1 20:00:00:25:B5:3B:08:6F CT0
      1 20:00:00:25:B5:3B:08:6F CT1
      1 20:00:00:25:B5:3B:08:70 CT0
      1 20:00:00:25:B5:3B:08:70 CT1
      1 20:00:00:25:B5:3B:08:75 CT0
      1 20:00:00:25:B5:3B:08:75 CT1
      1 20:00:00:25:B5:3B:08:77 CT0
      1 20:00:00:25:B5:3B:08:77 CT1
      1 20:00:00:25:B5:3B:08:78 CT0
      1 20:00:00:25:B5:3B:08:78 CT1
      1 20:00:00:25:B5:3B:08:79 CT0
      1 20:00:00:25:B5:3B:08:79 CT1
      1 20:00:00:25:B5:3B:08:CA CT0
      1 20:00:00:25:B5:3B:08:CA CT1
      1 20:00:00:25:B5:3B:08:CC CT0
      1 20:00:00:25:B5:3B:08:CC CT1
      1 20:00:00:25:B5:3B:08:CD CT0
      1 20:00:00:25:B5:3B:08:CD CT1
      1 20:00:00:25:B5:3B:08:CE CT0
      1 20:00:00:25:B5:3B:08:CE CT1
      1 20:00:00:25:B5:3B:08:CF CT0
      1 20:00:00:25:B5:3B:08:CF CT1
      1 20:00:00:25:B5:3B:08:D0 CT0
      1 20:00:00:25:B5:3B:08:D0 CT1
      1 20:00:00:25:B5:3B:08:D1 CT0
      1 20:00:00:25:B5:3B:08:D1 CT1
      1 20:00:00:25:B5:3B:08:D6 CT0
      1 20:00:00:25:B5:3B:08:D6 CT1
      1 20:00:00:25:B5:3B:08:D7 CT0
      1 20:00:00:25:B5:3B:08:D7 CT1
      1 20:00:00:25:B5:3B:08:D8 CT0
      1 20:00:00:25:B5:3B:08:D8 CT1
      1 20:00:00:25:B5:3B:08:D9 CT0
      1 20:00:00:25:B5:3B:08:D9 CT1
      1 20:00:00:25:B5:3B:08:DA CT0
      1 20:00:00:25:B5:3B:08:DA CT1
      1 20:00:00:25:B5:3B:08:DC CT0
      1 20:00:00:25:B5:3B:08:DC CT1
      1 20:00:00:25:B5:3B:09:F3 CT0
      1 20:00:00:25:B5:3B:09:F3 CT1
      1 20:00:00:25:B5:3B:09:F5 CT0
      1 20:00:00:25:B5:3B:09:F5 CT1
      1 20:00:00:25:B5:3B:09:F7 CT0
      1 20:00:00:25:B5:3B:09:F7 CT1
      1 20:00:00:25:B5:4A:08:51 CT0
      1 20:00:00:25:B5:4A:08:51 CT1
      1 20:00:00:25:B5:4A:08:52 CT0
      1 20:00:00:25:B5:4A:08:52 CT1
      1 20:00:00:25:B5:4A:08:53 CT0
      1 20:00:00:25:B5:4A:08:53 CT1
      1 20:00:00:25:B5:4A:08:54 CT0
      1 20:00:00:25:B5:4A:08:54 CT1
      1 20:00:00:25:B5:4A:08:55 CT0
      1 20:00:00:25:B5:4A:08:55 CT1
      1 20:00:00:25:B5:4A:08:56 CT0
      1 20:00:00:25:B5:4A:08:56 CT1
      1 20:00:00:25:B5:4A:08:57 CT0
      1 20:00:00:25:B5:4A:08:57 CT1
      1 20:00:00:25:B5:4A:08:58 CT0
      1 20:00:00:25:B5:4A:08:58 CT1
      1 20:00:00:25:B5:4A:08:59 CT0
      1 20:00:00:25:B5:4A:08:59 CT1
      1 20:00:00:25:B5:4A:08:5A CT0
      1 20:00:00:25:B5:4A:08:5A CT1
      1 20:00:00:25:B5:4A:08:5B CT0
      1 20:00:00:25:B5:4A:08:5B CT1
      1 20:00:00:25:B5:4A:08:5C CT0
      1 20:00:00:25:B5:4A:08:5C CT1
      1 20:00:00:25:B5:4A:08:5E CT0
      1 20:00:00:25:B5:4A:08:5E CT1
      1 20:00:00:25:B5:4A:08:5F CT0
      1 20:00:00:25:B5:4A:08:5F CT1
      1 20:00:00:25:B5:4A:08:60 CT0
      1 20:00:00:25:B5:4A:08:60 CT1
      1 20:00:00:25:B5:4A:08:61 CT0
      1 20:00:00:25:B5:4A:08:61 CT1
      1 20:00:00:25:B5:4A:08:62 CT0
      1 20:00:00:25:B5:4A:08:62 CT1
      1 20:00:00:25:B5:4A:08:63 CT0
      1 20:00:00:25:B5:4A:08:63 CT1
      1 20:00:00:25:B5:4A:08:65 CT0
      1 20:00:00:25:B5:4A:08:65 CT1
      1 20:00:00:25:B5:4A:08:66 CT0
      1 20:00:00:25:B5:4A:08:66 CT1
      1 20:00:00:25:B5:4A:08:68 CT0
      1 20:00:00:25:B5:4A:08:68 CT1
      1 20:00:00:25:B5:4A:08:6A CT0
      1 20:00:00:25:B5:4A:08:6A CT1
      1 20:06: CT1
      1 20:00:00:25:B5:4B:08:57 CT0
      1 20:00:00:25:B5:4B:08:57 CT1
      1 20:00:00:25:B5:4B:08:58 CT0
      1 20:00:00:25:B5:4B:08:58 CT1
      1 20:00:00:25:B5:4B:08:59 CT0
      1 20:00:00:25:B5:4B:08:59 CT1
      1 20:00:00:25:B5:4B:08:5A CT0
      1 20:00:00:25:B5:4B:08:5A CT1
      1 20:00:00:25:B5:4B:08:5B CT0
      1 20:00:00:25:B5:4B:08:5B CT1
      1 20:00:00:25:B5:4B:08:5C CT0
      1 20:00:00:25:B5:4B:08:5C CT1
      1 20:00:00:25:B5:4B:08:5E CT0
      1 20:00:00:25:B5:4B:08:5E CT1
      1 20:00:00:25:B5:4B:08:5F CT0
      1 20:00:00:25:B5:4B:08:5F CT1
      1 20:00:00:25:B5:4B:08:60 CT0
      1 20:00:00:25:B5:4B:08:60 CT1
      1 20:00:00:25:B5:4B:08:61 CT0
      1 20:00:00:25:B5:4B:08:61 CT1
      1 20:00:00:25:B5:4B:08:62 CT0
      1 20:00:00:25:B5:4B:08:62 CT1
      1 20:00:00:25:B5:4B:08:63 CT0
      1 20:00:00:25:B5:4B:08:63 CT1
      1 20:00:00:25:B5:4B:08:65 CT0
      1 20:00:00:25:B5:4B:08:65 CT1
      1 20:00:00:25:B5:4B:08:66 CT0
      1 20:00:00:25:B5:4B:08:66 CT1
      1 20:00:00:25:B5:4B:08:68 CT0
      1 20:00:00:25:B5:4B:08:68 CT1
      1 20:00:00:25:B5:4B:08:6A CT0
      1 20:00:00:25:B5:4B:08:6A CT1
      1 20:00:00:25:B5:4B:08:6C CT0
      1 20:00:00:25:B5:4B:08:6C CT1
      1 20:00:00:25:B5:4B:08:6D CT0
      1 20:00:00:25:B5:4B:08:6D CT1
      1 20:00:00:25:B5:4B:08:6E CT0
      1 20:00:00:25:B5:4B:08:6E CT1
      1 20:00:00:25:B5:4B:08:6F CT0
      1 20:00:00:25:B5:4B:08:6F CT1
      1 20:00:00:25:B5:4B:08:70 CT0
      1 20:00:00:25:B5:4B:08:70 CT1
      1 20:00:00:25:B5:4B:08:75 CT0
      1 20:00:00:25:B5:4B:08:75 CT1
      1 20:00:00:25:B5:4B:08:77 CT0
      1 20:00:00:25:B5:4B:08:77 CT1
      1 20:00:00:25:B5:4B:08:78 CT0
      1 20:00:00:25:B5:4B:08:78 CT1
      1 20:00:00:25:B5:4B:08:79 CT0
      1 20:00:00:25:B5:4B:08:79 CT1
      1 20:00:00:25:B5:4B:08:CA CT0
      1 20:00:00:25:B5:4B:08:CA CT1
      1 20:00:00:25:B5:4B:08:CC CT0
      1 20:00:00:25:B5:4B:08:CC CT1
      1 20:00:00:25:B5:4B:08:CD CT0
      1 20:00:00:25:B5:4B:08:CD CT1
      1 20:00:00:25:B5:4B:08:CE CT0
      1 20:00:00:25:B5:4B:08:CE CT1
      1 20:00:00:25:B5:4B:08:CF CT0
      1 20:00:00:25:B5:4B:08:CF CT1
      1 20:00:00:25:B5:4B:08:D0 CT0
      1 20:00:00:25:B5:4B:08:D0 CT1
      1 20:00:00:25:B5:4B:08:D1 CT0
      1 20:00:00:25:B5:4B:08:D1 CT1
      1 20:00:00:25:B5:4B:08:D6 CT0
      1 20:00:00:25:B5:4B:08:D6 CT1
      1 20:00:00:25:B5:4B:08:D7 CT0
      1 20:00:00:25:B5:4B:08:D7 CT1
      1 20:00:00:25:B5:4B:08:D8 CT0
      1 20:00:00:25:B5:4B:08:D8 CT1
      1 20:00:00:25:B5:4B:08:D9 CT0
      1 20:00:00:25:B5:4B:08:D9 CT1
      1 20:00:00:25:B5:4B:08:DA CT0
      1 20:00:00:25:B5:4B:08:DA CT1
      1 20:00:00:25:B5:4B:08:DC CT0
      1 20:00:00:25:B5:4B:08:DC CT1
      1 20:00:00:25:B5:4B:09:F3 CT0
      1 20:00:00:25:B5:4B:09:F3 CT1
      1 20:00:00:25:B5:4B:09:F5 CT0
      1 20:00:00:25:B5:4B:09:F5 CT1
      1 20:00:00:25:B5:4B:09:F7 CT0
      1 20:00:00:25:B5:4B:09:F7 CT1


Total FC connections: 376


     root@rochmn03-pfa-08-581-ct0:/var/home/pureeng# puredb npiv auto
     root@rochmn03-pfa-08-581-ct0:/var/home/pureeng# purearraylis list --controller r
Name  Type              Mode       Model     Version  Status  Internal Details
CT0   array_controller  primary    FA-X50R4  6.5.8    ready   
CT1   array_controller  secondary  FA-X50R4  6.5.8    ready   
     root@rochmn03-pfa-08-581-ct0:/var/home/pureeng# puremessage list --open --h idden
     root@rochmn03-pfa-08-581-ct0:/var/home/pureeng# purewes controller setattr --verify-array rochmn03-pfa-08-581 ct0 --mode secondary;date
Run checks before making changes ...
Check peer purity status...... SUCCESS
Check pureport list........... 
==========    FC connections    ==========

CT      NumOfPort  PortId                                  
CT0     1          20:00:00:25:B5:3B:08:70                 
CT0     1          20:00:00:25:B5:3B:08:66                 
CT0     1          20:00:00:25:B5:3A:08:D9                 
CT0     1          20:00:00:25:B5:3B:08:65                 
CT0     1          20:00:00:25:B5:3A:08:D8                 
CT0     1          20:00:00:25:B5:3B:08:60                 
CT0     1          20:00:00:25:B5:3B:08:77                 
CT0     1          20:00:00:25:B5:3A:08:DA                 
CT0     1          20:00:00:25:B5:3B:08:61                 
CT0     1          20:00:00:25:B5:3A:08:DC                 
CT0     1          20:00:00:25:B5:3B:08:63                 
CT0     1          20:00:00:25:B5:3B:08:62                 
CT0     1          20:00:00:25:B5:3B:08:75                 
CT0     1          20:00:00:25:B5:3B:08:68                 
CT0     1          20:00:00:25:B5:3B:08:6E                 
CT0     1          20:00:00:25:B5:3B:08:6D                 
CT0     1          20:00:00:25:B5:3B:08:6F                 
CT0     1          20:00:00:25:B5:3A:08:D6                 
CT0     1          20:00:00:25:B5:3A:08:D7                 
CT0     1          20:00:00:25:B5:3B:08:78                 
CT0     1          20:00:00:25:B5:3B:08:6C                 
CT0     1          20:00:00:25:B5:3B:08:79                 
CT0     1          20:00:00:25:B5:3A:08:D1                 
CT0     1          20:00:00:25:B5:3B:08:6A                 
CT0     1          20:00:00:25:B5:3A:08:D0                 
CT0     1          20:00:00:25:B5:4A:08:5A                 
CT0     1          20:00:00:25:B5:3A:08:6D                 
CT0     1          20:00:00:25:B5:4B:08:58                 
CT0     1          20:00:00:25:B5:4B:08:5E                 
CT0     1          20:00:00:25:B5:4A:09:F3                 
CT0     1          20:00:00:25:B5:3A:08:68                 
CT0     1          20:00:00:25:B5:4B:08:65                 
CT0     1          20:00:00:25:B5:3A:08:6E                 
CT0     1          20:00:00:25:B5:4B:08:77                 
CT0     1          20:00:00:25:B5:4B:08:59                 
CT0     1          20:00:00:25:B5:4B:08:5F                 
CT0     1          20:00:00:25:B5:4A:08:5B                 
CT0     1          20:00:00:25:B5:4B:08:75                 
CT0     1          20:00:00:25:B5:4A:08:5C                 
CT0     1          20:00:00:25:B5:4B:08:66                 
CT0     1          20:00:00:25:B5:3A:08:6F                 
CT0     1          20:00:00:25:B5:4B:08:5B                 
CT0     1          20:00:00:25:B5:4A:09:F5                 
CT0     1          20:00:00:25:B5:4B:08:63                 
CT0     1          20:00:00:25:B5:4A:08:5F                 
CT0     1          20:00:00:25:B5:3A:08:6C                 
CT0     1          20:00:00:25:B5:4B:08:62                 
CT0     1          20:00:00:25:B5:4B:08:70                 
CT0     1          20:00:00:25:B5:4B:08:5C                 
CT0     1          20:00:00:25:B5:4B:08:60                 
CT0     1          20:00:00:25:B5:4A:08:5E                 
CT0     1          20:00:00:25:B5:4B:08:5A                 
CT0     1          20:00:00:25:B5:4A:08:58                 
CT0     1          20:00:00:25:B5:4A:09:F7                 
CT0     1          20:00:00:25:B5:4A:08:59                 
CT0     1          20:00:00:25:B5:4B:08:61                 
CT0     1          20:00:00:25:B5:3A:08:6A                 
CT0     1          20:00:00:25:B5:4A:08:53                 
CT0     1          20:00:00:25:B5:4B:08:6F                 
CT0     1          20:00:00:25:B5:3A:08:66                 
CT0     1          20:00:00:25:B5:4B:08:79                 
CT0     1          20:00:00:25:B5:4B:08:57                 
CT0     1          20:00:00:25:B5:3B:08:CF                 
CT0     1          20:00:00:25:B5:4B:08:78                 
CT0     1          20:00:00:25:B5:4B:08:56                 
CT0     1          20:00:00:25:B5:4A:08:52                 
CT0     1          20:00:00:25:B5:3B:08:CD                 
CT0     1          20:00:00:25:B5:4B:08:54                 
CT0     1          20:00:00:25:B5:4B:08:68                 
CT0     1          20:00:00:25:B5:4B:08:6E                 
CT0     1          20:00:00:25:B5:3A:08:65                 
CT0     1          20:00:00:25:B5:4A:08:51                 
CT0     1          20:00:00:25:B5:4B:08:6D                 
CT0     1          20:00:00:25:B5:3B:08:CE                 
CT0     1          20:00:00:25:B5:4B:08:55                 
CT0     1          20:00:00:25:B5:4B:08:6A                 
CT0     1          20:00:00:25:B5:4A:08:54                 
CT0     1          20:00:00:25:B5:3A:08:61                 
CT0     1          20:00:00:25:B5:4A:08:55                 
CT0     1          20:00:00:25:B5:3A:08:60                 
CT0     1          20:00:00:25:B5:4B:08:51                 
CT0     1          20:00:00:25:B5:3B:08:CA                 
CT0     1          20:00:00:25:B5:4A:08:57                 
CT0     1          20:00:00:25:B5:3A:08:62                 
CT0     1          20:00:00:25:B5:4B:08:53                 
CT0     1          20:00:00:25:B5:3B:08:CC                 
CT0     1          20:00:00:25:B5:4B:08:52                 
CT0     1          20:00:00:25:B5:4B:08:6C                 
CT0     1          20:00:00:25:B5:4A:08:56                 
CT0     1          20:00:00:25:B5:3A:08:63                 
CT0     1          20:00:00:25:B5:4A:08:D9                 
CT0     1          20:00:00:25:B5:3A:08:CE                 
CT0     1          20:00:00:25:B5:4A:08:6A                 
CT0     1          20:00:00:25:B5:4B:08:CC                 
CT0     1          20:00:00:25:B5:3B:08:5B                 
CT0     1          20:00:00:25:B5:3B:08:5C                 
CT0     1          20:00:00:25:B5:4A:08:D8                 
CT0     1          20:00:00:25:B5:3A:08:CD                 
CT0     1          20:00:00:25:B5:4B:08:D1                 
CT0     1          20:00:00:25:B5:3B:08:5A                 
CT0     1          20:00:00:25:B5:3A:08:CF                 
CT0     1          20:00:00:25:B5:4A:08:6C                 
CT0     1          20:00:00:25:B5:4B:08:CA                 
CT0     1          20:00:00:25:B5:4B:08:D0                 
CT0     1          20:00:00:25:B5:4A:08:DC                 
CT0     1          20:00:00:25:B5:3B:08:5E                 
CT0     1          20:00:00:25:B5:4A:08:6F                 
CT0     1          20:00:00:25:B5:3B:08:58                 
CT0     1          20:00:00:25:B5:4B:08:CD                 
CT0     1          20:00:00:25:B5:3A:08:CC                 
CT0     1          20:00:00:25:B5:3B:08:59                 
CT0     1          20:00:00:25:B5:4B:08:CE                 
CT0     1          20:00:00:25:B5:3A:08:CA                 
CT0     1          20:00:00:25:B5:4A:08:6E                 
CT0     1          20:00:00:25:B5:4B:08:D6                 
CT0     1          20:00:00:25:B5:4A:08:68                 
CT0     1          20:00:00:25:B5:3B:08:5F                 
CT0     1          20:00:00:25:B5:4B:08:D7                 
CT0     1          20:00:00:25:B5:4A:08:DA                 
CT0     1          20:00:00:25:B5:4A:08:6D                 
CT0     1          20:00:00:25:B5:4B:08:CF                 
CT0     1          20:00:00:25:B5:3B:09:F7                 
CT0     1          20:00:00:25:B5:4A:08:CC                 
CT0     1          20:00:00:25:B5:4A:08:63                 
CT0     1          20:00:00:25:B5:4A:08:D6                 
CT0     1          20:00:00:25:B5:4B:08:DA                 
CT0     1          20:00:00:25:B5:3B:08:51                 
CT0     1          20:00:00:25:B5:4A:08:D7                 
CT0     1          20:00:00:25:B5:4A:08:62                 
CT0     1          20:00:00:25:B5:4B:08:DC                 
CT0     1          20:00:00:25:B5:3B:08:53                 
CT0     1          20:00:00:25:B5:4A:08:60                 
CT0     1          20:00:00:25:B5:4A:08:CA                 
CT0     1          20:00:00:25:B5:3B:09:F5                 
CT0     1          20:00:00:25:B5:4A:08:61                 
CT0     1          20:00:00:25:B5:4B:09:F3                 
CT0     1          20:00:00:25:B5:3B:08:52                 
CT0     1          20:00:00:25:B5:3B:08:57                 
CT0     1          20:00:00:25:B5:4A:08:D1          8                  
CT0     1          20:00:00:25:B5:3A:08:54                 
CT0     1          20:00:00:25:B5:4A:08:75                 
CT0     1          20:00:00:25:B5:3A:09:F3                 
CT0     1          20:00:00:25:B5:3A:08:55                 
CT0     1          20:00:00:25:B5:3B:08:D6                 
CT0     1          20:00:00:25:B5:3A:08:57                 
CT0     1          20:00:00:25:B5:3A:08:56                 
CT0     1          20:00:00:25:B5:3B:08:D7                 
CT0     1          20:00:00:25:B5:4A:08:77                 
CT0     1          20:00:00:25:B5:3A:08:70                 
CT0     1          20:00:00:25:B5:3A:08:75                 
CT0     1          20:00:00:25:B5:3A:09:F5                 
CT0     1          20:00:00:25:B5:3A:08:53                 
CT0     1          20:00:00:25:B5:3A:08:52                 
CT0     1          20:00:00:25:B5:3B:08:D1                 
CT0     1          20:00:00:25:B5:3B:08:D0                 
CT0     1          20:00:00:25:B5:4A:08:70                 
CT0     1          20:00:00:25:B5:3A:08:77                 
CT0     1          20:00:00:25:B5:3A:08:51                 
CT0     1          20:00:00:25:B5:3A:09:F7                 
CT0     1          20:00:00:25:B5:3A:08:5F                 
CT0     1          20:00:00:25:B5:3A:08:58                 
CT0     1          20:00:00:25:B5:4A:08:79                 
CT0     1          20:00:00:25:B5:3A:08:5E                 
CT0     1          20:00:00:25:B5:3B:08:D9                 
CT0     1          20:00:00:25:B5:4A:08:78                 
CT0     1          20:00:00:25:B5:3B:08:D8                 
CT0     1          20:00:00:25:B5:3A:08:59                 
CT0     1          20:00:00:25:B5:3A:08:5A                 
CT0     1          20:00:00:25:B5:3B:08:DA                 
CT0     1          20:00:00:25:B5:3A:08:79                 
CT0     1          20:00:00:25:B5:3A:08:5B                 
CT0     1          20:00:00:25:B5:3B:08:DC                 
CT0     1          20:00:00:25:B5:3A:08:5C                 
CT0     1          20:00:00:25:B5:3A:08:78                 
CT1     1          20:00:00:25:B5:3A:08:D7                 
CT1     1          20:00:00:25:B5:3A:08:D6                 
CT1     1          20:00:00:25:B5:3B:08:6F                 
CT1     1          20:00:00:25:B5:3B:08:6D                 
CT1     1          20:00:00:25:B5:3B:08:6E                 
CT1     1          20:00:00:25:B5:3B:08:68                 
CT1     1          20:00:00:25:B5:3A:08:D0                 
CT1     1          20:00:00:25:B5:3B:08:6A                 
CT1     1          20:00:00:25:B5:3A:08:D1                 
CT1     1          20:00:00:25:B5:3B:08:79                 
CT1     1          20:00:00:25:B5:3B:08:6C                 
CT1     1          20:00:00:25:B5:3B:08:78                 
CT1     1          20:00:00:25:B5:3A:08:D8                 
CT1     1          20:00:00:25:B5:3B:08:65                 
CT1     1          20:00:00:25:B5:3A:08:D9                 
CT1     1          20:00:00:25:B5:3B:08:66                 
CT1     1          20:00:00:25:B5:3B:08:70                 
CT1     1          20:00:00:25:B5:3B:08:75                 
CT1     1          20:00:00:25:B5:3B:08:62                 
CT1     1          20:00:00:25:B5:3B:08:63                 
CT1     1          20:00:00:25:B5:3A:08:DC                 
CT1     1          20:00:00:25:B5:3B:08:61                 
CT1     1          20:00:00:25:B5:3A:08:DA                 
CT1     1          20:00:00:25:B5:3B:08:77                 
CT1     1          20:00:00:25:B5:3B:08:60                 
CT1     1          20:00:00:25:B5:4A:08:55                 
CT1     1          20:00:00:25:B5:3B:08:CE                 
CT1     1          20:00:00:25:B5:4B:08:51                 
CT1     1          20:00:00:25:B5:3A:08:65                 
CT1     1          20:00:00:25:B5:4A:08:54 1           20:00:00:25:B5:4A:08:5C                 
CT1     1          20:00:00:25:B5:4B:08:5F                 
CT1     1          20:00:00:25:B5:3A:08:6C                 
CT1     1          20:00:00:25:B5:4A:08:5B                 
CT1     1          20:00:00:25:B5:4B:08:75                 
CT1     1          20:00:00:25:B5:3B:08:52                 
CT1     1          20:00:00:25:B5:4A:08:CE                 
CT1     1          20:00:00:25:B5:4A:08:65                 
CT1     1          20:00:00:25:B5:4B:09:F7                 
CT1     1          20:00:00:25:B5:3B:09:F5                 
CT1     1          20:00:00:25:B5:4A:08:D0                 
CT1     1          20:00:00:25:B5:4A:08:D1                 
CT1     1          20:00:00:25:B5:3B:08:53                 
CT1     1          20:00:00:25:B5:4A:08:CD                 
CT1     1          20:00:00:25:B5:3B:08:51                 
CT1     1          20:00:00:25:B5:4A:08:CF                 
CT1     1          20:00:00:25:B5:4A:08:66                 
CT1     1          20:00:00:25:B5:4B:08:D8                 
CT1     1          20:00:00:25:B5:4B:08:D9                 
CT1     1          20:00:00:25:B5:4B:09:F5                 
CT1     1          20:00:00:25:B5:3B:09:F7                 
CT1     1          20:00:00:25:B5:4B:08:DA                 
CT1     1          20:00:00:25:B5:4A:08:D7                 
CT1     1          20:00:00:25:B5:4A:08:62                 
CT1     1          20:00:00:25:B5:3B:08:55                 
CT1     1          20:00:00:25:B5:4A:08:63                 
CT1     1          20:00:00:25:B5:4A:08:CC                 
CT1     1          20:00:00:25:B5:3B:08:54                 
CT1     1          20:00:00:25:B5:4A:08:D6                 
CT1     1          20:00:00:25:B5:3B:09:F3                 
CT1     1          20:00:00:25:B5:4A:08:61                 
CT1     1          20:00:00:25:B5:4A:08:CA                 
CT1     1          20:00:00:25:B5:3B:08:56                 
CT1     1          20:00:00:25:B5:4B:09:F3                 
CT1     1          20:00:00:25:B5:4B:08:DC                 
CT1     1          20:00:00:25:B5:4A:08:60                 
CT1     1          20:00:00:25:B5:3B:08:57                 
CT1     1          20:00:00:25:B5:4B:08:CE                 
CT1     1          20:00:00:25:B5:4A:08:DC                 
CT1     1          20:00:00:25:B5:3A:08:CF                 
CT1     1          20:00:00:25:B5:3B:08:5A                 
CT1     1          20:00:00:25:B5:4A:08:6F                 
CT1     1          20:00:00:25:B5:4B:08:CD                 
CT1     1          20:00:00:25:B5:4B:08:D7                 
CT1     1          20:00:00:25:B5:4A:08:DA                 
CT1     1          20:00:00:25:B5:3A:08:CD                 
CT1     1          20:00:00:25:B5:3B:08:5C                 
CT1     1          20:00:00:25:B5:4A:08:6D                 
CT1     1          20:00:00:25:B5:4B:08:CF                 
CT1     1          20:00:00:25:B5:3B:08:5B                 
CT1     1          20:00:00:25:B5:4A:08:6E                 
CT1     1          20:00:00:25:B5:4B:08:D6                 
CT1     1          20:00:00:25:B5:4A:08:68                 
CT1     1          20:00:00:25:B5:3A:08:CE                 
CT1     1          20:00:00:25:B5:4A:08:D8                 
CT1     1          20:00:00:25:B5:4A:08:6A                 
CT1     1          20:00:00:25:B5:4A:08:D9                 
CT1     1          20:00:00:25:B5:3B:08:5F                 
CT1     1          20:00:00:25:B5:4B:08:CC                 
CT1     1          20:00:00:25:B5:3A:08:CA                 
CT1     1          20:00:00:25:B5:4A:08:6C                 
CT1     1          20:00:00:25:B5:4B:08:CA                 
CT1     1          20:00:00:25:B5:4B:08:D0                 
CT1     1          20:00:00:25:B5:3A:08:CC                 
CT1     1          20:00:00:25:B5:3B:08:59                 
CT1     1 
 
Sampling finished, I/O is not yet balanced
Try 2/4: Sampling I/O for 60 seconds
Sampling finished, I/O is not yet balanced
Try 3/4: Sampling I/O for 90 seconds
Sampling finished, I/O is not yet balanced
Try 4/4: Sampling I/O for 120 seconds
Sampling finished, I/O is not yet balanced
I/O is not balanced after 4 run(s).
iobalance reports the following: 
sampling host I/O for 120 seconds...
                     Host  CT0 I/O Count  CT1 I/O Count  
rochmn03-hb2-pod58-001-ll       3.37K       2.70K  
rochmn03-hb2-pod58-002-ll       3.95K       3.06K  
rochmn03-hb2-pod58-003-ll      385.00      298.00  
rochmn03-hb2-pod58-004-ll       3.08K       1.52K  ! unbalanced I/O
rochmn03-hb2-pod58-005-hl      833.00       1.11K  
rochmn03-hb2-pod58-005-ll      45.44K      38.54K  
rochmn03-hb2-pod58-006-hl      36.74K     202.10K  ! unbalanced I/O
rochmn03-hb2-pod58-006-ll      59.77K      53.26K  
rochmn03-hb2-pod58-007-hl        0.00        0.00  ? Host is idle
rochmn03-hb2-pod58-007-ll      613.00      966.00  ! unbalanced I/O
rochmn03-hb2-pod58-008-hl        0.00        0.00  ? Host is idle
rochmn03-hb2-pod58-008-ll      820.00      165.00  ! unbalanced I/O
rochmn03-hb2-pod58-009-hl        0.00        0.00  ? Host is idle
rochmn03-hb2-pod58-009-ll      259.00      918.00  ! unbalanced I/O
rochmn03-hb2-pod58-011-ll      337.00      363.00  
rochmn03-hb2-pod58-012-ll       4.65K       3.19K  
rochmn03-hb2-pod58-013-hl      11.14K      12.89K  
rochmn03-hb2-pod58-013-ll      26.74K      23.45K  
rochmn03-hb2-pod58-014-hl       1.10K       2.47K  ! unbalanced I/O
rochmn03-hb2-pod58-014-ll       1.56K       1.59K  
rochmn03-hb2-pod58-015-hl       1.27K       1.78K  
rochmn03-hb2-pod58-015-ll       1.84K       1.80K  
rochmn03-hb2-pod58-017-hl       30.00       90.00  ! unbalanced I/O
rochmn03-hb2-pod58-017-ll       3.29K       2.38K  
rochmn03-hb2-pod58-018-hl     115.49K     131.86K  
rochmn03-hb2-pod58-018-ll      24.08K      18.59K  
rochmn03-hb2-pod58-019-ll       4.08K       3.42K  
rochmn03-hb2-pod58-020-ll       64.00      198.00  ! unbalanced I/O
rochmn03-hb2-pod58-021-hl      11.65K      12.65K  
rochmn03-hb2-pod58-021-ll      33.84K      34.41K  
rochmn03-hb2-pod58-022-ll      296.00       66.00  ! unbalanced I/O
rochmn03-hb2-pod58-023-ll      323.00       66.00  ! unbalanced I/O
rochmn03-hb2-pod58-024-ll      451.00      132.00  ! unbalanced I/O
rochmn03-hb2-pod58-025-ll      525.00       98.00  ! unbalanced I/O
rochmn03-hb2-pod58-026-hl       1.57K       1.40K  
rochmn03-hb2-pod58-026-ll      13.44K      12.59K  
rochmn03-hb2-pod58-034-hl       1.77K       2.36K  
rochmn03-hb2-pod58-034-ll       4.49K       4.46K  
rochmn03-hb2-pod58-035-hl      35.25K      30.86K  
rochmn03-hb2-pod58-035-ll      66.62K      46.94K  
rochmn03-hb2-pod58-038-hl       63.00      227.00  ! unbalanced I/O
rochmn03-hb2-pod58-038-ll      47.35K      38.09K  
rochmn03-hb2-pod58-039-hl       81.00      215.00  ! unbalanced I/O
rochmn03-hb2-pod58-039-ll       5.27K       6.61K  
rochmn03-hb2-pod58-040-hl      46.67K      52.03K  
rochmn03-hb2-pod58-040-ll      23.97K      15.52K  ! unbalanced I/O
rochmn03-hb2-pod58-041-ll       3.57K       2.72K  
rochmn03-hb2-pod58-042-ll       3.90K       2.91K  
rochmn03-hb2-pod58-043-hl      11.54K      15.45K  
rochmn03-hb2-pod58-043-ll     119.18K     121.64K  
rochmn03-hb2-pod58-046-ll       3.01K       2.49K  
rochmn03-hb2-pod58-047-hl       9.97K      73.31K  ! unbalanced I/O
rochmn03-hb2-pod58-047-ll      23.75K      22.74K  
rochmn03-hb2-pod58-048-hl       71.00      134.00  ! unbalanced I/O
rochmn03-hb2-pod58-048-ll      17.10K      16.63K  
rochmn03-hb2-pod58-049-hl      47.31K      43.88K  
rochmn03-hb2-pod58-049-ll      42.89K      34.35K  
rochmn03-hb2-pod58-050-ll       4.19K       3.42K  
rochmn03-hb2-pod58-051-ll       3.66K       3.40K  
rochmn03-hb2-pod58-052-ll      168.00       65.00  ! unbalanced I/O
rochmn03-hb2-pod58-053-ll       3.98K       3.24K  
rochmn03-hb2-pod58-056-ll       2.58K       2.32K  
rochmn03-hb2-pod58-057-hl      51.89K      52.06K  
rochmn03-hb2-pod58-057-ll      79.03K      74.50K  
rochmn03-hb2-pod58-067-ll       5.38K       4.71K  
rochmn03-hb2-pod58-068-ll       3.60K       3.03K  
rochmn03-hb2-pod58-069-ll       3.53K       3.39K  
rochmn03-hb4-pod58-001-ll       3.04K       3.00K  
rochmn03-hb4-pod58-002-ll     567.18K     575.28K  

Would you like to ignore this check?
WARNING: Unless the workload you are running is known to be imbalanced, ignoring this check could result in an outage and is NOT recommended.
Ignore anyway? (y/n): FAILED
Failed when checking IO balance : iobalance reports the following: 
sampling host I/O for 120 seconds...
                     Host  CT0 I/O Count  CT1 I/O Count  
rochmn03-hb2-pod58-001-ll       3.37K       2.70K  
rochmn03-hb2-pod58-002-ll       3.95K       3.06K  
rochmn03-hb2-pod58-003-ll      385.00      298.00  
rochmn03-hb2-pod58-004-ll       3.08K       1.52K  ! unbalanced I/O
rochmn03-hb2-pod58-005-hl      833.00       1.11K  
rochmn03-hb2-pod58-005-ll      45.44K      38.54K  
rochmn03-hb2-pod58-006-hl      36.74K     202.10K  ! unbalanced I/O
rochmn03-hb2-pod58-006-ll      59.77K      53.26K  
rochmn03-hb2-pod58-007-hl        0.00        0.00  ? Host is idle
rochmn03-hb2-pod58-007-ll      613.00      966.00  ! unbalanced I/O
rochmn03-hb2-pod58-008-hl        0.00        0.00  ? Host is idle
rochmn03-hb2-pod58-008-ll      820.00      165.00  ! unbalanced I/O
rochmn03-hb2-pod58-009-hl        0.00        0.00  ? Host is idle
rochmn03-hb2-pod58-009-ll      259.00      918.00  ! unbalanced I/O
rochmn03-hb2-pod58-011-ll      337.00      363.00  
rochmn03-hb2-pod58-012-ll       4.65K       3.19K  
rochmn03-hb2-pod58-013-hl      11.14K      12.89K  
rochmn03-hb2-pod58-013-ll      26.74K      23.45K  
rochmn03-hb2-pod58-014-hl       1.10K       2.47K  ! unbalanced I/O
rochmn03-hb2-pod58-014-ll       1.56K       1.59K  
rochmn03-hb2-pod58-015-hl       1.27K       1.78K  
rochmn03-hb2-pod58-015-ll       1.84K       1.80K  
rochmn03-hb2-pod58-017-hl       30.00       90.00  ! unbalanced I/O
rochmn03-hb2-pod58-017-ll       3.29K       2.38K  
rochmn03-hb2-pod58-018-hl     115.49K     131.86K  
rochmn03-hb2-pod58-018-ll      24.08K      18.59K  
rochmn03-hb2-pod58-019-ll       4.08K       3.42K  
rochmn03-hb2-pod58-020-ll       64.00      198.00  ! unbalanced I/O
rochmn03-hb2-pod58-021-hl      11.65K      12.65K  
rochmn03-hb2-pod58-021-ll      33.84K      34.41K  
rochmn03-hb2-pod58-022-ll      296.00       66.00  ! unbalanced I/O
rochmn03-hb2-pod58-023-ll      323.00       66.00  ! unbalanced I/O
rochmn03-hb2-pod58-024-ll      451.00      132.00  ! unbalanced I/O
rochmn03-hb2-pod58-025-ll      525.00       98.00  ! unbalanced I/O
rochmn03-hb2-pod58-026-hl       1.57K       1.40K  
rochmn03-hb2-pod58-026-ll      13.44K      12.59K  
rochmn03-hb2-pod58-034-hl       1.77K       2.36K  
rochmn03-hb2-pod58-034-ll       4.49K       4.46K  
rochmn03-hb2-pod58-035-hl      35.25K      30.86K  
rochmn03-hb2-pod58-035-ll      66.62K      46.94K  
rochmn03-hb2-pod58-038-hl       63.00      227.00  ! unbalanced I/O
rochmn03-hb2-pod58-038-ll      47.35K      38.09K  
rochmn03-hb2-pod58-039-hl       81.00      215.00  ! unbalanced I/O
rochmn03-hb2-pod58-039-ll       5.27K       6.61K  
rochmn03-hb2-pod58-040-hl      46.67K      52.03K  
rochmn03-hb2-pod58-040-ll      23.97K      15.52K  ! unbalanced I/O
rochmn03-hb2-pod58-041-ll       3.57K       2.72K  
rochmn03-hb2-pod58-042-ll       3.90K       2.91K  
rochmn03-hb2-pod58-043-hl      11.54K      15.45K  
rochmn03-hb2-pod58-043-ll     119.18K     121.64K  
rochmn03-hb2-pod58-046-ll       3.01K       2.49K  
rochmn03-hb2-pod58-047-hl       9.97K      73.31K  ! unbalanced I/O
rochmn03-hb2-pod58-047-ll      23.75K      22.74K  
rochmn03-hb2-pod58-048-hl       71.00      134.00  ! unbalanced I/O
rochmn03-hb2-pod58-048-ll      17.10K      16.63K  
rochmn03-hb2-pod58-049-hl      47.31K      43.88K  
rochmn03-hb2-pod58-049-ll      42.89K      34.35K  
rochmn03-hb2-pod58-050-ll       4.19K       3.42K  
rochmn03-hb2-pod58-051-ll       3.66K       3.40K  
rochmn03-hb2-pod58-052-ll      168.00       65.00  ! unbalanced I/O
rochmn03-hb2-pod58-053-ll       3.98K       3.24K  
rochmn03-hb2-pod58-056-ll       2.58K       2.32K  
rochmn03-hb2-pod58-057-hl      51.89K      52.06K  
rochmn03-hb2-pod58-057-ll      79.03K      74.50K  
rochmn03-hb2-pod58-067-ll       5.38K       4.71K  
rochmn03-hb2-pod58-068-ll       3.60K       3.03K  
rochmn03-hb2-pod58-069-ll       3.53K       3.39K  
rochmn03-hb4-pod58-001-ll       3.04K       3.00K  
rochmn03-hb4-pod58-002-ll     567.18K     575.28K  

Wed May 14 03:00:33 AM CDT 2025
   
bash: y: command not found
     root@rochmn03-pfa-08-581-ct0:/var/home/pureeng# purearray list ---controller r
Name  Type              Mode       Model     Version  Status  Internal Details
CT0   array_controller  primary    FA-X50R4  6.5.8    ready   
CT1   array_controller  secondary  FA-X50R4  6.5.8    ready   
     root@rochmn03-pfa-08-581-ct0:/var/home/pureeng# purewes controller setattr --verify-array rochmn03-pfa-08-581 ct0 --mode secondary;date
Run checks before making changes ...
Check peer purity status...... SUCCESS
Check pureport list........... 
==========    FC connections    ==========

CT      NumOfPort  PortId                                  
CT0     1          20:00:00:25:B5:3B:08:70                 
CT0     1          20:00:00:25:B5:3B:08:66                 
CT0     1          20:00:00:25:B5:3A:08:D9                 
CT0     1          20:00:00:25:B5:3B:08:65                 
CT0     1          20:00:00:25:B5:3A:08:D8                 
CT0     1          20:00:00:25:B5:3B:08:60                 
CT0     1          20:00:00:25:B5:3B:08:77                 
CT0     1          20:00:00:25:B5:3A:08:DA                 
CT0     1          20:00:00:25:B5:3B:08:61                 
CT0     1          20:00:00:25:B5:3A:08:DC                 
CT0     1          20:00:00:25:B5:3B:08:63                 
CT0     1          20:00:00:25:B5:3B:08:62                 
CT0     1          20:00:00:25:B5:3B:08:75                 
CT0     1          20:00:00:25:B5:3B:08:68                 
CT0     1          20:00:00:25:B5:3B:08:6E                 
CT0     1          20:00:00:25:B5:3B:08:6D                 
CT0     1          20:00:00:25:B5:3B:08:6F                 
CT0     1          20:00:00:25:B5:3A:08:D6                 
CT0     1          20:00:00:25:B5:3A:08:D7                 
CT0     1          20:00:00:25:B5:3B:08:78                 
CT0     1          20:00:00:25:B5:3B:08:6C                 
CT0     1          20:00:00:25:B5:3B:08:79                 
CT0     1          20:00:00:25:B5:3A:08:D1                 
CT0     1          20:00:00:25:B5:3B:08:6A                 
CT0     1          20:00:00:25:B5:3A:08:D0                 
CT0     1          20:00:00:25:B5:4A:08:5A                 
CT0     1          20:00:00:25:B5:3A:08:6D                 
CT0     1          20:00:00:25:B5:4B:08:58                 
CT0     1          20:00:00:25:B5:4B:08:5E                 
CT0     1          20:00:00:25:B5:4A:09:F3                 
CT0     1          20:00:00:25:B5:3A:08:68                 
CT0     1          20:00:00:25:B5:4B:08:65                 
CT0     1          20:00:00:25:B5:3A:08:6E                 
CT0     1          20:00:00:25:B5:4B:08:77                 
CT0     1          20:00:00:25:B5:4B:08:59                 
CT0     1          20:00:00:25:B5:4B:08:5F                 
CT0     1          20:00:00:25:B5:4A:08:5B                 
CT0     1          20:00:00:25:B5:4B:08:75                 
CT0     1          20:00:00:25:B5:4A:08:5C                 
CT0     1          20:00:00:25:B5:4B:08:66                 
CT0     1          20:00:00:25:B5:3A:08:6F                 
CT0     1          20:00:00:25:B5:4B:08:5B                 
CT0     1          20:00:00:25:B5:4A:09:F5                 
CT0     1          20:00:00:25:B5:4B:08:63                 
CT0     1          20:00:00:25:B5:4A:08:5F                 
CT0     1          20:00:00:25:B5:3A:08:6C                 
CT0     1          20:00:00:25:B5:4B:08:62                 
CT0     1          20:00:00:25:B5:4B:08:70                 
CT0     1          20:00:00:25:B5:4B:08:5C                 
CT0     1          20:00:00:25:B5:4B:08:60                 
CT0     1          20:00:00:25:B5:4A:08:5E                 
CT0     1          20:00:00:25:B5:4B:08:5A                 
CT0     1          20:00:00:25:B5:4A:08:58                 
CT0     1          20:00:00:25:B5:4A:09:F7                 
CT0     1          20:00:00:25:B5:4A:08:59                 
CT0     1          20:00:00:25:B5:4B:08:61                 
CT0     1          20:00:00:25:B5:3A:08:6A                 
CT0     1          20:00:00:25:B5:4A:08:53                 
CT0     1          20:00:00:25:B5:4B:08:6F                 
CT0     1          20:00:00:25:B5:3A:08:66                 
CT0     1          20:00:00:25:B5:4B:08:79                 
CT0     1          20:00:00:25:B5:4B:08:57                 
CT0     1          20:00:00:25:B5:3B:08:CF                 
CT0     1          20:00:00:25:B5:4B:08:78                 
CT0     1          20:00:00:25:B5:4B:08:56                 
CT0     1          20:00:00:25:B5:4A:08:52                 
CT0     1          20:00:00:25:B5:3B:08:CD                 
CT0     1          20:00:00:25:B5:4B:08:54                 
CT0     1          20:00:00:25:B5:4B:08:68                 
CT0     1          20:00:00:25:B5:4B:08:6E                 
CT0     1          20:00:00:25:B5:3A:08:65                 
CT0     1          20:00:00:25:B5:4A:08:51                 
CT0     1          20:00:00:25:B5:4B:08:6D                 
CT0     1          20:00:00:25:B5:3B:08:CE                 
CT0     1          20:00:00:25:B5:4B:08:55                 
CT0     1          20:00:00:25:B5:4B:08:6A                 
CT0     1          20:00:00:25:B5:4A:08:54                 
CT0     1          20:00:00:25:B5:3A:08:61                 
CT0     1          20:00:00:25:B5:4A:08:55                 
CT0     1          20:00:00:25:B5:3A:08:60                 
CT0     1          20:00:00:25:B5:4B:08:51                 
CT0     1          20:00:00:25:B5:3B:08:CA                 
CT0     1          20:00:00:25:B5:4A:08:57                 
CT0     1          20:00:00:25:B5:3A:08:62                 
CT0     1          20:00:00:25:B5:4B:08:53                 
CT0     1          20:00:00:25:B5:3B:08:CC                 
CT0     1          20:00:00:25:B5:4B:08:52                 
CT0     1          20:00:00:25:B5:4B:08:6C                 
CT0     1          20:00:00:25:B5:4A:08:56                 
CT0     1          20:00:00:25:B5:3A:08:63                 
CT0     1          20:00:00:25:B5:4A:08:D9                 
CT0     1          20:00:00:25:B5:3A:08:CE                 
CT0     1          20:00:00:25:B5:4A:08:6A                 
CT0     1          20:00:00:25:B5:4B:08:CC                 
CT0     1          20:00:00:25:B5:3B:08:5B                 
CT0     1          20:00:00:25:B5:3B:08:5C                 
CT0     1          20:00:00:25:B5:4A:08:D8                 
CT0     1          20:00:00:25:B5:3A:08:CD                 
CT0     1          20:00:00:25:B5:4B:08:D1                 
CT0     1          20:00:00:25:B5:3B:08:5A                 
CT0     1          20:00:00:25:B5:3A:08:CF                 
CT0     1          20:00:00:25:B5:4A:08:6C                 
CT0     1          20:00:00:25:B5:4B:08:CA                 
CT0     1          20:00:00:25:B5:4B:08:D0                 
CT0     1          20:00:00:25:B5:4A:08:DC                 
CT0     1          20:00:00:25:B5:3B:08:5E                 
CT0     1          20:00:00:25:B5:4A:08:6F                 
CT0     1          20:00:00:25:B5:3B:08:58                 
CT0     1          20:00:00:25:B5:4B:08:CD                 
CT0     1          20:00:00:25:B5:3A:08:CC                 
CT0     1          20:00:00:25:B5:3B:08:59                 
CT0     1          20:00:00:25:B5:4B:08:CE                 
CT0     1          20:00:00:25:B5:3A:08:CA                 
CT0     1          20:00:00:25:B5:4A:08:6E                 
CT0     1          20:00:00:25:B5:4B:08:D6                 
CT0     1          20:00:00:25:B5:4A:08:68                 
CT0     1          20:00:00:25:B5:3B:08:5F                 
CT0     1          20:00:00:25:B5:4B:08:D7                 
CT0     1          20:00:00:25:B5:4A:08:DA                 
CT0     1          20:00:00:25:B5:4A:08:6D                 
CT0     1          20:00:00:25:B5:4B:08:CF                 
CT0     1          20:00:00:25:B5:3B:09:F7                 
CT0     1          20:00:00:25:B5:4A:08:CC                 
CT0     1          20:00:00:25:B5:4A:08:63                 
CT0     1          20:00:00:25:B5:4A:08:D6                 
CT0     1          20:00:00:25:B5:4B:08:DA                 
CT0     1          20:00:00:25:B5:3B:08:51                 
CT0     1          20:00:00:25:B5:4A:08:D7                 
CT0     1          20:00:00:25:B5:4A:08:62                 
CT0     1          20:00:00:25:B5:4B:08:DC                 
CT0     1          20:00:00:25:B5:3B:08:53                 
CT0     1          20:00:00:25:B5:4A:08:60                 
CT0     1          20:00:00:25:B5:4A:08:CA                 
CT0     1          20:00:00:25:B5:3B:09:F5                 
CT0     1          20:00:00:25:B5:4A:08:61                 
CT0     1          20:00:00:25:B5:4B:09:F3                 
CT0     1          20:00:00:25:B5:3B:08:52                 
CT0     1          20:00:00:25:B5:3B:08:57                 
CT0     1          20:00:00:25 B 1          20:00:00:25:B5:3A:08:D7                 
CT1     1          20:00:00:25:B5:3A:08:D6                 
CT1     1          20:00:00:25:B5:3B:08:6F                 
CT1     1          20:00:00:25:B5:3B:08:6D                 
CT1     1          20:00:00:25:B5:3B:08:6E                 
CT1     1          20:00:00:25:B5:3B:08:68                 
CT1     1          20:00:00:25:B5:3A:08:D0                 
CT1     1          20:00:00:25:B5:3B:08:6A                 
CT1     1          20:00:00:25:B5:3A:08:D1                 
CT1     1          20:00:00:25:B5:3B:08:79                 
CT1     1          20:00:00:25:B5:3B:08:6C                 
CT1     1          20:00:00:25:B5:3B:08:78                 
CT1     1          20:00:00:25:B5:3A:08:D8                 
CT1     1          20:00:00:25:B5:3B:08:65                 
CT1     1          20:00:00:25:B5:3A:08:D9                 
CT1     1          20:00:00:25:B5:3B:08:66                 
CT1     1          20:00:00:25:B5:3B:08:70                 
CT1     1          20:00:00:25:B5:3B:08:75                 
CT1     1          20:00:00:25:B5:3B:08:62                 
CT1     1          20:00:00:25:B5:3B:08:63                 
CT1     1          20:00:00:25:B5:3A:08:DC                 
CT1     1          20:00:00:25:B5:3B:08:61                 
CT1     1          20:00:00:25:B5:3A:08:DA                 
CT1     1          20:00:00:25:B5:3B:08:77                 
CT1     1          20:00:00:25:B5:3B:08:60                 
CT1     1          20:00:00:25:B5:4A:08:55                 
CT1     1          20:00:00:25:B5:3B:08:CE                 
CT1     1          20:00:00:25:B5:4B:08:51                 
CT1     1          20:00:00:25:B5:3A:08:65                 
CT1     1          20:00:00:25:B5:4A:08:54                 
CT1     1          20:00:00:25:B5:4B:08:6A                 
CT1     1          20:00:00:25:B5:3B:08:CD                 
CT1     1          20:00:00:25:B5:4B:08:52                 
CT1     1          20:00:00:25:B5:4A:08:56                 
CT1     1          20:00:00:25:B5:4B:08:6C                 
CT1     1          20:00:00:25:B5:3B:08:CF                 
CT1     1          20:00:00:25:B5:4A:08:57                 
CT1     1          20:00:00:25:B5:3A:08:66                 
CT1     1          20:00:00:25:B5:4B:08:53                 
CT1     1          20:00:00:25:B5:4B:08:56                 
CT1     1          20:00:00:25:B5:4B:08:78                 
CT1     1          20:00:00:25:B5:3A:08:63                 
CT1     1          20:00:00:25:B5:4A:08:52                 
CT1     1          20:00:00:25:B5:4B:08:6F                 
CT1     1          20:00:00:25:B5:4A:08:53                 
CT1     1          20:00:00:25:B5:3B:08:CC                 
CT1     1          20:00:00:25:B5:4B:08:57                 
CT1     1          20:00:00:25:B5:4B:08:79                 
CT1     1          20:00:00:25:B5:3A:08:62                 
CT1     1          20:00:00:25:B5:4B:08:6D                 
CT1     1          20:00:00:25:B5:4A:08:51                 
CT1     1          20:00:00:25:B5:3B:08:CA                 
CT1     1          20:00:00:25:B5:4B:08:55                 
CT1     1          20:00:00:25:B5:3A:08:60                 
CT1     1          20:00:00:25:B5:4B:08:54                 
CT1     1          20:00:00:25:B5:3A:08:61                 
CT1     1          20:00:00:25:B5:4B:08:68                 
CT1     1          20:00:00:25:B5:4B:08:6E                 
CT1     1          20:00:00:25:B5:4B:08:62                 
CT1     1          20:00:00:25:B5:4B:08:70                 
CT1     1          20:00:00:25:B5:3A:08:6F                 
CT1     1          20:00:00:25:B5:4B:08:5C                 
CT1     1          20:00:00:25:B5:4A:09:F5                 
CT1     1          20:00:00:25:B5:4B:08:5B                 
CT1     1          20:00:00:25:B5:4A:08:5F                 
CT1       
CT1     1          20:00:00:25:B5:4B:08:CE                 
CT1     1          20:00:00:25:B5:4A:08:DC                 
CT1     1          20:00:00:25:B5:3A:08:CF                 
CT1     1          20:00:00:25:B5:3B:08:5A                 
CT1     1          20:00:00:25:B5:4A:08:6F                 
CT1     1          20:00:00:25:B5:4B:08:CD                 
CT1     1          20:00:00:25:B5:4B:08:D7                 
CT1     1          20:00:00:25:B5:4A:08:DA                 
CT1     1          20:00:00:25:B5:3A:08:CD                 
CT1     1          20:00:00:25:B5:3B:08:5C                 
CT1     1          20:00:00:25:B5:4A:08:6D                 
CT1     1          20:00:00:25:B5:4B:08:CF                 
CT1     1          20:00:00:25:B5:3B:08:5B                 
CT1     1          20:00:00:25:B5:4A:08:6E                 
CT1     1          20:00:00:25:B5:4B:08:D6                 
CT1     1          20:00:00:25:B5:4A:08:68                 
CT1     1          20:00:00:25:B5:3A:08:CE                 
CT1     1          20:00:00:25:B5:4A:08:D8                 
CT1     1          20:00:00:25:B5:4A:08:6A                 
CT1     1          20:00:00:25:B5:4A:08:D9                 
CT1     1          20:00:00:25:B5:3B:08:5F                 
CT1     1          20:00:00:25:B5:4B:08:CC                 
CT1     1          20:00:00:25:B5:3A:08:CA                 
CT1     1          20:00:00:25:B5:4A:08:6C                 
CT1     1          20:00:00:25:B5:4B:08:CA                 
CT1     1          20:00:00:25:B5:4B:08:D0                 
CT1     1          20:00:00:25:B5:3A:08:CC                 
CT1     1          20:00:00:25:B5:3B:08:59                 
CT1     1          20:00:00:25:B5:4B:08:D1                 
CT1     1          20:00:00:25:B5:3B:08:58                 
CT1     1          20:00:00:25:B5:3B:08:5E                 
CT1     1          20:00:00:25:B5:3A:08:59                 
CT1     1          20:00:00:25:B5:3B:08:D8                 
CT1     1          20:00:00:25:B5:3B:08:D9                 
CT1     1          20:00:00:25:B5:3A:08:5E                 
CT1     1          20:00:00:25:B5:3A:08:58                 
CT1     1          20:00:00:25:B5:3A:08:5F                 
CT1     1          20:00:00:25:B5:3A:08:78                 
CT1     1          20:00:00:25:B5:3A:08:5C                 
CT1     1          20:00:00:25:B5:3B:08:DC                 
CT1     1          20:00:00:25:B5:3A:08:5B                 
CT1     1          20:00:00:25:B5:3A:08:79                 
CT1     1          20:00:00:25:B5:4A:08:78                 
CT1     1          20:00:00:25:B5:3B:08:DA                 
CT1     1          20:00:00:25:B5:3A:08:5A                 
CT1     1          20:00:00:25:B5:4A:08:79                 
CT1     1          20:00:00:25:B5:3A:08:70                 
CT1     1          20:00:00:25:B5:3B:08:D7                 
CT1     1          20:00:00:25:B5:3A:08:56                 
CT1     1          20:00:00:25:B5:3A:08:57                 
CT1     1          20:00:00:25:B5:3B:08:D6                 
CT1     1          20:00:00:25:B5:3A:08:55                 
CT1     1          20:00:00:25:B5:4A:08:70                 
CT1     1          20:00:00:25:B5:3A:09:F3                 
CT1     1          20:00:00:25:B5:3A:08:54                 
CT1     1          20:00:00:25:B5:3A:09:F7                 
CT1     1          20:00:00:25:B5:3A:08:51                 
CT1     1          20:00:00:25:B5:3A:08:77                 
CT1     1          20:00:00:25:B5:3B:08:D0                 
CT1     1          20:00:00:25:B5:3B:08:D1                 
CT1     1          20:00:00:25:B5:4A:08:75                 
CT1     1          20:00:00:25:B5:3A:08:52                 
CT1     1          20:00:00:25:B5:4A:08:77                 
CT1     1          20:00:00:25:B5:3A:08:53                 
CT1     1          20:00:00:25:B5:3A:09:F5                 
CSampling finished, I/O is not yet balanced
Try 2/4: Sampling I/O for 60 seconds
Sampling finished, I/O is not yet balanced
Try 3/4: Sampling I/O for 90 seconds
Sampling finished, I/O is not yet balanced
Try 4/4: Sampling I/O for 120 seconds
Sampling finished, I/O is not yet balanced
I/O is not balanced after 4 run(s).
iobalance reports the following: 
sampling host I/O for 120 seconds...
                     Host  CT0 I/O Count  CT1 I/O Count  
rochmn03-hb2-pod58-001-ll       6.34K       4.81K  
rochmn03-hb2-pod58-002-ll       6.22K       5.52K  
rochmn03-hb2-pod58-003-ll      881.00      659.00  
rochmn03-hb2-pod58-004-ll       4.01K       1.61K  ! unbalanced I/O
rochmn03-hb2-pod58-005-hl       1.80K       3.77K  ! unbalanced I/O
rochmn03-hb2-pod58-005-ll      46.54K      38.02K  
rochmn03-hb2-pod58-006-hl     116.73K     301.82K  ! unbalanced I/O
rochmn03-hb2-pod58-006-ll      27.89K      22.04K  
rochmn03-hb2-pod58-007-hl        0.00        0.00  ? Host is idle
rochmn03-hb2-pod58-007-ll      817.00      490.00  ! unbalanced I/O
rochmn03-hb2-pod58-008-hl        0.00        0.00  ? Host is idle
rochmn03-hb2-pod58-008-ll      656.00      117.00  ! unbalanced I/O
rochmn03-hb2-pod58-009-hl        0.00        0.00  ? Host is idle
rochmn03-hb2-pod58-009-ll       1.14K      273.00  ! unbalanced I/O
rochmn03-hb2-pod58-011-ll      445.00       44.00  ! unbalanced I/O
rochmn03-hb2-pod58-012-ll       3.93K       2.85K  
rochmn03-hb2-pod58-013-hl      16.19K      17.30K  
rochmn03-hb2-pod58-013-ll      27.22K      19.78K  
rochmn03-hb2-pod58-014-hl       1.20K       3.23K  ! unbalanced I/O
rochmn03-hb2-pod58-014-ll       1.97K       2.08K  
rochmn03-hb2-pod58-015-hl      513.00       1.06K  ! unbalanced I/O
rochmn03-hb2-pod58-015-ll       1.19K       1.05K  
rochmn03-hb2-pod58-017-hl       56.00      117.00  ! unbalanced I/O
rochmn03-hb2-pod58-017-ll       2.16K       2.20K  
rochmn03-hb2-pod58-018-hl     182.90K     212.38K  
rochmn03-hb2-pod58-018-ll      77.29K      65.51K  
rochmn03-hb2-pod58-019-ll       3.81K       2.83K  
rochmn03-hb2-pod58-020-ll       68.00      266.00  ! unbalanced I/O
rochmn03-hb2-pod58-021-hl      16.06K      17.22K  
rochmn03-hb2-pod58-021-ll      46.60K      44.45K  
rochmn03-hb2-pod58-022-ll      447.00       39.00  ! unbalanced I/O
rochmn03-hb2-pod58-023-ll      677.00      171.00  ! unbalanced I/O
rochmn03-hb2-pod58-024-ll      414.00      255.00  ! unbalanced I/O
rochmn03-hb2-pod58-025-ll      443.00       98.00  ! unbalanced I/O
rochmn03-hb2-pod58-026-hl       1.23K       2.66K  ! unbalanced I/O
rochmn03-hb2-pod58-026-ll      19.42K      20.22K  
rochmn03-hb2-pod58-034-hl       1.67K       1.72K  
rochmn03-hb2-pod58-034-ll      36.59K      33.75K  
rochmn03-hb2-pod58-035-hl       5.12K       5.87K  
rochmn03-hb2-pod58-035-ll     100.78K      82.16K  
rochmn03-hb2-pod58-038-hl       13.00      114.00  ! unbalanced I/O
rochmn03-hb2-pod58-038-ll      72.09K      54.10K  
rochmn03-hb2-pod58-039-hl       12.00      119.00  ! unbalanced I/O
rochmn03-hb2-pod58-039-ll      23.11K      24.95K  
rochmn03-hb2-pod58-040-hl      57.39K      93.63K  ! unbalanced I/O
rochmn03-hb2-pod58-040-ll      71.98K      59.45K  
rochmn03-hb2-pod58-041-ll       6.25K      15.24K  ! unbalanced I/O
rochmn03-hb2-pod58-042-ll      17.57K      17.33K  
rochmn03-hb2-pod58-043-hl      40.32K      39.19K  
rochmn03-hb2-pod58-043-ll     119.52K     112.81K  
rochmn03-hb2-pod58-046-ll       6.80K       5.78K  
rochmn03-hb2-pod58-047-hl      21.09K     127.98K  ! unbalanced I/O
rochmn03-hb2-pod58-047-ll      22.11K      21.54K  
rochmn03-hb2-pod58-048-hl       16.00       22.00  
rochmn03-hb2-pod58-048-ll      21.26K      20.39K  
rochmn03-hb2-pod58-049-hl      75.94K      68.80K  
rochmn03-hb2-pod58-049-ll      12.46K      41.76K  ! unbalanced I/O
rochmn03-hb2-pod58-050-ll      13.98K      14.47K  
rochmn03-hb2-pod58-051-ll       9.05K       8.43K  
rochmn03-hb2-pod58-052-ll        0.00        0.00  ? Host is idle
rochmn03-hb2-pod58-053-ll       3.50K       2.61K  
rochmn03-hb2-pod58-056-ll       8.03K       8.20K  
rochmn03-hb2-pod58-057-hl      68.45K      68.16K  
rochmn03-hb2-pod58-057-ll      80.47K      74.27K  
rochmn03-hb2-pod58-067-ll       6.62K       3.09K  ! unbalanced I/O
rochmn03-hb2-pod58-068-ll       7.40K       9.80K  
rochmn03-hb2-pod58-069-ll      21.87K      16.76K  
rochmn03-hb4-pod58-001-ll      682.00      744.00  
rochmn03-hb4-pod58-002-ll     251.18K     260.28K  

Would you like to ignore this check?
WARNING: Unless the workload you are running is known to be imbalanced, ignoring this check could result in an outage and is NOT recommended.
Ignore anyway? (y/n): y
Overriding iobalance check based on user input
SUCCESS
Wed May 14 03:07:44 AM CDT 2025
     root@rochmn03-pfa-08-581-ct0:/var/home/pureeng# purearray list --controller r
Name  Type              Mode       Model     Version  Status  Internal Details
CT0   array_controller  secondary  FA-X50R4  6.5.8    ready   
CT1   array_controller  primary    FA-X50R4  6.5.8    ready   
     root@rochmn03-pfa-08-581-ct0:/var/home/pureeng# purearray list --controller r
Name  Type              Mode       Model     Version  Status  Internal Details
CT0   array_controller  secondary  FA-X50R4  6.5.8    ready   
CT1   array_controller  primary    FA-X50R4  6.5.8    ready   
     root@rochmn03-pfa-08-581-ct0:/var/home/pureeng# purehw list
Name       Status         Identify  Slot  Index  Speed       Temperature  Voltage  Details
CH0        ok             off       -     0      -           -            -        -
CH0.BAY0   ok             off       -     0      -           -            -        -
CH0.BAY1   ok             off       -     1      -           -            -        -
CH0.BAY2   ok             off       -     2      -           -            -        -
CH0.BAY3   ok             off       -     3      -           -            -        -
CH0.BAY4   ok             off       -     4      -           -            -        -
CH0.BAY5   ok             off       -     5      -           -            -        -
CH0.BAY6   ok             off       -     6      -           -            -        -
CH0.BAY7   ok             off       -     7      -           -            -        -
CH0.BAY8   ok             off       -     8      -           -            -        -
CH0.BAY9   ok             off       -     9      -           -            -        -
CH0.BAY10  ok             off       -     10     -           -            -        -
CH0.BAY11  ok             off       -     11     -           -            -        -
CH0.BAY12  ok             off       -     12     -           -            -        -
CH0.BAY13  ok             off       -     13     -           -            -        -
CH0.BAY14  ok             off       -     14     -           -            -        -
CH0.BAY15  ok             off       -     15     -           -            -        -
CH0.BAY16  not_installed  off       -     16     -           -            -        -
CH0.BAY17  not_installed  off       -     17     -           -            -        -
CH0.BAY18  not_installed  off       -     18     -           -            -        -
CH0.BAY19  not_installed  off       -     19     -           -            -        -
CH0.NVB0   ok             off       -     0      -           -            -        -
CH0.NVB1   ok             off       -     1      -           -            -        -
CH0.NVB2   not_installed  off       -     2      -           -            -        -
CH0.NVB3   not_installed  off       -     3      -           -            -        -
CH0.PWR0   ok             -         -     0      -           -            204 V    -
CH0.PWR1   ok             -         -     1      -           -            204 V    -
CH0.TMP0   ok             -         -     0      -           34 C         -        -
CT0        ok             off       -     0      -           -            -        -
CT0.ETH0   ok             -         -     0      0.00 b/s    -            -        -
CT0.ETH1   ok             -         -     1      0.00 b/s    -            -        -
CT0.ETH2   ok             -         -     2      25.00 Gb/s  -            -        -
CT0.ETH3   ok             -         -     3      0.00 b/s    -            -        -
CT0.ETH4   ok             -         -     4      1.00 Gb/s   -            -        -
CT0.ETH5   ok             -         -     5      0.00 b/s    -            -        -
CT0.ETH14  ok             -         2     14     25.00 Gb/s  -            -        -
CT0.ETH15  ok             -         2     15     25.00 Gb/s  -            -        -
CT0.FAN0   ok             -         -     0      -           -            -        -
CT0.FAN1   ok             -         -     1      -           -            -        -
CT0.FAN2   ok             -         -     2      -           -            -        -
CT0.FAN3   ok             -         -     3      -           -            -        -
CT0.FAN4   ok             -         -     4      -           -            -        -
CT0.FAN5   ok             -         -     5      -           -            -        -
CT0.FC4    ok             -         1     4      16.00 Gb/s  -            -        -
CT0.FC5    ok             -         1     5      16.00 Gb/s  -            -        -
CT0.FC6    ok             -         1     6      0.00 b/s    -            -        -
CT0.FC7    ok             -         1     7      0.00 b/s    -            -        -
CT0.FC12   ok             -         3     12     16.00 Gb/s  -            -        -
CT0.FC13   ok             -         3     13     16.00 Gb/s  -            -        -
CT0.FC14   ok             -         3     14     0.00 b/s    -            -        -
CT0.FC15   ok             -         3     15     0.00 b/s    -            -        -
CT0.TMP0   ok             -         -     0      -           46 C         -        -
CT0.TMP1   ok             -         -     1      -           48 C         -        -
CT0.TMP2   ok             -         -     2      -           59 C         -        -
CT0.TMP3   ok             -         -     3      -           56 C         -        -
CT0.TMP4   ok             -         -     4      -           52 C         -        -
CT0.TMP5   ok             -         -     5      -           53 C         -        -
CT0.TMP6   ok             -         -     6      -           37 C         -        -
CT0.TMP7   ok             -         -     7      -           39 C         -        -
CT0.TMP8   ok             -         -     8      -           59 C         -        -
CT0.TMP9   ok             -         -     9      -           44 C         -        -
CT0.TMP11  ok             -         -     11     -           43 C         -        -
CT0.TMP12  ok             -         -     12     -           42 C         -        -
CT0.TMP13  ok             -         -     13     -           45 C         -        -
CT0.TMP14  ok             -         -     14     -           44 C         -        -
CT0.TMP15  ok             -         -     15     -           43 C         -        -
CT0.TMP17  ok             -         -     17     -           45 C         -        -
CT0.TMP19  ok             -         -     19     -           43 C         -        -
CT0.TMP20  ok             -         -     20     -           43 C         -        -
CT0.TMP21  ok             -         -     21     -           47 C         -        -
CT0.TMP22  ok             -         -     22     -           46 C         -        -
CT0.TMP23  ok             -         -     23     -           45 C         -        -
CT1        ok             off       -     1      -           -            -        -
CT1.ETH0   ok             -         -     0      0.00 b/s    -            -        -
CT1.ETH1   ok             -         -     1      0.00 b/s    -            -        -
CT1.ETH2   ok             -         -     2      25.00 Gb/s  -            -        -
CT1.ETH3   ok             -         -     3      0.00 b/s    -            -        -
CT1.ETH4   ok             -         -     4      1.00 Gb/s   -            -        -
CT1.ETH5   ok             -         -     5      0.00 b/s    -            -        -
CT1.ETH14  ok             -         2     14     25.00 Gb/s  -            -        -
CT1.ETH15  ok             -         2     15     25.00 Gb/s  -            -        -
CT1.FAN0   ok             -         -     0      -           -            -        -
CT1.FAN1   ok             -         -     1      -           -            -        -
CT1.FAN2   ok             -         -     2      -           -            -        -
CT1.FAN3   ok             -         -     3      -           -            -        -
CT1.FAN4   ok             -         -     4      -           -            -        -
CT1.FAN5   ok             -         -     5      -           -            -        -
CT1.FC4    ok             -         1     4      16.00 Gb/s  -            -        -
CT1.FC5    ok             -         1     5      16.00 Gb/s  -            -        -
CT1.FC6    ok             -         1     6      0.00 b/s    -            -        -
CT1.FC7    ok             -         1     7      0.00 b/s    -            -        -
CT1.FC12   ok             -         3     12     16.00 Gb/s  -            -        -
CT1.FC13   ok             -         3     13     16.00 Gb/s  -            -        -
CT1.FC14   ok             -         3     14     0.00 b/s    -            -        -
CT1.FC15   ok             -         3     15     0.00 b/s    -            -        -
CT1.TMP0   ok             -         -     0      -           48 C         -        -
CT1.TMP1   ok             -         -     1      -           50 C         -        -
CT1.TMP2   ok             -         -     2      -           69 C         -        -
CT1.TMP3   ok             -         -     3      -           68 C         -        -
CT1.TMP4   ok             -puremessage list --open
     root@rochmn03-pfa-08-581-ct0:/var/home/pureeng# puremessage list --open --h idden
     root@rochmn03-pfa-08-581-ct0:/var/home/pureeng# fcpureportlist=`pureport list --initiator | awk '/Target/,0' | cut -d. -f1 | awk '{print $1,$5}' | grep -v '-' | grep -v "Initiator" | uniq -c; echo`; fcpureportlistcount=`echo "$fcpureportlist" | awk '{total += $1} END {print total}'`; echo -e "$fcpureportlist\n\n"; echo -e "\tTotal FC connections: $fcpureportlistcount\n\n";
      1 20:00:00:25:B5:3A:08:51 CT0
      1 20:00:00:25:B5:3A:08:51 CT1
      1 20:00:00:25:B5:3A:08:52 CT0
      1 20:00:00:25:B5:3A:08:52 CT1
      1 20:00:00:25:B5:3A:08:53 CT0
      1 20:00:00:25:B5:3A:08:53 CT1
      1 20:00:00:25:B5:3A:08:54 CT0
      1 20:00:00:25:B5:3A:08:54 CT1
      1 20:00:00:25:B5:3A:08:55 CT0
      1 20:00:00:25:B5:3A:08:55 CT1
      1 20:00:00:25:B5:3A:08:56 CT0
      1 20:00:00:25:B5:3A:08:56 CT1
      1 20:00:00:25:B5:3A:08:57 CT0
      1 20:00:00:25:B5:3A:08:57 CT1
      1 20:00:00:25:B5:3A:08:58 CT0
      1 20:00:00:25:B5:3A:08:58 CT1
      1 20:00:00:25:B5:3A:08:59 CT0
      1 20:00:00:25:B5:3A:08:59 CT1
      1 20:00:00:25:B5:3A:08:5A CT0
      1 20:00:00:25:B5:3A:08:5A CT1
      1 20:00:00:25:B5:3A:08:5B CT0
      1 20:00:00:25:B5:3A:08:5B CT1
      1 20:00:00:25:B5:3A:08:5C CT0
      1 20:00:00:25:B5:3A:08:5C CT1
      1 20:00:00:25:B5:3A:08:5E CT0
      1 20:00:00:25:B5:3A:08:5E CT1
      1 20:00:00:25:B5:3A:08:5F CT0
      1 20:00:00:25:B5:3A:08:5F CT1
      1 20:00:00:25:B5:3A:08:60 CT0
      1 20:00:00:25:B5:3A:08:60 CT1
      1 20:00:00:25:B5:3A:08:61 CT0
      1 20:00:00:25:B5:3A:08:61 CT1
      1 20:00:00:25:B5:3A:08:62 CT0
      1 20:00:00:25:B5:3A:08:62 CT1
      1 20:00:00:25:B5:3A:08:63 CT0
      1 20:00:00:25:B5:3A:08:63 CT1
      1 20:00:00:25:B5:3A:08:65 CT0
      1 20:00:00:25:B5:3A:08:65 CT1
      1 20:00:00:25:B5:3A:08:66 CT0
      1 20:00:00:25:B5:3A:08:66 CT1
      1 20:00:00:25:B5:3A:08:68 CT0
      1 20:00:00:25:B5:3A:08:68 CT1
      1 20:00:00:25:B5:3A:08:6A CT0
      1 20:00:00:25:B5:3A:08:6A CT1
      1 20:00:00:25:B5:3A:08:6C CT0
      1 20:00:00:25:B5:3A:08:6C CT1
      1 20:00:00:25:B5:3A:08:6D CT0
      1 20:00:00:25:B5:3A:08:6D CT1
      1 20:00:00:25:B5:3A:08:6E CT0
      1 20:00:00:25:B5:3A:08:6E CT1
      1 20:00:00:25:B5:3A:08:6F CT0
      1 20:00:00:25:B5:3A:08:6F CT1
      1 20:00:00:25:B5:3A:08:70 CT0
      1 20:00:00:25:B5:3A:08:70 CT1
      1 20:00:00:25:B5:3A:08:75 CT0
      1 20:00:00:25:B5:3A:08:75 CT1
      1 20:00:00:25:B5:3A:08:77 CT0
      1 20:00:00:25:B5:3A:08:77 CT1
      1 20:00:00:25:B5:3A:08:78 CT0
      1 20:00:00:25:B5:3A:08:78 CT1
      1 20:00:00:25:B5:3A:08:79 CT0
      1 20:00:00:25:B5:3A:08:79 CT1
      1 20:00:00:25:B5:3A:08:CA CT0
      1 20:00:00:25:B5:3A:08:CA CT1
      1 20:00:00:25:B5:3A:08:CC CT0
      1 20:00:00:25:B5:3A:08:CC CT1
      1 20:00:00:25:B5:3A:08:CD CT0
      1 20:00:00:25:B5:3A:08:CD CT1
      1 20:00:00:25:B5:3A:08:CE CT0
      1 20:00:00:25:B5:3A:08:CE CT1
      1 20:00:00:25:B5:3A:08:CF CT0
      1 20:00:00:25:B5:3A:08:CF CT1
      1 20:00:00:25:B5:3A:08:D0 CT0
      1 20:00:00:25:B5:3A:08:D0 CT1
      1 20:00:00:25:B5:3A:08:D1 CT0
      1 20:00:00:25:B5:3A:08:D1 CT1
      1 20:00:00:25:B5:3A:08:D6 CT0
      1 20:00:00:25:B5:3A:08:D6 CT1
      1 20:00:00:25:B5:3A:08:D7 CT0
      1 20:00:00:25:B5:3A:08:D7 CT1
      1 20:00:00:25:B5:3A:08:D8 CT0
      1 20:00:00:25:B5:3A:08:D8 CT1
      1 20:00:00:25:B5:3A:08:D9 CT0
      1 20:00:00:25:B5:3A:08:D9 CT1
      1 20:00:00:25:B5:3A:08:DA CT0
      1 20:00:00:25:B5:3A:08:DA CT1
      1 20:00:00:25:B5:3A:08:DC CT0
      1 20:00:00:25:B5:3A:08:DC CT1
      1 20:00:00:25:B5:3A:09:F3 CT0
      1 20:00:00:25:B5:3A:09:F3 CT1
      1 20:00:00:25:B5:3A:09:F5 CT0
      1 20:00:00:25:B5:3A:09:F5 CT1
      1 20:00:00:25:B5:3A:09:F7 CT0
      1 20:00:00:25:B5:3A:09:F7 CT1
      1 20:00:00:25:B5:3B:08:51 CT0
      1 20:00:00:25:B5:3B:08:51 CT1
      1 20:00:00:25:B5:3B:08:52 CT0
      1 20:00:00:25:B5:3B:08:52 CT1
      1 20:00:00:25:B5:3B:08:53 CT0
      1 20:00:00:25:B5:3B:08:53 CT1
      1 20:00:00:25:B5:3B:08:54 CT0
      1 20:00:00:25:B5:3B:08:54 CT1
      1 20:00:00:25:B5:3B:08:55 CT0
      1 20:00:00:25:B5:3B:08:55 CT1
      1 20:00:00:25:B5:3B:08:56 CT0
      1 20:00:00:25:B5:3B:08:56 CT1
      1 20:00:00:25:B5:3B:08:57 CT0
      1 20:00:00:25:B5:3B:08:57 CT1
      1 20:00:00:25:B5:3B:08:58 CT0
      1 20:00:00:25:B5:3B:08:58 CT1
      1 20:00:00:25:B5:3B:08:59 CT0
      1 20:00:00:25:B5:3B:08:59 CT1
      1 20:00:00:25:B5:3B:08:5A CT0
      1 20:00:00:25:B5:3B:08:5A CT1
      1 20:00:00:25:B5:3B:08:5B CT0
      1 20:00:00:25:B5:3B:08:5B CT1
      1 20:00:00:25:B5:3B:08:5C CT0
      1 20:00:00:25:B5:3B:08:5C CT1
      1 20:00:00:25:B5:3B:08:5E CT0
      1 20:00:00:25:B5:3B:08:5E CT1
      1 20:00:00:25:B5:3B:08:5F CT0
      1 20:00:00:25:B5:3B:08:5F CT1
      1 20:00:00:25:B5:3B:08:60 CT0
      1 20:00:00:25:B5:3B:08:60 CT1
      1 20:00:00:25:B5:3B:08:61 CT0
      1 20:00:00:25:B5:3B:08:61 CT1
      1 20:00:00:25:B5:3B:08:62 CT0
      1 20:00:00:25:B5:3B:08:62 CT1
      1 20:00:00:25:B5:3B:08:63 CT0
      1 20:00:00:25:B5:3B:08:63 CT1
      1 20:00:00:25:B5:3B:08:65 CT0
      1 20:00:00:25:B5:3B:08:65 CT1
      1 20:00:00:25:B5:3B:08:66 CT0
      1 20:00:00:25:B5:3B:08:66 CT1
      1 20:00:00:25:B5:3B:08:68 CT0
      1 20:00:00:25:B5:3B:08:68 CT1
      1 20:00:00:25:B5:3B:08:6A CT0
      1 20:00:00:25:B5:3B:08:6A CT1
      1 20:00:00:25:B5:3B:08:6C CT0
      1 20:00:00:25:B5:3B:08:6C CT1
      1 20:00:00:25:B5:3B:08:6D CT0
      1 20:00:00:25:B5:3B:08:6D CT1
      1 20:00:00:25:B5:3B:08:6E CT0
      1 20:00:00:25:B5:3B:08:6E CT1
      1 20:00:00:25:B5:3B:08:6F CT0
      1 20:00:00:25:B5:3B:08:6F CT1
      1 20:00:00:25:B5:3B:08:70 CT0
      1 20:00:00:25:B5:3B:08:70 CT1
      1 20:00:00:25:B5:3B:08:75 CT0
      1 20:00:00:25:B5:3B:08:75 CT1
      1 20:00:00:25:B5:3B:08:77 CT0
      1 20:00:00:25:B5:3B:08:77 CT1
      1 20:00:00:25:B5:3B:08:78 CT0
      1 20:00:00:25:B5:3B:08:78 CT1
      1 20:00:00:25:B5:3B:08:79 CT0
      1 20:00:00:25:B5:3B:08:79 CT1
      1 20:00:00:25:B5:3B:08:CA CT0
      1 20:00:00:25:B5:3B:08:CA CT1
      1 20:00:00:25:B5:3B:08:CC CT0
      1 20:00:00:25:B5:3B:08:CC CT1
      1 20:00:00:25:B5:3B:08:CD CT0
      1 20:00:00:25:B5:3B:08:CD CT1
      1 20:00:00:25:B5:3B:08:CE CT0
      1 20:00:00:25:B5:3B:08:CE CT1
      1 20:00:00:25:B5:3B:08:CF CT0
      1 20:00:00:25:B5:3B:08:CF CT1
      1 20:00:00:25:B5:3B:08:D0 CT0
      1 20:00:00:25:B5:3B:08:D0 CT1
      1 20:00:00:25:B5:3B:08:D1 CT0
      1 20:00:00:25:B5:3B:08:D1 CT1
      1 20:00:00:25:B5:3B:08:D6 CT0
      1 20:00:00:25:B5:3B:08:D6 CT1
      1 20:00:00:25:B5:3B:08:D7 CT0
      1 20:00:00:25:B5:3B:08:D7 CT1
      1 20:00:00:25:B5:3B:08:D8 CT0
      1 20:00:00:25:B5:3B:08:D8 CT1
      1 20:00:00:25:B5:3B:08:D9 CT0
      1 20:00:00:25:B5:3B:08:D9 CT1
      1 20:00:00:25:B5:3B:08:DA CT0
      1 20:00:00:25:B5:3B:08:DA CT1
      1 20:00:00:25:B5:3B:08:DC CT0
      1 20:00:00:25:B5:3B:08:DC CT1
      1 20:00:00:25:B5:3B:09:F3 CT0
      1 20:00:00:25:B5:3B:09:F3 CT1
      1 20:00:00:25:B5:3B:09:F5 CT0
      1 20:00:00:25:B5:3B:09:F5 CT1
      1 20:00:00:25:B5:3B:09:F7 CT0
      1 20:00:00:25:B5:3B:09:F7 CT1
      1 20:00:00:25:B5:4A:08:51 CT0
      1 20:00:00:25:B5:4A:08:51 CT1
      1 20:00:00:25:B5:4A:08:52 CT0
      1 20:00:00:25:B5:4A:08:52 CT1
      1 20:00:00:25:B5:4A:08:53 CT0
      1 20:00:00:25:B5:4A:08:53 CT1
      1 20:00:00:25:B5:4A:08:54 CT0
      1 20:00:00:25:B5:4A:08:54 CT1
      1 20:00:00:25:B5:4A:08:55 CT0
      1 20:00:00:25:B5:4A:08:55 CT1
      1 20:00:00:25:B5:4A:08:56 CT0
      1 20:00:00:25:B5:4A:08:56 CT1
      1 20:00:00:25:B5:4A:08:57 CT0
      1 20:00:00:25:B5:4A:08:57 CT1
      1 20:00:00:25:B5:4A:08:58 CT0
      1 20:00:00:25:B5:4A:08:58 CT1
      1 20:00:00:25:B5:4A:08:59 CT0
      1 20:00:00:25:B5:4A:08:59 CT1
      1 20:00:00:25:B5:4A:08:5A CT0
      1 20:00:00:25:B5:4A:08:5A CT1
      1 20:00:00:25:B5:4A:08:5B CT0
      1 20:00:00:25:B5:4A:08:5B CT1
      1 20:00:00:25:B5:4A:08:5C CT0
      1 20:00:00:25:B5:4A:08:5C CT1
      1 20:00:00:25:B5:4A:08:5E CT0
      1 20:00:00:25:B5:4A:08:5E CT1
      1 20:00:00:25:B5:4A:08:5F CT0
      1 20:00:00:25:B5:4A:08:5F CT1
      1 20:00:00:25:B5:4A:08:60 CT0
      1 20:00:00:25:B5:4A:08:60 CT1
      1 20:00:00:25:B5:4A:08:61 CT0
      1 20:00:00:25:B5:4A:08:61 CT1
      1 20:00:00:25:B5:4A:08:62 CT0
      1 20:00:00:25:B5:4A:08:62 CT1
      1 20:00:00:25:B5:4A:08:63 CT0
      1 20:00:00:25:B5:4A:08:63 CT1
      1 20:00:00:25:B5:4A:08:65 CT0
      1 20:00:00:25:B5:4A:08:65 CT1
      1 20:00:00:25:B5:4A:08:66 CT0
      1 20:00:00:25:B5:4A:08:66 CT1
      1 20:00:00:25:B5:4A:08:68 CT0
      1 20:00:00:25:B5:4A:08:68 CT1
      1 20:00:00:25:B5:4A:08:6A CT0
      1 20:00:00:25:B5:4A:08:6A CT1
      1 20:00:00:25:B5:4A:08:6C CT0
      1 20:00::000:00:25:B5:4B:08:77 CT0
      1 20:00:00:25:B5:4B:08:77 CT1
      1 20:00:00:25:B5:4B:08:78 CT0
      1 20:00:00:25:B5:4B:08:78 CT1
      1 20:00:00:25:B5:4B:08:79 CT0
      1 20:00:00:25:B5:4B:08:79 CT1
      1 20:00:00:25:B5:4B:08:CA CT0
      1 20:00:00:25:B5:4B:08:CA CT1
      1 20:00:00:25:B5:4B:08:CC CT0
      1 20:00:00:25:B5:4B:08:CC CT1
      1 20:00:00:25:B5:4B:08:CD CT0
      1 20:00:00:25:B5:4B:08:CD CT1
      1 20:00:00:25:B5:4B:08:CE CT0
      1 20:00:00:25:B5:4B:08:CE CT1
      1 20:00:00:25:B5:4B:08:CF CT0
      1 20:00:00:25:B5:4B:08:CF CT1
      1 20:00:00:25:B5:4B:08:D0 CT0
      1 20:00:00:25:B5:4B:08:D0 CT1
      1 20:00:00:25:B5:4B:08:D1 CT0
      1 20:00:00:25:B5:4B:08:D1 CT1
      1 20:00:00:25:B5:4B:08:D6 CT0
      1 20:00:00:25:B5:4B:08:D6 CT1
      1 20:00:00:25:B5:4B:08:D7 CT0
      1 20:00:00:25:B5:4B:08:D7 CT1
      1 20:00:00:25:B5:4B:08:D8 CT0
      1 20:00:00:25:B5:4B:08:D8 CT1
      1 20:00:00:25:B5:4B:08:D9 CT0
      1 20:00:00:25:B5:4B:08:D9 CT1
      1 20:00:00:25:B5:4B:08:DA CT0
      1 20:00:00:25:B5:4B:08:DA CT1
      1 20:00:00:25:B5:4B:08:DC CT0
      1 20:00:00:25:B5:4B:08:DC CT1
      1 20:00:00:25:B5:4B:09:F3 CT0
      1 20:00:00:25:B5:4B:09:F3 CT1
      1 20:00:00:25:B5:4B:09:F5 CT0
      1 20:00:00:25:B5:4B:09:F5 CT1
      1 20:00:00:25:B5:4B:09:F7 CT0
      1 20:00:00:25:B5:4B:09:F7 CT1


Total FC connections: 376


     root@rochmn03-pfa-08-581-ct0:/var/home/pureeng# iobalance --sampletie me 30
sampling host I/O for 30 seconds...
                     Host  CT0 I/O Count  CT1 I/O Count  
rochmn03-hb2-pod58-001-ll      494.00      442.00  
rochmn03-hb2-pod58-002-ll      646.00      574.00  
rochmn03-hb2-pod58-003-ll      133.00      102.00  
rochmn03-hb2-pod58-004-ll      874.00      367.00  ! unbalanced I/O
rochmn03-hb2-pod58-005-hl      121.00      113.00  
rochmn03-hb2-pod58-005-ll      11.09K      10.17K  
rochmn03-hb2-pod58-006-hl       4.09K      44.52K  ! unbalanced I/O
rochmn03-hb2-pod58-006-ll       7.61K       5.66K  
rochmn03-hb2-pod58-007-hl        0.00        0.00  ? Host is idle
rochmn03-hb2-pod58-007-ll      395.00       46.00  ! unbalanced I/O
rochmn03-hb2-pod58-008-hl        0.00        0.00  ? Host is idle
rochmn03-hb2-pod58-008-ll      183.00       51.00  ! unbalanced I/O
rochmn03-hb2-pod58-009-hl        0.00        0.00  ? Host is idle
rochmn03-hb2-pod58-009-ll       36.00      148.00  ! unbalanced I/O
rochmn03-hb2-pod58-011-ll       10.00      234.00  ! unbalanced I/O
rochmn03-hb2-pod58-012-ll      849.00      547.00  ! unbalanced I/O
rochmn03-hb2-pod58-013-hl       2.73K       2.66K  
rochmn03-hb2-pod58-013-ll       4.41K       3.82K  
rochmn03-hb2-pod58-014-hl      175.00      403.00  ! unbalanced I/O
rochmn03-hb2-pod58-014-ll      324.00      342.00  
rochmn03-hb2-pod58-015-hl      222.00      506.00  ! unbalanced I/O
rochmn03-hb2-pod58-015-ll      426.00      370.00  
rochmn03-hb2-pod58-017-hl        0.00        2.00  ! no I/O to CT0
rochmn03-hb2-pod58-017-ll       8.06K       5.57K  
rochmn03-hb2-pod58-018-hl      40.42K      50.14K  
rochmn03-hb2-pod58-018-ll      11.55K      10.17K  
rochmn03-hb2-pod58-019-ll      866.00      615.00  
rochmn03-hb2-pod58-020-ll        0.00        0.00  ? Host is idle
rochmn03-hb2-pod58-021-hl       2.30K       2.83K  
rochmn03-hb2-pod58-021-ll       7.08K       6.85K  
rochmn03-hb2-pod58-022-ll      111.00        4.00  ! unbalanced I/O
rochmn03-hb2-pod58-023-ll       27.00       23.00  
rochmn03-hb2-pod58-024-ll      238.00        8.00  ! unbalanced I/O
rochmn03-hb2-pod58-025-ll       33.00       27.00  
rochmn03-hb2-pod58-026-hl      126.00      235.00  ! unbalanced I/O
rochmn03-hb2-pod58-026-ll       3.88K       3.61K  
rochmn03-hb2-pod58-034-hl      299.00      348.00  
rochmn03-hb2-pod58-034-ll       1.27K       1.05K  
rochmn03-hb2-pod58-035-hl      429.00      657.00  ! unbalanced I/O
rochmn03-hb2-pod58-035-ll       9.35K       7.44K  
rochmn03-hb2-pod58-038-hl       55.00      108.00  ! unbalanced I/O
rochmn03-hb2-pod58-038-ll      25.94K      23.69K  
rochmn03-hb2-pod58-039-hl       26.00       32.00  
rochmn03-hb2-pod58-039-ll       4.26K       6.10K  
rochmn03-hb2-pod58-040-hl       5.94K       8.39K  
rochmn03-hb2-pod58-040-ll      10.51K       8.40K  
rochmn03-hb2-pod58-041-ll       1.14K      957.00  
rochmn03-hb2-pod58-042-ll       2.51K       4.35K  ! unbalanced I/O
rochmn03-hb2-pod58-043-hl      295.00      684.00  ! unbalanced I/O
rochmn03-hb2-pod58-043-ll       7.62K      10.04K  
rochmn03-hb2-pod58-046-ll      706.00      785.00  
rochmn03-hb2-pod58-047-hl      995.00      27.64K  ! unbalanced I/O
rochmn03-hb2-pod58-047-ll      15.62K      15.66K  
rochmn03-hb2-pod58-048-hl        2.00       10.00  
rochmn03-hb2-pod58-048-ll       2.84K       2.52K  
rochmn03-hb2-pod58-049-hl      13.16K      15.92K  
rochmn03-hb2-pod58-049-ll       6.63K       6.34K  
rochmn03-hb2-pod58-050-ll       1.51K       1.31K  
rochmn03-hb2-pod58-051-ll       1.78K       1.80K  
rochmn03-hb2-pod58-052-ll        0.00        0.00  ? Host is idle
rochmn03-hb2-pod58-053-ll      812.00      484.00  ! unbalanced I/O
rochmn03-hb2-pod58-056-ll      513.00      511.00  
rochmn03-hb2-pod58-057-hl       7.29K       7.19K  
rochmn03-hb2-pod58-057-ll       3.44K       2.84K  
rochmn03-hb2-pod58-067-ll      917.00      906.00  
rochmn03-hb2-pod58-068-ll       2.94K       3.11K  
rochmn03-hb2-pod58-069-ll       1.30K       1.26K  
rochmn03-hb4-pod58-001-ll      168.00      328.00  ! unbalanced I/O
rochmn03-hb4-pod58-002-ll     358.39K     413.96K  
     root@rochmn03-pfa-08-581-ct0:/var/home/pureeng# purealert untag --maintenance
Name
maintenance
     root@rochmn03-pfa-08-581-ct0:/var/home/pureeng# purearray phonehome --send-today && ssh peer purearray phonehome --send-today
Status   Action
running  send_today
phonehome is already running
Status   Action
running  send_today
     root@rochmn03-pfa-08-581-ct0:/var/home/pureeng# exit
exit
pureeng@rochmn03-pfa-08-581-ct0:~$ exit
logout

rochmn03-pfa-08-581-ct0 login: 