=~=~=~=~=~=~=~=~=~=~=~= PuTTY log 2025.04.11 10:23:00 =~=~=~=~=~=~=~=~=~=~=~=

NBQAPX06-ct0 login: pureeng
1) Authenticate via CloudAssist
2) Authenticate via command line
3) Restore challenge
Type the number corresponding to the authentication method you want to use.

Selection: 1

An email for identity verification will be sent once email is entered.
Please follow the authentication instructions provided there and return to this screen when finished or if email has not been received.


Enter an email address: fharris@purestorage.com
Successfully authenticated
Last login: Wed Apr 10 11:52:39 CDT 2024 from 10.94.186.74 on pts/0

Fri Apr 11 09:25:30 2025
Welcome pureeng. This is Purity Version 6.7.1 on FlashArray NBQAPX06
http://www.purestorage.com/
pureeng@NBQAPX06-ct0:~$ purearray list --controller
Name  Type              Mode       Model     Version  Status  Current Mode Since       Internal Details
CT0   array_controller  secondary  FA-X50R3  6.7.1    ready   2025-03-10 11:01:59 CDT  
CT1   array_controller  primary    FA-X50R3  6.7.1    ready   2025-03-10 10:50:16 CDT  
pureeng@NBQAPX06-ct0:~$ purearray list --controller
Name  Type              Mode       Model     Version  Status  Current Mode Since       Internal Details
CT0   array_controller  secondary  FA-X50R3  6.7.1    ready   2025-03-10 11:01:59 CDT  
CT1   array_controller  primary    FA-X50R3  6.7.1    ready   2025-03-10 10:50:16 CDT  
pureeng@NBQAPX06-ct0:~$ purehw list
Name       Status         Identify  Slot  Index  Speed       Temperature  Voltage  Details
CH0        ok             on        -     0      -           -            -        -
CH0.BAY0   ok             off       -     0      -           -            -        -
CH0.BAY1   ok             off       -     1      -           -            -        -
CH0.BAY2   ok             off       -     2      -           -            -        -
CH0.BAY3   ok             off       -     3      -           -            -        -
CH0.BAY4   ok             off       -     4      -           -            -        -
CH0.BAY5   ok             off       -     5      -           -            -        -
CH0.BAY6   ok             off       -     6      -           -            -        -
CH0.BAY7   ok             off       -     7      -           -            -        -
CH0.BAY8   ok             off       -     8      -           -            -        -
CH0.BAY9   ok             off       -     9      -           -            -        -
CH0.BAY10  ok             off       -     10     -           -            -        -
CH0.BAY11  ok             off       -     11     -           -            -        -
CH0.BAY12  ok             off       -     12     -           -            -        -
CH0.BAY13  ok             off       -     13     -           -            -        -
CH0.BAY14  ok             off       -     14     -           -            -        -
CH0.BAY15  ok             off       -     15     -           -            -        -
CH0.BAY16  ok             off       -     16     -           -            -        -
CH0.BAY17  ok             off       -     17     -           -            -        -
CH0.BAY18  ok             off       -     18     -           -            -        -
CH0.BAY19  ok             off       -     19     -           -            -        -
CH0.NVB0   ok             off       -     0      -           -            -        -
CH0.NVB1   ok             off       -     1      -           -            -        -
CH0.NVB2   not_installed  off       -     2      -           -            -        -
CH0.NVB3   not_installed  off       -     3      -           -            -        -
CH0.PWR0   ok             -         -     0      -           -            204 V    -
CH0.PWR1   ok             -         -     1      -           -            207 V    -
CH0.TMP0   ok             -         -     0      -           24 C         -        -
CT0        ok             on        -     0      -           -            -        -
CT0.ETH0   ok             -         -     0      1.00 Gb/s   -            -        -
CT0.ETH1   ok             -         -     1      0.00 b/s    -            -        -
CT0.ETH2   ok             -         -     2      0.00 b/s    -            -        -
CT0.ETH3   ok             -         -     3      0.00 b/s    -            -        -
CT0.ETH4   ok             -         -     4      0.00 b/s    -            -        -
CT0.ETH5   ok             -         -     5      0.00 b/s    -            -        -
CT0.ETH6   ok             -         -     6      0.00 b/s    -            -        -
CT0.ETH7   ok             -         -     7      0.00 b/s    -            -        -
CT0.ETH8   ok             -         -     8      0.00 b/s    -            -        -
CT0.ETH9   ok             -         -     9      0.00 b/s    -            -        -
CT0.FAN0   ok             -         -     0      -           -            -        -
CT0.FAN1   ok             -         -     1      -           -            -        -
CT0.FAN2   ok             -         -     2      -           -            -        -
CT0.FAN3   ok             -         -     3      -           -            -        -
CT0.FAN4   ok             -         -     4      -           -            -        -
CT0.FAN5   ok             -         -     5      -           -            -        -
CT0.FC0    ok             -         0     0      16.00 Gb/s  -            -        -
CT0.FC1    ok             -         0     1      16.00 Gb/s  -            -        -
CT0.FC2    ok             -         0     2      16.00 Gb/s  -            -        -
CT0.FC3    ok             -         0     3      16.00 Gb/s  -            -        -
CT0.TMP0   ok             -         -     0      -           36 C         -        -
CT0.TMP1   ok             -         -     1      -           36 C         -        -
CT0.TMP2   ok             -         -     2      -           33 C         -        -
CT0.TMP3   ok             -         -     3      -           42 C         -        -
CT0.TMP4   ok             -         -     4      -           38 C         -        -
CT0.TMP5   ok             -         -     5      -           35 C         -        -
CT0.TMP6   ok             -         -     6      -           40 C         -        -
CT0.TMP7   ok             -         -     7      -           31 C         -        -
CT0.TMP8   ok             -         -     8      -           31 C         -        -
CT0.TMP9   ok             -         -     9      -           32 C         -        -
CT0.TMP10  ok             -         -     10     -           31 C         -        -
CT0.TMP11  ok             -         -     11     -           30 C         -        -
CT0.TMP12  ok             -         -     12     -           30 C         -        -
CT0.TMP13  ok             -         -     13     -           34 C         -        -
CT0.TMP14  ok             -         -     14     -           34 C         -        -
CT0.TMP15  ok             -         -     15     -           33 C         -        -
CT0.TMP16  ok             -         -     16     -           30 C         -        -
CT0.TMP17  ok             -         -     17     -           31 C         -        -
CT0.TMP18  ok             -         -     18     -           31 C         -        -
CT0.TMP19  ok             -         -     19     -           32 C         -        -
CT0.TMP20  ok             -         -     20     -           31 C         -        -
CT0.TMP21  ok             -         -     21     -           38 C         -        -
CT0.TMP22  ok             -         -     22     -           34 C         -        -
CT0.TMP23  ok             -         -     23     -           35 C         -        -
CT0.TMP24  ok             -         -     24     -           37 C         -        -
CT0.TMP25  ok             -         -     25     -           40 C         -        -
CT0.TMP26  ok             -         -     26     -           33 C         -        -
CT1        ok             off       -     1      -           -            -        -
CT1.ETH0   ok             -         -     0      1.00 Gb/s   -            -        -
CT1.ETH1   ok             -         -     1      0.00 b/s    -            -        -
CT1.ETH2   ok             -         -     2      0.00 b/s    -            -        -
CT1.ETH3   ok             -         -     3      0.00 b/s    -            -        -
CT1.ETH4   ok             -         -     4      0.00 b/s    -            -        -
CT1.ETH5   ok             -         -     5      0.00 b/s    -            -        -
CT1.ETH6   ok             -         -     6      0.00 b/s    -            -        -
CT1.ETH7   ok             -         -     7      0.00 b/s    -            -        -
CT1.ETH8   ok             -         -     8      0.00 b/s    -            -        -
CT1.ETH9   ok             -         -     9      0.00 b/s    -            -        -
CT1.FAN0   ok             -         -     0      -           -            -        -
CT1.FAN1   ok             -         -     1      -           -            -        -
CT1.FAN2   ok             -         -     2      -           -            -        -
CT1.FAN3   ok             -         -     3      -           -            -        -
CT1.FAN4   ok             -         -     4      -           -            -        -
CT1.FAN5   ok             -         -     5      -           -            -        -
CT1.FC0    ok             -         0     0      16.00 Gb/s  -            -        -
CT1.FC1    ok             -         0     1      16.00 Gb/s  -            -        -
CT1.FC2    ok             -         0     2      16.00 Gb/s  -            -        -
CT1.FC3    ok             -         0     3      16.00 Gb/s  -            -        -
CT1.TMP0   ok             -         -     0      -           38 C         -        -
CT1.TMP1   ok             -         -     1      -           37 C         -        -
CT1.TMP2   ok             -         -     2      -           35 C         -        -
CT1.TMP3   ok             -         -     3      -           39 C         -        -
CT1.TMP4   ok             -         -     4      -           45 C         -        -
CT1.TMP5   ok             -         -     5      -           40 C         -        -
CT1.TMP6   ok             -         -     6      -           42 C         -        -
CT1.TMP7   ok             -         -     7      -           34 C         -        -
CT1.TMP8   ok             -         -     8      -           34 C         -        -
CT1.TMP9   ok             -         -     9      -           34 C         -        -
CT1.TMP10  ok             -         -     10     -           33 C         -        -
CT1.TMP11  ok             -         -     11     -           33 C         -        -
CT1.TMP12  ok             -         -     12     -           33 C         -        -
CT1.TMP13  ok             -         -     13     -           35 C         -        -
CT1.TMP14  ok             -         -     14     -           35 C         -        -
CT1.TMP15  ok             -         -     15     -           35 C         -        -
CT1.TMP16  ok             -         -     16     -           33 C         -        -
CT1.TMP17  ok             -         -     17     -           33 C         -        -
CT1.TMP18  ok             -         -     18     -           34 C         -        -
CT1.TMP19  ok             -         -     19     -           33 C         -        -
CT1.TMP20  ok             -         -     20     -           33 C         -        -
CT1.TMP21  ok             -         -     21     -           40 C         -        -
CT1.TMP22  ok             -         -     22     -           37 C         -        -
CT1.TMP23  ok             -         -     23     -           38 C         -        -
CT1.TMP24  ok             -         -     24     -           38 C         -        -
CT1.TMP25  ok             -         -     25     -           42 C         -        -
CT1.TMP26  ok             -         -     26     -           35 C         -        -
pureeng@NBQAPX06-ct0:~$ puredrive list
Name       Type   Status   Capacity  Details
CH0.BAY0   SSD    healthy  2.25T     -
CH0.BAY1   SSD    healthy  2.25T     -
CH0.BAY2   SSD    healthy  2.25T     -
CH0.BAY3   SSD    healthy  2.25T     -
CH0.BAY4   SSD    healthy  2.25T     -
CH0.BAY5   SSD    healthy  2.25T     -
CH0.BAY6   SSD    healthy  2.25T     -
CH0.BAY7   SSD    healthy  2.25T     -
CH0.BAY8   SSD    healthy  2.25T     -
CH0.BAY9   SSD    healthy  2.25T     -
CH0.BAY10  SSD    healthy  2.25T     -
CH0.BAY11  SSD    healthy  2.25T     -
CH0.BAY12  SSD    healthy  2.25T     -
CH0.BAY13  SSD    healthy  2.25T     -
CH0.BAY14  SSD    healthy  2.25T     -
CH0.BAY15  SSD    healthy  2.25T     -
CH0.BAY16  SSD    healthy  2.25T     -
CH0.BAY17  SSD    healthy  2.25T     -
CH0.BAY18  SSD    healthy  2.25T     -
CH0.BAY19  SSD    healthy  2.25T     -
CH0.NVB0   NVRAM  healthy  7.52G     -
CH0.NVB1   NVRAM  healthy  7.52G     -
CH0.NVB2   NVRAM  unused   0.00      -
CH0.NVB3   NVRAM  unused   0.00      -
pureeng@NBQAPX06-ct0:~$ iosbalance --sampletime 10
sampling host I/O for 10 seconds...
                Host  CT0 I/O Count  CT1 I/O Count  
      CERI603B-04-07       32.00       54.00  ! unbalanced I/O
      CERI603B-05-06       28.00       27.00  
      CERI800B-10-25       35.00       36.00  
      CERI800B-24-11       30.00       31.00  
pureeng@NBQAPX06-ct0:~$ fcpureportlist=`pureport list --initiator | awk '/Target/,0' | cut -d. -f1 | awk '{print $1,$5}' | grep -v '-' | grep -v "Initiator" | uniq -c; echo`; fcpureportlistcount=`echo "$fcpureportlist" | awk '{total += $1} END {print total}'`; echo -e "$fcpureportlist\n\n"; echo -e "\tTotal FC connections: $fcpureportlistcount\n\n";
      1 10:00:00:90:FA:0B:F6:DE CT1
      1 10:00:00:90:FA:0B:F6:DF CT0
      1 10:00:00:90:FA:19:3C:46 CT1
      1 10:00:00:90:FA:19:3C:47 CT0
      1 10:00:00:90:FA:D1:7C:31 CT0
      1 10:00:00:90:FA:D1:7C:32 CT1
      1 10:00:00:90:FA:D1:A1:55 CT0
      1 10:00:00:90:FA:D1:A1:56 CT1


Total FC connections: 8


pureeng@NBQAPX06-ct0:~$ purenetwork lsit
usage: purenetwork [-h] {eth,fc,list} ...
purenetwork: error: argument subcommand: invalid choice: 'lsit' (choose from 'eth', 'fc', 'list')
pureeng@NBQAPX06-ct0:~$ purenetowrwork list
Name      Enabled  Speed       Services
CT0.FC0   True     16.00 Gb/s  scsi-fc
CT0.FC1   True     16.00 Gb/s  scsi-fc
CT0.FC2   True     16.00 Gb/s  scsi-fc
CT0.FC3   True     16.00 Gb/s  scsi-fc
CT1.FC0   True     16.00 Gb/s  scsi-fc
CT1.FC1   True     16.00 Gb/s  scsi-fc
CT1.FC2   True     16.00 Gb/s  scsi-fc
CT1.FC3   True     16.00 Gb/s  scsi-fc
ct0.eth0  True     1.00 Gb/s   management
ct0.eth1  False    1.00 Gb/s   management
ct0.eth2  False    25.00 Gb/s  replication
ct0.eth3  False    25.00 Gb/s  replication
ct0.eth4  False    25.00 Gb/s  iscsi
ct0.eth5  False    25.00 Gb/s  iscsi
ct0.eth6  False    50.00 Gb/s  -
ct0.eth7  False    50.00 Gb/s  -
ct0.eth8  False    50.00 Gb/s  -
ct0.eth9  False    50.00 Gb/s  -
ct1.eth0  True     1.00 Gb/s   management
ct1.eth1  False    1.00 Gb/s   management
ct1.eth2  False    25.00 Gb/s  replication
ct1.eth3  False    25.00 Gb/s  replication
ct1.eth4  False    25.00 Gb/s  iscsi
ct1.eth5  False    25.00 Gb/s  iscsi
ct1.eth6  False    50.00 Gb/s  -
ct1.eth7  False    50.00 Gb/s  -
ct1.eth8  False    50.00 Gb/s  -
ct1.eth9  False    50.00 Gb/s  -
replbond  False    0.00 b/s    replication
vir0      True     1.00 Gb/s   management
vir1      False    1.00 Gb/s   management
pureeng@NBQAPX06-ct0:~$ purenetwork fc list
Name     Enabled  WWN                      Speed       Services
CT0.FC0  True     52:4A:93:7C:61:B1:B2:00  16.00 Gb/s  scsi-fc
CT0.FC1  True     52:4A:93:7C:61:B1:B2:01  16.00 Gb/s  scsi-fc
CT0.FC2  True     52:4A:93:7C:61:B1:B2:02  16.00 Gb/s  scsi-fc
CT0.FC3  True     52:4A:93:7C:61:B1:B2:03  16.00 Gb/s  scsi-fc
CT1.FC0  True     52:4A:93:7C:61:B1:B2:10  16.00 Gb/s  scsi-fc
CT1.FC1  True     52:4A:93:7C:61:B1:B2:11  16.00 Gb/s  scsi-fc
CT1.FC2  True     52:4A:93:7C:61:B1:B2:12  16.00 Gb/s  scsi-fc
CT1.FC3  True     52:4A:93:7C:61:B1:B2:13  16.00 Gb/s  scsi-fc
pureeng@NBQAPX06-ct0:~$ purenetwork eth list
Name      Enabled  Type      Subnet  Address         Mask             Gateway         MTU   MAC                Speed       Services     Subinterfaces
ct0.eth0  True     physical  -       10.118.196.167  255.255.255.192  10.118.196.129  1500  24:a9:37:50:05:d4  1.00 Gb/s   management   -
ct0.eth1  False    physical  -       -               -                -               1500  24:a9:37:50:05:d5  1.00 Gb/s   management   -
ct0.eth2  False    physical  -       -               -                -               1500  24:a9:37:50:05:d7  25.00 Gb/s  replication  -
ct0.eth3  False    physical  -       -               -                -               1500  24:a9:37:50:05:d6  25.00 Gb/s  replication  -
ct0.eth4  False    physical  -       -               -                -               1500  24:a9:37:50:05:d9  25.00 Gb/s  iscsi        -
ct0.eth5  False    physical  -       -               -                -               1500  24:a9:37:50:05:d8  25.00 Gb/s  iscsi        -
ct0.eth6  False    physical  -       -               -                -               4200  24:a9:37:43:37:4a  50.00 Gb/s  -            -
ct0.eth7  False    physical  -       -               -                -               4200  24:a9:37:43:37:49  50.00 Gb/s  -            -
ct0.eth8  False    physical  -       -               -                -               4200  24:a9:37:43:37:4c  50.00 Gb/s  -            -
ct0.eth9  False    physical  -       -               -                -               4200  24:a9:37:43:37:4b  50.00 Gb/s  -            -
ct1.eth0  True     physical  -       10.118.196.168  255.255.255.192  10.118.196.129  1500  24:a9:37:44:3a:7b  1.00 Gb/s   management   -
ct1.eth1  False    physical  -       -               -                -               1500  24:a9:37:44:3a:7c  1.00 Gb/s   management   -
ct1.eth2  False    physical  -       -               -                -               1500  24:a9:37:44:3a:7e  25.00 Gb/s  replication  -
ct1.eth3  False    physical  -       -               -                -               1500  24:a9:37:44:3a:7d  25.00 Gb/s  replication  -
ct1.eth4  False    physical  -       -               -                -               1500  24:a9:37:44:3a:80  25.00 Gb/s  iscsi        -
ct1.eth5  False    physical  -       -               -                -               1500  24:a9:37:44:3a:7f  25.00 Gb/s  iscsi        -
ct1.eth6  False    physical  -       -               -                -               4200  24:a9:37:43:31:9e  50.00 Gb/s  -            -
ct1.eth7  False    physical  -       -               -                -               4200  24:a9:37:43:31:9d  50.00 Gb/s  -            -
ct1.eth8  False    physical  -       -               -                -               4200  24:a9:37:43:31:a0  50.00 Gb/s  -            -
ct1.eth9  False    physical  -       -               -                -               4200  24:a9:37:43:31:9f  50.00 Gb/s  -            -
replbond  False    bond      -       -               -                -               1500  be:3e:35:22:8d:de  0.00 b/s    replication  -
vir0      True     vif       -       10.118.196.169  255.255.255.192  10.118.196.129  1500  2e:f8:e3:47:17:cc  1.00 Gb/s   management   -
vir1      False    vif       -       -               -                -               1500  a6:80:a3:7b:f7:54  1.00 Gb/s   management   -
pureeng@NBQAPX06-ct0:~$ puretune --list
Error: changing tunables requires root.
pureeng@NBQAPX06-ct0:~$ psudo su
     root@NBQAPX06-ct0:/var/home/pureeng# puretune list
usage: puretune [-h]
                (--set tunable value JIRA | --unset tunable | --list [LIST ...])
                [--app NAME | --local | --cloud-store | --virtual-drives]
                [--csv] [--ignore-puredb] [--ignore-fe-fsck] [--verbose]
                [--verbose-debug]
puretune: error: one of the arguments --set --unset --list is required
     root@NBQAPX06-ct0:/var/home/pureeng# puretun e--le --list
Warning: failed to retrieve some tunable status (local puredb-platform, peer puredb-platform, local puredb-chastity, peer puredb-chastity)
Consistently set tunables:
PS_MESSAGE_WINDOW_SIZE : 1500 ('Set during upgrade to 6.7.1 - CLOUD-148320')
Inconsistently or unnecessarily set tunables:
PURESETUP_COMPLETED:
local pureadm             - 1 
peer pureadm              - <unset> 
local puredb              - <unset> 
peer puredb               - <unset> 
local puredb --platform   - <unset> 
peer puredb --platform    - <unset> 
local puredb --chastity   - <unset> 
peer puredb --chastity    - <unset> 
PURITY_START_ON_BOOT:
local pureadm             - 1 
peer pureadm              - 1 
local puredb              - <unset> 
peer puredb               - <unset> 
local puredb --platform   - <unset> 
peer puredb --platform    - <unset> 
local puredb --chastity   - <unset> 
peer puredb --chastity    - <unset> 
ATOM_5206:
local pureadm             - 1 
peer pureadm              - 1 
local puredb              - <unset> 
peer puredb               - <unset> 
local puredb --platform   - <unset> 
peer puredb --platform    - <unset> 
local puredb --chastity   - <unset> 
peer puredb --chastity    - <unset> 
PS_FILEGW_SMB_HIDE_DOT_SNAPSHOT:
local pureadm             - 0  (Set during upgrade to 6.3.15 - CLOUD-75192)
peer pureadm              - 0  (Set during upgrade to 6.3.15 - CLOUD-75192)
local puredb              - <unset> 
peer puredb               - <unset> 
local puredb --platform   - <unset> 
peer puredb --platform    - <unset> 
local puredb --chastity   - <unset> 
peer puredb --chastity    - <unset> 
ATOM_10052:
local pureadm             - 1  (PURE-357200)
peer pureadm              - 1  (PURE-357200)
local puredb              - <unset> 
peer puredb               - <unset> 
local puredb --platform   - <unset> 
peer puredb --platform    - <unset> 
local puredb --chastity   - <unset> 
peer puredb --chastity    - <unset> 
ATOM_REFRESH_STALE_CONFIG:
local pureadm             - PCTFJ21500204,PCTFL2151A13B,6.7.1  (PURE-357200 set by manual)
peer pureadm              - PCTFJ21500204,PCTFL2151A13B,6.7.1  (PURE-357200 set by manual)
local puredb              - <unset> 
peer puredb               - <unset> 
local puredb --platform   - <unset> 
peer puredb --platform    - <unset> 
local puredb --chastity   - <unset> 
peer puredb --chastity    - <unset> 
ATOM_10072:
local pureadm             - H  (CLOUD-152371)
peer pureadm              - H  (CLOUD-152371)
local puredb              - <unset> 
peer puredb               - <unset> 
local puredb --platform   - <unset> 
peer puredb --platform    - <unset> 
local puredb --chastity   - <unset> 
peer puredb --chastity    - <unset> 
ATOM_SECURITY_PATCH_FA_2025_A:
local pureadm             - PCTFJ21500204,PCTFL2151A13B,6.7.1  (CLOUD-152371 set by manual)
peer pureadm              - PCTFJ21500204,PCTFL2151A13B,6.7.1  (CLOUD-152371 set by manual)
local puredb              - <unset> 
peer puredb               - <unset> 
local puredb --platform   - <unset> 
peer puredb --platform    - <unset> 
local puredb --chastity   - <unset> 
peer puredb --chastity    - <unset> 
     root@NBQAPX06-ct0:/var/home/pureeng# cat /etc/timezone
US/Central     root@NBQAPX06-ct0:/var/home/pureeng# purealert tag --timeout 240m --maintenance
Name         Created                  Expires
maintenance  2025-04-11 09:29:11 CDT  2025-04-11 13:29:11 CDT
     root@NBQAPX06-ct0:/var/home/pureeng# upurepure
     root@NBQAPX06-ct0:/var/home/pureeng# purehw list
Name       Status         Identify  Slot  Index  Speed       Temperature  Voltage  Details
CH0        ok             on        -     0      -           -            -        -
CH0.BAY0   ok             off       -     0      -           -            -        -
CH0.BAY1   ok             off       -     1      -           -            -        -
CH0.BAY2   ok             off       -     2      -           -            -        -
CH0.BAY3   ok             off       -     3      -           -            -        -
CH0.BAY4   ok             off       -     4      -           -            -        -
CH0.BAY5   ok             off       -     5      -           -            -        -
CH0.BAY6   ok             off       -     6      -           -            -        -
CH0.BAY7   ok             off       -     7      -           -            -        -
CH0.BAY8   ok             off       -     8      -           -            -        -
CH0.BAY9   ok             off       -     9      -           -            -        -
CH0.BAY10  ok             off       -     10     -           -            -        -
CH0.BAY11  ok             off       -     11     -           -            -        -
CH0.BAY12  ok             off       -     12     -           -            -        -
CH0.BAY13  ok             off       -     13     -           -            -        -
CH0.BAY14  ok             off       -     14     -           -            -        -
CH0.BAY15  ok             off       -     15     -           -            -        -
CH0.BAY16  ok             off       -     16     -           -            -        -
CH0.BAY17  ok             off       -     17     -           -            -        -
CH0.BAY18  ok             off       -     18     -           -            -        -
CH0.BAY19  ok             off       -     19     -           -            -        -
CH0.NVB0   ok             off       -     0      -           -            -        -
CH0.NVB1   ok             off       -     1      -           -            -        -
CH0.NVB2   not_installed  off       -     2      -           -            -        -
CH0.NVB3   not_installed  off       -     3      -           -            -        -
CH0.PWR0   ok             -         -     0      -           -            204 V    -
CH0.PWR1   ok             -         -     1      -           -            207 V    -
CH0.TMP0   ok             -         -     0      -           24 C         -        -
CT0        ok             on        -     0      -           -            -        -
CT0.ETH0   ok             -         -     0      1.00 Gb/s   -            -        -
CT0.ETH1   ok             -         -     1      0.00 b/s    -            -        -
CT0.ETH2   ok             -         -     2      0.00 b/s    -            -        -
CT0.ETH3   ok             -         -     3      0.00 b/s    -            -        -
CT0.ETH4   ok             -         -     4      0.00 b/s    -            -        -
CT0.ETH5   ok             -         -     5      0.00 b/s    -            -        -
CT0.ETH6   ok             -         -     6      0.00 b/s    -            -        -
CT0.ETH7   ok             -         -     7      0.00 b/s    -            -        -
CT0.ETH8   ok             -         -     8      0.00 b/s    -            -        -
CT0.ETH9   ok             -         -     9      0.00 b/s    -            -        -
CT0.FAN0   ok             -         -     0      -           -            -        -
CT0.FAN1   ok             -         -     1      -           -            -        -
CT0.FAN2   ok             -         -     2      -           -            -        -
CT0.FAN3   ok             -         -     3      -           -            -        -
CT0.FAN4   ok             -         -     4      -           -            -        -
CT0.FAN5   ok             -         -     5      -           -            -        -
CT0.FC0    ok             -         0     0      16.00 Gb/s  -            -        -
CT0.FC1    ok             -         0     1      16.00 Gb/s  -            -        -
CT0.FC2    ok             -         0     2      16.00 Gb/s  -            -        -
CT0.FC3    ok             -         0     3      16.00 Gb/s  -            -        -
CT0.TMP0   ok             -         -     0      -           36 C         -        -
CT0.TMP1   ok             -         -     1      -           36 C         -        -
CT0.TMP2   ok             -         -     2      -           33 C         -        -
CT0.TMP3   ok             -         -     3      -           39 C         -        -
CT0.TMP4   ok             -         -     4      -           41 C         -        -
CT0.TMP5   ok             -         -     5      -           35 C         -        -
CT0.TMP6   ok             -         -     6      -           41 C         -        -
CT0.TMP7   ok             -         -     7      -           31 C         -        -
CT0.TMP8   ok             -         -     8      -           31 C         -        -
CT0.TMP9   ok             -         -     9      -           32 C         -        -
CT0.TMP10  ok             -         -     10     -           31 C         -        -
CT0.TMP11  ok             -         -     11     -           30 C         -        -
CT0.TMP12  ok             -         -     12     -           30 C         -        -
CT0.TMP13  ok             -         -     13     -           34 C         -        -
CT0.TMP14  ok             -         -     14     -           34 C         -        -
CT0.TMP15  ok             -         -     15     -           33 C         -        -
CT0.TMP16  ok             -         -     16     -           31 C         -        -
CT0.TMP17  ok             -         -     17     -           31 C         -        -
CT0.TMP18  ok             -         -     18     -           31 C         -        -
CT0.TMP19  ok             -         -     19     -           32 C         -        -
CT0.TMP20  ok             -         -     20     -           31 C         -        -
CT0.TMP21  ok             -         -     21     -           39 C         -        -
CT0.TMP22  ok             -         -     22     -           34 C         -        -
CT0.TMP23  ok             -         -     23     -           36 C         -        -
CT0.TMP24  ok             -         -     24     -           37 C         -        -
CT0.TMP25  ok             -         -     25     -           40 C         -        -
CT0.TMP26  ok             -         -     26     -           33 C         -        -
CT1        ok             off       -     1      -           -            -        -
CT1.ETH0   ok             -         -     0      1.00 Gb/s   -            -        -
CT1.ETH1   ok             -         -     1      0.00 b/s    -            -        -
CT1.ETH2   ok             -         -     2      0.00 b/s    -            -        -
CT1.ETH3   ok             -         -     3      0.00 b/s    -            -        -
CT1.ETH4   ok             -         -     4      0.00 b/s    -            -        -
CT1.ETH5   ok             -         -     5      0.00 b/s    -            -        -
CT1.ETH6   ok             -         -     6      0.00 b/s    -            -        -
CT1.ETH7   ok             -         -     7      0.00 b/s    -            -        -
CT1.ETH8   ok             -         -     8      0.00 b/s    -            -        -
CT1.ETH9   ok             -         -     9      0.00 b/s    -            -        -
CT1.FAN0   ok             -         -     0      -           -            -        -
CT1.FAN1   ok             -         -     1      -           -            -        -
CT1.FAN2   ok             -         -     2      -           -            -        -
CT1.FAN3   ok             -         -     3      -           -            -        -
CT1.FAN4   ok             -         -     4      -           -            -        -
CT1.FAN5   ok             -         -     5      -           -            -        -
CT1.FC0    ok             -         0     0      16.00 Gb/s  -            -        -
CT1.FC1    ok             -         0     1      16.00 Gb/s  -            -        -
CT1.FC2    ok             -         0     2      16.00 Gb/s  -            -        -
CT1.FC3    ok             -         0     3      16.00 Gb/s  -            -        -
CT1.TMP0   ok             -         -     0      -           38 C         -        -
CT1.TMP1   ok             -         -     1      -           37 C         -        -
CT1.TMP2   ok             -         -     2      -           34 C         -        -
CT1.TMP3   ok             -         -     3      -           39 C         -        -
CT1.TMP4   ok             -         -     4      -           41 C         -        -
CT1.TMP5   ok             -         -     5      -           40 C         -        -
CT1.TMP6   ok             -         -     6      -           42 C         -        -
CT1.TMP7   ok             -         -     7      -           34 C         -        -
CT1.TMP8   ok             -         -     8      -           34 C         -        -
CT1.TMP9   ok             -         -     9      -           34 C         -        -
CT1.TMP10  ok             -         -     10     -           33 C         -        -
CT1.TMP11  ok             -         -     11     -           33 C         -        -
CT1.TMP12  ok             -         -     12     -           33 C         -        -
CT1.TMP13  ok             -         -     13     -           35 C         -        -
CT1.TMP14  ok             -         -     14     -           34 C         -        -
CT1.TMP15  ok             -         -     15     -           34 C         -        -
CT1.TMP16  ok             -         -     16     -           32 C         -        -
CT1.TMP17  ok             -         -     17     -           33 C         -        -
CT1.TMP18  ok             -         -     18     -           33 C         -        -
CT1.TMP19  ok             -         -     19     -           32 C         -        -
CT1.TMP20  ok             -         -     20     -           33 C         -        -
CT1.TMP21  ok             -         -     21     -           40 C         -        -
CT1.TMP22  ok             -         -     22     -           37 C         -        -
CT1.TMP23  ok             -         -     23     -           38 C         -        -
CT1.TMP24  ok             -         -     24     -           38 C         -        -
CT1.TMP25  ok             -         -     25     -           42 C         -        -
CT1.TMP26  ok             -         -     26     -           35 C         -        -
     root@NBQAPX06-ct0:/var/home/pureeng# puremessage list --open
     root@NBQAPX06-ct0:/var/home/pureeng# puremessage list --open --hidden
     root@NBQAPX06-ct0:/var/home/pureeng# purearray list --controller
Name  Type              Mode       Model     Version  Status  Current Mode Since       Internal Details
CT0   array_controller  secondary  FA-X50R3  6.7.1    ready   2025-03-10 11:01:59 CDT  
CT1   array_controller  primary    FA-X50R3  6.7.1    ready   2025-03-10 10:50:16 CDT  
     root@NBQAPX06-ct0:/var/home/pureeng# purewes controller disable --purity --verify-mode secondary --verify-array NBQAPX06 CT0
Run checks before making changes ...
Check peer purity status...... SUCCESS
Check pureport list........... 
==========    FC connections    ==========

CT      NumOfPort  PortId                                  
CT0     1          10:00:00:90:FA:D1:A1:55                 
CT0     1          10:00:00:90:FA:D1:7C:31                 
CT0     1          10:00:00:90:FA:0B:F6:DF                 
CT0     1          10:00:00:90:FA:19:3C:47                 
CT1     1          10:00:00:90:FA:D1:A1:56                 
CT1     1          10:00:00:90:FA:D1:7C:32                 
CT1     1          10:00:00:90:FA:19:3C:46                 
CT1     1          10:00:00:90:FA:0B:F6:DE                 

Total FC connections: 8

==========    iSCSI connections    ==========

CT     NumOfPort  PortId                                  

Total iSCSI connections: 0

==========    NVMe-RoCE connections    ==========

CT     NumOfPort  PortId                                  

Total NVMe-RoCE connections: 0

SUCCESS
Check IO balance.............. Checking iobalance before proceeding, sampling for 30 seconds, retrying 3 times, adding 30 seconds with each retry
Try 1/4: Sampling I/O for 30 seconds
I/O is balanced
SUCCESS
Disabling purity ...
monitor stop/waiting
wait-for-state pureapp stop/waiting
wait-for-state mariadb stop/waiting
lio-drv disabling
platform stop/waiting
wait-for-state foed stop/waiting
iostat stop/waiting
statistics stop/waiting
wait-for-state lio-drv stop/waiting
purity stop/waiting
wait-for-state purity_started stop/waiting
wait-for-state pure_ems_fusiond stop/waiting
Pure Storage is offline.
     root@NBQAPX06-ct0:/var/home/pureeng# =~=~=~=~=~=~=~=~=~=~=~= PuTTY log 2025.04.11 10:48:12 =~=~=~=~=~=~=~=~=~=~=~=
 GNU GRUB  version 2.06

/----------------------------------------------------------------------------\||||||||||||||||||||||||||\----------------------------------------------------------------------------/     Use the ^ and v keys to select which entry is highlighted.          
      Press enter to boot the selected OS, `e' to edit the commands       
      before booting or `c' for a command-line.                            *Purity 6.5.5 (202404130351+34e2b1e66ad3) with kernel 5.15.123+ (2024031915>
 Purity 6.5.5 (202404130351+34e2b1e66ad3) with kernel 5.15.123+ (2024031915>
                                                                                                                                                                                                                                                                                                                                                                                                                                                                                                                                                                                                                                                                                                                                                                                                                                                                        The highlighted entry will be executed automatically in 3s.                    The highlighted entry will be executed automatically in 2s.                    The highlighted entry will be executed automatically in 1s.                    The highlighted entry will be executed automatically in 0s.                 
Purity

PCTFJ24490051 login: puresetup
Password: 
<fw_update_tool>
===================================================================
=                            NOTICE                               =
===================================================================
=                                                                 =
=    Firmware is currently being checked and/or updated           =
=    on this controller.                                          =
=                                                                 =
=    If updates are necessary they will be applied automatically, =
=    and one or more automatic reboots may occur as a result.     =
=    A completion notice will be provided when done.              =
=                                                                 =
=    DO NOT RESTART OR REMOVE POWER WHILE UPDATE IS IN PROGRESS   =
=                                                                 =
===================================================================
<fw_update_tool>

Fri Apr 11 14:50:19 2025
Welcome puresetup. This is Purity Version 6.5.5 on FlashArray PCTFJ24490051
http://www.purestorage.com/
puresetup@PCTFJ24490051:~$ purels /dev/sd*                                                                               
Broadcast message from root@PCTFJ24490051 (somewhere) (Fri Apr 11 14:50:59 2025
                                                                               
===================================================================            
=                   UPDATE AND/OR CHECK COMPLETE                  =            
=                                                                 =            
=    The firmware checks/updates on this system are now complete. =            
=    No further action is required, and the controller will       =            
=    continue running as usual                                    =            
=                                                                 =            
===================================================================            
                                                                               
                                                                               
1
/dev/sda1  /dev/sdb1
puresetup@PCTFJ24490051:~$ mount /dev/sdb1 /mnt
puresetup@PCTFJ24490051:~$ cp /mnt/6.7.1/* .
puresetup@PCTFJ24490051:~$ pureinstall purity_6.7.1_202412110952+5343330bfe9f.ppkg
Installing Purity on alternate partition labeled second.
Erasing Purity software image from alternate partition second to prepare for installation.
WARNING: Do not interrupt this process!!
Unpacking new Purity software.
............................................................................................................................................................................................................................................................................................................................................................................................................................................................................................................................................................................................................................................................................................................................................................................................................................................................................................................................................................................................................................................................................................................................................................................................................................................................................................................................................................................................................................
Verifying package...

Finalizing installation. This may take several minutes.
Executing /altroot/opt/purextras/bin/finish-install.sh
Executing /altroot/opt/purextras/bin/finish-install.azure-propagate.sh
Executing /altroot/opt/purextras/bin/finish-install.cbs.sh
Executing /altroot/opt/purextras/bin/finish-install.fix-dpkg.sh
Purity installed.
Installation complete. The new Purity version will load at next reboot.

Important!
The first boot of a new Purity version may take longer if the new version includes controller firmware updates.
DO NOT REBOOT THE CONTROLLER DURING THE FIRMWARE UPDATE.

Refer to http://community.purestorage.com for more information about the Purity upgrade process and firmware updates.
puresetup@PCTFJ24490051:~$ pureboot reboot --offline
[Errno 111] Connection refused
 GNU GRUB  version 2.06

/----------------------------------------------------------------------------\||||||||||||||||||||||||||\----------------------------------------------------------------------------/     Use the ^ and v keys to select which entry is highlighted.          
      Press enter to boot the selected OS, `e' to edit the commands       
      before booting or `c' for a command-line.                             Purity 6.5.5 (202404130351+34e2b1e66ad3) with kernel 5.15.123+ (2024031915>
*Purity 6.7.1 (202412110952+5343330bfe9f) with kernel 5.15.123+ (2024120212>
                                                                                                                                                                                                                                                                                                                                                                                                                                                                                                                                                                                                                                                                                                                                                                                                                                                                        The highlighted entry will be executed automatically in 3s.                    The highlighted entry will be executed automatically in 2s.                    The highlighted entry will be executed automatically in 1s.                    The highlighted entry will be executed automatically in 0s.                 
Purity

PCTFJ24490051 login: puresetup
Password: 

Login incorrect
PCTFJ24490051 login: pre  uresetup
Password: 
<fw_update_tool>
===================================================================
=                            NOTICE                               =
===================================================================
=                                                                 =
=    Firmware is currently being checked and/or updated           =
=    on this controller.                                          =
=                                                                 =
=    If updates are necessary they will be applied automatically, =
=    and one or more automatic reboots may occur as a result.     =
=    A completion notice will be provided when done.              =
=                                                                 =
=    DO NOT RESTART OR REMOVE POWER WHILE UPDATE IS IN PROGRESS   =
=                                                                 =
===================================================================
<fw_update_tool>
Last login: Fri Apr 11 14:50:19 UTC 2025 on ttyS0

Fri Apr 11 14:55:16 2025
Welcome puresetup. This is Purity Version 6.7.1 on FlashArray PCTFJ24490051
http://www.purestorage.com/
puresetup@PCTFJ24490051:~$  GNU GRUB  version 2.06

/----------------------------------------------------------------------------\||||||||||||||||||||||||||\----------------------------------------------------------------------------/     Use the ^ and v keys to select which entry is highlighted.          
      Press enter to boot the selected OS, `e' to edit the commands       
      before booting or `c' for a command-line.                             Purity 6.5.5 (202404130351+34e2b1e66ad3) with kernel 5.15.123+ (2024031915>
*Purity 6.7.1 (202412110952+5343330bfe9f) with kernel 5.15.123+ (2024120212>
                                                                                                                                                                                                                                                                                                                                                                                                                                                                                                                                                                                                                                                                                                                                                                                                                                                                        The highlighted entry will be executed automatically in 3s.                    The highlighted entry will be executed automatically in 2s.                    The highlighted entry will be executed automatically in 1s.                    The highlighted entry will be executed automatically in 0s.                 
Purity

PCTFJ24490051 login: PURESETU        puresetup
Password: 
Last login: Fri Apr 11 14:55:16 UTC 2025 on ttyS0

Fri Apr 11 15:13:00 2025
Welcome puresetup. This is Purity Version 6.7.1 on FlashArray PCTFJ24490051
http://www.purestorage.com/
puresetup@PCTFJ24490051:~$ pureboot lsit
usage: pureboot [-h] [--version]
                {setenv,listenv,update,list,reboot,poweroff,setboot} ...
pureboot: error: argument {setenv,listenv,update,list,reboot,poweroff,setboot}: invalid choice: 'lsit' (choose from 'setenv', 'listenv', 'update', 'list', 'reboot', 'poweroff', 'setboot')
puresetup@PCTFJ24490051:~$ pureboot list

Marked entry (*) is currently running
Marked entry (-->) will run at next reboot
    0. Purity 6.5.5 (202404130351+34e2b1e66ad3) with kernel 5.15.123+ (202403191505+d9f0e688c788) on first (/dev/sda3)
*-->1. Purity 6.7.1 (202412110952+5343330bfe9f) with kernel 5.15.123+ (202412021236+8e7eb66c000f) on second (/dev/sda4)
puresetup@PCTFJ24490051:~$ puresetup replace --from-controller  FA-X50R3
##########################################
#   Welcome to the Purity Setup Wizard   #
##########################################
Apr 11 15:13:17.970 puresetup: PROGRESS: Starting controller replacement
Apr 11 15:13:17.973 puresetup.py: PROGRESS: Checking if the current Purity version supports this controller model
Controller hardware model is compatible with the controller purity version
[Errno 111] Connection refused
FA-X50R4 supports multiple storage types, configuring...
The controller will be rebooted when puresetup finishes
Pre-configured storage type X was found on the controller, will proceed to overwrite
Detected storage type X from peer
Successfully configured storage type X for controller
Apr 11 15:13:18.400 puresetup.py: PROGRESS: Running hardware checks
Apr 11 15:13:18.400 puresetup.py: PROGRESS: Detecting shelves connected to the array
Check Cobalt NDU controllers.. OK
Check RDL..................... OK
Check shelf cabling........... OK
Check controller link......... OK
Check power supply............ OK
Check PCIE AER errors......... OK
Check io card pci id's........ OK
Check LOM MAC addresses....... OK
Getting local controller type.
Local controller type is cobalt_a.
Getting local controller variant.
Not a generic controller, Exiting.
Apr 11 15:13:28.665 puresetup: PROGRESS: Running platinum NDU checks
Checking peer controller for tunables

Apply ATOM_5206 = 1 #
 (y/n):y
Apply ATOM_5206 = 1 #
 (y/n): y
Tunable parameter set: ATOM_5206=1

Apply PS_FILEGW_SMB_HIDE_DOT_SNAPSHOT = 0 # Set during upgrade to 6.3.15 - CLOUD
 (y/n):y
Apply PS_FILEGW_SMB_HIDE_DOT_SNAPSHOT = 0 # Set during upgrade to 6.3.15 - CLOUD
 (y/n): y
Tunable parameter set: PS_FILEGW_SMB_HIDE_DOT_SNAPSHOT=0

Apply PS_MESSAGE_WINDOW_SIZE = 1500 # Set during upgrade to 6.7.1 - CLOUD-148320
 (y/n):y
Apply PS_MESSAGE_WINDOW_SIZE = 1500 # Set during upgrade to 6.7.1 - CLOUD-148320
 (y/n): y
Tunable parameter set: PS_MESSAGE_WINDOW_SIZE=1500

Apply ATOM_10052 = 1 # PURE-357200
 (y/n):y
Apply ATOM_10052 = 1 # PURE-357200
 (y/n): y
Tunable parameter set: ATOM_10052=1

Apply ATOM_REFRESH_STALE_CONFIG = PCTFJ21500204,PCTFL2151A13B,6.7.1 # PURE-35720
 (y/n):y
Apply ATOM_REFRESH_STALE_CONFIG = PCTFJ21500204,PCTFL2151A13B,6.7.1 # PURE-35720
 (y/n): y
Tunable parameter set: ATOM_REFRESH_STALE_CONFIG=PCTFJ21500204,PCTFL2151A13B,6.7.1

Apply ATOM_10072 = H # CLOUD-152371
 (y/n):y
Apply ATOM_10072 = H # CLOUD-152371
 (y/n): y
Tunable parameter set: ATOM_10072=H

Apply ATOM_SECURITY_PATCH_FA_2025_A = PCTFJ21500204,PCTFL2151A13B,6.7.1 # CLOUD-
 (y/n):y
Apply ATOM_SECURITY_PATCH_FA_2025_A = PCTFJ21500204,PCTFL2151A13B,6.7.1 # CLOUD-
 (y/n): y
Tunable parameter set: ATOM_SECURITY_PATCH_FA_2025_A=PCTFJ21500204,PCTFL2151A13B,6.7.1
Stopping purity to ensure tunables are properly loaded.
Press ENTER to reboot

Please run puresetup again after reboot.
[Errno 111] Connection refused
 GNU GRUB  version 2.06

/----------------------------------------------------------------------------\||||||||||||||||||||||||||\----------------------------------------------------------------------------/     Use the ^ and v keys to select which entry is highlighted.          
      Press enter to boot the selected OS, `e' to edit the commands       
      before booting or `c' for a command-line.                             Purity 6.5.5 (202404130351+34e2b1e66ad3) with kernel 5.15.123+ (2024031915>
*Purity 6.7.1 (202412110952+5343330bfe9f) with kernel 5.15.123+ (2024120212>
                                                                                                                                                                                                                                                                                                                                                                                                                                                                                                                                                                                                                                                                                                                                                                                                                                                                        The highlighted entry will be executed automatically in 3s.                    The highlighted entry will be executed automatically in 2s.                    The highlighted entry will be executed automatically in 1s.                    The highlighted entry will be executed automatically in 0s.                 
Purity

PCTFJ24490051 login: puresetup
Password: 
<fw_update_tool>
===================================================================
=                            NOTICE                               =
===================================================================
=                                                                 =
=    Firmware is currently being checked and/or updated           =
=    on this controller.                                          =
=                                                                 =
=    If updates are necessary they will be applied automatically, =
=    and one or more automatic reboots may occur as a result.     =
=    A completion notice will be provided when done.              =
=                                                                 =
=    DO NOT RESTART OR REMOVE POWER WHILE UPDATE IS IN PROGRESS   =
=                                                                 =
===================================================================
<fw_update_tool>
Last login: Fri Apr 11 15:13:00 UTC 2025 on ttyS0

Fri Apr 11 15:15:51 2025
Welcome puresetup. This is Purity Version 6.7.1 on FlashArray PCTFJ24490051
http://www.purestorage.com/
puresetup@PCTFJ24490051:~$                                                                                
Broadcast message from root@PCTFJ24490051 (somewhere) (Fri Apr 11 15:15:55 2025
                                                                               
===================================================================            
=                   UPDATE AND/OR CHECK COMPLETE                  =            
=                                                                 =            
=    The firmware checks/updates on this system are now complete. =            
=    No further action is required, and the controller will       =            
=    continue running as usual                                    =            
=                                                                 =            
===================================================================            
                                                                               
                                                                               

puresetup@PCTFJ24490051:~$ puresetup replace --from-controller  FA-X50R3
##########################################
#   Welcome to the Purity Setup Wizard   #
##########################################
Apr 11 15:16:02.596 puresetup: PROGRESS: Starting controller replacement
Apr 11 15:16:02.599 puresetup.py: PROGRESS: Checking if the current Purity version supports this controller model
Controller hardware model is compatible with the controller purity version
[Errno 111] Connection refused
FA-X50R4 supports multiple storage types, configuring...
The controller will be rebooted when puresetup finishes
Pre-configured storage type X was found on the controller, will proceed to overwrite
Detected storage type X from peer
Successfully configured storage type X for controller
Apr 11 15:16:04.269 puresetup.py: PROGRESS: Running hardware checks
Apr 11 15:16:04.269 puresetup.py: PROGRESS: Detecting shelves connected to the array
Check Cobalt NDU controllers.. OK
Check RDL..................... OK
Check shelf cabling........... OK
Check controller link......... OK
Check power supply............ OK
Check PCIE AER errors......... OK
Check io card pci id's........ OK
Check LOM MAC addresses....... OK
Getting local controller type.
Local controller type is cobalt_a.
Getting local controller variant.
Not a generic controller, Exiting.
Apr 11 15:16:14.275 puresetup: PROGRESS: Running platinum NDU checks
Checking peer controller for tunables
purity.service stablized: done
purity start/running
platform: ..done
foed: .done
gui: ......done
rest: done
platform_env: 0.done
quorum: ....done
foed_env: 2.2.2.2.2.2.2.2.2.2.2.2.2.2.2.2.2.2.2.2.2.2.2.2.2.2.2.2.2.2.2.2.2.2.2.2.2.2.2.2.2.2.2.2.2.2.2.2.2.2.2.2.2.2.1.1.1.1.1.1.1.0.done
remote_patch: done
driver: done
san: Skip waiting for san during HW NDU
Apr 11 15:17:46.867 puresetup: PROGRESS: Checking all purity services are working
Diagnostics software not installed, no work needed.
Apr 11 15:17:52.629 puresetup.py: WARNING: Could not restart patch svc on peer: [Errno 2] No such file or directory: 'ssh peer service software_patch_svc restart'
Apr 11 15:17:52.636 puresetup: PROGRESS: Displaying port migration instructions
[FA-X50R3.CT0.ETH1] does not need to be migrated since it has no configuration and is not a subinterface.
[FA-X50R3.CT0.ETH2] does not need to be migrated since it has no configuration and is not a subinterface.
[FA-X50R3.CT0.ETH3] does not need to be migrated since it has no configuration and is not a subinterface.
[FA-X50R3.CT0.ETH4] does not need to be migrated since it has no configuration and is not a subinterface.
[FA-X50R3.CT0.ETH5] does not need to be migrated since it has no configuration and is not a subinterface.
[FA-X50R3.CT0.ETH6] does not need to be migrated since it has no configuration and is not a subinterface.
[FA-X50R3.CT0.ETH7] does not need to be migrated since it has no configuration and is not a subinterface.
[FA-X50R3.CT0.ETH8] does not need to be migrated since it has no configuration and is not a subinterface.
[FA-X50R3.CT0.ETH9] does not need to be migrated since it has no configuration and is not a subinterface.
Please move ports as shown below:
Press Enter to show more lines...
[FA-X50R3.CT0.ETH0] ====>> [FA-X50R4.CT0.ETH4](Slot: LOM)
[FA-X50R3.CT0.FC0] ====>> [FA-X50R4.CT0.FC12](Slot:3)
[FA-X50R3.CT0.FC1] ====>> [FA-X50R4.CT0.FC13](Slot:3)
[FA-X50R3.CT0.FC2] ====>> [FA-X50R4.CT0.FC14](Slot:3)
[FA-X50R3.CT0.FC3] ====>> [FA-X50R4.CT0.FC15](Slot:3)

After the cables have been moved, type "CONTINUE": continue
Apr 11 15:21:44.452 puresetup: PROGRESS: Configuring network ports...
Perform ping test on port ETH4 ....... OK
Checking SAN connectivity
.
SAN is ready.
                                                                               
Broadcast message from root@NBQAPX06-ct0 (somewhere) (Fri Apr 11 15:22:03 2025)
                                                                               
                                                                               
Purity//FA Information System Status                                           
====================================                                           
Purity//FA has successfully started for                                        
the first time after an install                                                
or upgrade. Purity//FA 6.7.1 (202412110952+5343330bfe9f-67x)                   
is now set to be the default.                                                  
                                                                               
                                                                               
Broadcast message from root@NBQAPX06-ct0 (somewhere) (Fri Apr 11 15:22:03 2025)
                                                                               
                                                                               
Purity//FA Information System Status                                           
====================================                                           
Purity//FA has successfully started for                                        
the first time after an install                                                
or upgrade. Purity//FA 6.7.1 (202412110952+5343330bfe9f-67x)                   
is now set to be the default.                                                  
                                                                               
Waiting for Software Check:
Attempt 1/5 ...
Apr 11 15:22:03.472 puresetup.py: PROGRESS: Detecting shelves connected to the array
Checking iobalance before proceeding, sampling for 30 seconds, retrying 1 times, adding 30 seconds with each retry
Try 1/2: Sampling I/O for 30 seconds
Sampling finished, I/O is not yet balanced
Try 2/2: Sampling I/O for 60 seconds
Sampling finished, I/O is not yet balanced
I/O is not balanced after 2 run(s).
iobalance reports the following: 
sampling host I/O for 60 seconds...
                Host  CT0 I/O Count  CT1 I/O Count  
      CERI603B-04-07       3.36K      46.34K  ! unbalanced I/O
      CERI603B-05-06       6.60K       6.56K  
      CERI800B-10-25      247.00      227.00  
      CERI800B-24-11      200.00      214.00  

Would you like to ignore this check?
WARNING: Unless the workload you are running is known to be imbalanced, ignoring this check could result in an outage and is NOT recommended.
Ignore anyway? (y/n): y
Overriding iobalance check based on user input
SUCCESS
passwd: password expiry information changed.
Current time zone: Etc/UTC
Change time zone [requires reboot] (y/n):yChange time zone [requires reboot] (y/n): y
Configuring tzdata
------------------

Please select the geographic area in which you live. Subsequent configuration 
questions will narrow this down by presenting a list of cities, representing the
time zones in which they are located.

  1. Africa      4. Australia     7. Atlantic Ocean  10. Pacific Ocean
  2. America     5. Arctic Ocean  8. Europe          11. US
  3. Antarctica  6. Asia          9. Indian Ocean    12. None of the above

Geographic area: 11


Please select the city or region corresponding to your time zone.

  1. Alaska    4. Central  7. Starke County (Indiana)  10. Pacific Ocean
  2. Aleutian  5. Eastern  8. Michigan                 11. Samoa
  3. Arizona   6. Hawaii   9. Mountain

Time zone: 4



Current default time zone: 'US/Central'
Local time is now:      Fri Apr 11 10:25:08 CDT 2025.
Universal Time is now:  Fri Apr 11 15:25:08 UTC 2025.

'/cache/timezone/localtime' -> '/usr/share/zoneinfo/US/Central'
Confirm time zone change from Etc/UTC to US/Central
(y/N):y(y/N): y
Press ENTER to reboot

Secondary controller will be ready to use after reboot.
Apr 11 15:25:57.304 puresetup: PROGRESS: Replacement complete
Secondary controller is ready to use.
CONFIG_TASK_COMPLETED:CONFIG_TASK_PURESETUP_EXITED
puresetup@PCTFJ24490051:~$  GNU GRUB  version 2.06

+----------------------------------------------------------------------------+||||||||||||||||||||||||+----------------------------------------------------------------------------+     Use the ^ and v keys to select which entry is highlighted.          
      Press enter to boot the selected OS, `e' to edit the commands       
      before booting or `c' for a command-line.                            *Purity 6.7.1 (202412110952+5343330bfe9f) with kernel 5.15.123+ (2024120212> Purity 6.5.5 (202404130351+34e2b1e66ad3) with kernel 5.15.123+ (2024031915>                                                                                                                                                                                                                                                                                                                                                                                                                                                                                                                                                                                                                                                                                                                                                                                         GNU GRUB  version 2.06

/----------------------------------------------------------------------------\||||||||||||||||||||||||||\----------------------------------------------------------------------------/     Use the ^ and v keys to select which entry is highlighted.          
      Press enter to boot the selected OS, `e' to edit the commands       
      before booting or `c' for a command-line.                            *Purity 6.7.1 (202412110952+5343330bfe9f) with kernel 5.15.123+ (2024120212>
 Purity 6.5.5 (202404130351+34e2b1e66ad3) with kernel 5.15.123+ (2024031915>
                                                                                                                                                                                                                                                                                                                                                                                                                                                                                                                                                                                                                                                                                                                                                                                                                                                                        The highlighted entry will be executed automatically in 3s.                    The highlighted entry will be executed automatically in 3s.                    The highlighted entry will be executed automatically in 2s.                    The highlighted entry will be executed automatically in 2s.                    The highlighted entry will be executed automatically in 1s.                    The highlighted entry will be executed automatically in 1s.                    The highlighted entry will be executed automatically in 0s.                    The highlighted entry will be executed automatically in 0s.                 
BOOTING AT 2025-4-11 15:27:15 Purity 6.7.1 (202412110952+5343330bfe9f) with
kernel 5.15.123+ (202412021236+8e7eb66c000f) on second (/dev/sda4)

BOOTING AT 2025-4-11 15:27:15 Purity 6.7.1 (202412110952+5343330bfe9f) with
kernel 5.15.123+ (202412021236+8e7eb66c000f) on second (/dev/sda4)



NBQAPX06-ct0 login: pureeng
1) Authenticate via CloudAssist
2) Authenticate via command line
3) Restore challenge
Type the number corresponding to the authentication method you want to use.

Selection: 1

An email for identity verification will be sent once email is entered.
Please follow the authentication instructions provided there and return to this screen when finished or if email has not been received.


Enter an email address: fharris@purestorage.com
Successfully authenticated

Fri Apr 11 10:30:53 2025
Welcome pureeng. This is Purity Version 6.7.1 on FlashArray NBQAPX06
http://www.purestorage.com/
pureeng@NBQAPX06-ct0:~$ purearray list --controller
Name  Type              Mode       Model     Version  Status  Current Mode Since       Internal Details
CT0   array_controller  secondary  FA-X50R4  6.7.1    ready   2025-04-11 10:29:01 CDT  
CT1   array_controller  primary    FA-X50R3  6.7.1    ready   2025-03-10 10:50:16 CDT  
pureeng@NBQAPX06-ct0:~$ sudo su
     root@NBQAPX06-ct0:/var/home/pureeng# iobalance --sampletime 10
sampling host I/O for 10 seconds...
                Host  CT0 I/O Count  CT1 I/O Count  
      CERI603B-04-07       35.00       78.00  ! unbalanced I/O
      CERI603B-05-06       32.00       31.00  
      CERI800B-10-25       36.00       34.00  
      CERI800B-24-11       30.00       30.00  
     root@NBQAPX06-ct0:/var/home/pureeng# iscsipureportlist=`pureport list --initiator | grep -v FC | awk -F' CT' '{print "CT"$2,$8}' | grep -v 'CT ' | awk -F '.ETH' '{print $1, $2}' | awk '{print $1, $5, $6}' | sort | uniq -c; echo`; iscsipureportlistcount=`echo "$iscsipureportlist" | awk '{total += $1} END {print total}'`; echo -e "$iscsipureportlist\n\n"; echo -e "\tTotal iSCSI connections: $iscsipureportlistcount\n\n";



Total iSCSI connections: 0


     root@NBQAPX06-ct0:/var/home/pureeng# fcpureportlist=`pureport list --initiator | awk '/Target/,0' | cut -d. -f1 | awk '{print $1,$5}' | grep -v '-' | grep  -v "Initiator" | uniq -c; echo`; fcpureportlistcount=`echo "$fcpureportlist" | awk '{total += $1} END {print total}'`; echo -e "$fcpureportlist\n\n"; echo -e "\tTotal FC connections: $fcpureportlistcount\n\n";
      1 10:00:00:90:FA:0B:F6:DE CT1
      1 10:00:00:90:FA:0B:F6:DF CT0
      1 10:00:00:90:FA:19:3C:46 CT1
      1 10:00:00:90:FA:19:3C:47 CT0
      1 10:00:00:90:FA:D1:7C:31 CT0
      1 10:00:00:90:FA:D1:7C:32 CT1
      1 10:00:00:90:FA:D1:A1:55 CT0
      1 10:00:00:90:FA:D1:A1:56 CT1


Total FC connections: 8


     root@NBQAPX06-ct0:/var/home/pureeng# purehw list
Name       Status         Identify  Slot  Index  Speed       Temperature  Voltage  Details
CH0        ok             on        -     0      -           -            -        -
CH0.BAY0   ok             off       -     0      -           -            -        -
CH0.BAY1   ok             off       -     1      -           -            -        -
CH0.BAY2   ok             off       -     2      -           -            -        -
CH0.BAY3   ok             off       -     3      -           -            -        -
CH0.BAY4   ok             off       -     4      -           -            -        -
CH0.BAY5   ok             off       -     5      -           -            -        -
CH0.BAY6   ok             off       -     6      -           -            -        -
CH0.BAY7   ok             off       -     7      -           -            -        -
CH0.BAY8   ok             off       -     8      -           -            -        -
CH0.BAY9   ok             off       -     9      -           -            -        -
CH0.BAY10  ok             off       -     10     -           -            -        -
CH0.BAY11  ok             off       -     11     -           -            -        -
CH0.BAY12  ok             off       -     12     -           -            -        -
CH0.BAY13  ok             off       -     13     -           -            -        -
CH0.BAY14  ok             off       -     14     -           -            -        -
CH0.BAY15  ok             off       -     15     -           -            -        -
CH0.BAY16  ok             off       -     16     -           -            -        -
CH0.BAY17  ok             off       -     17     -           -            -        -
CH0.BAY18  ok             off       -     18     -           -            -        -
CH0.BAY19  ok             off       -     19     -           -            -        -
CH0.NVB0   ok             off       -     0      -           -            -        -
CH0.NVB1   ok             off       -     1      -           -            -        -
CH0.NVB2   not_installed  off       -     2      -           -            -        -
CH0.NVB3   not_installed  off       -     3      -           -            -        -
CH0.PWR0   ok             -         -     0      -           -            205 V    -
CH0.PWR1   ok             -         -     1      -           -            206 V    -
CH0.TMP0   ok             -         -     0      -           24 C         -        -
CT0        ok             off       -     0      -           -            -        -
CT0.ETH0   ok             -         -     0      0.00 b/s    -            -        -
CT0.ETH1   ok             -         -     1      0.00 b/s    -            -        -
CT0.ETH2   ok             -         -     2      0.00 b/s    -            -        -
CT0.ETH3   ok             -         -     3      0.00 b/s    -            -        -
CT0.ETH4   ok             -         -     4      1.00 Gb/s   -            -        -
CT0.ETH5   ok             -         -     5      0.00 b/s    -            -        -
CT0.FAN0   ok             -         -     0      -           -            -        -
CT0.FAN1   ok             -         -     1      -           -            -        -
CT0.FAN2   ok             -         -     2      -           -            -        -
CT0.FAN3   ok             -         -     3      -           -            -        -
CT0.FAN4   ok             -         -     4      -           -            -        -
CT0.FAN5   ok             -         -     5      -           -            -        -
CT0.FC12   ok             -         3     12     32.00 Gb/s  -            -        -
CT0.FC13   ok             -         3     13     32.00 Gb/s  -            -        -
CT0.FC14   ok             -         3     14     32.00 Gb/s  -            -        -
CT0.FC15   ok             -         3     15     32.00 Gb/s  -            -        -
CT0.TMP0   ok             -         -     0      -           38 C         -        -
CT0.TMP1   ok             -         -     1      -           38 C         -        -
CT0.TMP2   ok             -         -     2      -           54 C         -        -
CT0.TMP3   ok             -         -     3      -           49 C         -        -
CT0.TMP4   ok             -         -     4      -           43 C         -        -
CT0.TMP5   ok             -         -     5      -           42 C         -        -
CT0.TMP6   ok             -         -     6      -           27 C         -        -
CT0.TMP7   ok             -         -     7      -           30 C         -        -
CT0.TMP8   ok             -         -     8      -           49 C         -        -
CT0.TMP9   ok             -         -     9      -           36 C         -        -
CT0.TMP11  ok             -         -     11     -           34 C         -        -
CT0.TMP12  ok             -         -     12     -           33 C         -        -
CT0.TMP13  ok             -         -     13     -           35 C         -        -
CT0.TMP14  ok             -         -     14     -           34 C         -        -
CT0.TMP15  ok             -         -     15     -           33 C         -        -
CT0.TMP17  ok             -         -     17     -           34 C         -        -
CT0.TMP19  ok             -         -     19     -           33 C         -        -
CT0.TMP20  ok             -         -     20     -           33 C         -        -
CT0.TMP21  ok             -         -     21     -           37 C         -        -
CT0.TMP22  ok             -         -     22     -           36 C         -        -
CT0.TMP23  ok             -         -     23     -           35 C         -        -
CT1        ok             off       -     1      -           -            -        -
CT1.ETH0   ok             -         -     0      1.00 Gb/s   -            -        -
CT1.ETH1   ok             -         -     1      0.00 b/s    -            -        -
CT1.ETH2   ok             -         -     2      0.00 b/s    -            -        -
CT1.ETH3   ok             -         -     3      0.00 b/s    -            -        -
CT1.ETH4   ok             -         -     4      0.00 b/s    -            -        -
CT1.ETH5   ok             -         -     5      0.00 b/s    -            -        -
CT1.ETH6   ok             -         -     6      0.00 b/s    -            -        -
CT1.ETH7   ok             -         -     7      0.00 b/s    -            -        -
CT1.ETH8   ok             -         -     8      0.00 b/s    -            -        -
CT1.ETH9   ok             -         -     9      0.00 b/s    -            -        -
CT1.FAN0   ok             -         -     0      -           -            -        -
CT1.FAN1   ok             -         -     1      -           -            -        -
CT1.FAN2   ok             -         -     2      -           -            -        -
CT1.FAN3   ok             -         -     3      -           -            -        -
CT1.FAN4   ok             -         -     4      -           -            -        -
CT1.FAN5   ok             -         -     5      -           -            -        -
CT1.FC0    ok             -         0     0      16.00 Gb/s  -            -        -
CT1.FC1    ok             -         0     1      16.00 Gb/s  -            -        -
CT1.FC2    ok             -         0     2      16.00 Gb/s  -            -        -
CT1.FC3    ok             -         0     3      16.00 Gb/s  -            -        -
CT1.TMP0   ok             -         -     0      -           37 C         -        -
CT1.TMP1   ok             -         -     1      -           37 C         -        -
CT1.TMP2   ok             -         -     2      -           34 C         -        -
CT1.TMP3   ok             -         -     3      -           40 C         -        -
CT1.TMP4   ok             -         -     4      -           40 C         -        -
CT1.TMP5   ok             -         -     5      -           38 C         -        -
CT1.TMP6   ok             -         -     6      -           42 C         -        -
CT1.TMP7   ok             -         -     7      -           33 C         -        -
CT1.TMP8   ok             -         -     8      -           33 C         -        -
CT1.TMP9   ok             -         -     9      -           34 C         -        -
CT1.TMP10  ok             -         -     10     -           33 C         -        -
CT1.TMP11  ok             -         -     11     -      -
CT1.TMP19  ok             -         -     19     -           33 C         -        -
CT1.TMP20  ok             -         -     20     -           33 C         -        -
CT1.TMP21  ok             -         -     21     -           40 C         -        -
CT1.TMP22  ok             -         -     22     -           36 C         -        -
CT1.TMP23  ok             -         -     23     -           38 C         -        -
CT1.TMP24  ok             -         -     24     -           38 C         -        -
CT1.TMP25  ok             -         -     25     -           41 C         -        -
CT1.TMP26  ok             -         -     26     -           35 C         -        -
     root@NBQAPX06-ct0:/var/home/pureeng# puremessage list --open
     root@NBQAPX06-ct0:/var/home/pureeng# puremessage list --open --hidden
     root@NBQAPX06-ct0:/var/home/pureeng# purearareay remoteassist --connect
Name          Status      Opened                   Expires
NBQAPX06-ct0  connecting  2025-04-11 10:32:59 CDT  2025-04-13 10:32:59 CDT
     root@NBQAPX06-ct0:/var/home/pureeng# purearray remoteassist --connectstatus
Name          Status     Opened                   Expires
NBQAPX06-ct0  connected  2025-04-11 10:32:59 CDT  2025-04-13 10:32:59 CDT
     root@NBQAPX06-ct0:/var/home/pureeng# purenetwork fclist
Name      Enabled  Speed        Services
CT0.FC12  True     32.00 Gb/s   scsi-fc
CT0.FC13  True     32.00 Gb/s   scsi-fc
CT0.FC14  True     32.00 Gb/s   scsi-fc
CT0.FC15  True     32.00 Gb/s   scsi-fc
CT1.FC0   True     16.00 Gb/s   scsi-fc
CT1.FC1   True     16.00 Gb/s   scsi-fc
CT1.FC2   True     16.00 Gb/s   scsi-fc
CT1.FC3   True     16.00 Gb/s   scsi-fc
ct0.eth0  False    100.00 Gb/s  -
ct0.eth1  False    100.00 Gb/s  -
ct0.eth2  False    25.00 Gb/s   replication
ct0.eth3  False    25.00 Gb/s   replication
ct0.eth4  True     1.00 Gb/s    management
ct0.eth5  False    1.00 Gb/s    management
ct1.eth0  True     1.00 Gb/s    management
ct1.eth1  False    1.00 Gb/s    management
ct1.eth2  False    25.00 Gb/s   replication
ct1.eth3  False    25.00 Gb/s   replication
ct1.eth4  False    25.00 Gb/s   iscsi
ct1.eth5  False    25.00 Gb/s   iscsi
ct1.eth6  False    50.00 Gb/s   -
ct1.eth7  False    50.00 Gb/s   -
ct1.eth8  False    50.00 Gb/s   -
ct1.eth9  False    50.00 Gb/s   -
replbond  False    0.00 b/s     replication
vir0      True     1.00 Gb/s    management
vir1      False    1.00 Gb/s    management
     root@NBQAPX06-ct0:/var/home/pureeng# purehedrive list
Name       Type   Status   Capacity  Details
CH0.BAY0   SSD    healthy  2.25T     -
CH0.BAY1   SSD    healthy  2.25T     -
CH0.BAY2   SSD    healthy  2.25T     -
CH0.BAY3   SSD    healthy  2.25T     -
CH0.BAY4   SSD    healthy  2.25T     -
CH0.BAY5   SSD    healthy  2.25T     -
CH0.BAY6   SSD    healthy  2.25T     -
CH0.BAY7   SSD    healthy  2.25T     -
CH0.BAY8   SSD    healthy  2.25T     -
CH0.BAY9   SSD    healthy  2.25T     -
CH0.BAY10  SSD    healthy  2.25T     -
CH0.BAY11  SSD    healthy  2.25T     -
CH0.BAY12  SSD    healthy  2.25T     -
CH0.BAY13  SSD    healthy  2.25T     -
CH0.BAY14  SSD    healthy  2.25T     -
CH0.BAY15  SSD    healthy  2.25T     -
CH0.BAY16  SSD    healthy  2.25T     -
CH0.BAY17  SSD    healthy  2.25T     -
CH0.BAY18  SSD    healthy  2.25T     -
CH0.BAY19  SSD    healthy  2.25T     -
CH0.NVB0   NVRAM  healthy  7.52G     -
CH0.NVB1   NVRAM  healthy  7.52G     -
CH0.NVB2   NVRAM  unused   0.00      -
CH0.NVB3   NVRAM  unused   0.00      -
     root@NBQAPX06-ct0:/var/home/pureeng# purearray list --controller
Name  Type              Mode       Model     Version  Status  Current Mode Since       Internal Details
CT0   array_controller  secondary  FA-X50R4  6.7.1    ready   2025-04-11 10:29:01 CDT  
CT1   array_controller  primary    FA-X50R3  6.7.1    ready   2025-03-10 10:50:16 CDT  
     root@NBQAPX06-ct0:/var/home/pureeng# ssh peer
Last login: Wed Apr 10 11:56:31 2024 from fe80::26a9:37ff:fe50:5d3%haeth0

Fri Apr 11 11:09:35 2025
Welcome root. This is Purity Version 6.7.1 on FlashArray NBQAPX06
http://www.purestorage.com/
     root@NBQAPX06-ct1:~# date;purewes controller setattr --verify-array NBQAPX06- ct1 --mode secondary
Fri Apr 11 11:09:56 AM CDT 2025
Error: local array information does not match user input
     root@NBQAPX06-ct1:~# date;purewes controller setattr --verify-array NBQAPX06- ct1 --mode secondary
Fri Apr 11 11:10:14 AM CDT 2025
Error: local array information does not match user input
     root@NBQAPX06-ct1:~# date;purewes controller setattr --verify-array NBQAPX06 ct1 --mode secondary
Fri Apr 11 11:10:24 AM CDT 2025
Run checks before making changes ...
Check peer purity status...... SUCCESS
Check pureport list........... 
==========    FC connections    ==========

CT      NumOfPort  PortId                                  
CT0     1          10:00:00:90:FA:19:3C:47                 
CT0     1          10:00:00:90:FA:0B:F6:DF                 
CT0     1          10:00:00:90:FA:D1:A1:55                 
CT0     1          10:00:00:90:FA:D1:7C:31                 
CT1     1          10:00:00:90:FA:D1:A1:56                 
CT1     1          10:00:00:90:FA:D1:7C:32                 
CT1     1          10:00:00:90:FA:19:3C:46                 
CT1     1          10:00:00:90:FA:0B:F6:DE                 

Total FC connections: 8

==========    iSCSI connections    ==========

CT     NumOfPort  PortId                                  

Total iSCSI connections: 0

==========    NVMe-RoCE connections    ==========

CT     NumOfPort  PortId                                  

Total NVMe-RoCE connections: 0

SUCCESS
Check IO balance.............. Checking iobalance before proceeding, sampling for 30 seconds, retrying 3 times, adding 30 seconds with each retry
Try 1/4: Sampling I/O for 30 seconds
Sampling finished, I/O is not yet balanced
Try 2/4: Sampling I/O for 60 seconds
Sampling finished, I/O is not yet balanced
Try 3/4: Sampling I/O for 90 seconds
Sampling finished, I/O is not yet balanced
Try 4/4: Sampling I/O for 120 seconds
Sampling finished, I/O is not yet balanced
I/O is not balanced after 4 run(s).
iobalance reports the following: 
sampling host I/O for 120 seconds...
                Host  CT0 I/O Count  CT1 I/O Count  
      CERI603B-04-07      382.00      643.00  ! unbalanced I/O
      CERI603B-05-06      334.00      335.00  
      CERI800B-10-25      501.00      431.00  
      CERI800B-24-11      391.00      407.00  

Would you like to ignore this check?
WARNING: Unless the workload you are running is known to be imbalanced, ignoring this check could result in an outage and is NOT recommended.
Ignore anyway? (y/n): y
Overriding iobalance check based on user input
SUCCESS
     root@NBQAPX06-ct1:~# purearray list --controller
Name  Type              Mode       Model     Version  Status     Current Mode Since       Internal Details
CT0   array_controller  primary    FA-X50R4  6.7.1    ready      2025-04-11 11:15:38 CDT  
CT1   array_controller  secondary  FA-X50R3  6.7.1    not ready  2025-04-11 11:15:44 CDT  SAN disabled; portal is not open
     root@NBQAPX06-ct1:~# fcpureportlist=`pureport list --initiator | awk '/Target/,0' | cut -d. -f1 | awk '{print $1,$5}' | grep -v '-' | grep -v "Initiator" | uniq -c; echo`; fcpureportlistcount=`echo "$fcpureportlist" | awk '{total += $1} END {print total}'`; echo -e "$fcpureportlist\n\n"; echo -e "\tTotal FC connections: $fcpureportlistcount\n\n";
      1 10:00:00:90:FA:0B:F6:DE CT1
      1 10:00:00:90:FA:0B:F6:DF CT0
      1 10:00:00:90:FA:19:3C:46 CT1
      1 10:00:00:90:FA:19:3C:47 CT0
      1 10:00:00:90:FA:D1:7C:31 CT0
      1 10:00:00:90:FA:D1:7C:32 CT1
      1 10:00:00:90:FA:D1:A1:55 CT0
      1 10:00:00:90:FA:D1:A1:56 CT1


Total FC connections: 8


     root@NBQAPX06-ct1:~# purearray list --controller
Name  Type              Mode       Model     Version  Status  Current Mode Since       Internal Details
CT0   array_controller  primary    FA-X50R4  6.7.1    ready   2025-04-11 11:15:38 CDT  
CT1   array_controller  secondary  FA-X50R3  6.7.1    ready   2025-04-11 11:15:44 CDT  
     root@NBQAPX06-ct1:~# purewes controller disable --purity --verify-mode secondary --verify-array NBQAPX06 CT1
Run checks before making changes ...
Check peer purity status...... SUCCESS
Check pureport list........... 
==========    FC connections    ==========

CT      NumOfPort  PortId                                  
CT0     1          10:00:00:90:FA:19:3C:47                 
CT0     1          10:00:00:90:FA:0B:F6:DF                 
CT0     1          10:00:00:90:FA:D1:7C:31                 
CT0     1          10:00:00:90:FA:D1:A1:55                 
CT1     1          10:00:00:90:FA:0B:F6:DE                 
CT1     1          10:00:00:90:FA:D1:A1:56                 
CT1     1          10:00:00:90:FA:19:3C:46                 
CT1     1          10:00:00:90:FA:D1:7C:32                 

Total FC connections: 8

==========    iSCSI connections    ==========

CT     NumOfPort  PortId                                  

Total iSCSI connections: 0

==========    NVMe-RoCE connections    ==========

CT     NumOfPort  PortId                                  

Total NVMe-RoCE connections: 0

SUCCESS
Check IO balance.............. Checking iobalance before proceeding, sampling for 30 seconds, retrying 3 times, adding 30 seconds with each retry
Try 1/4: Sampling I/O for 30 seconds
Sampling finished, I/O is not yet balanced
Try 2/4: Sampling I/O for 60 seconds
Sampling finished, I/O is not yet balanced
Try 3/4: Sampling I/O for 90 seconds
Sampling finished, I/O is not yet balanced
Try 4/4: Sampling I/O for 120 seconds
Sampling finished, I/O is not yet balanced
I/O is not balanced after 4 run(s).
iobalance reports the following: 
sampling host I/O for 120 seconds...
                Host  CT0 I/O Count  CT1 I/O Count  
      CERI603B-04-07      445.00      961.00  ! unbalanced I/O
      CERI603B-05-06      386.00      386.00  
      CERI800B-10-25      434.00      425.00  
      CERI800B-24-11      375.00      375.00  

Would you like to ignore this check?
WARNING: Unless the workload you are running is known to be imbalanced, ignoring this check could result in an outage and is NOT recommended.
Ignore anyway? (y/n): y
Overriding iobalance check based on user input
SUCCESS
Disabling purity ...
monitor stop/waiting
wait-for-state pureapp stop/waiting
wait-for-state mariadb stop/waiting
lio-drv disabling
platform stop/waiting
wait-for-state foed stop/waiting
iostat stop/waiting
statistics stop/waiting
wait-for-state lio-drv stop/waiting
purity stop/waiting
wait-for-state purity_started stop/waiting
wait-for-state pure_ems_fusiond stop/waiting
Pure Storage is offline.
     root@NBQAPX06-ct1:~# exit
logout
     root@NBQAPX06-ct0:/var/home/pureeng# purearray list --controller
Name  Type              Mode     Model     Version  Status   Current Mode Since       Internal Details
CT0   array_controller  primary  FA-X50R4  6.7.1    ready    2025-04-11 11:15:38 CDT  
CT1   array_controller  offline  -         -        unknown  -                        
     root@NBQAPX06-ct0:/var/home/pureeng#  GNU GRUB  version 2.06

/----------------------------------------------------------------------------\||||||||||||||||||||||||||\----------------------------------------------------------------------------/     Use the ^ and v keys to select which entry is highlighted.          
      Press enter to boot the selected OS, `e' to edit the commands       
      before booting or `c' for a command-line.                            *Purity 6.5.5 (202404130351+34e2b1e66ad3) with kernel 5.15.123+ (2024031915>
 Purity 6.5.5 (202404130351+34e2b1e66ad3) with kernel 5.15.123+ (2024031915>
                                                                                                                                                                                                                                                                                                                                                                                                                                                                                                                                                                                                                                                                                                                                                                                                                                                                        The highlighted entry will be executed automatically in 3s.                    The highlighted entry will be executed automatically in 2s.                    The highlighted entry will be executed automatically in 1s.                    The highlighted entry will be executed automatically in 0s.                 
Purity

PCTFJ24490034 login: puresetup
Password: 
<fw_update_tool>
===================================================================
=                            NOTICE                               =
===================================================================
=                                                                 =
=    Firmware is currently being checked and/or updated           =
=    on this controller.                                          =
=                                                                 =
=    If updates are necessary they will be applied automatically, =
=    and one or more automatic reboots may occur as a result.     =
=    A completion notice will be provided when done.              =
=                                                                 =
=    DO NOT RESTART OR REMOVE POWER WHILE UPDATE IS IN PROGRESS   =
=                                                                 =
===================================================================
<fw_update_tool>


Fri Apr 11 16:32:57 2025
Welcome puresetup. This is Purity Version 6.5.5 on FlashArray PCTFJ24490034
http://www.purestorage.com/
lspuresetup@PCTFJ24490034:~$ 
puresetup@PCTFJ24490034:~$ ls mount /dev/sdb1 /mnt
puresetup@PCTFJ24490034:~$ cp /mnt/6.7.1/* .
puresetup@PCTFJ24490034:~$ pureinstaboot list
===================================================================
=                            NOTICE                               =
===================================================================
=                                                                 =
=    Firmware is currently being checked and/or updated           =
=    on this controller.                                          =
=                                                                 =
=    If updates are necessary they will be applied automatically, =
=    and one or more automatic reboots may occur as a result.     =
=    A completion notice will be provided when done.              =
=                                                                 =
=    DO NOT RESTART OR REMOVE POWER WHILE UPDATE IS IN PROGRESS   =
=                                                                 =
===================================================================


Marked entry (*) is currently running
Marked entry (-->) will run at next reboot
*-->0. Purity 6.5.5 (202404130351+34e2b1e66ad3) with kernel 5.15.123+ (202403191505+d9f0e688c788) on first (/dev/sda3)
    1. Purity 6.5.5 (202404130351+34e2b1e66ad3) with kernel 5.15.123+ (202403191505+d9f0e688c788) on second (/dev/sda4)
puresetup@PCTFJ24490034:~$                                                                                
Broadcast message from root@PCTFJ24490034 (somewhere) (Fri Apr 11 16:34:21 2025
                                                                               
===================================================================            
=                   UPDATE AND/OR CHECK COMPLETE                  =            
=                                                                 =            
=    The firmware checks/updates on this system are now complete. =            
=    No further action is required, and the controller will       =            
=    continue running as usual                                    =            
=                                                                 =            
===================================================================            
                                                                               
                                                                               

puresetup@PCTFJ24490034:~$ pureinstall purity_6.7.1_202412110952+5343330bfe9f.ppkg
Installing Purity on alternate partition labeled second.
Erasing Purity software image from alternate partition second to prepare for installation.
WARNING: Do not interrupt this process!!
Unpacking new Purity software.
............................................................................................................................................................................................................................................................................................................................................................................................................................................................................................................................................................................................................................................................................................................................................................................................................................................................................................................................................................................................................................................................................................................................................................................................................................................................................................................................................................................................................................
Verifying package...

Finalizing installation. This may take several minutes.
Executing /altroot/opt/purextras/bin/finish-install.sh
Executing /altroot/opt/purextras/bin/finish-install.azure-propagate.sh
Executing /altroot/opt/purextras/bin/finish-install.cbs.sh
Executing /altroot/opt/purextras/bin/finish-install.fix-dpkg.sh
Purity installed.
Installation complete. The new Purity version will load at next reboot.

Important!
The first boot of a new Purity version may take longer if the new version includes controller firmware updates.
DO NOT REBOOT THE CONTROLLER DURING THE FIRMWARE UPDATE.

Refer to http://community.purestorage.com for more information about the Purity upgrade process and firmware updates.
puresetup@PCTFJ24490034:~$ pureboot reboot --oflfline
[Errno 111] Connection refused
 GNU GRUB  version 2.06

/----------------------------------------------------------------------------\||||||||||||||||||||||||||\----------------------------------------------------------------------------/     Use the ^ and v keys to select which entry is highlighted.          
      Press enter to boot the selected OS, `e' to edit the commands       
      before booting or `c' for a command-line.                             Purity 6.5.5 (202404130351+34e2b1e66ad3) with kernel 5.15.123+ (2024031915>
*Purity 6.7.1 (202412110952+5343330bfe9f) with kernel 5.15.123+ (2024120212>
                                                                                                                                                                                                                                                                                                                                                                                                                                                                                                                                                                                                                                                                                                                                                                                                                                                                        The highlighted entry will be executed automatically in 3s.                    The highlighted entry will be executed automatically in 2s.                    The highlighted entry will be executed automatically in 1s.                    The highlighted entry will be executed automatically in 0s.                 
Purity

PCTFJ24490034 login: pre  uresetup
Password: 
<fw_update_tool>
===================================================================
=                            NOTICE                               =
===================================================================
=                                                                 =
=    Firmware is currently being checked and/or updated           =
=    on this controller.                                          =
=                                                                 =
=    If updates are necessary they will be applied automatically, =
=    and one or more automatic reboots may occur as a result.     =
=    A completion notice will be provided when done.              =
=                                                                 =
=    DO NOT RESTART OR REMOVE POWER WHILE UPDATE IS IN PROGRESS   =
=                                                                 =
===================================================================
<fw_update_tool>
Last login: Fri Apr 11 16:32:54 UTC 2025 on ttyS0

Fri Apr 11 16:37:36 2025
Welcome puresetup. This is Purity Version 6.7.1 on FlashArray PCTFJ24490034
http://www.purestorage.com/
puresetup@PCTFJ24490034:~$ 
puresetup@PCTFJ24490034:~$  GNU GRUB  version 2.06

/----------------------------------------------------------------------------\||||||||||||||||||||||||||\----------------------------------------------------------------------------/     Use the ^ and v keys to select which entry is highlighted.          
      Press enter to boot the selected OS, `e' to edit the commands       
      before booting or `c' for a command-line.                             Purity 6.5.5 (202404130351+34e2b1e66ad3) with kernel 5.15.123+ (2024031915>
*Purity 6.7.1 (202412110952+5343330bfe9f) with kernel 5.15.123+ (2024120212>
                                                                                                                                                                                                                                                                                                                                                                                                                                                                                                                                                                                                                                                                                                                                                                                                                                                                        The highlighted entry will be executed automatically in 3s.                    The highlighted entry will be executed automatically in 2s.                    The highlighted entry will be executed automatically in 1s.                    The highlighted entry will be executed automatically in 0s.                 
Purity

PCTFJ24490034 login: puresetup
Password: 


Login incorrect
PCTFJ24490034 login: puresetup
Password: 
<fw_update_tool>
===================================================================
=                            NOTICE                               =
===================================================================
=                                                                 =
=    Firmware is currently being checked and/or updated           =
=    on this controller.                                          =
=                                                                 =
=    If updates are necessary they will be applied automatically, =
=    and one or more automatic reboots may occur as a result.     =
=    A completion notice will be provided when done.              =
=                                                                 =
=    DO NOT RESTART OR REMOVE POWER WHILE UPDATE IS IN PROGRESS   =
=                                                                 =
===================================================================
<fw_update_tool>
Last login: Fri Apr 11 16:37:36 UTC 2025 on ttyS0

Fri Apr 11 16:54:11 2025
Welcome puresetup. This is Purity Version 6.7.1 on FlashArray PCTFJ24490034
http://www.purestorage.com/
puresetup@PCTFJ24490034:~$                                                                                
Broadcast message from root@PCTFJ24490034 (somewhere) (Fri Apr 11 16:55:03 2025
                                                                               
===================================================================            
=                   UPDATE AND/OR CHECK COMPLETE                  =            
=                                                                 =            
=    The firmware checks/updates on this system are now complete. =            
=    No further action is required, and the controller will       =            
=    continue running as usual                                    =            
=                                                                 =            
===================================================================            
                                                                               
                                                                               

puresetup@PCTFJ24490034:~$ puresetup replace --from-controller  FA-X50R3
##########################################
#   Welcome to the Purity Setup Wizard   #
##########################################
Apr 11 16:55:12.195 puresetup: PROGRESS: Starting controller replacement
Apr 11 16:55:12.198 puresetup.py: PROGRESS: Checking if the current Purity version supports this controller model
Controller hardware model is compatible with the controller purity version
[Errno 111] Connection refused
FA-X50R4 supports multiple storage types, configuring...
The controller will be rebooted when puresetup finishes
Pre-configured storage type X was found on the controller, will proceed to overwrite
Detected storage type X from peer
Successfully configured storage type X for controller
Apr 11 16:55:12.649 puresetup.py: PROGRESS: Running hardware checks
Apr 11 16:55:12.649 puresetup.py: PROGRESS: Detecting shelves connected to the array
Check Cobalt NDU controllers.. OK
Check RDL..................... OK
Check shelf cabling........... OK
Check controller link......... OK
Check power supply............ OK
Check PCIE AER errors......... OK
Check io card pci id's........ OK
Check LOM MAC addresses....... OK
Getting local controller type.
Local controller type is cobalt_a.
Getting local controller variant.
Not a generic controller, Exiting.
Apr 11 16:55:22.643 puresetup: PROGRESS: Running platinum NDU checks
Checking peer controller for tunables

Apply ATOM_5206 = 1 #
 (y/n):y
Apply ATOM_5206 = 1 #
 (y/n): y
Tunable parameter set: ATOM_5206=1

Apply PS_FILEGW_SMB_HIDE_DOT_SNAPSHOT = 0 # Set during upgrade to 6.3.15 - CLOUD
 (y/n):y
Apply PS_FILEGW_SMB_HIDE_DOT_SNAPSHOT = 0 # Set during upgrade to 6.3.15 - CLOUD
 (y/n): y
Tunable parameter set: PS_FILEGW_SMB_HIDE_DOT_SNAPSHOT=0

Apply PS_MESSAGE_WINDOW_SIZE = 1500 # Set during upgrade to 6.7.1 - CLOUD-148320
 (y/n):y
Apply PS_MESSAGE_WINDOW_SIZE = 1500 # Set during upgrade to 6.7.1 - CLOUD-148320
 (y/n): y
Tunable parameter set: PS_MESSAGE_WINDOW_SIZE=1500

Apply ATOM_10052 = 1 # PURE-357200
 (y/n):y
Apply ATOM_10052 = 1 # PURE-357200
 (y/n): y
Tunable parameter set: ATOM_10052=1

Apply ATOM_REFRESH_STALE_CONFIG = PCTFJ21500204,PCTFL2151A13B,6.7.1 # PURE-35720
 (y/n):y
Apply ATOM_REFRESH_STALE_CONFIG = PCTFJ21500204,PCTFL2151A13B,6.7.1 # PURE-35720
 (y/n): y
Tunable parameter set: ATOM_REFRESH_STALE_CONFIG=PCTFJ21500204,PCTFL2151A13B,6.7.1

Apply ATOM_10072 = H # CLOUD-152371
 (y/n):y
Apply ATOM_10072 = H # CLOUD-152371
 (y/n): y
Tunable parameter set: ATOM_10072=H

Apply ATOM_SECURITY_PATCH_FA_2025_A = PCTFJ21500204,PCTFL2151A13B,6.7.1 # CLOUD-
 (y/n):y
Apply ATOM_SECURITY_PATCH_FA_2025_A = PCTFJ21500204,PCTFL2151A13B,6.7.1 # CLOUD-
 (y/n): y
Tunable parameter set: ATOM_SECURITY_PATCH_FA_2025_A=PCTFJ21500204,PCTFL2151A13B,6.7.1
Stopping purity to ensure tunables are properly loaded.
Press ENTER to reboot

Please run puresetup again after reboot.
[Errno 111] Connection refused
 GNU GRUB  version 2.06

/----------------------------------------------------------------------------\||||||||||||||||||||||||||\----------------------------------------------------------------------------/     Use the ^ and v keys to select which entry is highlighted.          
      Press enter to boot the selected OS, `e' to edit the commands       
      before booting or `c' for a command-line.                             Purity 6.5.5 (202404130351+34e2b1e66ad3) with kernel 5.15.123+ (2024031915>
*Purity 6.7.1 (202412110952+5343330bfe9f) with kernel 5.15.123+ (2024120212>
                                                                                                                                                                                                                                                                                                                                                                                                                                                                                                                                                                                                                                                                                                                                                                                                                                                                        The highlighted entry will be executed automatically in 3s.                    The highlighted entry will be executed automatically in 2s.                    The highlighted entry will be executed automatically in 1s.                    The highlighted entry will be executed automatically in 0s.                 
Purity

PCTFJ24490034 login: puresetup
Password: 


Login incorrect
PCTFJ24490034 login: puresetup
Password: 
<fw_update_tool>
===================================================================
=                            NOTICE                               =
===================================================================
=                                                                 =
=    Firmware is currently being checked and/or updated           =
=    on this controller.                                          =
=                                                                 =
=    If updates are necessary they will be applied automatically, =
=    and one or more automatic reboots may occur as a result.     =
=    A completion notice will be provided when done.              =
=                                                                 =
=    DO NOT RESTART OR REMOVE POWER WHILE UPDATE IS IN PROGRESS   =
=                                                                 =
===================================================================
<fw_update_tool>
Last login: Fri Apr 11 16:54:11 UTC 2025 on ttyS0

Fri Apr 11 16:57:44 2025
Welcome puresetup. This is Purity Version 6.7.1 on FlashArray PCTFJ24490034
http://www.purestorage.com/
puresetup@PCTFJ24490034:~$                                                                                
Broadcast message from root@PCTFJ24490034 (somewhere) (Fri Apr 11 16:57:44 2025
                                                                               
===================================================================            
=                   UPDATE AND/OR CHECK COMPLETE                  =            
=                                                                 =            
=    The firmware checks/updates on this system are now complete. =            
=    No further action is required, and the controller will       =            
=    continue running as usual                                    =            
=                                                                 =            
===================================================================            
                                                                               
                                                                               

puresetup@PCTFJ24490034:~$ puresetup replace --from-controller  FA-X50R3
##########################################
#   Welcome to the Purity Setup Wizard   #
##########################################
Apr 11 16:57:54.339 puresetup: PROGRESS: Starting controller replacement
Apr 11 16:57:54.342 puresetup.py: PROGRESS: Checking if the current Purity version supports this controller model
Controller hardware model is compatible with the controller purity version
[Errno 111] Connection refused
FA-X50R4 supports multiple storage types, configuring...
The controller will be rebooted when puresetup finishes
Pre-configured storage type X was found on the controller, will proceed to overwrite
Detected storage type X from peer
Successfully configured storage type X for controller
Apr 11 16:57:54.792 puresetup.py: PROGRESS: Running hardware checks
Apr 11 16:57:54.792 puresetup.py: PROGRESS: Detecting shelves connected to the array
Check Cobalt NDU controllers.. OK
Check RDL..................... OK
Check shelf cabling........... OK
Check controller link......... OK
Check power supply............ OK
Check PCIE AER errors......... OK
Check io card pci id's........ OK
Check LOM MAC addresses....... OK
Getting local controller type.
Local controller type is cobalt_a.
Getting local controller variant.
Not a generic controller, Exiting.
Apr 11 16:58:04.375 puresetup: PROGRESS: Running platinum NDU checks
Checking peer controller for tunables
purity.service stablized: done
purity start/running
platform: ..done
foed: .done
gui: ......done
rest: done
platform_env: 0.done
quorum: ...done
foed_env: 0.done
remote_patch: done
driver: done
san: Skip waiting for san during HW NDU
Apr 11 16:58:32.949 puresetup: PROGRESS: Checking all purity services are working
Apr 11 16:58:36.538 puresetup.py: ERROR: middleware not UP. Purity status: Process status:
purity start/running
lio-drv stop/waiting
foed start/running, process 12093
platform start/running, process 12033
gui start/running, process 12018
rest stop/waiting
monitor start/running, process 12028
iostat start/running, process 12022
statistics start/running, process 12041
middleware start/running, process 14387
vasa start/running, process 14388
platform working
foed working
gui working
platform_env working
quorum working
foed_env working
remote_patch working
driver working
san not responding pureport started command failed
health not responding SAN unready at process start; awaiting portals sync
lio-drv not responding
middleware-db working
middleware not responding
vasa not responding

service middleware not healthy.
Wait until all services are working, check service status again in 10s ...
Diagnostics software not installed, no work needed.
Apr 11 16:58:52.138 puresetup.py: WARNING: Could not restart patch svc on peer: [Errno 2] No such file or directory: 'ssh peer service software_patch_svc restart'
Apr 11 16:58:52.145 puresetup: PROGRESS: Displaying port migration instructions
[FA-X50R3.CT1.ETH1] does not need to be migrated since it has no configuration and is not a subinterface.
[FA-X50R3.CT1.ETH2] does not need to be migrated since it has no configuration and is not a subinterface.
[FA-X50R3.CT1.ETH3] does not need to be migrated since it has no configuration and is not a subinterface.
[FA-X50R3.CT1.ETH4] does not need to be migrated since it has no configuration and is not a subinterface.
[FA-X50R3.CT1.ETH5] does not need to be migrated since it has no configuration and is not a subinterface.
[FA-X50R3.CT1.ETH6] does not need to be migrated since it has no configuration and is not a subinterface.
[FA-X50R3.CT1.ETH7] does not need to be migrated since it has no configuration and is not a subinterface.
[FA-X50R3.CT1.ETH8] does not need to be migrated since it has no configuration and is not a subinterface.
[FA-X50R3.CT1.ETH9] does not need to be migrated since it has no configuration and is not a subinterface.
Please move ports as shown below:
Press Enter to show more lines...
[FA-X50R3.CT1.ETH0] ====>> [FA-X50R4.CT1.ETH4](Slot: LOM)
[FA-X50R3.CT1.FC0] ====>> [FA-X50R4.CT1.FC12](Slot:3)
[FA-X50R3.CT1.FC1] ====>> [FA-X50R4.CT1.FC13](Slot:3)
[FA-X50R3.CT1.FC2] ====>> [FA-X50R4.CT1.FC14](Slot:3)
[FA-X50R3.CT1.FC3] ====>> [FA-X50R4.CT1.FC15](Slot:3)

After the cables have been moved, type "CONTINUE": ont   continue
Apr 11 17:02:43.651 puresetup: PROGRESS: Configuring network ports...
Perform ping test on port ETH4 ....... OK
Checking SAN connectivity
.
SAN is ready.
Waiting for Software Check:
Attempt 1/5 ...
Apr 11 17:03:02.158 puresetup.py: PROGRESS: Detecting shelves connected to the array
                                                                               
Broadcast message from root@NBQAPX06-ct1 (somewhere) (Fri Apr 11 17:03:02 2025)
                                                                               
                                                                               
Purity//FA Information System Status                                           
====================================                                           
Purity//FA has successfully started for                                        
the first time after an install                                                
or upgrade. Purity//FA 6.7.1 (202412110952+5343330bfe9f-67x)                   
is now set to be the default.                                                  
                                                                               
                                                                               
Broadcast message from root@NBQAPX06-ct1 (somewhere) (Fri Apr 11 17:03:02 2025)
                                                                               
                                                                               
Purity//FA Information System Status                                           
====================================                                           
Purity//FA has successfully started for                                        
the first time after an install                                                
or upgrade. Purity//FA 6.7.1 (202412110952+5343330bfe9f-67x)                   
is now set to be the default.                                                  
                                                                               
Checking iobalance before proceeding, sampling for 30 seconds, retrying 1 times, adding 30 seconds with each retry
Try 1/2: Sampling I/O for 30 seconds
Sampling finished, I/O is not yet balanced
Try 2/2: Sampling I/O for 60 seconds
Sampling finished, I/O is not yet balanced
I/O is not balanced after 2 run(s).
iobalance reports the following: 
sampling host I/O for 60 seconds...
                Host  CT0 I/O Count  CT1 I/O Count  
      CERI603B-04-07      235.00      458.00  ! unbalanced I/O
      CERI603B-05-06      196.00      197.00  
      CERI800B-10-25      215.00      215.00  
      CERI800B-24-11      184.00      183.00  

Would you like to ignore this check?
WARNING: Unless the workload you are running is known to be imbalanced, ignoring this check could result in an outage and is NOT recommended.
Ignore anyway? (y/n): y
Overriding iobalance check based on user input
SUCCESS
passwd: password expiry information changed.
Current time zone: Etc/UTC
Change time zone [requires reboot] (y/n):yChange time zone [requires reboot] (y/n): y
Configuring tzdata
------------------

Please select the geographic area in which you live. Subsequent configuration 
questions will narrow this down by presenting a list of cities, representing the
time zones in which they are located.

  1. Africa      4. Australia     7. Atlantic Ocean  10. Pacific Ocean
  2. America     5. Arctic Ocean  8. Europe          11. US
  3. Antarctica  6. Asia          9. Indian Ocean    12. None of the above

Geographic area: 2 11


Please select the city or region corresponding to your time zone.

  1. Alaska    4. Central  7. Starke County (Indiana)  10. Pacific Ocean
  2. Aleutian  5. Eastern  8. Michigan                 11. Samoa
  3. Arizona   6. Hawaii   9. Mountain

Time zone: 4



Current default time zone: 'US/Central'
Local time is now:      Fri Apr 11 12:04:49 CDT 2025.
Universal Time is now:  Fri Apr 11 17:04:49 UTC 2025.

'/cache/timezone/localtime' -> '/usr/share/zoneinfo/US/Central'
Confirm time zone change from Etc/UTC to US/Central
(y/N):y(y/N): y
Press ENTER to reboot

Secondary controller will be ready to use after reboot.
Apr 11 17:05:32.918 puresetup: PROGRESS: Replacement complete
Secondary controller is ready to use.
CONFIG_TASK_COMPLETED:CONFIG_TASK_PURESETUP_EXITED
puresetup@PCTFJ24490034:~$  GNU GRUB  version 2.06

+----------------------------------------------------------------------------+||||||||||||||||||||||||+----------------------------------------------------------------------------+     Use the ^ and v keys to select which entry is highlighted.          
      Press enter to boot the selected OS, `e' to edit the commands       
      before booting or `c' for a command-line.                            *Purity 6.7.1 (202412110952+5343330bfe9f) with kernel 5.15.123+ (2024120212> Purity 6.5.5 (202404130351+34e2b1e66ad3) with kernel 5.15.123+ (2024031915>                                                                                                                                                                                                                                                                                                                                                                                                                                                                                                                                                                                                                                                                                                                                                                                         GNU GRUB  version 2.06

/----------------------------------------------------------------------------\||||||||||||||||||||||||||\----------------------------------------------------------------------------/     Use the ^ and v keys to select which entry is highlighted.          
      Press enter to boot the selected OS, `e' to edit the commands       
      before booting or `c' for a command-line.                            *Purity 6.7.1 (202412110952+5343330bfe9f) with kernel 5.15.123+ (2024120212>
 Purity 6.5.5 (202404130351+34e2b1e66ad3) with kernel 5.15.123+ (2024031915>
                                                                                                                                                                                                                                                                                                                                                                                                                                                                                                                                                                                                                                                                                                                                                                                                                                                                        The highlighted entry will be executed automatically in 3s.                    The highlighted entry will be executed automatically in 3s.                    The highlighted entry will be executed automatically in 2s.                    The highlighted entry will be executed automatically in 2s.                    The highlighted entry will be executed automatically in 1s.                    The highlighted entry will be executed automatically in 1s.                    The highlighted entry will be executed automatically in 0s.                    The highlighted entry will be executed automatically in 0s.                 
BOOTING AT 2025-4-11 17:6:12 Purity 6.7.1 (202412110952+5343330bfe9f) with
kernel 5.15.123+ (202412021236+8e7eb66c000f) on second (/dev/sda4)

BOOTING AT 2025-4-11 17:6:12 Purity 6.7.1 (202412110952+5343330bfe9f) with
kernel 5.15.123+ (202412021236+8e7eb66c000f) on second (/dev/sda4)



     root@NBQAPX06-ct0:/var/home/pureeng# purearray list --controller
Name  Type              Mode     Model     Version  Status   Current Mode Since       Internal Details
CT0   array_controller  primary  FA-X50R4  6.7.1    ready    2025-04-11 11:15:38 CDT  
CT1   array_controller  offline  -         -        unknown  -                        
     root@NBQAPX06-ct0:/var/home/pureeng# purearray remoteassist --status
Name          Status     Opened                   Expires
NBQAPX06-ct0  connected  2025-04-11 10:32:59 CDT  2025-04-13 10:32:59 CDT
     root@NBQAPX06-ct0:/var/home/pureeng# purearray remoteassist --statuslist --controller
Name  Type              Mode       Model     Version  Status     Current Mode Since       Internal Details
CT0   array_controller  primary    FA-X50R4  6.7.1    ready      2025-04-11 11:15:38 CDT  
CT1   array_controller  secondary  FA-X50R4  6.7.1    not ready  2025-04-11 12:08:31 CDT  SAN unready at process start
     root@NBQAPX06-ct0:/var/home/pureeng# purearray list --controller
Name  Type              Mode       Model     Version  Status  Current Mode Since       Internal Details
CT0   array_controller  primary    FA-X50R4  6.7.1    ready   2025-04-11 11:15:38 CDT  
CT1   array_controller  secondary  FA-X50R4  6.7.1    ready   2025-04-11 12:08:31 CDT  
     root@NBQAPX06-ct0:/var/home/pureeng# fcpureportlist=`pureport list --initia tor | awk '/Target/,0' | cut -d. -f1 | awk '{print $1,$5}' | grep -v '-' | grep -v "Initiator" | uniq -c; echo`; fcpureportlistcount=`echo "$fcpureportlist" | awk '{total += $1} END {print total}'`; echo -e "$fcpureportlist\n\n"; echo -e "\ tTotal FC connections: $fcpureportlistcount\n\n";
      1 10:00:00:90:FA:0B:F6:DE CT1
      1 10:00:00:90:FA:0B:F6:DF CT0
      1 10:00:00:90:FA:19:3C:46 CT1
      1 10:00:00:90:FA:19:3C:47 CT0
      1 10:00:00:90:FA:D1:7C:31 CT0
      1 10:00:00:90:FA:D1:7C:32 CT1
      1 10:00:00:90:FA:D1:A1:55 CT0
      1 10:00:00:90:FA:D1:A1:56 CT1


Total FC connections: 8


     root@NBQAPX06-ct0:/var/home/pureeng# iobalance --sampeletime 10
sampling host I/O for 10 seconds...
                Host  CT0 I/O Count  CT1 I/O Count  
      CERI603B-04-07      880.00      12.33K  ! unbalanced I/O
      CERI603B-05-06       1.70K       1.72K  
      CERI800B-10-25       34.00       35.00  
      CERI800B-24-11       31.00       33.00  
     root@NBQAPX06-ct0:/var/home/pureeng# purehw list
Name       Status         Identify  Slot  Index  Speed       Temperature  Voltage  Details
CH0        ok             on        -     0      -           -            -        -
CH0.BAY0   ok             off       -     0      -           -            -        -
CH0.BAY1   ok             off       -     1      -           -            -        -
CH0.BAY2   ok             off       -     2      -           -            -        -
CH0.BAY3   ok             off       -     3      -           -            -        -
CH0.BAY4   ok             off       -     4      -           -            -        -
CH0.BAY5   ok             off       -     5      -           -            -        -
CH0.BAY6   ok             off       -     6      -           -            -        -
CH0.BAY7   ok             off       -     7      -           -            -        -
CH0.BAY8   ok             off       -     8      -           -            -        -
CH0.BAY9   ok             off       -     9      -           -            -        -
CH0.BAY10  ok             off       -     10     -           -            -        -
CH0.BAY11  ok             off       -     11     -           -            -        -
CH0.BAY12  ok             off       -     12     -           -            -        -
CH0.BAY13  ok             off       -     13     -           -            -        -
CH0.BAY14  ok             off       -     14     -           -            -        -
CH0.BAY15  ok             off       -     15     -           -            -        -
CH0.BAY16  ok             off       -     16     -           -            -        -
CH0.BAY17  ok             off       -     17     -           -            -        -
CH0.BAY18  ok             off       -     18     -           -            -        -
CH0.BAY19  ok             off       -     19     -           -            -        -
CH0.NVB0   ok             off       -     0      -           -            -        -
CH0.NVB1   ok             off       -     1      -           -            -        -
CH0.NVB2   not_installed  off       -     2      -           -            -        -
CH0.NVB3   not_installed  off       -     3      -           -            -        -
CH0.PWR0   ok             -         -     0      -           -            205 V    -
CH0.PWR1   ok             -         -     1      -           -            206 V    -
CH0.TMP0   ok             -         -     0      -           25 C         -        -
CT0        ok             off       -     0      -           -            -        -
CT0.ETH0   ok             -         -     0      0.00 b/s    -            -        -
CT0.ETH1   ok             -         -     1      0.00 b/s    -            -        -
CT0.ETH2   ok             -         -     2      0.00 b/s    -            -        -
CT0.ETH3   ok             -         -     3      0.00 b/s    -            -        -
CT0.ETH4   ok             -         -     4      1.00 Gb/s   -            -        -
CT0.ETH5   ok             -         -     5      0.00 b/s    -            -        -
CT0.FAN0   ok             -         -     0      -           -            -        -
CT0.FAN1   ok             -         -     1      -           -            -        -
CT0.FAN2   ok             -         -     2      -           -            -        -
CT0.FAN3   ok             -         -     3      -           -            -        -
CT0.FAN4   ok             -         -     4      -           -            -        -
CT0.FAN5   ok             -         -     5      -           -            -        -
CT0.FC12   ok             -         3     12     32.00 Gb/s  -            -        -
CT0.FC13   ok             -         3     13     32.00 Gb/s  -            -        -
CT0.FC14   ok             -         3     14     32.00 Gb/s  -            -        -
CT0.FC15   ok             -         3     15     32.00 Gb/s  -            -        -
CT0.TMP0   ok             -         -     0      -           39 C         -        -
CT0.TMP1   ok             -         -     1      -           39 C         -        -
CT0.TMP2   ok             -         -     2      -           68 C         -        -
CT0.TMP3   ok             -         -     3      -           58 C         -        -
CT0.TMP4   ok             -         -     4      -           47 C         -        -
CT0.TMP5   ok             -         -     5      -           45 C         -        -
CT0.TMP6   ok             -         -     6      -           28 C         -        -
CT0.TMP7   ok             -         -     7      -           32 C         -        -
CT0.TMP8   ok             -         -     8      -           51 C         -        -
CT0.TMP9   ok             -         -     9      -           38 C         -        -
CT0.TMP11  ok             -         -     11     -           36 C         -        -
CT0.TMP12  ok             -         -     12     -           35 C         -        -
CT0.TMP13  ok             -         -     13     -           38 C         -        -
CT0.TMP14  ok             -         -     14     -           36 C         -        -
CT0.TMP15  ok             -         -     15     -           35 C         -        -
CT0.TMP17  ok             -         -     17     -           36 C         -        -
CT0.TMP19  ok             -         -     19     -           35 C         -        -
CT0.TMP20  ok             -         -     20     -           35 C         -        -
CT0.TMP21  ok             -         -     21     -           39 C         -        -
CT0.TMP22  ok             -         -     22     -           38 C         -        -
CT0.TMP23  ok             -         -     23     -           37 C         -        -
CT1        ok             off       -     1      -           -            -        -
CT1.ETH0   ok             -         -     0      0.00 b/s    -            -        -
CT1.ETH1   ok             -         -     1      0.00 b/s    -            -        -
CT1.ETH2   ok             -         -     2      0.00 b/s    -            -        -
CT1.ETH3   ok             -         -     3      0.00 b/s    -            -        -
CT1.ETH4   ok             -         -     4      1.00 Gb/s   -            -        -
CT1.ETH5   ok             -         -     5      0.00 b/s    -            -        -
CT1.FAN0   ok             -         -     0      -           -            -        -
CT1.FAN1   ok             -         -     1      -           -            -        -
CT1.FAN2   ok             -         -     2      -           -            -        -
CT1.FAN3   ok             -         -     3      -           -            -        -
CT1.FAN4   ok             -         -     4      -           -            -        -
CT1.FAN5   ok             -         -     5      -           -            -        -
CT1.FC12   ok             -         3     12     32.00 Gb/s  -            -        -
CT1.FC13   ok             -         3     13     32.00 Gb/s  -            -        -
CT1.FC14   ok             -         3     14     32.00 Gb/s  -            -        -
CT1.FC15   ok             -         3     15     32.00 Gb/s  -            -        -
CT1.TMP0   ok             -         -     0      -           38 C         -        -
CT1.TMP1   ok             -         -     1      -           39 C         -        -
CT1.TMP2   ok             -         -     2      -           53 C         -        -
CT1.TMP3   ok             -         -     3      -           51 C         -        -
CT1.TMP4   ok             -         -     4      -           44 C         -        -
CT1.TMP5   ok             -         -     5      -           43 C         -        -
CT1.TMP6   ok             -         -     6      -           29 C         -        -
CT1.TMP7   ok             -         -     7      -           32 C         -        -
CT1.TMP8   ok             -         -     8      -           48 C         -        -
CT1.TMP9   ok             -         -     9      -           38 C         -        -
CT1.TMP11  ok             -         -     11     -           36 C         -        -
CT1.TMP12  ok             -         -     12     -           36 C         -        -
CT1.TMP13  ok             -         -     13     -           37 C         -        -
CT1.TMP14  ok             -         -     14     -           36 C         -        -
CT1.TMP15  ok             -         -     15     -           35 C         -        -
CT1.TMP17  ok             -         -     17     -      puremessage list --open
     root@NBQAPX06-ct0:/var/home/pureeng# puremessage list --open --hidden
ID        Time                     Severity  Category  Code  Component  Name                     Event                Expected  Actual  Details
12107929  2025-04-11 09:52:02 CDT  hidden    array     30    service    array.directory_service  pureds test failure  -         -       
     root@NBQAPX06-ct0:/var/home/pureeng# purenetwork etlist
Name      Enabled  Speed        Services
CT0.FC12  True     32.00 Gb/s   scsi-fc
CT0.FC13  True     32.00 Gb/s   scsi-fc
CT0.FC14  True     32.00 Gb/s   scsi-fc
CT0.FC15  True     32.00 Gb/s   scsi-fc
CT1.FC12  True     32.00 Gb/s   scsi-fc
CT1.FC13  True     32.00 Gb/s   scsi-fc
CT1.FC14  True     32.00 Gb/s   scsi-fc
CT1.FC15  True     32.00 Gb/s   scsi-fc
ct0.eth0  False    100.00 Gb/s  -
ct0.eth1  False    100.00 Gb/s  -
ct0.eth2  False    25.00 Gb/s   replication
ct0.eth3  False    25.00 Gb/s   replication
ct0.eth4  True     1.00 Gb/s    management
ct0.eth5  False    1.00 Gb/s    management
ct1.eth0  False    100.00 Gb/s  -
ct1.eth1  False    100.00 Gb/s  -
ct1.eth2  False    25.00 Gb/s   replication
ct1.eth3  False    25.00 Gb/s   replication
ct1.eth4  True     1.00 Gb/s    management
ct1.eth5  False    1.00 Gb/s    management
replbond  False    0.00 b/s     replication
vir4      True     1.00 Gb/s    management
vir5      False    1.00 Gb/s    management
     root@NBQAPX06-ct0:/var/home/pureeng# purealert untag --maintenance
Name
maintenance
     root@NBQAPX06-ct0:/var/home/pureeng# purearray phonehome --send-today && ssh peer purearray phonehome --send-today
Status   Action
running  send_today
phonehome is already running
Status   Action
running  send_today
     root@NBQAPX06-ct0:/var/home/pureeng# exit
exit
pureeng@NBQAPX06-ct0:~$ exit
logout

NBQAPX06-ct0 login: 