
ecalpppur002s-ct0 login: =~=~=~=~=~=~=~=~=~=~=~= PuTTY log 2025.06.13 22:12:44 =~=~=~=~=~=~=~=~=~=~=~=

bmgdcsan01-ct0 login: pureeng
1) Authenticate via CloudAssist
2) Authenticate via command line
3) Restore challenge
Type the number corresponding to the authentication method you want to use.

Selection: 1

An email for identity verification will be sent once email is entered.
Please follow the authentication instructions provided there and return to this screen when finished or if email has not been received.


Enter an email address: fharris@purestorage.com
Successfully authenticated
Last login: Mon Sep 23 09:37:25 CDT 2024 from 127.0.0.1 on pts/1

Fri Jun 13 21:13:26 2025
Welcome pureeng. This is Purity Version 6.5.10 on FlashArray bmgdcsan01
http://www.purestorage.com/
pureeng@bmgdcsan01-ct0:~$ purehw list
Name       Status  Identify  Slot  Index  Speed       Temperature  Voltage  Details
CH0        ok      off       -     0      -           -            -        -
CH0.BAY0   ok      off       -     0      -           -            -        -
CH0.BAY1   ok      off       -     1      -           -            -        -
CH0.BAY2   ok      off       -     2      -           -            -        -
CH0.BAY3   ok      off       -     3      -           -            -        -
CH0.BAY4   ok      off       -     4      -           -            -        -
CH0.BAY5   ok      off       -     5      -           -            -        -
CH0.BAY6   ok      off       -     6      -           -            -        -
CH0.BAY7   ok      off       -     7      -           -            -        -
CH0.BAY8   ok      off       -     8      -           -            -        -
CH0.BAY9   ok      off       -     9      -           -            -        -
CH0.BAY10  ok      off       -     10     -           -            -        -
CH0.BAY11  ok      off       -     11     -           -            -        -
CH0.BAY12  ok      off       -     12     -           -            -        -
CH0.BAY13  ok      off       -     13     -           -            -        -
CH0.BAY14  ok      off       -     14     -           -            -        -
CH0.BAY15  ok      off       -     15     -           -            -        -
CH0.BAY16  ok      off       -     16     -           -            -        -
CH0.BAY17  ok      off       -     17     -           -            -        -
CH0.BAY18  ok      off       -     18     -           -            -        -
CH0.BAY19  ok      off       -     19     -           -            -        -
CH0.NVB0   ok      off       -     0      -           -            -        -
CH0.NVB1   ok      off       -     1      -           -            -        -
CH0.NVB2   ok      off       -     2      -           -            -        -
CH0.NVB3   ok      off       -     3      -           -            -        -
CH0.PWR0   ok      -         -     0      -           -            202 V    -
CH0.PWR1   ok      -         -     1      -           -            204 V    -
CH0.TMP0   ok      -         -     0      -           26 C         -        -
CT0        ok      off       -     0      -           -            -        -
CT0.ETH0   ok      -         -     0      1.00 Gb/s   -            -        -
CT0.ETH1   ok      -         -     1      0.00 b/s    -            -        -
CT0.ETH2   ok      -         -     2      0.00 b/s    -            -        -
CT0.ETH3   ok      -         -     3      0.00 b/s    -            -        -
CT0.ETH4   ok      -         -     4      10.00 Gb/s  -            -        -
CT0.ETH5   ok      -         -     5      10.00 Gb/s  -            -        -
CT0.ETH14  ok      -         1     14     10.00 Gb/s  -            -        -
CT0.ETH15  ok      -         1     15     10.00 Gb/s  -            -        -
CT0.ETH18  ok      -         2     18     10.00 Gb/s  -            -        -
CT0.ETH19  ok      -         2     19     10.00 Gb/s  -            -        -
CT0.FAN0   ok      -         -     0      -           -            -        -
CT0.FAN1   ok      -         -     1      -           -            -        -
CT0.FAN2   ok      -         -     2      -           -            -        -
CT0.FAN3   ok      -         -     3      -           -            -        -
CT0.FAN4   ok      -         -     4      -           -            -        -
CT0.FAN5   ok      -         -     5      -           -            -        -
CT0.FC0    ok      -         0     0      0.00 b/s    -            -        -
CT0.FC1    ok      -         0     1      0.00 b/s    -            -        -
CT0.FC2    ok      -         0     2      0.00 b/s    -            -        -
CT0.FC3    ok      -         0     3      0.00 b/s    -            -        -
CT0.SAS0   ok      -         -     0      48.00 Gb/s  -            -        -
CT0.SAS1   ok      -         -     1      48.00 Gb/s  -            -        -
CT0.SAS2   ok      -         -     2      48.00 Gb/s  -            -        -
CT0.SAS3   ok      -         -     3      48.00 Gb/s  -            -        -
CT0.TMP0   ok      -         -     0      -           42 C         -        -
CT0.TMP1   ok      -         -     1      -           43 C         -        -
CT0.TMP2   ok      -         -     2      -           35 C         -        -
CT0.TMP3   ok      -         -     3      -           48 C         -        -
CT0.TMP4   ok      -         -     4      -           44 C         -        -
CT0.TMP5   ok      -         -     5      -           43 C         -        -
CT0.TMP6   ok      -         -     6      -           47 C         -        -
CT0.TMP7   ok      -         -     7      -           37 C         -        -
CT0.TMP8   ok      -         -     8      -           38 C         -        -
CT0.TMP9   ok      -         -     9      -           38 C         -        -
CT0.TMP10  ok      -         -     10     -           39 C         -        -
CT0.TMP11  ok      -         -     11     -           39 C         -        -
CT0.TMP12  ok      -         -     12     -           38 C         -        -
CT0.TMP13  ok      -         -     13     -           42 C         -        -
CT0.TMP14  ok      -         -     14     -           42 C         -        -
CT0.TMP15  ok      -         -     15     -           41 C         -        -
CT0.TMP16  ok      -         -     16     -           38 C         -        -
CT0.TMP17  ok      -         -     17     -           39 C         -        -
CT0.TMP18  ok      -         -     18     -           39 C         -        -
CT0.TMP19  ok      -         -     19     -           40 C         -        -
CT0.TMP20  ok      -         -     20     -           37 C         -        -
CT0.TMP21  ok      -         -     21     -           44 C         -        -
CT0.TMP22  ok      -         -     22     -           41 C         -        -
CT0.TMP23  ok      -         -     23     -           43 C         -        -
CT0.TMP24  ok      -         -     24     -           45 C         -        -
CT0.TMP25  ok      -         -     25     -           46 C         -        -
CT0.TMP26  ok      -         -     26     -           36 C         -        -
CT1        ok      off       -     1      -           -            -        -
CT1.ETH0   ok      -         -     0      1.00 Gb/s   -            -        -
CT1.ETH1   ok      -         -     1      0.00 b/s    -            -        -
CT1.ETH2   ok      -         -     2      0.00 b/s    -            -        -
CT1.ETH3   ok      -         -     3      0.00 b/s    -            -        -
CT1.ETH4   ok      -         -     4      10.00 Gb/s  -            -        -
CT1.ETH5   ok      -         -     5      10.00 Gb/s  -            -        -
CT1.ETH14  ok      -         1     14     10.00 Gb/s  -            -        -
CT1.ETH15  ok      -         1     15     10.00 Gb/s  -            -        -
CT1.ETH18  ok      -         2     18     10.00 Gb/s  -            -        -
CT1.ETH19  ok      -         2     19     10.00 Gb/s  -            -        -
CT1.FAN0   ok      -         -     0      -           -            -        -
CT1.FAN1   ok      -         -     1      -           -            -        -
CT1.FAN2   ok      -         -     2      -           -            -        -
CT1.FAN3   ok      -         -     3      -           -            -        -
CT1.FAN4   ok      -         -     4      -           -            -        -
CT1.FAN5   ok      -         -     5      -           -            -        -
CT1.FC0    ok      -         0     0      0.00 b/s    -            -        -
CT1.FC1    ok      -         0     1      0.00 b/s    -            -        -
CT1.FC2    ok      -         0     2      0.00 b/s    -            -        -
CT1.FC3    ok      -         0     3      0.00 b/s    -            -        -
CT1.SAS0   ok      -         -     0      48.00 Gb/s  -            -        -
CT1.SAS1   ok      -         -     1      48.00 Gb/s  -            -        -
CT1.SAS2   ok      -         -     2      48.00 Gb/s  -            -        -
CT1.SAS3   ok      -         -     3      48.00 Gb/s  -            -        -
CT1.TMP0   ok      -         -     0      -           50 C         -        -
CT1.TMP1   ok      -         -     1      -           50 C         -        -
CT1.TMP2   ok      -         -     2      -           41 C         -        -
CT1.TMP3   ok      -         -     3      -           62 C         -        -
CT1.TMP4   ok      -         -     4      -           63 C         -        -
CT1.TMP5   ok      -         -     5      -           51 C         -        -
CT1.TMP6   ok      -         -     6      -           59 C         -        -
CT1.TMP7   ok      -         -     7      -           44 C         -        -
CT1.TMP8   ok      -         -     8      -           45 C         -        -
CT1.TMP9   ok      -         -     9      -           46 C         -        -
CT1.TMP10  ok      -         -     10     -           46 C         -        -
CT1.TMP11  ok      -         -     11     -           46 C         -        -
CT1.TMP12  ok      -         -     12     -           45 C         -        -
CT1.TMP13  ok      -         -     13     -           47 C         -        -
CT1.TMP14  ok      -         -     14     -           47 C         -        -
CT1.TMP15  ok      -         -     15     -           46 C         -        -
CT1.TMP16  ok      -         -     16     -           45 C         -        -
CT1.TMP17  ok      -         -     17     -           46 C         -        -
CT1.TMP18  ok      -         -     18     -           47 C         -        -
CT1.TMP19  ok      -         -     19     -           43 C         -        -
CT1.TMP20  ok      -         -     20     -           42 C         -        -
CT1.TMP21  ok      -         -     21     -           53 C         -        -
CT1.TMP22  ok      -         -     22     -           50 C         -        -
CT1.TMP23  ok      -         -     23     -           52 C         -        -
CT1.TMP24  ok      -         -     24     -           52 C         -        -
CT1.TMP25  ok      -         -     25     -           58 C         -        -
CT1.TMP26  ok      -         -     26     -           40 C         -        -
SH0        ok      off       -     0      -           -            -        -
SH0.BAY0   ok      off       -     0      -           -            -        -
SH0.BAY1   ok      off       -     1      -           -            -        -
SH0.BAY2   ok      off       -     2      -           -            -        -
SH0.BAY3   ok      off       -     3      -           -            -        -
SH0.BAY4   ok      off       -     4      -           -            -        -
SH0.BAY5   ok      off       -     5      -           -            -        -
SH0.BAY6   ok      off       -     6      -           -            -        -
SH0.BAY7   ok      off       -     7      -           -            -        -
SH0.BAY8   ok      off       -     8      -           -            -        -
SH0.BAY9   ok      off       -     9      -           -            -        -
SH0.BAY10  ok      off       -     10     -           -            -        -
SH0.BAY11  ok      off       -     11     -           -            -        -
SH0.BAY12  ok      off       -     12     -           -            -        -
SH0.BAY13  ok      off       -     13     -           -            -        -
SH0.BAY14  ok      off       -     14     -           -            -        -
SH0.BAY15  ok      off       -     15     -           -            -        -
SH0.BAY16  ok      off       -     16     -           -            -        -
SH0.BAY17  ok      off       -     17     -           -            -        -
SH0.BAY18  ok      off       -     18     -           -            -        -
SH0.BAY19  ok      off       -     19     -           -            -        -
SH0.BAY20  ok      off       -     20     -           -            -        -
SH0.BAY21  ok      off       -     21     -           -            -        -
SH0.BAY22  ok      off       -     22     -           -            -        -
SH0.BAY23  ok      off       -     23     -           -            -        -
SH0.FAN0   ok      -         -     0      -           -            -        -
SH0.FAN1   ok      -         -     1      -           -            -        -
SH0.FAN2   ok      -         -     2      -           -            -        -
SH0.FAN3   ok      -         -     3      -           -            -        -
SH0.IOM0   ok      off       0     0      -           -            -        -
SH0.IOM1   ok      off       1     1      -           -            -        -
SH0.PWR0   ok      -         -     0      -           -            -        -
SH0.PWR1   ok      -         -     1      -           -            -        -
SH0.SAS0   ok      -         0     0      48.00 Gb/s  -            -        -
SH0.SAS1   ok      -         0     1      0.00 b/s    -            -        -
SH0.SAS2   ok      -         0     2      48.00 Gb/s  -            -        -
SH0.SAS3   ok      -         1     3      48.00 Gb/s  -            -        -
SH0.SAS4   ok      -         1     4      0.00 b/s    -            -        -
SH0.SAS5   ok      -         1     5      48.00 Gb/s  -            -        -
SH0.TMP0   ok      -         -     0      -           27 C         -        -
SH0.TMP1   ok      -         -     1      -           29 C         -        -
SH0.TMP2   ok      -         -     2      -           31 C         -        -
SH0.TMP3   ok      -         -     3      -           34 C         -        -
SH0.TMP4   ok      -         -     4      -           30 C         -        -
SH0.TMP5   ok      -         -     5      -           34 C         -        -
SH0.TMP6   ok      -         -     6      -           37 C         -        -
SH0.TMP7   ok      -         -     7      -           36 C         -        -
SH1        ok      off       -     1      -           -            -        -
SH1.BAY0   ok      off       -     0      -           -            -        -
SH1.BAY1   ok      off       -     1      -           -            -        -
SH1.BAY2   ok      off       -     2      -           -            -        -
SH1.BAY3   ok      off       -     3      -           -            -        -
SH1.BAY4   ok      off       -     4      -           -            -        -
SH1.BAY5   ok      off       -     5      -           -            -        -
SH1.BAY6   ok      off       -     6      -           -            -        -
SH1.BAY7   ok      off       -     7      -           -            -        -
SH1.BAY8   ok      off       -     8      -           -            -        -
SH1.BAY9   ok      off       -     9      -           -            -        -
SH1.BAY10  ok      off       -     10     -           -            -        -
SH1.BAY11  ok      off       -     11     -           -            -        -
SH1.BAY12  ok      off       -     12     -           -            -        -
SH1.BAY13  ok      off       -     13     -           -            -        -
SH1.BAY14  ok      off       -     14     -           -            -        -
SH1.BAY15  ok      off       -     15     -           -            -        -
SH1.BAY16  ok      off       -     16     -           -            -        -
SH1.BAY17  ok      off       -     17     -           -            -        -
SH1.BAY18  ok      off       -     18     -           -            -        -
SH1.BAY19  ok      off       -     19     -           -            -        -
SH1.BAY20  ok      off       -     20     -           -            -        -
SH1.BAY21  ok      off       -     21     -           -            -        -
SH1.BAY22  ok      off       -     22     -           -            -        -
SH1.BAY23  ok      off       -     23     -           -            -        -
SH1.FAN0   ok      -         -     0      -           -            -        -
SH1.FAN1   ok      -         -     1      -           -            -        -
SH1.FAN2   ok      -         -     2      -           -            -        -
SH1.FAN3   ok      -         -     3      -           -            -        -
SH1.IOM0   ok      off       0     0      -           -            -        -
SH1.IOM1   ok      off       1     1      -           -            -        -
SH1.PWR0   ok      -         -     0      -           -            -        -
SH1.PWR1   ok      -         -     1      -           -            -        -
SH1.SAS0   ok      -         0     0      48.00 Gb/s  -            -        -
SH1.SAS1   ok      -         0     1      48.00 Gb/s  -            -        -
SH1.SAS2   ok      -         0     2      48.00 Gb/s  -            -        -
SH1.SAS3   ok      -         1     3      48.00 Gb/s  -            -        -
SH1.SAS4   ok      -         1     4      48.00 Gb/s  -            -        -
SH1.SAS5   ok      -         1     5      48.00 Gb/s  -            -        -
SH1.TMP0   ok      -         -     0      -           26 C         -        -
SH1.TMP1   ok      -         -     1      -           30 C         -        -
SH1.TMP2   ok      -         -     2      -           31 C         -        -
SH1.TMP3   ok      -         -     3      -           34 C         -        -
SH1.TMP4   ok      -         -     4      -           30 C         -        -
SH1.TMP5   ok      -         -     5      -           33 C         -        -
SH1.TMP6   ok      -         -     6      -           38 C         -        -
SH1.TMP7   ok      -         -     7      -           37 C         -        -
SH2        ok      off       -     2      -           -            -        -
SH2.BAY0   ok      off       -     0      -           -            -        -
SH2.BAY1   ok      off       -     1      -           -            -        -
SH2.BAY2   ok      off       -     2      -           -            -        -
SH2.BAY3   ok      off       -     3      -           -            -        -
SH2.BAY4   ok      off       -     4      -           -            -        -
SH2.BAY5   ok      off       -     5      -           -            -        -
SH2.BAY6   ok      off       -     6      -           -            -        -
SH2.BAY7   ok      off       -     7      -           -            -        -
SH2.BAY8   ok      off       -     8      -           -            -        -
SH2.BAY9   ok      off       -     9      -           -            -        -
SH2.BAY10  ok      off       -     10     -           -            -        -
SH2.BAY11  ok      off       -     11     -           -            -        -
SH2.BAY12  ok      off       -     12     -           -            -        -
SH2.BAY13  ok      off       -     13     -           -            -        -
SH2.BAY14  ok      off       -     14     -           -            -        -
SH2.BAY15  ok      off       -     15     -           -            -        -
SH2.BAY16  ok      off       -     16     -           -            -        -
SH2.BAY17  ok      off       -     17     -           -            -        -
SH2.BAY18  ok      off       -     18     -           -            -        -
SH2.BAY19  ok      off       -     19     -           -            -        -
SH2.BAY20  ok      off       -     20     -           -            -        -
SH2.BAY21  ok      off       -     21     -           -            -        -
SH2.BAY22  ok      off       -     22     -           -            -        -
SH2.BAY23  ok      off       -     23     -           -            -        -
SH2.FAN0   ok      -         -     0      -           -            -        -
SH2.FAN1   ok      -         -     1      -           -            -        -
SH2.FAN2   ok      -         -     2      -           -            -        -
SH2.FAN3   ok      -         -     3      -           -            -        -
SH2.IOM0   ok      off       0     0      -           -            -        -
SH2.IOM1   ok      off       1     1      -           -            -        -
SH2.PWR0   ok      -         -     0      -           -            -        -
SH2.PWR1   ok      -         -     1      -           -            -        -
SH2.SAS0   ok      -         0     0      0.00 b/s    -            -        -
SH2.SAS1   ok      -         0     1      0.00 b/s    -            -        -
SH2.SAS2   ok      -         0     2      48.00 Gb/s  -            -        -
SH2.SAS3   ok      -         1     3      0.00 b/s    -            -        -
SH2.SAS4   ok      -         1     4      0.00 b/s    -            -        -
SH2.SAS5   ok      -         1     5      48.00 Gb/s  -            -        -
SH2.TMP0   ok      -         -     0      -           26 C         -        -
SH2.TMP1   ok      -         -     1      -           30 C         -        -
SH2.TMP2   ok      -         -     2      -           31 C         -        -
SH2.TMP3   ok      -         -     3      -           35 C         -        -
SH2.TMP4   ok      -         -     4      -           30 C         -        -
SH2.TMP5   ok      -         -     5      -           35 C         -        -
SH2.TMP6   ok      -         -     6      -           38 C         -        -
SH2.TMP7   ok      -         -     7      -           36 C         -        -
pureeng@bmgdcsan01-ct0:~$ puredrive list
Name       Type   Status   Capacity  Details
CH0.BAY0   SSD    healthy  3.84T     -
CH0.BAY1   SSD    healthy  3.84T     -
CH0.BAY2   SSD    healthy  3.84T     -
CH0.BAY3   SSD    healthy  3.84T     -
CH0.BAY4   SSD    healthy  3.84T     -
CH0.BAY5   SSD    healthy  3.84T     -
CH0.BAY6   SSD    healthy  3.84T     -
CH0.BAY7   SSD    healthy  3.84T     -
CH0.BAY8   SSD    healthy  3.84T     -
CH0.BAY9   SSD    healthy  3.84T     -
CH0.BAY10  SSD    healthy  3.84T     -
CH0.BAY11  SSD    healthy  3.84T     -
CH0.BAY12  SSD    healthy  3.84T     -
CH0.BAY13  SSD    healthy  3.84T     -
CH0.BAY14  SSD    healthy  3.84T     -
CH0.BAY15  SSD    healthy  3.84T     -
CH0.BAY16  SSD    healthy  3.84T     -
CH0.BAY17  SSD    healthy  3.84T     -
CH0.BAY18  SSD    healthy  3.84T     -
CH0.BAY19  SSD    healthy  3.84T     -
CH0.NVB0   NVRAM  healthy  7.52G     -
CH0.NVB1   NVRAM  healthy  7.52G     -
CH0.NVB2   NVRAM  healthy  7.52G     -
CH0.NVB3   NVRAM  healthy  7.52G     -
SH0.BAY0   SSD    healthy  1.92T     -
SH0.BAY1   SSD    healthy  1.92T     -
SH0.BAY2   SSD    healthy  1.92T     -
SH0.BAY3   SSD    healthy  1.92T     -
SH0.BAY4   SSD    healthy  1.92T     -
SH0.BAY5   SSD    healthy  1.92T     -
SH0.BAY6   SSD    healthy  1.92T     -
SH0.BAY7   SSD    healthy  1.92T     -
SH0.BAY8   SSD    healthy  1.92T     -
SH0.BAY9   SSD    healthy  1.92T     -
SH0.BAY10  SSD    healthy  1.92T     -
SH0.BAY11  SSD    healthy  1.92T     -
SH0.BAY12  SSD    healthy  1.92T     -
SH0.BAY13  SSD    healthy  1.92T     -
SH0.BAY14  SSD    healthy  1.92T     -
SH0.BAY15  SSD    healthy  1.92T     -
SH0.BAY16  SSD    healthy  1.92T     -
SH0.BAY17  SSD    healthy  1.92T     -
SH0.BAY18  SSD    healthy  1.92T     -
SH0.BAY19  SSD    healthy  1.92T     -
SH0.BAY20  SSD    healthy  1.92T     -
SH0.BAY21  SSD    healthy  1.92T     -
SH0.BAY22  SSD    healthy  1.92T     -
SH0.BAY23  SSD    healthy  1.92T     -
SH1.BAY0   SSD    healthy  1.92T     -
SH1.BAY1   SSD    healthy  1.92T     -
SH1.BAY2   SSD    healthy  1.92T     -
SH1.BAY3   SSD    healthy  1.92T     -
SH1.BAY4   SSD    healthy  1.92T     -
SH1.BAY5   SSD    healthy  1.92T     -
SH1.BAY6   SSD    healthy  1.92T     -
SH1.BAY7   SSD    healthy  1.92T     -
SH1.BAY8   SSD    healthy  1.92T     -
SH1.BAY9   SSD    healthy  1.92T     -
SH1.BAY10  SSD    healthy  1.92T     -
SH1.BAY11  SSD    healthy  1.92T     -
SH1.BAY12  SSD    healthy  1.92T     -
SH1.BAY13  SSD    healthy  1.92T     -
SH1.BAY14  SSD    healthy  1.92T     -
SH1.BAY15  SSD    healthy  1.92T     -
SH1.BAY16  SSD    healthy  1.92T     -
SH1.BAY17  SSD    healthy  1.92T     -
SH1.BAY18  SSD    healthy  1.92T     -
SH1.BAY19  SSD    healthy  1.92T     -
SH1.BAY20  SSD    healthy  1.92T     -
SH1.BAY21  SSD    healthy  1.92T     -
SH1.BAY22  SSD    healthy  1.92T     -
SH1.BAY23  SSD    healthy  1.92T     -
SH2.BAY0   SSD    healthy  3.84T     -
SH2.BAY1   SSD    healthy  3.84T     -
SH2.BAY2   SSD    healthy  3.84T     -
SH2.BAY3   SSD    healthy  3.84T     -
SH2.BAY4   SSD    healthy  3.84T     -
SH2.BAY5   SSD    healthy  3.84T     -
SH2.BAY6   SSD    healthy  3.84T     -
SH2.BAY7   SSD    healthy  3.84T     -
SH2.BAY8   SSD    healthy  3.84T     -
SH2.BAY9   SSD    healthy  3.84T     -
SH2.BAY10  SSD    healthy  3.84T     -
SH2.BAY11  SSD    healthy  3.84T     -
SH2.BAY12  SSD    healthy  3.84T     -
SH2.BAY13  SSD    healthy  3.84T     -
SH2.BAY14  SSD    healthy  3.84T     -
SH2.BAY15  SSD    healthy  3.84T     -
SH2.BAY16  SSD    healthy  3.84T     -
SH2.BAY17  SSD    healthy  3.84T     -
SH2.BAY18  SSD    healthy  3.84T     -
SH2.BAY19  SSD    healthy  3.84T     -
SH2.BAY20  SSD    healthy  3.84T     -
SH2.BAY21  SSD    healthy  3.84T     -
SH2.BAY22  SSD    healthy  3.84T     -
SH2.BAY23  SSD    healthy  3.84T     -
pureeng@bmgdcsan01-ct0:~$ purearray list --controller
Name  Type              Mode       Model     Version  Status  Internal Details
CT0   array_controller  secondary  FA-X90R3  6.5.10   ready   
CT1   array_controller  primary    FA-X90R3  6.5.10   ready   
pureeng@bmgdcsan01-ct0:~$ storage_view.py config
Start time: 2025-06-13 21:14:06

Command line: ['/opt/Purity/bin/storage_view.py', 'config']
Version: 0.999.1
ERROR: This tool needs to be executed as root.

End time: 2025-06-13 21:14:06
pureeng@bmgdcsan01-ct0:~$ sudo su
     root@bmgdcsan01-ct0:/var/home/pureeng# storage_view.py. config
Start time: 2025-06-13 21:14:15

Command line: ['/opt/Purity/bin/storage_view.py', 'config']
Version: 0.999.1
Working at ct0 to look over cables between ct0 and shelves

Slot listing:
 CT    Slot#   Type     Vendor       Model        FW Rev       Tracer       Assembly    
----------------------------------------------------------------------------------------
 ct0    100     SAS   LSI Logic    SAS9300-8e  12.00.00.00  PPPCFL195015  PSO400032005  
 ct0    101     SAS   LSI Logic    SAS9300-8e  12.00.00.00  PPPCFL195015  PSO400032005  
 ct0     15     SAS   LSI Logic   SAS_HGA-24i  14.00.03.00  PPPCFL204001  PSO400051003  

Slot summary information:
-------------------------
ct0.SAS2  ( 101 1)] <---> [SAS0 (A) SH00.0    B]*
                              \        C]*

ct0.SAS0  ( 100 1)] <---> [SAS3 (C) SH00.1    B]*
                              \        A]*

ct0.SAS1  ( 100 0)] <---> [SAS2 (C) SH01.0    B] <---> [SH02.0 (C) SH02.0    A]*
                              |                         \        B]*
                              \        A]*

ct0.SAS3  ( 101 0)] <---> [SAS5 (A) SH01.1    B] <---> [SH02.1 (A) SH02.1    B]*
                              |                         \        C]*
                              \        C]*

Configuration status
--------------------
Configuration check started for FA-X90R3

WARNING: Topology highly available but not preferred.
Warnings:
WARNING: SH02.SAS2 should be connected to SH00.SAS1, currently connected to SH01.SAS1
WARNING: Wrong Device ID found connected to SH02.SAS2, expected SH00, got SH01
WARNING: SH01.SAS1 should be connected to SH03.SAS2, currently connected to SH02.SAS2
WARNING: Wrong Device ID found connected to SH01.SAS1, expected SH03, got SH02
WARNING: SH02.SAS5 should be connected to SH00.SAS4, currently connected to SH01.SAS4
WARNING: Wrong Device ID found connected to SH02.SAS5, expected SH00, got SH01
WARNING: SH01.SAS4 should be connected to SH03.SAS5, currently connected to SH02.SAS5
WARNING: Wrong Device ID found connected to SH01.SAS4, expected SH03, got SH02

End time: 2025-06-13 21:14:28
     root@bmgdcsan01-ct0:/var/home/pureeng# purarrasudo sussh peer
Last login: Thu Oct 19 20:56:17 2023 from fe80::26a9:37ff:fe40:586e%haeth0

Fri Jun 13 21:15:06 2025
Welcome root. This is Purity Version 6.5.10 on FlashArray bmgdcsan01
http://www.purestorage.com/
purear     root@bmgdcsan01-ct1:~# purearray remoteassist --connect
Name            Status          Opened                   Expires
bmgdcsan01-ct1  session-active  2025-06-13 10:03:34 CDT  2025-06-15 10:03:34 CDT
     root@bmgdcsan01-ct1:~# purehw list
Name       Status  Identify  Slot  Index  Speed       Temperature  Voltage  Details
CH0        ok      off       -     0      -           -            -        -
CH0.BAY0   ok      off       -     0      -           -            -        -
CH0.BAY1   ok      off       -     1      -           -            -        -
CH0.BAY2   ok      off       -     2      -           -            -        -
CH0.BAY3   ok      off       -     3      -           -            -        -
CH0.BAY4   ok      off       -     4      -           -            -        -
CH0.BAY5   ok      off       -     5      -           -            -        -
CH0.BAY6   ok      off       -     6      -           -            -        -
CH0.BAY7   ok      off       -     7      -           -            -        -
CH0.BAY8   ok      off       -     8      -           -            -        -
CH0.BAY9   ok      off       -     9      -           -            -        -
CH0.BAY10  ok      off       -     10     -           -            -        -
CH0.BAY11  ok      off       -     11     -           -            -        -
CH0.BAY12  ok      off       -     12     -           -            -        -
CH0.BAY13  ok      off       -     13     -           -            -        -
CH0.BAY14  ok      off       -     14     -           -            -        -
CH0.BAY15  ok      off       -     15     -           -            -        -
CH0.BAY16  ok      off       -     16     -           -            -        -
CH0.BAY17  ok      off       -     17     -           -            -        -
CH0.BAY18  ok      off       -     18     -           -            -        -
CH0.BAY19  ok      off       -     19     -           -            -        -
CH0.NVB0   ok      off       -     0      -           -            -        -
CH0.NVB1   ok      off       -     1      -           -            -        -
CH0.NVB2   ok      off       -     2      -           -            -        -
CH0.NVB3   ok      off       -     3      -           -            -        -
CH0.PWR0   ok      -         -     0      -           -            202 V    -
CH0.PWR1   ok      -         -     1      -           -            204 V    -
CH0.TMP0   ok      -         -     0      -           26 C         -        -
CT0        ok      off       -     0      -           -            -        -
CT0.ETH0   ok      -         -     0      1.00 Gb/s   -            -        -
CT0.ETH1   ok      -         -     1      0.00 b/s    -            -        -
CT0.ETH2   ok      -         -     2      0.00 b/s    -            -        -
CT0.ETH3   ok      -         -     3      0.00 b/s    -            -        -
CT0.ETH4   ok      -         -     4      10.00 Gb/s  -            -        -
CT0.ETH5   ok      -         -     5      10.00 Gb/s  -            -        -
CT0.ETH14  ok      -         1     14     10.00 Gb/s  -            -        -
CT0.ETH15  ok      -         1     15     10.00 Gb/s  -            -        -
CT0.ETH18  ok      -         2     18     10.00 Gb/s  -            -        -
CT0.ETH19  ok      -         2     19     10.00 Gb/s  -            -        -
CT0.FAN0   ok      -         -     0      -           -            -        -
CT0.FAN1   ok      -         -     1      -           -            -        -
CT0.FAN2   ok      -         -     2      -           -            -        -
CT0.FAN3   ok      -         -     3      -           -            -        -
CT0.FAN4   ok      -         -     4      -           -            -        -
CT0.FAN5   ok      -         -     5      -           -            -        -
CT0.FC0    ok      -         0     0      0.00 b/s    -            -        -
CT0.FC1    ok      -         0     1      0.00 b/s    -            -        -
CT0.FC2    ok      -         0     2      0.00 b/s    -            -        -
CT0.FC3    ok      -         0     3      0.00 b/s    -            -        -
CT0.SAS0   ok      -         -     0      48.00 Gb/s  -            -        -
CT0.SAS1   ok      -         -     1      48.00 Gb/s  -            -        -
CT0.SAS2   ok      -         -     2      48.00 Gb/s  -            -        -
CT0.SAS3   ok      -         -     3      48.00 Gb/s  -            -        -
CT0.TMP0   ok      -         -     0      -           42 C         -        -
CT0.TMP1   ok      -         -     1      -           43 C         -        -
CT0.TMP2   ok      -         -     2      -           35 C         -        -
CT0.TMP3   ok      -         -     3      -           49 C         -        -
CT0.TMP4   ok      -         -     4      -           46 C         -        -
CT0.TMP5   ok      -         -     5      -           43 C         -        -
CT0.TMP6   ok      -         -     6      -           47 C         -        -
CT0.TMP7   ok      -         -     7      -           37 C         -        -
CT0.TMP8   ok      -         -     8      -           38 C         -        -
CT0.TMP9   ok      -         -     9      -           38 C         -        -
CT0.TMP10  ok      -         -     10     -           39 C         -        -
CT0.TMP11  ok      -         -     11     -           39 C 
CT0.TMP23  ok      -         -     23     -           42 C         -        -
CT0.TMP24  ok      -         -     24     -           45 C         -        -
CT0.TMP25  ok      -         -     25     -           46 C         -        -
CT0.TMP26  ok      -         -     26     -           36 C         -        -
CT1        ok      off       -     1      -           -            -        -
CT1.ETH0   ok      -         -     0      1.00 Gb/s   -            -        -
CT1.ETH1   ok      -         -     1      0.00 b/s    -            -        -
CT1.ETH2   ok      -         -     2      0.00 b/s    -            -        -
CT1.ETH3   ok      -         -     3      0.00 b/s    -            -        -
CT1.ETH4   ok      -         -     4      10.00 Gb/s  -            -        -
CT1.ETH5   ok      -         -     5      10.00 Gb/s  -            -        -
CT1.ETH14  ok      -         1     14     10.00 Gb/s  -            -        -
CT1.ETH15  ok      -         1     15     10.00 Gb/s  -            -        -
CT1.ETH18  ok      -         2     18     10.00 Gb/s  -            -        -
CT1.ETH19  ok      -         2     19     10.00 Gb/s  -            -        -
CT1.FAN0   ok      -         -     0      -           -            -        -
CT1.FAN1   ok      -         -     1      -           -            -        -
CT1.FAN2   ok      -         -     2      -           -            -        -
CT1.FAN3   ok      -         -     3      -           -            -        -
CT1.FAN4   ok      -         -     4      -           -            -        -
CT1.FAN5   ok      -         -     5      -           -            -        -
CT1.FC0    ok      -         0     0      0.00 b/s    -            -        -
CT1.FC1    ok      -         0     1      0.00 b/s    -            -        -
CT1.FC2    ok      -         0     2      0.00 b/s    -            -        -
CT1.FC3    ok      -         0     3      0.00 b/s    -            -        -
CT1.SAS0   ok      -         -     0      48.00 Gb/s  -            -        -
CT1.SAS1   ok      -         -     1      48.00 Gb/s  -            -        -
CT1.SAS2   ok      -         -     2      48.00 Gb/s  -            -        -
CT1.SAS3   ok      -         -     3      48.00 Gb/s  -            -        -
CT1.TMP0   ok      -         -     0      -           49 C         -        -
CT1.TMP1   ok      -         -     1      -           50 C         -        -
CT1.TMP2   ok      -         -     2      -           40 C         -        -
CT1.TMP3   ok      -         -     3      -           62 C         -        -
CT1.TMP4   ok      -         -     4      -           63 C         -        -
CT1.TMP5   ok      -         -     5      -           51 C         -        -
CT1.TMP6   ok      -         -     6      -           59 C         -        -
CT1.TMP7   ok      -         -     7      -           44 C         -        -
CT1.TMP8   ok      -         -     8      -           45 C         -        -
CT1.TMP9   ok      -         -     9      -           46 C         -        -
CT1.TMP10  ok      -         -     10     -           46 C         -        -
CT1.TMP11  ok      -         -     11     -           45 C         -        -
CT1.TMP12  ok      -         -     12     -           45 C         -        -
CT1.TMP13  ok      -         -     13     -           47 C         -        -
CT1.TMP14  ok      -         -     14     -           47 C         -        -
CT1.TMP15  ok      -         -     15     -           45 C         -        -
CT1.TMP16  ok      -         -     16     -           45 C         -        -
CT1.TMP17  ok      -         -     17     -           46 C         -        -
CT1.TMP18  ok      -         -     18     -           47 C         -        -
CT1.TMP19  ok      -         -     19     -           43 C         -        -
CT1.TMP20  ok      -         -     20     -           42 C         -        -
CT1.TMP21  ok      -         -     21     -           53 C         -        -
CT1.TMP22  ok      -         -     22     -           50 C         -        -
CT1.TMP23  ok      -         -     23     -           52 C         -        -
CT1.TMP24  ok      -         -     24     -           52 C         -        -
CT1.TMP25  ok      -         -     25     -           58 C         -        -
CT1.TMP26  ok      -         -     26     -           40 C         -        -
SH0        ok      off       -     0      -           -            -        -
SH0.BAY0   ok      off       -     0      -           -            -        -
SH0.BAY1   ok      off       -     1      -           -            -        -
SH0.BAY2   ok      off       -     2      -           -            -        -
SH0.BAY3   ok      off       -     3      -           -            -        -
SH0.BAY4   ok      off       -     4      -           -            -        -
SH0.BAY5   ok      off       -     5      -           -            -        -
SH0.BAY6   ok      off       -     6      -           -            -        -
SH0.BAY7   ok      off       -     7      -           -            -        -
SH0.BAY8   ok      off       -     8      -           -            -        -
SH0.BAY9   ok      off       -     9      -           -            -        -
SH0.BAY10  ok      off       -     10     -           -            -        -
SH0.BAY11  ok      off       -     11     -           -            -        -
SH0.BAY12  ok      off       -     12     -           -            -        -
SH0.BAY13  ok      off       -     13     -           -            -        -
SH0.BAY14  ok      off       -     14     -           -            -        -
SH0.BAY15  ok      off       -     15     -           -            -        -
SH0.BAY16  ok      off       -     16     -           -            -        -
SH0.BAY17  ok      off       -     17     -           -            -        -
SH0.BAY18  ok      off       -     18     -           -            -        -
SH0.BAY19  ok      off       -     19     -           -            -        -
SH0.BAY20  ok      off       -     20     -           -            -        -
SH0.BAY21  ok      off       -     21     -           -            -        -
SH0.BAY22  ok      off       -     22     -           -            -        -
SH0.BAY23  ok      off       -     23     -           -            -        -
SH0.FAN0   ok      -         -     0      -           -            -        -
SH0.FAN1   ok      -         -     1      -           -            -        -
SH0.FAN2   ok      -         -     2      -           -            -        -
SH0.FAN3   ok      -         -     3      -           -            -        -
SH0.IOM0   ok      off       0     0      -           -            -        -
SH0.IOM1   ok      off       1     1      -           -            -        -
SH0.PWR0   ok      -         -     0      -           -            -        -
SH0.PWR1   ok      -         -     1      -           -            -        -
SH0.SAS0   ok      -         0     0      48.00 Gb/s  -            -        -
SH0.SAS1   ok      -         0     1      0.00 b/s    -            -        -
SH0.SAS2   ok      -         0     2      48.00 Gb/s  -            -        -
SH0.SAS3   ok      -         1     3      48.00 Gb/s  -            -        -
SH0.SAS4   ok      -         1     4      0.00 b/s    -            -        -
SH0.SAS5   ok      -         1     5      48.00 Gb/s  -            -        -
SH0.TMP0   ok      -         -     0      -           27 C         -        -
SH0.TMP1   ok      -         -     1      -           29 C         -        -
SH0.TMP2   ok      -         -     2      -           31 C         -        -
SH0.TMP3   ok      -         -     3      -           34 C         -        -
SH0.TMP4   ok      -         -     4      -           30 C         -        -
SH0.TMP5   ok      -         -     5      -           34 C         -        -
SH0.TMP6   ok      -         -     6      -           37 C         -        -
SH0.TMP7   ok      -         -     7      -           36 C         -        -
SH1        ok      off       -     1      -           -            -        -
SH1.BAY0   ok      off       -     0      -           -            -        -
SH1.BAY1   ok      off       -     1      -           -            -        -
SH1.BAY2   ok      off       -     2      -           -            -        -
SH1.BAY3   ok      off       -     3      -           -            -        -
SH1.BAY4   ok      off       -     4      -           -            -        -
SH1.BAY5   ok      off       -     5      -           -            -        -
SH1.BAY6   ok      off       -     6      -           -            -        -
SH1.BAY7   ok      off       -     7      -           -            -        -
SH1.BAY8   ok      off       -     8      -           -            -        -
SH1.BAY9   ok      off       -     9      -           -            -        -
SH1.BAY10  ok      off       -     10     -           -            -        -
SH1.BAY11  ok      off       -     11     -           -            -        -
SH1.BAY12  ok      off       -     12     -           -            -        -
SH1.BAY13  ok      off       -     13     -           -            -        -
SH1.BAY14  ok      off       -     14     -           -            -        -
SH1.BAY15  ok      off       -     15     -           -            -        -
SH1.BAY16  ok      off       -     16     -           -            -        -
SH1.BAY17  ok      off       -     17     -           -            -        -
SH1.BAY18  ok      off       -     18     -           -            -        -
SH1.BAY19  ok      off       -     19     -           -            -        -
SH1.BAY20  ok      off       -     20     -           -            -        -
SH1.BAY21  ok      off       -     21     -           -            -        -
SH1.BAY22  ok      off       -     22     -           -            -        -
SH1.BAY23  ok      off       -     23     -           -            -        -
SH1.FAN0   ok      -         -     0      -           -            -        -
SH1.FAN1   ok      -         -     1      -           -            -        -
SH1.FAN2   ok      -         -     2      -           -            -        -
SH1.FAN3   ok      -         -     3      -           -            -        -
SH1.IOM0   ok      off       0     0      -           -            -        -
SH1.IOM1   ok      off       1     1      -           -            -        -
SH1.PWR0   ok      -         -     0      -           -            -        -
SH1.PWR1   ok      -         -     1      -           -            -        -
SH1.SAS0   ok      -         0     0      48.00 Gb/s  -            -        -
SH1.SAS1   ok      -         0     1      48.00 Gb/s  -            -        -
SH1.SAS2   ok      -         0     2      48.00 Gb/s  -            -        -
SH1.SAS3   ok      -         1     3      48.00 Gb/s  -            -        -
SH1.SAS4   ok      -         1     4      48.00 Gb/s  -            -        -
SH1.SAS5   ok      -         1     5      48.00 Gb/s  -            -        -
SH1.TMP0   ok      -         -     0      -           26 C         -        -
SH1.TMP1   ok      -         -     1      -           30 C         -        -
SH1.TMP2   ok      -         -     2      -           30 C         -        -
SH1.TMP3   ok      -         -     3      -           34 C         -        -
SH1.TMP4   ok      -         -     4      -           30 C         -        -
SH1.TMP5   ok      -         -     5      -           33 C         -        -
SH1.TMP6   ok      -         -     6      -           38 C         -        -
SH1.TMP7   ok      -         -     7      -           37 C         -        -
SH2        ok      off       -     2      -           -            -        -
SH2.BAY0   ok      off       -     0      -           -            -        -
SH2.BAY1   ok      off       -     1      -           -            -        -
SH2.BAY2   ok      off       -     2      -           -            -        -
SH2.BAY3   ok      off       -     3      -           -            -        -
SH2.BAY4   ok      off       -     4      -           -            -        -
SH2.BAY5   ok      off       -     5      -           -            -        -
SH2.BAY6   ok      off       -     6      -           -            -        -
SH2.BAY7   ok      off       -     7      -           -            -        -
SH2.BAY8   ok      off       -     8      -           -            -        -
SH2.BAY9   ok      off       -     9      -           -            -        -
SH2.BAY10  ok      off       -     10     -           -            -        -
SH2.BAY11  ok      off       -     11     -           -            -        -
SH2.BAY12  ok      off       -     12     -           -            -        -
SH2.BAY13  ok      off       -     13     -           -            -        -
SH2.BAY14  ok      off       -     14     -           -            -        -
SH2.BAY15  ok      off       -     15     -           -            -        -
SH2.BAY16  ok      off       -     16     -           -            -        -
SH2.BAY17  ok      off       -     17     -           -            -        -
SH2.BAY18  ok      off       -     18     -           -            -        -
SH2.BAY19  ok      off       -     19     -           -            -        -
SH2.BAY20  ok      off       -     20     -           -            -        -
SH2.BAY21  ok      off       -     21     -           -            -        -
SH2.BAY22  ok      off       -     22     -           -            -        -
SH2.BAY23  ok      off       -     23     -           -            -        -
SH2.FAN0   ok      -         -     0      -           -            -        -
SH2.FAN1   ok      -         -     1      -           -            -        -
SH2.FAN2   ok      -         -     2      -           -            -        -
SH2.FAN3   ok      -         -     3      -           -            -        -
SH2.IOM0   ok      off       0     0      -           -            -        -
SH2.IOM1   ok      off       1     1      -           -            -        -
SH2.PWR0   ok      -         -     0      -           -            -        -
SH2.PWR1   ok      -         -     1      -           -            -        -
SH2.SAS0   ok      -         0     0      0.00 b/s    -            -        -
SH2.SAS1   ok      -         0     1      0.00 b/s    -            -        -
SH2.SAS2   ok      -         0     2      48.00 Gb/s  -            -        -
SH2.SAS3   ok      -         1     3      0.00 b/s    -            -        -
SH2.SAS4   ok      -         1     4      0.00 b/s    -            -        -
SH2.SAS5   ok      -         1     5      48.00 Gb/s  -            -        -
SH2.TMP0   ok      -         -     0      -           26 C         -        -
SH2.TMP1   ok      -         -     1      -           30 C         -        -
SH2.TMP2   ok      -         -     2      -           31 C         -        -
SH2.TMP3   ok      -         -     3      -           35 C         -        -
SH2.TMP4   ok      -         -     4      -           30 C         -        -
SH2.TMP5   ok      -         -     5      -           35 C         -        -
SH2.TMP6   ok      -         -     6      -           38 C         -        -
SH2.TMP7   ok      -         -     7      -           36 C         -        -
     root@bmgdcsan01-ct1:~# puremessage list --open
ID        Time                     Severity  Category  Code  Component  Name            Event             Expected  Actual  Details
14791127  2023-09-19 01:17:02 CDT  warning   array     25    storage    array.capacity  high utilization  < 90%     92.05%  
     root@bmgdcsan01-ct1:~# iiobalance --sampletime 15
sampling host I/O for 15 seconds...
                Host  CT0 I/O Count  CT1 I/O Count  
         BMGDCD2551A       14.00       16.00  
         BMGDCD2551B        0.00        0.00  ? Host is idle
         BMGDCD2551C      525.00      735.00  
         BMGDCD2551D      156.00      159.00  
          BMGDCP2520       6.90K       6.74K  
          BMGDCP2521       2.94K       2.75K  
         BMGDCP2521A        0.00        0.00  ? Host is idle
         BMGDCP2521B        0.00        0.00  ? Host is idle
         BMGDCP2521C        0.00        0.00  ? Host is idle
          BMGDCP2522      10.92K      11.35K  
         BMGDCP2551A       2.16K       2.17K  
         BMGDCP2551B        0.00        0.00  ? Host is idle
         BMGDCP2551C      489.00      484.00  
         BMGDCP2551D      56.19K      57.34K  
         BMGDCP2551E       3.19K       3.19K  
         BMGDCP2551F       1.02K       1.01K  
         BMGDCP2551G        0.00        0.00  ? Host is idle
         BMGDCP2551H        0.00        0.00  ? Host is idle
         BMGDCP2551I        0.00        0.00  ? Host is idle
         BMGDCP2551J        0.00        0.00  ? Host is idle
         BMGDCP2552A      429.00      433.00  
         BMGDCP2552B      461.00      460.00  
         BMGDCP2564A       1.21K       1.25K  
         BMGDCP2564B      513.00      498.00  
         BMGDCP2566A      795.00      831.00  
         BMGDCP2566B       3.19K       3.19K  
         BMGDCP2566C       2.17K       2.15K  
         BMGDCP2566D       4.30K       4.29K  
         BMGDCP2566E       2.28K       2.15K  
         BMGDCP2566F       7.09K       7.22K  
         BMGDCP2566G       9.32K       9.36K  
         BMGDCP2566H      57.55K      57.82K  
         BMGDCP2566Y       4.49K       7.95K  ! unbalanced I/O
         BMGDCP2566Z      251.00      110.00  ! unbalanced I/O
         BMGDCP2567A       7.43K       7.55K  
         BMGDCP2567B       5.78K       6.12K  
         BMGDCP2567C       8.82K       8.84K  
         BMGDCP2567D       4.88K       4.94K  
         BMGDCP2567E       6.41K       6.48K  
         BMGDCP2567F      19.39K      19.05K  
         BMGDCP2567G      224.00      224.00  
         BMGDCP2567H       48.00       48.00  
         BMGDCP2568A        0.00        0.00  ? Host is idle
         BMGDCP2568B        0.00        0.00  ? Host is idle
         BMGDCP3551A      137.00      161.00  
         BMGDCP3551B        0.00        0.00  ? Host is idle
         BMGDCP3566A       1.75K       1.69K  
         BMGDCP3566B       1.07K       1.08K  
         BMGDCP3566C       1.91K       1.91K  
     root@bmgdcsan01-ct1:~# purealert tag --timeout 240m --maintenance
Name         Created                  Expires
maintenance  2025-06-13 21:19:24 CDT  2025-06-14 01:19:24 CDT
     root@bmgdcsan01-ct1:~# stty columns 250;stty rows 40
     root@bmgdcsan01-ct1:~# purehw list --type pwr
Name      Status  Identify  Slot  Index  Speed  Temperature  Voltage  Details
CH0.PWR0  ok      -         -     0      -      -            202 V    -
CH0.PWR1  ok      -         -     1      -      -            204 V    -
SH0.PWR0  ok      -         -     0      -      -            -        -
SH0.PWR1  ok      -         -     1      -      -            -        -
SH1.PWR0  ok      -         -     0      -      -            -        -
SH1.PWR1  ok      -         -     1      -      -            -        -
SH2.PWR0  ok      -         -     0      -      -            -        -
SH2.PWR1  ok      -         -     1      -      -            -        -
     root@bmgdcsan01-ct1:~# purearray list --space
Name        Capacity  Parity  Provisioned Size  Virtual  Thin Provisioning  Data Reduction  Total Reduction  Unique   Snapshots  Shared  System  Replication  Total
bmgdcsan01  163.79T   100%    1102748G          445.16T  59%                3.1 to 1        7.4 to 1         122.25T  4.26T      24.25T  0.00    0.00         150.76T
     root@bmgdcsan01-ct1:~# purenetwork listfc list
Name     Enabled  WWN                      Speed       Services
CT0.FC0  True     52:4A:93:72:DA:C3:97:04  16.00 Gb/s  scsi-fc
CT0.FC1  True     52:4A:93:72:DA:C3:97:05  16.00 Gb/s  scsi-fc
CT0.FC2  True     52:4A:93:72:DA:C3:97:02  16.00 Gb/s  scsi-fc
CT0.FC3  True     52:4A:93:72:DA:C3:97:03  16.00 Gb/s  scsi-fc
CT1.FC0  True     52:4A:93:72:DA:C3:97:14  16.00 Gb/s  scsi-fc
CT1.FC1  True     52:4A:93:72:DA:C3:97:15  16.00 Gb/s  scsi-fc
CT1.FC2  True     52:4A:93:72:DA:C3:97:12  16.00 Gb/s  scsi-fc
CT1.FC3  True     52:4A:93:72:DA:C3:97:13  16.00 Gb/s  scsi-fc
     root@bmgdcsan01-ct1:~# purenetwork eth list
Name       Enabled  Type      Subnet  Address         Mask           Gateway         MTU   MAC                Speed       Services     Subinterfaces
ct0.eth0   True     physical  -       10.254.224.5    255.255.254.0  10.254.225.254  1500  24:a9:37:40:58:6f  1.00 Gb/s   management   -
ct0.eth1   False    physical  -       -               -              -               1500  24:a9:37:40:58:70  1.00 Gb/s   management   -
ct0.eth2   False    physical  -       -               -              -               1500  24:a9:37:40:58:72  25.00 Gb/s  replication  -
ct0.eth3   False    physical  -       -               -              -               1500  24:a9:37:40:58:71  25.00 Gb/s  replication  -
ct0.eth4   True     physical  -       192.168.100.11  255.255.254.0  -               9000  24:a9:37:40:58:74  25.00 Gb/s  iscsi        -
ct0.eth5   True     physical  -       192.168.100.13  255.255.254.0  -               9000  24:a9:37:40:58:73  25.00 Gb/s  iscsi        -
ct0.eth14  True     physical  -       192.168.100.12  255.255.254.0  -               9000  34:80:0d:dd:6f:7c  25.00 Gb/s  iscsi        -
ct0.eth15  True     physical  -       192.168.104.11  255.255.254.0  -               9000  34:80:0d:dd:6f:7d  25.00 Gb/s  iscsi        -
ct0.eth18  True     physical  -       192.168.100.14  255.255.254.0  -               9000  34:80:0d:dd:6e:fe  25.00 Gb/s  iscsi        -
ct0.eth19  True     physical  -       192.168.104.12  255.255.254.0  -               9000  34:80:0d:dd:6e:ff  25.00 Gb/s  iscsi        -
ct1.eth0   True     physical  -       10.254.224.6    255.255.254.0  10.254.225.254  1500  24:a9:37:0d:b5:e7  1.00 Gb/s   management   -
ct1.eth1   False    physical  -       -               -              -               1500  24:a9:37:0d:b5:e8  1.00 Gb/s   management   -
ct1.eth2   False    physical  -       -               -              -               1500  24:a9:37:0d:b5:ea  25.00 Gb/s  replication  -
ct1.eth3   False    physical  -       -               -              -               1500  24:a9:37:0d:b5:e9  25.00 Gb/s  replication  -
ct1.eth4   True     physical  -       192.168.101.11  255.255.254.0  -               9000  24:a9:37:0d:b5:ec  25.00 Gb/s  iscsi        -
ct1.eth5   True     physical  -       192.168.101.13  255.255.254.0  -               9000  24:a9:37:0d:b5:eb  25.00 Gb/s  iscsi        -
ct1.eth14  True     physical  -       192.168.101.12  255.255.254.0  -               9000  34:80:0d:dd:6f:22  25.00 Gb/s  iscsi        -
ct1.eth15  True     physical  -       192.168.105.11  255.255.254.0  -               9000  34:80:0d:dd:6f:23  25.00 Gb/s  iscsi        -
ct1.eth18  True     physical  -       192.168.101.14  255.255.254.0  -               9000  34:80:0d:b3:5f:44  25.00 Gb/s  iscsi        -
ct1.eth19  True     physical  -       192.168.105.12  255.255.254.0  -               9000  34:80:0d:b3:5f:45  25.00 Gb/s  iscsi        -
replbond   False    bond      -       10.243.99.11    255.255.255.0  10.243.99.254   1500  fe:ea:75:2d:89:44  0.00 b/s    replication  -
vir0       True     vif       -       10.254.224.7    255.255.254.0  10.254.225.254  1500  46:aa:c1:1a:2a:3c  1.00 Gb/s   management   -
vir1       False    vif       -       -               -              -               1500  56:2b:dc:8b:17:44  1.00 Gb/s   management   -
     root@bmgdcsan01-ct1:~# pureport list
Name       WWN                      Portal               IQN                                                      NQN  Failover
CT0.ETH4   -                        192.168.100.11:3260  iqn.2010-06.com.purestorage:flasharray.5a698b6be77889d1  -    -
CT0.ETH5   -                        192.168.100.13:3260  iqn.2010-06.com.purestorage:flasharray.5a698b6be77889d1  -    -
CT0.ETH14  -                        192.168.100.12:3260  iqn.2010-06.com.purestorage:flasharray.5a698b6be77889d1  -    -
CT0.ETH15  -                        192.168.104.11:3260  iqn.2010-06.com.purestorage:flasharray.5a698b6be77889d1  -    -
CT0.ETH18  -                        192.168.100.14:3260  iqn.2010-06.com.purestorage:flasharray.5a698b6be77889d1  -    -
CT0.ETH19  -                        192.168.104.12:3260  iqn.2010-06.com.purestorage:flasharray.5a698b6be77889d1  -    -
CT0.FC0    52:4A:93:72:DA:C3:97:04  -                    -                                                        -    -
CT0.FC1    52:4A:93:72:DA:C3:97:05  -                    -                                                        -    -
CT0.FC2    52:4A:93:72:DA:C3:97:02  -                    -                                                        -    -
CT0.FC3    52:4A:93:72:DA:C3:97:03  -                    -                                                        -    -
CT1.ETH4   -                        192.168.101.11:3260  iqn.2010-06.com.purestorage:flasharray.5a698b6be77889d1  -    -
CT1.ETH5   -                        192.168.101.13:3260  iqn.2010-06.com.purestorage:flasharray.5a698b6be77889d1  -    -
CT1.ETH14  -                        192.168.101.12:3260  iqn.2010-06.com.purestorage:flasharray.5a698b6be77889d1  -    -
CT1.ETH15  -                        192.168.105.11:3260  iqn.2010-06.com.purestorage:flasharray.5a698b6be77889d1  -    -
CT1.ETH18  -                        192.168.101.14:3260  iqn.2010-06.com.purestorage:flasharray.5a698b6be77889d1  -    -
CT1.ETH19  -                        192.168.105.12:3260  iqn.2010-06.com.purestorage:flasharray.5a698b6be77889d1  -    -
CT1.FC0    52:4A:93:72:DA:C3:97:14  -                    -                                                        -    -
CT1.FC1    52:4A:93:72:DA:C3:97:15  -                    -                                                        -    -
CT1.FC2    52:4A:93:72:DA:C3:97:12  -                    -                                                        -    -
CT1.FC3    52:4A:93:72:DA:C3:97:13  -                    -                                                        -    -
     root@bmgdcsan01-ct1:~# puresetup show
##########################################
#   Welcome to the Purity Setup Wizard   #
##########################################
  Physical IP:             10.254.224.5
  Virtual IP:              10.254.224.7
  Netmask:                 255.255.254.0
  Gateway:                 10.254.225.254
  DNS Servers:             10.64.116.90,10.64.116.89,10.192.116.89
  DNS Domain:              glb.bakernet.com
  NTP Servers:             ntp-gdc.glb.bakernet.com
  SMTP Relay Host:         mail.bakernet.com
  SMTP Sender Domain:      bakernet.com
  Alert Email Recipients:  flasharray-alerts@purestorage.com,GLB-TechnologyServerTeamAll@bakermckenzie.com,GLB-TechnologyServerTeamArchitecture@bakermckenzie.com
  HTTP proxy:              
  Capacity Limit:          
  Capacity Limit Target:   
  Physical IP:             10.254.224.6
  Netmask:                 255.255.254.0
  Gateway:                 10.254.225.254
CONFIG_TASK_COMPLETED:CONFIG_TASK_PURESETUP_EXITED
     root@bmgdcsan01-ct1:~# pureboot list

Marked entry (*) is currently running
Marked entry (-->) will run at next reboot
*-->0. Purity 6.5.10 (202503222031+c6937a2616b9) with kernel 5.15.123+ (202502120717+4e5bb8230c85) on second (/dev/sda4)
    1. Purity 6.5.9 (202412120507+7a7df3f70616) with kernel 5.15.123+ (202411262041+7e571dbb5a84) on first (/dev/sda3)
pu     root@bmgdcsan01-ct1:~# puretun e--list
-bash: puretun: command not found
     root@bmgdcsan01-ct1:~# puretne --list
-bash: puretne: command not found
     root@bmgdcsan01-ct1:~# puretune --list
Warning: failed to retrieve some tunable status (local puredb, peer puredb, local puredb-chastity, peer puredb-chastity)
Consistently set tunables:
PS_UNLOCK_KMIP_RDL_CONFIGURATION : 1 ('CS0282055')
PS_CDU_DISABLE_PSM : 1 ('Disabling PSM for platform-less upgrade, doinstalls_start_time: [1746912057]', ''Disabling PSM for platform-less upgrade, doinstalls_start_time: [1746912057]'')
PS_FW_UPGRADE_DISABLED : 1 ('PURE-49555')
Inconsistently or unnecessarily set tunables:
PURITY_START_ON_BOOT:
local pureadm             - 1  (\'\')
peer pureadm              - 1 
local puredb              - <unset> 
peer puredb               - <unset> 
local puredb --platform   - <unset> 
peer puredb --platform    - <unset> 
local puredb --chastity   - <unset> 
peer puredb --chastity    - <unset> 
PS_FILEGW_SMB_HIDE_DOT_SNAPSHOT:
local pureadm             - 0  (Set during upgrade to 6.3.7 - CLOUD-75192)
peer pureadm              - 0  (Set during upgrade to 6.3.7 - CLOUD-75192)
local puredb              - <unset> 
peer puredb               - <unset> 
local puredb --platform   - <unset> 
peer puredb --platform    - <unset> 
local puredb --chastity   - <unset> 
peer puredb --chastity    - <unset> 
ATOM_pureapp_monitor_mem_leak:
local pureadm             - PCTFJ20160151,PCTFL204300AB,6.3.7  (PURE-295339 set by cdu)
peer pureadm              - PCTFJ20160151,PCTFL204300AB,6.3.7  (PURE-295339 set by cdu)
local puredb              - <unset> 
peer puredb               - <unset> 
local puredb --platform   - <unset> 
peer puredb --platform    - <unset> 
local puredb --chastity   - <unset> 
peer puredb --chastity    - <unset> 
ATOM_5207:
local pureadm             - 1 
peer pureadm              - 1 
local puredb              - <unset> 
peer puredb               - <unset> 
local puredb --platform   - <unset> 
peer puredb --platform    - <unset> 
local puredb --chastity   - <unset> 
peer puredb --chastity    - <unset> 
ATOM_5177:
local pureadm             - DEF  (CLOUD-113977)
peer pureadm              - DEF  (CLOUD-113977)
local puredb              - <unset> 
peer puredb               - <unset> 
local puredb --platform   - <unset> 
peer puredb --platform    - <unset> 
local puredb --chastity   - <unset> 
peer puredb --chastity    - <unset> 
ATOM_SECURITY_BUNDLE_FA_2024_01_15:
local pureadm             - PCTFJ20160151,PCTFL204300AB,6.3.14  (CLOUD-113977 set by atom)
peer pureadm              - PCTFJ20160151,PCTFL204300AB,6.3.14  (CLOUD-113977 set by atom)
local puredb              - <unset> 
peer puredb               - <unset> 
local puredb --platform   - <unset> 
peer puredb --platform    - <unset> 
local puredb --chastity   - <unset> 
peer puredb --chastity    - <unset> 
ATOM_10072:
local pureadm             - H  (CLOUD-152371)
peer pureadm              - H  (CLOUD-152371)
local puredb              - <unset> 
peer puredb               - <unset> 
local puredb --platform   - <unset> 
peer puredb --platform    - <unset> 
local puredb --chastity   - <unset> 
peer puredb --chastity    - <unset> 
ATOM_SECURITY_PATCH_FA_2025_A:
local pureadm             - PCTFJ20160151,PCTFL204300AB,6.5.9  (CLOUD-152371 set by atom-vats)
peer pureadm              - PCTFJ20160151,PCTFL204300AB,6.5.9  (CLOUD-152371 set by atom-vats)
local puredb              - <unset> 
peer puredb               - <unset> 
local puredb --platform   - <unset> 
peer puredb --platform    - <unset> 
local puredb --chastity   - <unset> 
peer puredb --chastity    - <unset> 
     root@bmgdcsan01-ct1:~# fcpureportlist=`pureport list --initiator | awk '/Target/,0' | cut -d. -f1 | awk '{print $1,$5}' | grep -v '-' | grep -v "Initiator" | uniq -c; echo`; fcpureportlistcount=`echo "$fcpureportlist" | awk '{total += $1} END {p rint total}'`; echo -e "$fcpureportlist\n\n"; echo -e "\tTotal FC connections: $fcpureportlistcount\n\n";



Total FC connections: 0


     root@bmgdcsan01-ct1:~# iscsipureportlist=`pureport list --initiator | grep -v FC | awk -F' CT' '{print "CT"$2,$8}' | grep -v 'CT ' | awk -F '.ETH' '{print $1, $2}' | awk '{print $1, $5, $6}' | sort | uniq -c; echo`; iscsipureportlistcount=`echo "$iscsipureportlist" | awk '{total += $1} END {print total}'`; echo -e "$iscsipureportlist\n\n"; echo -e "\tTotal iSCSI connections: $iscsipureportlistcount\n\n";
    457 CT0 iqn.2010-06.com.purestorage:flasharray.5a698b6be77889d1 -
    458 CT1 iqn.2010-06.com.purestorage:flasharray.5a698b6be77889d1 -


Total iSCSI connections: 915


     root@bmgdcsan01-ct1:~# purearray list --connect
     root@bmgdcsan01-ct1:~# purearray list --connect --path
     root@bmgdcsan01-ct1:~# cat /etc/timezone 
America/Chicago
     root@bmgdcsan01-ct1:~# purearray list --controller
Name  Type              Mode       Model     Version  Status  Internal Details
CT0   array_controller  secondary  FA-X90R3  6.5.10   ready   
CT1   array_controller  primary    FA-X90R3  6.5.10   ready   
     root@bmgdcsan01-ct1:~# purealert list --tag
Name         Created                  Expires
maintenance  2025-06-13 21:19:24 CDT  2025-06-14 01:19:24 CDT
     root@bmgdcsan01-ct1:~# pureapurearray list --controller
Name  Type              Mode       Model     Version  Status  Internal Details
CT0   array_controller  secondary  FA-X90R3  6.5.10   ready   
CT1   array_controller  primary    FA-X90R3  6.5.10   ready   
     root@bmgdcsan01-ct1:~# fcpureportlist=`pureport list --initiator | awk '/Target/,0' | cut -d. -f1 | awk '{print $1,$5}' | grep -v '-' | grep -v "Initiator" | uniq -c; echo`; fcpureportlistcount=`echo "$fcpureportlist" | awk '{total += $1} END {print total}'`; echo -e "$fcpureportlist\n\n"; echo -e "\tTotal FC connections: $fcpureportlistcount\n\n";



Total FC connections: 0


     root@bmgdcsan01-ct1:~# storagepureadm status
Process status:
purity start/running
lio-drv start/running
foed start/running, process 28557
platform start/running, process 28502
gui start/running, process 28478
rest start/running, process 41979
monitor start/running, process 28491
iostat start/running, process 42538
statistics start/running, process 28521
middleware start/running, process 39607
vasa start/running, process 39612
platform working
foed working
gui working
platform_env working
quorum working
foed_env working
foed_ready working
remote_patch working
driver working
san working
health working
lio-drv working
middleware-db working
middleware working
vasa working
     root@bmgdcsan01-ct1:~# exit
logout
     root@bmgdcsan01-ct0:/var/home/pureeng# =~=~=~=~=~=~=~=~=~=~=~= PuTTY log 2025.06.13 22:49:06 =~=~=~=~=~=~=~=~=~=~=~=
GNU GRUB  version 2.06

/----------------------------------------------------------------------------\||||||||||||||||||||||||||\----------------------------------------------------------------------------/     Use the ^ and v keys to select which entry is highlighted.          
      Press enter to boot the selected OS, `e' to edit the commands       
      before booting or `c' for a command-line.                            *Purity 6.5.5 (202404130351+34e2b1e66ad3) with kernel 5.15.123+ (2024031915>
 Purity 6.5.5 (202404130351+34e2b1e66ad3) with kernel 5.15.123+ (2024031915>
                                                                                                                                                                                                                                                                                                                                                                                                                                                                                                                                                                                                                                                                                                                                                                                                                                                                        The highlighted entry will be executed automatically in 3s.                    The highlighted entry will be executed automatically in 2s.                    The highlighted entry will be executed automatically in 1s.                    The highlighted entry will be executed automatically in 0s.                 
Purity

PCTFJ2514000D login: puresetup
Password: 
<fw_update_tool>
===================================================================
=                            NOTICE                               =
===================================================================
=                                                                 =
=    Firmware is currently being checked and/or updated           =
=    on this controller.                                          =
=                                                                 =
=    If updates are necessary they will be applied automatically, =
=    and one or more automatic reboots may occur as a result.     =
=    A completion notice will be provided when done.              =
=                                                                 =
=    DO NOT RESTART OR REMOVE POWER WHILE UPDATE IS IN PROGRESS   =
=                                                                 =
===================================================================
<fw_update_tool>

Sat Jun 14 02:50:35 2025
Welcome puresetup. This is Purity Version 6.5.5 on FlashArray PCTFJ2514000D
http://www.purestorage.com/
puresetup@PCTFJ2514000D:~$ lmount /dev/sdb1 /mnt
puresetup@PCTFJ2514000D:~$ cp /mnt/6.5.10/* .
puresetup@PCTFJ2514000D:~$  GNU GRUB  version 2.06

/----------------------------------------------------------------------------\||||||||||||||||||||||||||\----------------------------------------------------------------------------/     Use the ^ and v keys to select which entry is highlighted.          
      Press enter to boot the selected OS, `e' to edit the commands       
      before booting or `c' for a command-line.                            *Purity 6.5.5 (202404130351+34e2b1e66ad3) with kernel 5.15.123+ (2024031915>
 Purity 6.5.5 (202404130351+34e2b1e66ad3) with kernel 5.15.123+ (2024031915>
                                                                                                                                                                                                                                                                                                                                                                                                                                                                                                                                                                                                                                                                                                                                                                                                                                                                        The highlighted entry will be executed automatically in 3s.                    The highlighted entry will be executed automatically in 2s.                    The highlighted entry will be executed automatically in 1s.                    The highlighted entry will be executed automatically in 0s.                 
Purity

PCTFJ2514000D login: purestup   etup
Password: 
<fw_update_tool>
===================================================================
=                            NOTICE                               =
===================================================================
=                                                                 =
=    Firmware is currently being checked and/or updated           =
=    on this controller.                                          =
=                                                                 =
=    If updates are necessary they will be applied automatically, =
=    and one or more automatic reboots may occur as a result.     =
=    A completion notice will be provided when done.              =
=                                                                 =
=    DO NOT RESTART OR REMOVE POWER WHILE UPDATE IS IN PROGRESS   =
=                                                                 =
===================================================================
<fw_update_tool>
Last login: Sat Jun 14 02:50:35 UTC 2025 on ttyS0

Sat Jun 14 02:59:09 2025
Welcome puresetup. This is Purity Version 6.5.5 on FlashArray PCTFJ2514000D
http://www.purestorage.com/
puresetup@PCTFJ2514000D:~$                                                                                
Broadcast message from root@PCTFJ2514000D (somewhere) (Sat Jun 14 02:59:35 2025
                                                                               
===================================================================            
=                   UPDATE AND/OR CHECK COMPLETE                  =            
=                                                                 =            
=    The firmware checks/updates on this system are now complete. =            
=    No further action is required, and the controller will       =            
=    continue running as usual                                    =            
=                                                                 =            
===================================================================            
                                                                               
                                                                               

puresetup@PCTFJ2514000D:~$ pureinstall purity_6.5.10_202503222031+c6937a2616b9.ppkg
Installing Purity on alternate partition labeled second.
Erasing Purity software image from alternate partition second to prepare for installation.
WARNING: Do not interrupt this process!!
Unpacking new Purity software.
.................................................................................................................................................................................................................................................................................................................................................................................................................................................................................................................................................................................................................................................................................................................................................................................................................................................................................................................................................................................................................................................................................................................................................................................................................................................................................................
Verifying package...

Finalizing installation. This may take several minutes.
Executing /altroot/opt/purextras/bin/finish-install.sh
Executing /altroot/opt/purextras/bin/finish-install.azure-propagate.sh
Executing /altroot/opt/purextras/bin/finish-install.cbs.sh
Executing /altroot/opt/purextras/bin/finish-install.cdu-pureinstall-lib.sh
Executing /altroot/opt/purextras/bin/finish-install.fix-dpkg.sh
Purity installed.
Installation complete. The new Purity version will load at next reboot.

Important!
The first boot of a new Purity version may take longer if the new version includes controller firmware updates.
DO NOT REBOOT THE CONTROLLER DURING THE FIRMWARE UPDATE.

Refer to http://community.purestorage.com for more information about the Purity upgrade process and firmware updates.
puresetup@PCTFJ2514000D:~$ puresboot reboot --offline
[Errno 111] Connection refused
 GNU GRUB  version 2.06

/----------------------------------------------------------------------------\||||||||||||||||||||||||||\----------------------------------------------------------------------------/     Use the ^ and v keys to select which entry is highlighted.          
      Press enter to boot the selected OS, `e' to edit the commands       
      before booting or `c' for a command-line.                             Purity 6.5.5 (202404130351+34e2b1e66ad3) with kernel 5.15.123+ (2024031915>
*Purity 6.5.10 (202503222031+c6937a2616b9) with kernel 5.15.123+ (202502120>
                                                                                                                                                                                                                                                                                                                                                                                                                                                                                                                                                                                                                                                                                                                                                                                                                                                                        The highlighted entry will be executed automatically in 3s.                    The highlighted entry will be executed automatically in 2s.                    The highlighted entry will be executed automatically in 1s.                    The highlighted entry will be executed automatically in 0s.                 
Purity

PCTFJ2514000D login: puresetup
Password: 
<fw_update_tool>
===================================================================
=                            NOTICE                               =
===================================================================
=                                                                 =
=    Firmware is currently being checked and/or updated           =
=    on this controller.                                          =
=                                                                 =
=    If updates are necessary they will be applied automatically, =
=    and one or more automatic reboots may occur as a result.     =
=    A completion notice will be provided when done.              =
=                                                                 =
=    DO NOT RESTART OR REMOVE POWER WHILE UPDATE IS IN PROGRESS   =
=                                                                 =
===================================================================
<fw_update_tool>
Last login: Sat Jun 14 02:59:09 UTC 2025 on ttyS0

Sat Jun 14 03:05:39 2025
Welcome puresetup. This is Purity Version 6.5.10 on FlashArray PCTFJ2514000D
http://www.purestorage.com/
puresetup@PCTFJ2514000D:~$ 
puresetup@PCTFJ2514000D:~$  GNU GRUB  version 2.06

/----------------------------------------------------------------------------\||||||||||||||||||||||||||\----------------------------------------------------------------------------/     Use the ^ and v keys to select which entry is highlighted.          
      Press enter to boot the selected OS, `e' to edit the commands       
      before booting or `c' for a command-line.                             Purity 6.5.5 (202404130351+34e2b1e66ad3) with kernel 5.15.123+ (2024031915>
*Purity 6.5.10 (202503222031+c6937a2616b9) with kernel 5.15.123+ (202502120>
                                                                                                                                                                                                                                                                                                                                                                                                                                                                                                                                                                                                                                                                                                                                                                                                                                                                        The highlighted entry will be executed automatically in 3s.                    The highlighted entry will be executed automatically in 2s.                    The highlighted entry will be executed automatically in 1s.                    The highlighted entry will be executed automatically in 0s.                 
Purity

PCTFJ2514000D login:  GNU GRUB  version 2.06

/----------------------------------------------------------------------------\||||||||||||||||||||||||||\----------------------------------------------------------------------------/     Use the ^ and v keys to select which entry is highlighted.          
      Press enter to boot the selected OS, `e' to edit the commands       
      before booting or `c' for a command-line.                             Purity 6.5.5 (202404130351+34e2b1e66ad3) with kernel 5.15.123+ (2024031915>
*Purity 6.5.10 (202503222031+c6937a2616b9) with kernel 5.15.123+ (202502120>
                                                                                                                                                                                                                                                                                                                                                                                                                                                                                                                                                                                                                                                                                                                                                                                                                                                                        The highlighted entry will be executed automatically in 3s.                    The highlighted entry will be executed automatically in 2s.                    The highlighted entry will be executed automatically in 1s.                    The highlighted entry will be executed automatically in 0s.                 
Purity

PCTFJ2514000D login: pureseutp
Password: 

Login incorrect
PCTFJ2514000D login: puresetup
Password: 


Login incorrect
PCTFJ2514000D login: puresetup
Password: 
<fw_update_tool>
===================================================================
=                            NOTICE                               =
===================================================================
=                                                                 =
=    Firmware is currently being checked and/or updated           =
=    on this controller.                                          =
=                                                                 =
=    If updates are necessary they will be applied automatically, =
=    and one or more automatic reboots may occur as a result.     =
=    A completion notice will be provided when done.              =
=                                                                 =
=    DO NOT RESTART OR REMOVE POWER WHILE UPDATE IS IN PROGRESS   =
=                                                                 =
===================================================================
<fw_update_tool>
Last login: Sat Jun 14 03:05:39 UTC 2025 on ttyS0

Sat Jun 14 03:24:23 2025
Welcome puresetup. This is Purity Version 6.5.10 on FlashArray PCTFJ2514000D
http://www.purestorage.com/
puresetup@PCTFJ2514000D:~$                                                                                
Broadcast message from root@PCTFJ2514000D (somewhere) (Sat Jun 14 03:24:34 2025
                                                                               
===================================================================            
=                   UPDATE AND/OR CHECK COMPLETE                  =            
=                                                                 =            
=    The firmware checks/updates on this system are now complete. =            
=    No further action is required, and the controller will       =            
=    continue running as usual                                    =            
=                                                                 =            
===================================================================            
                                                                               
                                                                               

puresetup@PCTFJ2514000D:~$ puresetup replace --from-controller FA-X90R3
##########################################
#   Welcome to the Purity Setup Wizard   #
##########################################
Controller hardware model is compatible with the controller purity version
[Errno 111] Connection refused
Local controller model is FA-X90R4.
Failed to build a unique_id. Cant detect: {'vendor': '', 'model': 'USB DISK 3.0', 'type': '0', 'scsi_level': '7', 'state': 'running', 'rev': 'PMAP', 'full_sysfs_path': '../../devices/pci0000:00/0000:00:14.0/usb1/1-1/1-1:1.0/host6/target6:0:0/6:0:0:0/scsi_generic/sg1', 'topo_path': [], 'node': 'sg1', 'host': '6', 'bus': '0', 'target': '0', 'lun': '0', 'rev_sysfs': 'PMAP', 'model_sysfs': 'USB DISK 3.0', 'sn': '', 'sas_enclosure_address': 'internal'}
Failed to build a unique_id. Cant detect: {'vendor': '', 'model': 'USB DISK 3.0', 'type': '0', 'scsi_level': '7', 'state': 'running', 'rev': 'PMAP', 'full_sysfs_path': '../devices/pci0000:00/0000:00:14.0/usb1/1-1/1-1:1.0/host6/target6:0:0/6:0:0:0/block/sdb', 'topo_path': [], 'node': 'sdb', 'host': '6', 'bus': '0', 'target': '0', 'lun': '0', 'rev_sysfs': 'PMAP', 'model_sysfs': 'USB DISK 3.0', 'sn': '', 'sas_enclosure_address': 'internal'}
Drive detected storage type is X.
FA-X90R3 found to be replaced by FA-X90R4 has storage type X.
Controller type supports multiple storage types, detecting type of storage installed...
Failed to build a unique_id. Cant detect: {'vendor': '', 'model': 'USB DISK 3.0', 'type': '0', 'scsi_level': '7', 'state': 'running', 'rev': 'PMAP', 'full_sysfs_path': '../../devices/pci0000:00/0000:00:14.0/usb1/1-1/1-1:1.0/host6/target6:0:0/6:0:0:0/scsi_generic/sg1', 'topo_path': [], 'node': 'sg1', 'host': '6', 'bus': '0', 'target': '0', 'lun': '0', 'rev_sysfs': 'PMAP', 'model_sysfs': 'USB DISK 3.0', 'sn': '', 'sas_enclosure_address': 'internal'}
Failed to build a unique_id. Cant detect: {'vendor': '', 'model': 'USB DISK 3.0', 'type': '0', 'scsi_level': '7', 'state': 'running', 'rev': 'PMAP', 'full_sysfs_path': '../devices/pci0000:00/0000:00:14.0/usb1/1-1/1-1:1.0/host6/target6:0:0/6:0:0:0/block/sdb', 'topo_path': [], 'node': 'sdb', 'host': '6', 'bus': '0', 'target': '0', 'lun': '0', 'rev_sysfs': 'PMAP', 'model_sysfs': 'USB DISK 3.0', 'sn': '', 'sas_enclosure_address': 'internal'}
Detected storage type X
Pre-existing storage type X was found on the device
Successfully configured storage type X for array controller
Waiting for peer address to check peer connectivity........ SUCCESS
Check Cobalt NDU controllers.. OK
Check RDL..................... OK
Check shelf cabling........... OK
Check controller link......... OK
Check power supply............ OK
Check PCIE AER errors......... OK
Check io card pci id's........ OK
Check LOM MAC addresses....... OK
Getting local controller type. Local controller type is cobalt_sas_a.
Getting local controller variant. Not a generic controller, Exiting.
2025-06-14T03:28:45 [WARN/control] unable to connect to socket /run/lldpd.socket: No such file or directory
2025-06-14T03:28:45 [WARN/lldpctl] not able to get the list of interfaces. Unable to connect to lldpd daemon
Checking peer controller for tunables

Apply PS_FILEGW_SMB_HIDE_DOT_SNAPSHOT = 0 # Set during upgrade to 6.3.7 - CLOUD-
 (y/n):y
Apply PS_FILEGW_SMB_HIDE_DOT_SNAPSHOT = 0 # Set during upgrade to 6.3.7 - CLOUD-
 (y/n): y
Tunable parameter set: PS_FILEGW_SMB_HIDE_DOT_SNAPSHOT=0

Apply PS_UNLOCK_KMIP_RDL_CONFIGURATION = 1 # CS0282055
 (y/n):y
Apply PS_UNLOCK_KMIP_RDL_CONFIGURATION = 1 # CS0282055
 (y/n): y
Tunable parameter set: PS_UNLOCK_KMIP_RDL_CONFIGURATION=1

Apply ATOM_pureapp_monitor_mem_leak = PCTFJ20160151,PCTFL204300AB,6.3.7 # PURE-2
 (y/n):y
Apply ATOM_pureapp_monitor_mem_leak = PCTFJ20160151,PCTFL204300AB,6.3.7 # PURE-2
 (y/n): y
Tunable parameter set: ATOM_pureapp_monitor_mem_leak=PCTFJ20160151,PCTFL204300AB,6.3.7

Apply ATOM_5207 = 1 #
 (y/n):y
Apply ATOM_5207 = 1 #
 (y/n): y
Tunable parameter set: ATOM_5207=1

Apply ATOM_5177 = DEF # CLOUD-113977
 (y/n):y
Apply ATOM_5177 = DEF # CLOUD-113977
 (y/n): y
Tunable parameter set: ATOM_5177=DEF

Apply ATOM_SECURITY_BUNDLE_FA_2024_01_15 = PCTFJ20160151,PCTFL204300AB,6.3.14 #
 (y/n):y
Apply ATOM_SECURITY_BUNDLE_FA_2024_01_15 = PCTFJ20160151,PCTFL204300AB,6.3.14 #
 (y/n): y
Tunable parameter set: ATOM_SECURITY_BUNDLE_FA_2024_01_15=PCTFJ20160151,PCTFL204300AB,6.3.14

Apply ATOM_10072 = H # CLOUD-152371
 (y/n):y
Apply ATOM_10072 = H # CLOUD-152371
 (y/n): y
Tunable parameter set: ATOM_10072=H

Apply ATOM_SECURITY_PATCH_FA_2025_A = PCTFJ20160151,PCTFL204300AB,6.5.9 # CLOUD-
 (y/n):y
Apply ATOM_SECURITY_PATCH_FA_2025_A = PCTFJ20160151,PCTFL204300AB,6.5.9 # CLOUD-
 (y/n): y
Tunable parameter set: ATOM_SECURITY_PATCH_FA_2025_A=PCTFJ20160151,PCTFL204300AB,6.5.9

Apply PS_CDU_DISABLE_PSM = 1 # Disabling PSM for platform-less upgrade, doinstal
 (y/n):y
Apply PS_CDU_DISABLE_PSM = 1 # Disabling PSM for platform-less upgrade, doinstal
 (y/n): y
Tunable parameter set: PS_CDU_DISABLE_PSM=1

Apply PS_FW_UPGRADE_DISABLED = 1 # PURE-49555
 (y/n):y
Apply PS_FW_UPGRADE_DISABLED = 1 # PURE-49555
 (y/n): y
Tunable parameter set: PS_FW_UPGRADE_DISABLED=1
Stopping purity to ensure tunables are properly loaded.
Press ENTER to reboot

Please run puresetup again after reboot.
 GNU GRUB  version 2.06

/----------------------------------------------------------------------------\||||||||||||||||||||||||||\----------------------------------------------------------------------------/     Use the ^ and v keys to select which entry is highlighted.          
      Press enter to boot the selected OS, `e' to edit the commands       
      before booting or `c' for a command-line.                             Purity 6.5.5 (202404130351+34e2b1e66ad3) with kernel 5.15.123+ (2024031915>
*Purity 6.5.10 (202503222031+c6937a2616b9) with kernel 5.15.123+ (202502120>
                                                                                                                                                                                                                                                                                                                                                                                                                                                                                                                                                                                                                                                                                                                                                                                                                                                                        The highlighted entry will be executed automatically in 3s.                    The highlighted entry will be executed automatically in 2s.                    The highlighted entry will be executed automatically in 1s.                    The highlighted entry will be executed automatically in 0s.                 
Purity

PCTFJ2514000D login: pureseutp
Password: 

Login incorrect
PCTFJ2514000D login: puresetup
Password: 

Login incorrect
PCTFJ2514000D login: pureseutp   tup
Password: 
Last login: Sat Jun 14 03:24:22 UTC 2025 on ttyS0

Sat Jun 14 03:33:06 2025
Welcome puresetup. This is Purity Version 6.5.10 on FlashArray PCTFJ2514000D
http://www.purestorage.com/
puresetup@PCTFJ2514000D:~$ puresetup replace --from-controller FA-X90R3
##########################################
#   Welcome to the Purity Setup Wizard   #
##########################################
Controller hardware model is compatible with the controller purity version
[Errno 111] Connection refused
Local controller model is FA-X90R4.
Drive detected storage type is X.
FA-X90R3 found to be replaced by FA-X90R4 has storage type X.
Controller type supports multiple storage types, detecting type of storage installed...
Detected storage type X
Pre-existing storage type X was found on the device
Successfully configured storage type X for array controller
Waiting for peer address to check peer connectivity SUCCESS
Check Cobalt NDU controllers.. OK
Check RDL..................... OK
Check shelf cabling........... OK
Check controller link......... OK
Check power supply............ OK
Check PCIE AER errors......... OK
Check io card pci id's........ OK
Check LOM MAC addresses....... OK
Getting local controller type. Local controller type is cobalt_sas_a.
Getting local controller variant. Not a generic controller, Exiting.
Checking peer controller for tunables
Waiting for peer address to check peer connectivity SUCCESS
purity.service stablized: done
purity start/running
platform: done
foed: ......done
gui: ..done
rest: done
platform_env: 0.done
quorum: ....done
foed_env: 1.1.1.1.1.1.1.1.1.1.1.1.1.1.1.1.1.1.1.1.1.1.1.1.1.1.1.1.1.1.1.1.1.1.1.1.1.1.1.1.1.1.1.1.1.1.1.1.1.1.1.1.1.1.1.1.1.1.1.1.1.1.2.2.2.2.2.1.1.1.1.1.1.1.1.1.1.1.1.1.1.1.1.1.1.1.1.1.1.1.1.1.1.1.1.1.1.1.1.1.1.1.1.1.1.1.1.1.1.1.1.1.1.1.1.1.1.1.1.1.1.1.1.1.1.1.1.1.1.1.1.1.1.1.1.1.1.1.1.1.1.1.1.1.1.1.1.1.1.1.1.1.1.1.1.1.1.1.1.1.1.1.1.1.1.1.1.1.1.1.1.1.1.1.1.1.1.1.1.1.0.done
foed_ready: done
remote_patch: done
driver: done
san: Skip waiting for san during HW NDU
[FA-X90R3.CT0.ETH1] does not need to be migrated since it has no configuration and is not a subinterface.
[FA-X90R3.CT0.ETH2] does not need to be migrated since it has no configuration and is not a subinterface.
[FA-X90R3.CT0.ETH3] does not need to be migrated since it has no configuration and is not a subinterface.
Please move ports as shown below:
[FA-X90R3.CT0.ETH0] ====>> [FA-X90R4.CT0.ETH4](Slot: LOM)
[FA-X90R3.CT0.ETH14] ====>> [FA-X90R4.CT0.ETH12](Slot:1)
[FA-X90R3.CT0.ETH15] ====>> [FA-X90R4.CT0.ETH13](Slot:1)
[FA-X90R3.CT0.ETH18] ====>> [FA-X90R4.CT0.ETH18](Slot:3)
[FA-X90R3.CT0.ETH19] ====>> [FA-X90R4.CT0.ETH19](Slot:3)
[FA-X90R3.CT0.ETH4] ====>> [FA-X90R4.CT0.ETH10](Slot:1)
Press Enter to show more lines...
[FA-X90R3.CT0.ETH5] ====>> [FA-X90R4.CT0.ETH11](Slot:1)
Exit the upgrade process: 
Error: Unable to migrate ports configuration:
[FA-X90R3.CT0.FC0, FA-X90R3.CT0.FC1, FA-X90R3.CT0.FC2, FA-X90R3.CT0.FC3]
because target ports are missing.
The following ports cannot migrate from old controller to new controller: {}
To discard the network port configuration for all missing ports, run the puresetup replace command with the option '--allow-lose-netconfig'
CONFIG_TASK_COMPLETED:CONFIG_TASK_PURESETUP_EXITED
puresetup@PCTFJ2514000D:~$ puresetup replace --allow-lose-netconfig --from-controller FA-X90R3
##########################################
#   Welcome to the Purity Setup Wizard   #
##########################################
Controller hardware model is compatible with the controller purity version
Name       Created                  Expires
puresetup  2025-06-14 03:46:43 UTC  2025-06-14 04:46:43 UTC
Local controller model is FA-X90R4.
Drive detected storage type is X.
FA-X90R3 found to be replaced by FA-X90R4 has storage type X.
Controller type supports multiple storage types, detecting type of storage installed...
Detected storage type X
Pre-existing storage type X was found on the device
Successfully configured storage type X for array controller
Waiting for peer address to check peer connectivity SUCCESS
Check Cobalt NDU controllers.. OK
Check RDL..................... OK
Check shelf cabling........... OK
Check controller link......... OK
Check power supply............ OK
Check PCIE AER errors......... OK
Check io card pci id's........ OK
Check LOM MAC addresses....... OK
Getting local controller type. Local controller type is cobalt_sas_a.
Getting local controller variant. Not a generic controller, Exiting.
Checking peer controller for tunables
Waiting for peer address to check peer connectivity SUCCESS
purity.service stablized: done
platform: done
foed: done
gui: done
rest: done
platform_env: 0.done
quorum: done
foed_env: 0.done
foed_ready: done
remote_patch: done
driver: done
san: Skip waiting for san during HW NDU
[FA-X90R3.CT0.ETH1] does not need to be migrated since it has no configuration and is not a subinterface.
[FA-X90R3.CT0.ETH2] does not need to be migrated since it has no configuration and is not a subinterface.
[FA-X90R3.CT0.ETH3] does not need to be migrated since it has no configuration and is not a subinterface.
Please move ports as shown below:
[FA-X90R3.CT0.ETH0] ====>> [FA-X90R4.CT0.ETH4](Slot: LOM)
[FA-X90R3.CT0.ETH14] ====>> [FA-X90R4.CT0.ETH12](Slot:1)
[FA-X90R3.CT0.ETH15] ====>> [FA-X90R4.CT0.ETH13](Slot:1)
[FA-X90R3.CT0.ETH18] ====>> [FA-X90R4.CT0.ETH18](Slot:3)
[FA-X90R3.CT0.ETH19] ====>> [FA-X90R4.CT0.ETH19](Slot:3)
[FA-X90R3.CT0.ETH4] ====>> [FA-X90R4.CT0.ETH10](Slot:1)
Press Enter to show more lines...
[FA-X90R3.CT0.ETH5] ====>> [FA-X90R4.CT0.ETH11](Slot:1)
Error: Unable to migrate ports configuration:
[FA-X90R3.CT0.FC0, FA-X90R3.CT0.FC1, FA-X90R3.CT0.FC2, FA-X90R3.CT0.FC3]
because target ports are missing.
The following ports cannot migrate from old controller to new controller: {}
Are you sure you want to discard the network port configurations
for all missing ports? (y/n):yAre you sure you want to discard the network port configurations
for all missing ports? (y/n): y

After the cables have been moved, type "CONTINUE": continue
Configuring network ports...
ping: connect: Network is unreachable
Perform ping test on port ETH4 ....... FAIL
Ping test FAILED on ['eth4']
Ethernet port verification failed, please check port status.
Retry ping test? (y/n):yRetry ping test? (y/n): y
ping: connect: Network is unreachable
Perform ping test on port ETH4 ....... FAIL
Ping test FAILED on ['eth4']
Ethernet port verification failed, please check port status.
Retry ping test? (y/n):yRetry ping test? (y/n): y
Perform ping test on port ETH4 ....... OK
Checking SAN connectivity                                                                               
Broadcast message from root@bmgdcsan01-ct0 (somewhere) (Sat Jun 14 03:50:37 202
                                                                               
                                                                               
Purity//FA Information System Status                                           
====================================                                           
Purity//FA has successfully started for                                        
the first time after an install                                                
or upgrade. Purity//FA 6.5.10 (202503222031+c6937a2616b9-65x)                  
is now set to be the default.                                                  
                                                                               
                                                                               
Broadcast message from root@bmgdcsan01-ct0 (somewhere) (Sat Jun 14 03:50:37 202
                                                                               
                                                                               
Purity//FA Information System Status                                           
====================================                                           
Purity//FA has successfully started for                                        
the first time after an install                                                
or upgrade. Purity//FA 6.5.10 (202503222031+c6937a2616b9-65x)                  
is now set to be the default.                                                  
                                                                               

SAN is ready.
Waiting for Software Check:.Checking iobalance before proceeding, sampling for 30 seconds, retrying 1 times, adding 30 seconds with each retry
Try 1/2: Sampling I/O for 30 seconds
^C
Exit without saving changes.
CONFIG_TASK_COMPLETED:CONFIG_TASK_PURESETUP_EXITED
puresetup@PCTFJ2514000D:~$ puresetup timezone
##########################################
#   Welcome to the Purity Setup Wizard   #
##########################################
Name       Created                  Expires
puresetup  2025-06-14 03:50:57 UTC  2025-06-14 04:50:57 UTC
Changing the time zone will require a reboot on this controller.
Current time zone: Etc/UTC
Change time zone [requires reboot] (y/n):yChange time zone [requires reboot] (y/n): y
Configuring tzdata
------------------

Please select the geographic area in which you live. Subsequent configuration 
questions will narrow this down by presenting a list of cities, representing the
time zones in which they are located.

  1. Africa      4. Australia     7. Atlantic Ocean  10. Pacific Ocean
  2. America     5. Arctic Ocean  8. Europe          11. US
  3. Antarctica  6. Asia          9. Indian Ocean    12. None of the above

Geographic area: 2


Please select the city or region corresponding to your time zone.

  1. Adak                       80. Juneau
  2. Anchorage                  81. Louisville (Kentucky)
  3. Anguilla                   82. Monticello (Kentucky)
  4. Antigua                    83. Kralendijk
  5. Araguaina                  84. La Paz
  6. Buenos Aires (Argentina)   85. Lima
  7. Catamarca (Argentina)      86. Los Angeles
  8. Cordoba (Argentina)        87. Lower Princes
  9. Jujuy (Argentina)          88. Maceio
  10. La Rioja (Argentina)      89. Managua
  11. Mendoza (Argentina)       90. Manaus
  12. Rio Gallegos (Argentina)  91. Marigot
  13. Salta (Argentina)         92. Martinique
  14. San Juan (Argentina)      93. Matamoros
  15. San Luis (Argentina)      94. Mazatlan
  16. Tucuman (Argentina)       95. Menominee
  17. Ushuaia (Argentina)       96. Merida
  18. Aruba                     97. Metlakatla
[More] 

  19. Asuncion                  98. Mexico City
  20. Atikokan                  99. Miquelon
  21. Atka                      100. Moncton
  22. Bahia                     101. Monterrey
  23. Bahia Banderas            102. Montevideo
  24. Barbados                  103. Montreal
  25. Belem                     104. Montserrat
  26. Belize                    105. Nassau
  27. Blanc-Sablon              106. New York
  28. Boa Vista                 107. Nipigon
  29. Bogota                    108. Nome
  30. Boise                     109. Fernando de Noronha
  31. Cambridge Bay             110. Beulah (North Dakota)
  32. Campo Grande              111. Center (North Dakota)
  33. Cancun                    112. New Salem (North Dakota)
  34. Caracas                   113. Nuuk
  35. Cayenne                   114. Ojinaga
  36. Cayman                    115. Panama
  37. Chicago                   116. Pangnirtung
  38. Chihuahua                 117. Paramaribo
  39. Ciudad_Juarez             118. Phoenix
  40. Coral Harbour             119. Port-au-Prince
[More] 

  41. Costa Rica                120. Port of Spain
  42. Creston                   121. Porto Acre
  43. Cuiaba                    122. Porto Velho
  44. Curaçao                  123. Puerto Rico
  45. Danmarkshavn              124. Punta Arenas
  46. Dawson                    125. Rainy River
  47. Dawson Creek              126. Rankin Inlet
  48. Denver                    127. Recife
  49. Detroit                   128. Regina
  50. Dominica                  129. Resolute
  51. Edmonton                  130. Rio Branco
  52. Eirunepe                  131. Santa Isabel
  53. El Salvador               132. Santarém
  54. Ensenada                  133. Santiago
  55. Fort Nelson               134. Santo Domingo
  56. Fortaleza                 135. São Paulo
  57. Glace Bay                 136. Scoresbysund
  58. Godthab                   137. Shiprock
  59. Goose Bay                 138. Sitka
  60. Grand Turk                139. St Barthelemy
  61. Grenada                   140. St Johns
  62. Guadeloupe                141. St Kitts
[More] 

  63. Guatemala                 142. St Lucia
  64. Guayaquil                 143. St Thomas
  65. Guyana                    144. St Vincent
  66. Halifax                   145. Swift Current
  67. Havana                    146. Tegucigalpa
  68. Hermosillo                147. Thule
  69. Indianapolis (Indiana)    148. Thunder Bay
  70. Knox (Indiana)            149. Tijuana
  71. Marengo (Indiana)         150. Toronto
  72. Petersburg (Indiana)      151. Tortola
  73. Tell City (Indiana)       152. Vancouver
  74. Vevay (Indiana)           153. Virgin
  75. Vincennes (Indiana)       154. Whitehorse
  76. Winamac (Indiana)         155. Winnipeg
  77. Inuvik                    156. Yakutat
  78. Iqaluit                   157. Yellowknife
  79. Jamaica

Time zone: 37



Current default time zone: 'America/Chicago'
Local time is now:      Fri Jun 13 22:51:03 CDT 2025.
Universal Time is now:  Sat Jun 14 03:51:03 UTC 2025.

'/cache/timezone/localtime' -> '/usr/share/zoneinfo/America/Chicago'
Confirm time zone change from Etc/UTC to America/Chicago
(y/N):y(y/N): y
Press ENTER to reboot

This controller will be online after reboot.
CONFIG_TASK_COMPLETED:CONFIG_TASK_PURESETUP_EXITED
puresetup@PCTFJ2514000D:~$  GNU GRUB  version 2.06

/----------------------------------------------------------------------------\||||||||||||||||||||||||||\----------------------------------------------------------------------------/     Use the ^ and v keys to select which entry is highlighted.          
      Press enter to boot the selected OS, `e' to edit the commands       
      before booting or `c' for a command-line.                            *Purity 6.5.10 (202503222031+c6937a2616b9) with kernel 5.15.123+ (202502120>
 Purity 6.5.5 (202404130351+34e2b1e66ad3) with kernel 5.15.123+ (2024031915>
                                                                                                                                                                                                                                                                                                                                                                                                                                                                                                                                                                                                                                                                                                                                                                                                                                                                        The highlighted entry will be executed automatically in 3s.                    The highlighted entry will be executed automatically in 2s.                    The highlighted entry will be executed automatically in 1s.                    The highlighted entry will be executed automatically in 0s.                 
This device and network are the property of Baker & McKenzie [the Firm]. 
The network and access to it are protected by intellectual property rights and contain confidential information protected by the attorney-client privilege and other claims of confidentiality.
You may not access this network unless you have express permission from Baker & McKenzie. 
If you have permission to access this system, you are allowed limited, conditional access to this network and the information on it only as defined by Firm management and the system administrators.

Your activities on this network are subject to being monitored by the Firm and are subject to the Firm policies defined in the Attorney Manual and/or the Employee Handbook. 
You may not use any computer to access this system for any unlawful or illegal purpose or to facilitate or advance any illegal activity. 
Any such improper or illegal use will subject you to discipline by the Firm and also is subject to being reported to law enforcement authorities.

Do not logon to this system unless you are an approved Baker & McKenzie user and you agree to your activity on our system being monitored.

bmgdcsan01-ct0 login: pureeng
1) Authenticate via CloudAssist
2) Authenticate via command line
3) Restore challenge
Type the number corresponding to the authentication method you want to use.

Selection: 1

An email for identity verification will be sent once email is entered.
Please follow the authentication instructions provided there and return to this screen when finished or if email has not been received.


Enter an email address: fharris@purestorage.com
Successfully authenticated

Fri Jun 13 22:54:51 2025
Welcome pureeng. This is Purity Version 6.5.10 on FlashArray bmgdcsan01
http://www.purestorage.com/
pureeng@bmgdcsan01-ct0:~$ purehw list
Name       Status  Identify  Slot  Index  Speed       Temperature  Voltage  Details
CH0        ok      off       -     0      -           -            -        -
CH0.BAY0   ok      off       -     0      -           -            -        -
CH0.BAY1   ok      off       -     1      -           -            -        -
CH0.BAY2   ok      off       -     2      -           -            -        -
CH0.BAY3   ok      off       -     3      -           -            -        -
CH0.BAY4   ok      off       -     4      -           -            -        -
CH0.BAY5   ok      off       -     5      -           -            -        -
CH0.BAY6   ok      off       -     6      -           -            -        -
CH0.BAY7   ok      off       -     7      -           -            -        -
CH0.BAY8   ok      off       -     8      -           -            -        -
CH0.BAY9   ok      off       -     9      -           -            -        -
CH0.BAY10  ok      off       -     10     -           -            -        -
CH0.BAY11  ok      off       -     11     -           -            -        -
CH0.BAY12  ok      off       -     12     -           -            -        -
CH0.BAY13  ok      off       -     13     -           -            -        -
CH0.BAY14  ok      off       -     14     -           -            -        -
CH0.BAY15  ok      off       -     15     -           -            -        -
CH0.BAY16  ok      off       -     16     -           -            -        -
CH0.BAY17  ok      off       -     17     -           -            -        -
CH0.BAY18  ok      off       -     18     -           -            -        -
CH0.BAY19  ok      off       -     19     -           -            -        -
CH0.NVB0   ok      off       -     0      -           -            -        -
CH0.NVB1   ok      off       -     1      -           -            -        -
CH0.NVB2   ok      off       -     2      -           -            -        -
CH0.NVB3   ok      off       -     3      -           -            -        -
CH0.PWR0   ok      -         -     0      -           -            202 V    -
CH0.PWR1   ok      -         -     1      -           -            204 V    -
CH0.TMP0   ok      -         -     0      -           25 C         -        -
CT0        ok      off       -     0      -           -            -        -
CT0.DCA4   ok      -         4     4      -           -            -        -
CT0.ETH0   ok      -         -     0      0.00 b/s    -            -        -
CT0.ETH1   ok      -         -     1      0.00 b/s    -            -        -
CT0.ETH2   ok      -         -     2      0.00 b/s    -            -        -
CT0.ETH3   ok      -         -     3      0.00 b/s    -            -        -
CT0.ETH4   ok      -         -     4      1.00 Gb/s   -            -        -
CT0.ETH5   ok      -         -     5      0.00 b/s    -            -        -
CT0.ETH10  ok      -         1     10     10.00 Gb/s  -            -        -
CT0.ETH11  ok      -         1     11     10.00 Gb/s  -            -        -
CT0.ETH12  ok      -         1     12     10.00 Gb/s  -            -        -
CT0.ETH13  ok      -         1     13     10.00 Gb/s  -            -        -
CT0.ETH18  ok      -         3     18     10.00 Gb/s  -            -        -
CT0.ETH19  ok      -         3     19     10.00 Gb/s  -            -        -
CT0.FAN0   ok      -         -     0      -           -            -        -
CT0.FAN1   ok      -         -     1      -           -            -        -
CT0.FAN2   ok      -         -     2      -           -            -        -
CT0.FAN3   ok      -         -     3      -           -            -        -
CT0.FAN4   ok      -         -     4      -           -            -        -
CT0.FAN5   ok      -         -     5      -           -            -        -
CT0.SAS0   ok      -         2     0      48.00 Gb/s  -            -        -
CT0.SAS1   ok      -         2     1      48.00 Gb/s  -            -        -
CT0.SAS2   ok      -         2     2      48.00 Gb/s  -            -        -
CT0.SAS3   ok      -         2     3      48.00 Gb/s  -            -        -
CT0.TMP0   ok      -         -     0      -           41 C         -        -
CT0.TMP1   ok      -         -     1      -           42 C         -        -
CT0.TMP2   ok      -         -     2      -           56 C         -        -
CT0.TMP3   ok      -         -     3      -           53 C         -        -
CT0.TMP4   ok      -         -     4      -           48 C         -        -
CT0.TMP5   ok      -         -     5      -           47 C         -        -
CT0.TMP6   ok      -         -     6      -           32 C         -        -
CT0.TMP7   ok      -         -     7      -           32 C         -        -
CT0.TMP8   ok      -         -     8      -           51 C         -        -
CT0.TMP9   ok      -         -     9      -           43 C         -        -
CT0.TMP10  ok      -         -     10     -           43 C         -        -
CT0.TMP11  ok      -         -     11     -           42 C         -        -
CT0.TMP12  ok      -         -     12     -           40 C         -        -
CT0.TMP13  ok      -         -     13     -           41 C         -        -
CT0.TMP14  ok      -         -     14     -           41 C         -        -
CT0.TMP15  ok      -         -     15     -           40 C         -        -
CT0.TMP16  ok      -         -     16     -           40 C         -        -
CT0.TMP17  ok      -         -     17     -           40 C         -        -
CT0.TMP18  ok      -         -     18     -           39 C         -        -
CT0.TMP19  ok      -         -     19     -           39 C         -        -
CT0.TMP20  ok      -         -     20     -           38 C         -        -
CT0.TMP21  ok      -         -     21     -           43 C         -        -
CT0.TMP22  ok      -         -     22     -           43 C         -        -
CT0.TMP23  ok      -         -     23     -           43 C         -        -
CT0.TMP24  ok      -         -     24     -           42 C         -        -
CT1        ok      off       -     1      -           -            -        -
CT1.ETH0   ok      -         -     0      1.00 Gb/s   -            -        -
CT1.ETH1   ok      -         -     1      0.00 b/s    -            -        -
CT1.ETH2   ok      -         -     2      0.00 b/s    -            -        -
CT1.ETH3   ok      -         -     3      0.00 b/s    -            -        -
CT1.ETH4   ok      -         -     4      10.00 Gb/s  -            -        -
CT1.ETH5   ok      -         -     5      10.00 Gb/s  -            -        -
CT1.ETH14  ok      -         1     14     10.00 Gb/s  -            -        -
CT1.ETH15  ok      -         1     15     10.00 Gb/s  -            -        -
CT1.ETH18  ok      -         2     18     10.00 Gb/s  -            -        -
CT1.ETH19  ok      -         2     19     10.00 Gb/s  -            -        -
CT1.FAN0   ok      -         -     0      -           -            -        -
CT1.FAN1   ok      -         -     1      -           -            -        -
CT1.FAN2   ok      -         -     2      -           -            -        -
CT1.FAN3   ok      -         -     3      -           -            -        -
CT1.FAN4   ok      -         -     4      -           -            -        -
CT1.FAN5   ok      -         -     5      -           -            -        -
CT1.FC0    ok      -         0     0      0.00 b/s    -            -        -
CT1.FC1    ok      -         0     1      0.00 b/s    -            -        -
CT1.FC2    ok      -         0     2      0.00 b/s    -            -        -
CT1.FC3    ok      -         0     3      0.00 b/s    -            -        -
CT1.SAS0   ok      -         -     0      48.00 Gb/s  -            -        -
CT1.SAS1   ok      -         -     1      48.00 Gb/s  -            -        -
CT1.SAS2   ok      -         -     2      48.00 Gb/s  -            -        -
CT1.SAS3   ok      -         -     3      48.00 Gb/s  -            -        -
CT1.TMP0   ok      -         -     0      -           50 C         -        -
CT1.TMP1   ok      -         -     1      -           51 C         -        -
CT1.TMP2   ok      -         -     2      -           40 C         -        -
CT1.TMP3   ok      -         -     3      -           63 C         -        -
CT1.TMP4   ok      -         -     4      -           63 C         -        -
CT1.TMP5   ok      -         -     5      -           51 C         -        -
CT1.TMP6   ok      -         -     6      -           60 C         -        -
CT1.TMP7   ok      -         -     7      -           46 C         -        -
CT1.TMP8   ok      -         -     8      -           46 C         -        -
CT1.TMP9   ok      -         -     9      -           46 C         -        -
CT1.TMP10  ok      -         -     10     -           46 C         -        -
CT1.TMP11  ok      -         -     11     -           45 C         -        -
CT1.TMP12  ok      -         -     12     -           45 C         -        -
CT1.TMP13  ok      -         -     13     -           48 C         -        -
CT1.TMP14  ok      -         -     14     -           47 C         -        -
CT1.TMP15  ok      -         -     15     -           46 C         -        -
CT1.TMP16  ok      -         -     16     -           45 C         -        -
CT1.TMP17  ok      -         -     17     -           46 C         -        -
CT1.TMP18  ok      -         -     18     -           47 C         -        -
CT1.TMP19  ok      -         -     19     -           43 C         -        -
CT1.TMP20  ok      -         -     20     -           42 C         -        -
CT1.TMP21  ok      -         -     21     -           54 C         -        -
CT1.TMP22  ok      -         -     22     -           50 C         -        -
CT1.TMP23  ok      -         -     23     -           53 C         -        -
CT1.TMP24  ok      -         -     24     -           53 C         -        -
CT1.TMP25  ok      -         -     25     -           59 C         -        -
CT1.TMP26  ok      -         -     26     -           40 C         -        -
SH0        ok      off       -     0      -           -            -        -
SH0.BAY0   ok      off       -     0      -           -            -        -
SH0.BAY1   ok      off       -     1      -           -            -        -
SH0.BAY2   ok      off       -     2      -           -            -        -
SH0.BAY3   ok      off       -     3      -           -            -        -
SH0.BAY4   ok      off       -     4      -           -            -        -
SH0.BAY5   ok      off       -     5      -           -            -        -
SH0.BAY6   ok      off       -     6      -           -            -        -
SH0.BAY7   ok      off       -     7      -           -            -        -
SH0.BAY8   ok      off       -     8      -           -            -        -
SH0.BAY9   ok      off       -     9      -           -            -        -
SH0.BAY10  ok      off       -     10     -           -            -        -
SH0.BAY11  ok      off       -     11     -           -            -        -
SH0.BAY12  ok      off       -     12     -           -            -        -
SH0.BAY13  ok      off       -     13     -           -            -        -
SH0.BAY14  ok      off       -     14     -           -            -        -
SH0.BAY15  ok      off       -     15     -           -            -        -
SH0.BAY16  ok      off       -     16     -           -            -        -
SH0.BAY17  ok      off       -     17     -           -            -        -
SH0.BAY18  ok      off       -     18     -           -            -        -
SH0.BAY19  ok      off       -     19     -           -            -        -
SH0.BAY20  ok      off       -     20     -           -            -        -
SH0.BAY21  ok      off       -     21     -           -            -        -
SH0.BAY22  ok      off       -     22     -           -            -        -
SH0.BAY23  ok      off       -     23     -           -            -        -
SH0.FAN0   ok      -         -     0      -           -            -        -
SH0.FAN1   ok      -         -     1      -           -            -        -
SH0.FAN2   ok      -         -     2      -           -            -        -
SH0.FAN3   ok      -         -     3      -           -            -        -
SH0.IOM0   ok      off       0     0      -           -            -        -
SH0.IOM1   ok      off       1     1      -           -            -        -
SH0.PWR0   ok      -         -     0      -           -            -        -
SH0.PWR1   ok      -         -     1      -           -            -        -
SH0.SAS0   ok      -         0     0      48.00 Gb/s  -            -        -
SH0.SAS1   ok      -         0     1      0.00 b/s    -            -        -
SH0.SAS2   ok      -         0     2      48.00 Gb/s  -            -        -
SH0.SAS3   ok      -         1     3      48.00 Gb/s  -            -        -
SH0.SAS4   ok      -         1     4      0.00 b/s    -            -        -
SH0.SAS5   ok      -         1     5      48.00 Gb/s  -            -        -
SH0.TMP0   ok      -         -     0      -           28 C         -        -
SH0.TMP1   ok      -         -     1      -           29 C         -        -
SH0.TMP2   ok      -         -     2      -           30 C         -        -
SH0.TMP3   ok      -         -     3      -           33 C         -        -
SH0.TMP4   ok      -         -     4      -           30 C         -        -
SH0.TMP5   ok      -         -     5      -           33 C         -        -
SH0.TMP6   ok      -         -     6      -           36 C         -        -
SH0.TMP7   ok      -         -     7      -           35 C         -        -
SH1        ok      off       -     1      -           -            -        -
SH1.BAY0   ok      off       -     0      -           -            -        -
SH1.BAY1   ok      off       -     1      -           -            -        -
SH1.BAY2   ok      off       -     2      -           -            -        -
SH1.BAY3   ok      off       -     3      -           -            -        -
SH1.BAY4   ok      off       -     4      -           -            -        -
SH1.BAY5   ok      off       -     5      -           -            -        -
SH1.BAY6   ok      off       -     6      -           -            -        -
SH1.BAY7   ok      off       -     7      -           -            -        -
SH1.BAY8   ok      off       -     8      -           -            -        -
SH1.BAY9   ok      off       -     9      -           -            -        -
SH1.BAY10  ok      off       -     10     -           -            -        -
SH1.BAY11  ok      off       -     11     -           -            -        -
SH1.BAY12  ok      off       -     12     -           -            -        -
SH1.BAY13  ok      off       -     13     -           -            -        -
SH1.BAY14  ok      off       -     14     -           -            -        -
SH1.BAY15  ok      off       -     15     -           -            -        -
SH1.BAY16  ok      off       -     16     -           -            -        -
SH1.BAY17  ok      off       -     17     -           -            -        -
SH1.BAY18  ok      off       -     18     -           -            -        -
SH1.BAY19  ok      off       -     19     -           -            -        -
SH1.BAY20  ok      off       -     20     -           -            -        -
SH1.BAY21  ok      off       -     21     -           -            -        -
SH1.BAY22  ok      off       -     22     -           -            -        -
SH1.BAY23  ok      off       -     23     -           -            -        -
SH1.FAN0   ok      -         -     0      -           -            -        -
SH1.FAN1   ok      -         -     1      -           -            -        -
SH1.FAN2   ok      -         -     2      -           -            -        -
SH1.FAN3   ok      -         -     3      -           -            -        -
SH1.IOM0   ok      off       0     0      -           -            -        -
SH1.IOM1   ok      off       1     1      -           -            -        -
SH1.PWR0   ok      -         -     0      -           -            -        -
SH1.PWR1   ok      -         -     1      -           -            -        -
SH1.SAS0   ok      -         0     0      48.00 Gb/s  -            -        -
SH1.SAS1   ok      -         0     1      48.00 Gb/s  -            -        -
SH1.SAS2   ok      -         0     2      48.00 Gb/s  -            -        -
SH1.SAS3   ok      -         1     3      48.00 Gb/s  -            -        -
SH1.SAS4   ok      -         1     4      48.00 Gb/s  -            -        -
SH1.SAS5   ok      -         1     5      48.00 Gb/s  -            -        -
SH1.TMP0   ok      -         -     0      -           26 C         -        -
SH1.TMP1   ok      -         -     1      -           29 C         -        -
SH1.TMP2   ok      -         -     2      -           30 C         -        -
SH1.TMP3   ok      -         -     3      -           34 C         -        -
SH1.TMP4   ok      -         -     4      -           30 C         -        -
SH1.TMP5   ok      -         -     5      -           33 C         -        -
SH1.TMP6   ok      -         -     6      -           36 C         -        -
SH1.TMP7   ok      -         -     7      -           35 C         -        -
SH2        ok      off       -     2      -           -            -        -
SH2.BAY0   ok      off       -     0      -           -            -        -
SH2.BAY1   ok      off       -     1      -           -            -        -
SH2.BAY2   ok      off       -     2      -           -            -        -
SH2.BAY3   ok      off       -     3      -           -            -        -
SH2.BAY4   ok      off       -     4      -           -            -        -
SH2.BAY5   ok      off       -     5      -           -            -        -
SH2.BAY6   ok      off       -     6      -           -            -        -
SH2.BAY7   ok      off       -     7      -           -            -        -
SH2.BAY8   ok      off       -     8      -           -            -        -
SH2.BAY9   ok      off       -     9      -           -            -        -
SH2.BAY10  ok      off       -     10     -           -            -        -
SH2.BAY11  ok      off       -     11     -           -            -        -
SH2.BAY12  ok      off       -     12     -           -            -        -
SH2.BAY13  ok      off       -     13     -           -            -        -
SH2.BAY14  ok      off       -     14     -           -            -        -
SH2.BAY15  ok      off       -     15     -           -            -        -
SH2.BAY16  ok      off       -     16     -           -            -        -
SH2.BAY17  ok      off       -     17     -           -            -        -
SH2.BAY18  ok      off       -     18     -           -            -        -
SH2.BAY19  ok      off       -     19     -           -            -        -
SH2.BAY20  ok      off       -     20     -           -            -        -
SH2.BAY21  ok      off       -     21     -           -            -        -
SH2.BAY22  ok      off       -     22     -           -            -        -
SH2.BAY23  ok      off       -     23     -           -            -        -
SH2.FAN0   ok      -         -     0      -           -            -        -
SH2.FAN1   ok      -         -     1      -           -            -        -
SH2.FAN2   ok      -         -     2      -           -            -        -
SH2.FAN3   ok      -         -     3      -           -            -        -
SH2.IOM0   ok      off       0     0      -           -            -        -
SH2.IOM1   ok      off       1     1      -           -            -        -
SH2.PWR0   ok      -         -     0      -           -            -        -
SH2.PWR1   ok      -         -     1      -           -            -        -
SH2.SAS0   ok      -         0     0      0.00 b/s    -            -        -
SH2.SAS1   ok      -         0     1      0.00 b/s    -            -        -
SH2.SAS2   ok      -         0     2      48.00 Gb/s  -            -        -
SH2.SAS3   ok      -         1     3      0.00 b/s    -            -        -
SH2.SAS4   ok      -         1     4      0.00 b/s    -            -        -
SH2.SAS5   ok      -         1     5      48.00 Gb/s  -            -        -
SH2.TMP0   ok      -         -     0      -           26 C         -        -
SH2.TMP1   ok      -         -     1      -           29 C         -        -
SH2.TMP2   ok      -         -     2      -           30 C         -        -
SH2.TMP3   ok      -         -     3      -           34 C         -        -
SH2.TMP4   ok      -         -     4      -           29 C         -        -
SH2.TMP5   ok      -         -     5      -           34 C         -        -
SH2.TMP6   ok      -         -     6      -           37 C         -        -
SH2.TMP7   ok      -         -     7      -           35 C         -        -
pureeng@bmgdcsan01-ct0:~$ puremessage list --open
ID        Time                     Severity  Category  Code  Component  Name            Event             Expected  Actual  Details
14791127  2023-09-19 01:17:02 CDT  warning   array     25    storage    array.capacity  high utilization  < 90%     92.27%  
pureeng@bmgdcsan01-ct0:~$ iobalance -s-sampletime 15
sampling host I/O for 15 seconds...
                Host  CT0 I/O Count  CT1 I/O Count  
         BMGDCD2551A        0.00      373.00  ! no I/O to CT0
         BMGDCD2551B        0.00        0.00  ? Host is idle
         BMGDCD2551C        0.00      19.10K  ! no I/O to CT0
         BMGDCD2551D        0.00     103.97K  ! no I/O to CT0
          BMGDCP2520        0.00      48.53K  ! no I/O to CT0
          BMGDCP2521        0.00      33.71K  ! no I/O to CT0
         BMGDCP2521A        0.00        0.00  ? Host is idle
         BMGDCP2521B        0.00        0.00  ? Host is idle
         BMGDCP2521C        0.00        0.00  ? Host is idle
          BMGDCP2522        0.00      17.83K  ! no I/O to CT0
         BMGDCP2551A        0.00       1.77K  ! no I/O to CT0
         BMGDCP2551B        0.00        0.00  ? Host is idle
         BMGDCP2551C        0.00      23.45K  ! no I/O to CT0
         BMGDCP2551D        0.00      31.93K  ! no I/O to CT0
         BMGDCP2551E        0.00       5.11K  ! no I/O to CT0
         BMGDCP2551F        0.00      13.14K  ! no I/O to CT0
         BMGDCP2551G        0.00        0.00  ? Host is idle
         BMGDCP2551H        0.00        0.00  ? Host is idle
         BMGDCP2551I        0.00        0.00  ? Host is idle
         BMGDCP2551J        0.00        0.00  ? Host is idle
         BMGDCP2552A        0.00       96.00  ! no I/O to CT0
         BMGDCP2552B        0.00       79.00  ! no I/O to CT0
         BMGDCP2564A        0.00      11.18K  ! no I/O to CT0
         BMGDCP2564B        0.00       2.46K  ! no I/O to CT0
         BMGDCP2566A        0.00       7.08K  ! no I/O to CT0
         BMGDCP2566B        0.00      88.57K  ! no I/O to CT0
         BMGDCP2566C        0.00      14.44K  ! no I/O to CT0
         BMGDCP2566D        0.00      12.83K  ! no I/O to CT0
         BMGDCP2566E        0.00      11.96K  ! no I/O to CT0
         BMGDCP2566F        0.00      13.16K  ! no I/O to CT0
         BMGDCP2566G        0.00      74.56K  ! no I/O to CT0
         BMGDCP2566H        0.00     100.12K  ! no I/O to CT0
         BMGDCP2566Y        0.00      34.06K  ! no I/O to CT0
         BMGDCP2566Z        0.00      510.00  ! no I/O to CT0
         BMGDCP2567A        0.00      14.81K  ! no I/O to CT0
         BMGDCP2567B        0.00      13.31K  ! no I/O to CT0
         BMGDCP2567C        0.00      20.35K  ! no I/O to CT0
         BMGDCP2567D        0.00      15.42K  ! no I/O to CT0
         BMGDCP2567E        0.00      15.74K  ! no I/O to CT0
         BMGDCP2567F        0.00      20.33K  ! no I/O to CT0
         BMGDCP2567G        0.00      515.00  ! no I/O to CT0
         BMGDCP2567H        0.00      739.00  ! no I/O to CT0
         BMGDCP2568A        0.00       96.00  ! no I/O to CT0
         BMGDCP2568B        0.00        0.00  ? Host is idle
         BMGDCP3551A        0.00      23.54K  ! no I/O to CT0
         BMGDCP3551B        0.00        1.00  ! no I/O to CT0
         BMGDCP3566A        0.00      30.23K  ! no I/O to CT0
         BMGDCP3566B        0.00      20.15K  ! no I/O to CT0
         BMGDCP3566C        0.00      38.16K  ! no I/O to CT0
pureeng@bmgdcsan01-ct0:~$ iscsipureportlist=`pureport list --initiator | grep -v FC | awk -F' CT' '{print "CT"$2,$8}' | grep -v 'CT ' | awk -F '.ETH' '{print $1 , $2}' | awk '{print $1, $5, $6}' | sort | uniq -c; echo`; iscsipureportlistcount=`echo "$iscsipureportlist" | awk '{total += $1} END {print total}'`; echo -e "$iscsipureportlist\n\n"; echo -e "\tTotal iSCSI connections: $iscsipureportlistcount\n\n";
    443 CT0 iqn.2010-06.com.purestorage:flasharray.5a698b6be77889d1 -
    459 CT1 iqn.2010-06.com.purestorage:flasharray.5a698b6be77889d1 -


Total iSCSI connections: 902


pureeng@bmgdcsan01-ct0:~$ iscsipureportlist=`pureport list --initiator | grep -v FC | awk -F' CT' '{print "CT"$2,$8}' | grep -v 'CT ' | awk -F '.ETH' '{print $1, $2}' | awk '{print $1, $5, $6}' | sort | uniq -c; echo`; iscsipureportlistcount=`echo "$iscsipureportlist" | awk '{total += $1} END {print total}'`; echo -e "$iscsipureportlist\n\n"; echo -e "\tTotal iSCSI connections: $iscsipureportlistcount\n\n";obalance --sampletime 15





sampling host I/O for 15 seconds...
                Host  CT0 I/O Count  CT1 I/O Count  
         BMGDCD2551A       12.00       10.00  
         BMGDCD2551B        0.00        0.00  ? Host is idle
         BMGDCD2551C       6.45K       6.15K  
         BMGDCD2551D      34.75K      33.67K  
          BMGDCP2520      52.85K      51.24K  
          BMGDCP2521      47.52K      45.86K  
         BMGDCP2521A        0.00        0.00  ? Host is idle
         BMGDCP2521B        0.00        0.00  ? Host is idle
         BMGDCP2521C      108.00      108.00  
          BMGDCP2522       3.62K       3.11K  
         BMGDCP2551A        0.00       1.57K  ! no I/O to CT0
         BMGDCP2551B       1.48K        0.00  ! no I/O to CT1
         BMGDCP2551C        0.00      50.71K  ! no I/O to CT0
         BMGDCP2551D      24.26K      25.14K  
         BMGDCP2551E        0.00      11.61K  ! no I/O to CT0
         BMGDCP2551F        0.00      56.39K  ! no I/O to CT0
         BMGDCP2551G        0.00        0.00  ? Host is idle
         BMGDCP2551H        0.00        0.00  ? Host is idle
         BMGDCP2551I        0.00        0.00  ? Host is idle
         BMGDCP2551J        0.00        0.00  ? Host is idle
         BMGDCP2552A       4.57K       2.98K  ! unbalanced I/O
         BMGDCP2552B       1.78K       37.00  ! unbalanced I/O
         BMGDCP2564A       1.69K       1.65K  
         BMGDCP2564B       1.94K       1.95K  
         BMGDCP2566A       3.12K       2.70K  
         BMGDCP2566B      45.47K      43.55K  
         BMGDCP2566C      19.57K      18.06K  
         BMGDCP2566D      24.49K      23.76K  
         BMGDCP2566E       9.01K       8.43K  
         BMGDCP2566F       9.16K       8.84K  
         BMGDCP2566G        0.00      81.61K  ! no I/O to CT0
         BMGDCP2566H      36.44K      54.02K  
         BMGDCP2566Y      33.58K      26.03K  
         BMGDCP2566Z      374.00      110.00  ! unbalanced I/O
         BMGDCP2567A       9.96K       9.39K  
         BMGDCP2567B       9.16K       8.61K  
         BMGDCP2567C      14.88K      14.02K  
         BMGDCP2567D       3.39K       6.60K  ! unbalanced I/O
         BMGDCP2567E      23.60K      22.82K  
         BMGDCP2567F      26.04K      24.98K  
         BMGDCP2567G        0.00        0.00  ? Host is idle
         BMGDCP2567H      224.00      224.00  
         BMGDCP2568A       96.00       96.00  
         BMGDCP2568B       48.00       48.00  
         BMGDCP3551A      13.25K      14.13K  
         BMGDCP3551B        3.00        2.00  
         BMGDCP3566A      14.53K      13.88K  
         BMGDCP3566B      11.75K      11.29K  
         BMGDCP3566C      22.84K      21.91K  
pureeng@bmgdcsan01-ct0:~$ iobalance --sampletime 15scsipureportlist=`pureport list --initiator | grep -v FC | awk -F' CT' '{print "CT"$2,$8}' | grep -v 'CT ' | awk -F '.ETH' '{print $1, $2}' | awk '{print $1, $5, $6}' | sort | uniq -c; echo`; iscsipureportlistcount=`echo "$iscsipureportlist" | awk '{total += $1} END {print total}'`; echo -e "$iscsipureportlist\n\n"; echo -e "\tTotal iSCSI connections: $iscsipureportlistcount\n\n";
    452 CT0 iqn.2010-06.com.purestorage:flasharray.5a698b6be77889d1 -
    459 CT1 iqn.2010-06.com.purestorage:flasharray.5a698b6be77889d1 -


Total iSCSI connections: 911


pureeng@bmgdcsan01-ct0:~$ iscsipureportlist=`pureport list --initiator | grep -v FC | awk -F' CT' '{print "CT"$2,$8}' | grep -v 'CT ' | awk -F '.ETH' '{print $1, $2}' | awk '{print $1, $5, $6}' | sort | uniq -c; echo`; iscsipureportlistcount=`echo "$iscsipureportlist" | awk '{total += $1} END {print total}'`; echo -e "$iscsipureportlist\n\n"; echo -e "\tTotal iSCSI connections: $iscsipureportlistcount\n\n";
    452 CT0 iqn.2010-06.com.purestorage:flasharray.5a698b6be77889d1 -
    459 CT1 iqn.2010-06.com.purestorage:flasharray.5a698b6be77889d1 -


Total iSCSI connections: 911


pureeng@bmgdcsan01-ct0:~$ iscsipureportlist=`pureport list --initiator | grep -v FC | awk -F' CT' '{print "CT"$2,$8}' | grep -v 'CT ' | awk -F '.ETH' '{print $1, $2}' | awk '{print $1, $5, $6}' | sort | uniq -c; echo`; iscsipureportlistcount=`echo "$iscsipureportlist" | awk '{total += $1} END {print total}'`; echo -e "$iscsipureportlist\n\n"; echo -e "\tTotal iSCSI connections: $iscsipureportlistcount\n\n";
    456 CT0 iqn.2010-06.com.purestorage:flasharray.5a698b6be77889d1 -
    459 CT1 iqn.2010-06.com.purestorage:flasharray.5a698b6be77889d1 -


Total iSCSI connections: 915


pureeng@bmgdcsan01-ct0:~$ purenetwork eth list
Name       Enabled  Type      Subnet  Address         Mask           Gateway         MTU   MAC                Speed        Services     Subinterfaces
ct0.eth0   False    physical  -       -               -              -               1500  24:a9:37:61:f5:54  100.00 Gb/s  -            -
ct0.eth1   False    physical  -       -               -              -               1500  24:a9:37:61:f5:55  100.00 Gb/s  -            -
ct0.eth2   False    physical  -       -               -              -               1500  24:a9:37:61:f5:56  25.00 Gb/s   replication  -
ct0.eth3   False    physical  -       -               -              -               1500  24:a9:37:61:f5:57  25.00 Gb/s   replication  -
ct0.eth4   True     physical  -       10.254.224.5    255.255.254.0  10.254.225.254  1500  24:a9:37:61:f5:58  1.00 Gb/s    management   -
ct0.eth5   False    physical  -       -               -              -               1500  24:a9:37:61:f5:59  1.00 Gb/s    management   -
ct0.eth10  True     physical  -       192.168.100.11  255.255.254.0  -               9000  a0:88:c2:7e:88:71  25.00 Gb/s   iscsi        -
ct0.eth11  True     physical  -       192.168.100.13  255.255.254.0  -               9000  a0:88:c2:7e:88:70  25.00 Gb/s   iscsi        -
ct0.eth12  True     physical  -       192.168.100.12  255.255.254.0  -               9000  a0:88:c2:7e:88:6f  25.00 Gb/s   iscsi        -
ct0.eth13  True     physical  -       192.168.104.11  255.255.254.0  -               9000  a0:88:c2:7e:88:6e  25.00 Gb/s   iscsi        -
ct0.eth18  True     physical  -       192.168.100.14  255.255.254.0  -               9000  38:25:f3:53:ef:3d  25.00 Gb/s   iscsi        -
ct0.eth19  True     physical  -       192.168.104.12  255.255.254.0  -               9000  38:25:f3:53:ef:3c  25.00 Gb/s   iscsi        -
ct1.eth0   True     physical  -       10.254.224.6    255.255.254.0  10.254.225.254  1500  24:a9:37:0d:b5:e7  1.00 Gb/s    management   -
ct1.eth1   False    physical  -       -               -              -               1500  24:a9:37:0d:b5:e8  1.00 Gb/s    management   -
ct1.eth2   False    physical  -       -               -              -               1500  24:a9:37:0d:b5:ea  25.00 Gb/s   replication  -
ct1.eth3   False    physical  -       -               -              -               1500  24:a9:37:0d:b5:e9  25.00 Gb/s   replication  -
ct1.eth4   True     physical  -       192.168.101.11  255.255.254.0  -               9000  24:a9:37:0d:b5:ec  25.00 Gb/s   iscsi        -
ct1.eth5   True     physical  -       192.168.101.13  255.255.254.0  -               9000  24:a9:37:0d:b5:eb  25.00 Gb/s   iscsi        -
ct1.eth14  True     physical  -       192.168.101.12  255.255.254.0  -               9000  34:80:0d:dd:6f:22  25.00 Gb/s   iscsi        -
ct1.eth15  True     physical  -       192.168.105.11  255.255.254.0  -               9000  34:80:0d:dd:6f:23  25.00 Gb/s   iscsi        -
ct1.eth18  True     physical  -       192.168.101.14  255.255.254.0  -               9000  34:80:0d:b3:5f:44  25.00 Gb/s   iscsi        -
ct1.eth19  True     physical  -       192.168.105.12  255.255.254.0  -               9000  34:80:0d:b3:5f:45  25.00 Gb/s   iscsi        -
replbond   False    bond      -       10.243.99.11    255.255.255.0  10.243.99.254   1500  fe:ea:75:2d:89:44  0.00 b/s     replication  -
vir0       True     vif       -       10.254.224.7    255.255.254.0  10.254.225.254  1500  46:aa:c1:1a:2a:3c  1.00 Gb/s    management   -
vir1       False    vif       -       -               -              -               1500  56:2b:dc:8b:17:44  1.00 Gb/s    management   -
pureeng@bmgdcsan01-ct0:~$ pureport list
Name       WWN                      Portal               IQN                                                      NQN  Failover
CT0.ETH10  -                        192.168.100.11:3260  iqn.2010-06.com.purestorage:flasharray.5a698b6be77889d1  -    -
CT0.ETH11  -                        192.168.100.13:3260  iqn.2010-06.com.purestorage:flasharray.5a698b6be77889d1  -    -
CT0.ETH12  -                        192.168.100.12:3260  iqn.2010-06.com.purestorage:flasharray.5a698b6be77889d1  -    -
CT0.ETH13  -                        192.168.104.11:3260  iqn.2010-06.com.purestorage:flasharray.5a698b6be77889d1  -    -
CT0.ETH18  -                        192.168.100.14:3260  iqn.2010-06.com.purestorage:flasharray.5a698b6be77889d1  -    -
CT0.ETH19  -                        192.168.104.12:3260  iqn.2010-06.com.purestorage:flasharray.5a698b6be77889d1  -    -
CT1.ETH4   -                        192.168.101.11:3260  iqn.2010-06.com.purestorage:flasharray.5a698b6be77889d1  -    -
CT1.ETH5   -                        192.168.101.13:3260  iqn.2010-06.com.purestorage:flasharray.5a698b6be77889d1  -    -
CT1.ETH14  -                        192.168.101.12:3260  iqn.2010-06.com.purestorage:flasharray.5a698b6be77889d1  -    -
CT1.ETH15  -                        192.168.105.11:3260  iqn.2010-06.com.purestorage:flasharray.5a698b6be77889d1  -    -
CT1.ETH18  -                        192.168.101.14:3260  iqn.2010-06.com.purestorage:flasharray.5a698b6be77889d1  -    -
CT1.ETH19  -                        192.168.105.12:3260  iqn.2010-06.com.purestorage:flasharray.5a698b6be77889d1  -    -
CT1.FC0    52:4A:93:72:DA:C3:97:14  -                    -                                                        -    -
CT1.FC1    52:4A:93:72:DA:C3:97:15  -                    -                                                        -    -
CT1.FC2    52:4A:93:72:DA:C3:97:12  -                    -                                                        -    -
CT1.FC3    52:4A:93:72:DA:C3:97:13  -                    -                                                        -    -
pureeng@bmgdcsan01-ct0:~$ purenetwork list
Name       Enabled  Speed        Services
CT1.FC0    True     16.00 Gb/s   scsi-fc
CT1.FC1    True     16.00 Gb/s   scsi-fc
CT1.FC2    True     16.00 Gb/s   scsi-fc
CT1.FC3    True     16.00 Gb/s   scsi-fc
ct0.eth0   False    100.00 Gb/s  -
ct0.eth1   False    100.00 Gb/s  -
ct0.eth2   False    25.00 Gb/s   replication
ct0.eth3   False    25.00 Gb/s   replication
ct0.eth4   True     1.00 Gb/s    management
ct0.eth5   False    1.00 Gb/s    management
ct0.eth10  True     25.00 Gb/s   iscsi
ct0.eth11  True     25.00 Gb/s   iscsi
ct0.eth12  True     25.00 Gb/s   iscsi
ct0.eth13  True     25.00 Gb/s   iscsi
ct0.eth18  True     25.00 Gb/s   iscsi
ct0.eth19  True     25.00 Gb/s   iscsi
ct1.eth0   True     1.00 Gb/s    management
ct1.eth1   False    1.00 Gb/s    management
ct1.eth2   False    25.00 Gb/s   replication
ct1.eth3   False    25.00 Gb/s   replication
ct1.eth4   True     25.00 Gb/s   iscsi
ct1.eth5   True     25.00 Gb/s   iscsi
ct1.eth14  True     25.00 Gb/s   iscsi
ct1.eth15  True     25.00 Gb/s   iscsi
ct1.eth18  True     25.00 Gb/s   iscsi
ct1.eth19  True     25.00 Gb/s   iscsi
replbond   False    0.00 b/s     replication
vir0       True     1.00 Gb/s    management
vir1       False    1.00 Gb/s    management
pureeng@bmgdcsan01-ct0:~$ purenetwork listportnetwork ethiscsipureportlist=`pureport list --initiator | grep -v FC | awk -F' CT' '{print "CT"$2,$8}' | grep -v 'CT ' | awk -F '.ETH' '{print $1, $2}' | awk '{print $1, $5, $6}' | sort | uniq -c; echo`; iscsipureportlistcount=`echo "$iscsipureportlist" | awk '{total += $1} END {print total}'`; echo -e "$iscsipureportlist\n\n"; echo -e "\tTotal iSCSI connections: $iscsipureportlistcount\n\n";obalance --sampletime 15




scsipureportlist=`pureport list --initiator | grep -v FC | awk -F' CT' '{print "CT"$2,$8}' | grep -v 'CT ' | awk -F '.ETH' '{print $1, $2}' | awk '{print $1, $5, $6}' | sort | uniq -c; echo`; iscsipureportlistcount=`echo "$iscsipureportlist" | awk '{total += $1} END {print total}'`; echo -e "$iscsipureportlist\n\n"; echo -e "\tTotal iSCSI connections: $iscsipureportlistcount\n\n";
    456 CT0 iqn.2010-06.com.purestorage:flasharray.5a698b6be77889d1 -
    459 CT1 iqn.2010-06.com.purestorage:flasharray.5a698b6be77889d1 -


Total iSCSI connections: 915


pureeng@bmgdcsan01-ct0:~$ iobalance --sampletime 30
sampling host I/O for 30 seconds...
                Host  CT0 I/O Count  CT1 I/O Count  
         BMGDCD2551A      133.00      139.00  
         BMGDCD2551B        2.00        3.00  
         BMGDCD2551C      70.28K      70.24K  
         BMGDCD2551D      32.84K      32.85K  
          BMGDCP2520      75.46K      89.28K  
          BMGDCP2521      68.40K      69.45K  
         BMGDCP2521A        0.00        0.00  ? Host is idle
         BMGDCP2521B        0.00        0.00  ? Host is idle
         BMGDCP2521C        0.00        0.00  ? Host is idle
          BMGDCP2522      18.75K      17.54K  
         BMGDCP2551A       2.15K       2.44K  
         BMGDCP2551B        0.00        0.00  ? Host is idle
         BMGDCP2551C      35.24K      35.60K  
         BMGDCP2551D      72.75K      72.74K  
         BMGDCP2551E       4.54K       4.61K  
         BMGDCP2551F      23.80K      52.69K  ! unbalanced I/O
         BMGDCP2551G        0.00        0.00  ? Host is idle
         BMGDCP2551H        0.00        0.00  ? Host is idle
         BMGDCP2551I        0.00        0.00  ? Host is idle
         BMGDCP2551J        0.00        0.00  ? Host is idle
         BMGDCP2552A      17.13K      17.13K  
         BMGDCP2552B      962.00      951.00  
         BMGDCP2564A       8.51K       8.55K  
         BMGDCP2564B      711.00      708.00  
         BMGDCP2566A      14.10K      14.21K  
         BMGDCP2566B      57.21K      57.31K  
         BMGDCP2566C      28.06K      28.14K  
         BMGDCP2566D      43.13K      43.24K  
         BMGDCP2566E      16.53K      16.57K  
         BMGDCP2566F      39.17K      39.41K  
         BMGDCP2566G        0.00     130.16K  ! no I/O to CT0
         BMGDCP2566H      73.81K      73.95K  
         BMGDCP2566Y      79.13K      81.09K  
         BMGDCP2566Z      16.18K       5.30K  ! unbalanced I/O
         BMGDCP2567A      27.42K      27.59K  
         BMGDCP2567B      18.55K      18.61K  
         BMGDCP2567C      35.33K      35.49K  
         BMGDCP2567D      19.27K      19.39K  
         BMGDCP2567E      23.47K      23.56K  
         BMGDCP2567F      18.30K      18.16K  
         BMGDCP2567G      224.00      224.00  
         BMGDCP2567H      226.00      224.00  
         BMGDCP2568A       96.00       96.00  
         BMGDCP2568B       48.00       48.00  
         BMGDCP3551A      26.74K      30.61K  
         BMGDCP3551B        9.00       14.00  
         BMGDCP3566A      25.06K      25.10K  
         BMGDCP3566B      10.65K      10.66K  
         BMGDCP3566C      38.77K      38.86K  
pureeng@bmgdcsan01-ct0:~$ sspurearray list --controller
Name  Type              Mode       Model     Version  Status  Internal Details
CT0   array_controller  secondary  FA-X90R4  6.5.10   ready   
CT1   array_controller  primary    FA-X90R3  6.5.10   ready   
pureeng@bmgdcsan01-ct0:~$ pureahw list
Name       Status  Identify  Slot  Index  Speed       Temperature  Voltage  Details
CH0        ok      off       -     0      -           -            -        -
CH0.BAY0   ok      off       -     0      -           -            -        -
CH0.BAY1   ok      off       -     1      -           -            -        -
CH0.BAY2   ok      off       -     2      -           -            -        -
CH0.BAY3   ok      off       -     3      -           -            -        -
CH0.BAY4   ok      off       -     4      -           -            -        -
CH0.BAY5   ok      off       -     5      -           -            -        -
CH0.BAY6   ok      off       -     6      -           -            -        -
CH0.BAY7   ok      off       -     7      -           -            -        -
CH0.BAY8   ok      off       -     8      -           -            -        -
CH0.BAY9   ok      off       -     9      -           -            -        -
CH0.BAY10  ok      off       -     10     -           -            -        -
CH0.BAY11  ok      off       -     11     -           -            -        -
CH0.BAY12  ok      off       -     12     -           -            -        -
CH0.BAY13  ok      off       -     13     -           -            -        -
CH0.BAY14  ok      off       -     14     -           -            -        -
CH0.BAY15  ok      off       -     15     -           -            -        -
CH0.BAY16  ok      off       -     16     -           -            -        -
CH0.BAY17  ok      off       -     17     -           -            -        -
CH0.BAY18  ok      off       -     18     -           -            -        -
CH0.BAY19  ok      off       -     19     -           -            -        -
CH0.NVB0   ok      off       -     0      -           -            -        -
CH0.NVB1   ok      off       -     1      -           -            -        -
CH0.NVB2   ok      off       -     2      -           -            -        -
CH0.NVB3   ok      off       -     3      -           -            -        -
CH0.PWR0   ok      -         -     0      -           -            202 V    -
CH0.PWR1   ok      -         -     1      -           -            204 V    -
CH0.TMP0   ok      -         -     0      -           25 C         -        -
CT0        ok      off       -     0      -           -            -        -
CT0.DCA4   ok      -         4     4      -           -            -        -
CT0.ETH0   ok      -         -     0      0.00 b/s    -            -        -
CT0.ETH1   ok      -         -     1      0.00 b/s    -            -        -
CT0.ETH2   ok      -         -     2      0.00 b/s    -            -        -
CT0.ETH3   ok      -         -     3      0.00 b/s    -            -        -
CT0.ETH4   ok      -         -     4      1.00 Gb/s   -            -        -
CT0.ETH5   ok      -         -     5      0.00 b/s    -            -        -
CT0.ETH10  ok      -         1     10     10.00 Gb/s  -            -        -
CT0.ETH11  ok      -         1     11     10.00 Gb/s  -            -        -
CT0.ETH12  ok      -         1     12     10.00 Gb/s  -            -        -
CT0.ETH13  ok      -         1     13     10.00 Gb/s  -            -        -
CT0.ETH18  ok      -         3     18     10.00 Gb/s  -            -        -
CT0.ETH19  ok      -         3     19     10.00 Gb/s  -            -        -
CT0.FAN0   ok      -         -     0      -           -            -        -
CT0.FAN1   ok      -         -     1      -           -            -        -
CT0.FAN2   ok      -         -     2      -           -            -        -
CT0.FAN3   ok      -         -     3      -           -            -        -
CT0.FAN4   ok      -         -     4      -           -            -        -
CT0.FAN5   ok      -         -     5      -           -            -        -
CT0.SAS0   ok      -         2     0      48.00 Gb/s  -            -        -
CT0.SAS1   ok      -         2     1      48.00 Gb/s  -            -        -
CT0.SAS2   ok      -         2     2      48.00 Gb/s  -            -        -
CT0.SAS3   ok      -         2     3      48.00 Gb/s  -            -        -
CT0.TMP0   ok      -         -     0      -           42 C         -        -
CT0.TMP1   ok      -         -     1      -           43 C         -        -
CT0.TMP2   ok      -         -     2      -           59 C         -        -
CT0.TMP3   ok      -         -     3      -           56 C         -        -
CT0.TMP4   ok      -         -     4      -           50 C         -        -
CT0.TMP5   ok      -         -     5      -           49 C         -        -
CT0.TMP6   ok      -         -     6      -           32 C         -        -
CT0.TMP7   ok      -         -     7      -           32 C         -        -
CT0.TMP8   ok      -         -     8      -           53 C         -        -
CT0.TMP9   ok      -         -     9      -           46 C         -        -
CT0.TMP10  ok      -         -     10     -           45 C         -        -
CT0.TMP11  ok      -         -     11     -           45 C         -        -
CT0.TMP12  ok      -         -     12     -           42 C         -        -
CT0.TMP13  ok      -         -     13     -           44 C         -        -
CT0.TMP14  ok      -         -     14     -           43 C         -        -
CT0.TMP15  ok      -         -     15     -           43 C         -        -
CT0.TMP16  ok      -         -     16     -           42 C         -        -
CT0.TMP17  ok      -         -     17     -           43 C         -        -
CT0.TMP18  ok      -         -     18     -           42 C         -        -
CT0.TMP19  ok      -         -     19     -           41 C         -        -
CT0.TMP20  ok      -         -     20     -           41 C         -        -
CT0.TMP21  ok      -         -     21     -           45 C         -        -
CT0.TMP22  ok      -         -     22     -           45 C         -        -
CT0.TMP23  ok      -         -     23     -           45 C         -        -
CT0.TMP24  ok      -         -     24     -           43 C         -        -
CT1        ok      off       -     1      -           -            -        -
CT1.ETH0   ok      -         -     0      1.00 Gb/s   -            -        -
CT1.ETH1   ok      -         -     1      0.00 b/s    -            -        -
CT1.ETH2   ok      -         -     2      0.00 b/s    -            -        -
CT1.ETH3   ok      -         -     3      0.00 b/s    -            -        -
CT1.ETH4   ok      -         -     4      10.00 Gb/s  -            -        -
CT1.ETH5   ok      -         -     5      10.00 Gb/s  -            -        -
CT1.ETH14  ok      -         1     14     10.00 Gb/s  -            -        -
CT1.ETH15  ok      -         1     15     10.00 Gb/s  -            -        -
CT1.ETH18  ok      -         2     18     10.00 Gb/s  -            -        -
CT1.ETH19  ok      -         2     19     10.00 Gb/s  -            -        -
CT1.FAN0   ok      -         -     0      -           -            -        -
CT1.FAN1   ok      -         -     1      -           -            -        -
CT1.FAN2   ok      -         -     2      -           -            -        -
CT1.FAN3   ok      -         -     3      -           -            -        -
CT1.FAN4   ok      -         -     4      -           -            -        -
CT1.FAN5   ok      -         -     5      -           -            -        -
CT1.FC0    ok      -         0     0      0.00 b/s    -            -        -
CT1.FC1    ok      -         0     1      0.00 b/s    -            -        -
CT1.FC2    ok      -         0     2      0.00 b/s    -            -        -
CT1.FC3    ok      -         0     3      0.00 b/s    -            -        -
CT1.SAS0   ok      -         -     0      48.00 Gb/s  -            -        -
CT1.SAS1   ok      -         -     1      48.00 Gb/s  -            -        -
CT1.SAS2   ok      -         -     2      48.00 Gb/s  -            -        -
CT1.SAS3   ok      -         -     3      48.00 Gb/s  -            -        -
CT1.TMP0   ok      -         -     0      -           50 C         -        -
CT1.TMP1   ok      -         -     1      -           51 C         -        -
CT1.TMP2   ok      -         -     2      -           40 C         -        -
CT1.TMP3   ok      -         -     3      -           63 C         -        -
CT1.TMP4   ok      -         -     4      -           64 C         -        -
CT1.TMP5   ok      -         -     5      -           51 C         -        -
CT1.TMP6   ok      -         -     6      -           60 C         -        -
CT1.TMP7   ok      -         -     7      -           45 C         -        -
CT1.TMP8   ok      -         -     8      -           46 C         -        -
CT1.TMP9   ok      -         -     9      -           46 C         -        -
CT1.TMP10  ok      -         -     10     -           45 C         -        -
CT1.TMP11  ok      -         -     11     -           45 C         -        -
CT1.TMP12  ok      -         -     12     -           45 C         -        -
CT1.TMP13  ok      -         -     13     -           48 C         -        -
CT1.TMP14  ok      -         -     14     -           47 C         -        -
CT1.TMP15  ok      -         -     15     -           46 C         -        -
CT1.TMP16  ok      -         -     16     -           45 C         -        -
CT1.TMP17  ok      -         -     17     -           46 C         -        -
CT1.TMP18  ok      -         -     18     -           47 C         -        -
CT1.TMP19  ok      -         -     19     -           43 C         -        -
CT1.TMP20  ok      -         -     20     -           42 C         -        -
CT1.TMP21  ok      -         -     21     -           54 C         -        -
CT1.TMP22  ok      -         -     22     -           50 C         -        -
CT1.TMP23  ok      -         -     23     -           53 C         -        -
CT1.TMP24  ok      -         -     24     -           53 C         -        -
CT1.TMP25  ok      -         -     25     -           59 C         -        -
CT1.TMP26  ok      -         -     26     -           40 C         -        -
SH0        ok      off       -     0      -           -            -        -
SH0.BAY0   ok      off       -     0      -           -            -        -
SH0.BAY1   ok      off       -     1      -           -            -        -
SH0.BAY2   ok      off       -     2      -           -            -        -
SH0.BAY3   ok      off       -     3      -           -            -        -
SH0.BAY4   ok      off       -     4      -           -            -        -
SH0.BAY5   ok      off       -     5      -           -            -        -
SH0.BAY6   ok      off       -     6      -           -            -        -
SH0.BAY7   ok      off       -     7      -           -            -        -
SH0.BAY8   ok      off       -     8      -           -            -        -
SH0.BAY9   ok      off       -     9      -           -            -        -
SH0.BAY10  ok      off       -     10     -           -            -        -
SH0.BAY11  ok      off       -     11     -           -            -        -
SH0.BAY12  ok      off       -     12     -           -            -        -
SH0.BAY13  ok      off       -     13     -           -            -        -
SH0.BAY14  ok      off       -     14     -           -            -        -
SH0.BAY15  ok      off       -     15     -           -            -        -
SH0.BAY16  ok      off       -     16     -           -            -        -
SH0.BAY17  ok      off       -     17     -           -            -        -
SH0.BAY18  ok      off       -     18     -           -            -        -
SH0.BAY19  ok      off       -     19     -           -            -        -
SH0.BAY20  ok      off       -     20     -           -            -        -
SH0.BAY21  ok      off       -     21     -           -            -        -
SH0.BAY22  ok      off       -     22     -           -            -        -
SH0.BAY23  ok      off       -     23     -           -            -        -
SH0.FAN0   ok      -         -     0      -           -            -        -
SH0.FAN1   ok      -         -     1      -           -            -        -
SH0.FAN2   ok      -         -     2      -           -            -        -
SH0.FAN3   ok      -         -     3      -           -            -        -
SH0.IOM0   ok      off       0     0      -           -            -        -
SH0.IOM1   ok      off       1     1      -           -            -        -
SH0.PWR0   ok      -         -     0      -           -            -        -
SH0.PWR1   ok      -         -     1      -           -            -        -
SH0.SAS0   ok      -         0     0      48.00 Gb/s  -            -        -
SH0.SAS1   ok      -         0     1      0.00 b/s    -            -        -
SH0.SAS2   ok      -         0     2      48.00 Gb/s  -            -        -
SH0.SAS3   ok      -         1     3      48.00 Gb/s  -            -        -
SH0.SAS4   ok      -         1     4      0.00 b/s    -            -        -
SH0.SAS5   ok      -         1     5      48.00 Gb/s  -            -        -
SH0.TMP0   ok      -         -     0      -           28 C         -        -
SH0.TMP1   ok      -         -     1      -           29 C         -        -
SH0.TMP2   ok      -         -     2      -           30 C         -        -
SH0.TMP3   ok      -         -     3      -           33 C         -        -
SH0.TMP4   ok      -         -     4      -           30 C         -        -
SH0.TMP5   ok      -         -     5      -           33 C         -        -
SH0.TMP6   ok      -         -     6      -           36 C         -        -
SH0.TMP7   ok      -         -     7      -           35 C         -        -
SH1        ok      off       -     1      -           -            -        -
SH1.BAY0   ok      off       -     0      -           -            -        -
SH1.BAY1   ok      off       -     1      -           -            -        -
SH1.BAY2   ok      off       -     2      -           -            -        -
SH1.BAY3   ok      off       -     3      -           -            -        -
SH1.BAY4   ok      off       -     4      -           -            -        -
SH1.BAY5   ok      off       -     5      -           -            -        -
SH1.BAY6   ok      off       -     6      -           -            -        -
SH1.BAY7   ok      off       -     7      -           -            -        -
SH1.BAY8   ok      off       -     8      -           -            -        -
SH1.BAY9   ok      off       -     9      -           -            -        -
SH1.BAY10  ok      off       -     10     -           -            -        -
SH1.BAY11  ok      off       -     11     -           -            -        -
SH1.BAY12  ok      off       -     12     -           -            -        -
SH1.BAY13  ok      off       -     13     -           -            -        -
SH1.BAY14  ok      off       -     14     -           -            -        -
SH1.BAY15  ok      off       -     15     -           -            -        -
SH1.BAY16  ok      off       -     16     -           -            -        -
SH1.BAY17  ok      off       -     17     -           -            -        -
SH1.BAY18  ok      off       -     18     -           -            -        -
SH1.BAY19  ok      off       -     19     -           -            -        -
SH1.BAY20  ok      off       -     20     -           -            -        -
SH1.BAY21  ok      off       -     21     -           -            -        -
SH1.BAY22  ok      off       -     22     -           -            -        -
SH1.BAY23  ok      off       -     23     -           -            -        -
SH1.FAN0   ok      -         -     0      -           -            -        -
SH1.FAN1   ok      -         -     1      -           -            -        -
SH1.FAN2   ok      -         -     2      -           -            -        -
SH1.FAN3   ok      -         -     3      -           -            -        -
SH1.IOM0   ok      off       0     0      -           -            -        -
SH1.IOM1   ok      off       1     1      -           -            -        -
SH1.PWR0   ok      -         -     0      -           -            -        -
SH1.PWR1   ok      -         -     1      -           -            -        -
SH1.SAS0   ok      -         0     0      48.00 Gb/s  -            -        -
SH1.SAS1   ok      -         0     1      48.00 Gb/s  -            -        -
SH1.SAS2   ok      -         0     2      48.00 Gb/s  -            -        -
SH1.SAS3   ok      -         1     3      48.00 Gb/s  -            -        -
SH1.SAS4   ok      -         1     4      48.00 Gb/s  -            -        -
SH1.SAS5   ok      -         1     5      48.00 Gb/s  -            -        -
SH1.TMP0   ok      -         -     0      -           26 C         -        -
SH1.TMP1   ok      -         -     1      -           29 C         -        -
SH1.TMP2   ok      -         -     2      -           30 C         -        -
SH1.TMP3   ok      -         -     3      -           34 C         -        -
SH1.TMP4   ok      -         -     4      -           30 C         -        -
SH1.TMP5   ok      -         -     5      -           33 C         -        -
SH1.TMP6   ok      -         -     6      -           36 C         -        -
SH1.TMP7   ok      -         -     7      -           35 C         -        -
SH2        ok      off       -     2      -           -            -        -
SH2.BAY0   ok      off       -     0      -           -            -        -
SH2.BAY1   ok      off       -     1      -           -            -        -
SH2.BAY2   ok      off       -     2      -           -            -        -
SH2.BAY3   ok      off       -     3      -           -            -        -
SH2.BAY4   ok      off       -     4      -           -            -        -
SH2.BAY5   ok      off       -     5      -           -            -        -
SH2.BAY6   ok      off       -     6      -           -            -        -
SH2.BAY7   ok      off       -     7      -           -            -        -
SH2.BAY8   ok      off       -     8      -           -            -        -
SH2.BAY9   ok      off       -     9      -           -            -        -
SH2.BAY10  ok      off       -     10     -           -            -        -
SH2.BAY11  ok      off       -     11     -           -            -        -
SH2.BAY12  ok      off       -     12     -           -            -        -
SH2.BAY13  ok      off       -     13     -           -            -        -
SH2.BAY14  ok      off       -     14     -           -            -        -
SH2.BAY15  ok      off       -     15     -           -            -        -
SH2.BAY16  ok      off       -     16     -           -            -        -
SH2.BAY17  ok      off       -     17     -           -            -        -
SH2.BAY18  ok      off       -     18     -           -            -        -
SH2.BAY19  ok      off       -     19     -           -            -        -
SH2.BAY20  ok      off       -     20     -           -            -        -
SH2.BAY21  ok      off       -     21     -           -            -        -
SH2.BAY22  ok      off       -     22     -           -            -        -
SH2.BAY23  ok      off       -     23     -           -            -        -
SH2.FAN0   ok      -         -     0      -           -            -        -
SH2.FAN1   ok      -         -     1      -           -            -        -
SH2.FAN2   ok      -         -     2      -           -            -        -
SH2.FAN3   ok      -         -     3      -           -            -        -
SH2.IOM0   ok      off       0     0      -           -            -        -
SH2.IOM1   ok      off       1     1      -           -            -        -
SH2.PWR0   ok      -         -     0      -           -            -        -
SH2.PWR1   ok      -         -     1      -           -            -        -
SH2.SAS0   ok      -         0     0      0.00 b/s    -            -        -
SH2.SAS1   ok      -         0     1      0.00 b/s    -            -        -
SH2.SAS2   ok      -         0     2      48.00 Gb/s  -            -        -
SH2.SAS3   ok      -         1     3      0.00 b/s    -            -        -
SH2.SAS4   ok      -         1     4      0.00 b/s    -            -        -
SH2.SAS5   ok      -         1     5      48.00 Gb/s  -            -        -
SH2.TMP0   ok      -         -     0      -           26 C         -        -
SH2.TMP1   ok      -         -     1      -           29 C         -        -
SH2.TMP2   ok      -         -     2      -           30 C         -        -
SH2.TMP3   ok      -         -     3      -           34 C         -        -
SH2.TMP4   ok      -         -     4      -           29 C         -        -
SH2.TMP5   ok      -         -     5      -           34 C         -        -
SH2.TMP6   ok      -         -     6      -           37 C         -        -
SH2.TMP7   ok      -         -     7      -           35 C         -        -
pureeng@bmgdcsan01-ct0:~$ purehw listarray list --controller
Name  Type              Mode       Model     Version  Status  Internal Details
CT0   array_controller  secondary  FA-X90R4  6.5.10   ready   
CT1   array_controller  primary    FA-X90R3  6.5.10   ready   
pureeng@bmgdcsan01-ct0:~$ ssh peesudo su
     root@bmgdcsan01-ct0:/var/home/pureeng# ssh peer
Last login: Fri Jun 13 21:15:03 2025 from fe80::26a9:37ff:fe40:586e%haeth0

Fri Jun 13 23:03:56 2025
Welcome root. This is Purity Version 6.5.10 on FlashArray bmgdcsan01
http://www.purestorage.com/
     root@bmgdcsan01-ct1:~# puredb run giveback --safe
Display all 2521 possibilities? (y or n)
!
./
:
[
[[
]]
{
}
accessdb
aclinkcheck.py
aclocal
aclocal-1.16
acpid
acpidbg
acpi_listen
activate-global-python-argcomplete3
addgnupghome
addgroup
add_in_cards_fingerprint
addpart
addr2line
addr2name
add-shell
--More--     root@bmgdcsan01-ct1:~# troller setattr --verify-array bmgdcsan01- ct1 --mode secondary;date
-bash: troller: command not found
Fri Jun 13 11:04:42 PM CDT 2025
     root@bmgdcsan01-ct1:~# purewes controller setattr --verify-array bmgdcsan01 - ct1 --mode secondary;date
Error: local array information does not match user input
Fri Jun 13 11:04:57 PM CDT 2025
     root@bmgdcsan01-ct1:~# purewes controller setattr --verify-array bmgdcsan01 ct1 --mode secondary;date

Run checks before making changes ...
Check peer purity status...... SUCCESS
Check pureport list........... The pureport list check failed with ERROR: Port {'target.name': None, 'target.wwn': None, 'target.nqn': None, 'target.iqn': None, 'target.portal': None, 'target.failover': None, 'target': {'name': None, 'wwn': None, 'nqn': None, 'iqn': None, 'portal': None, 'failover': None}, 'initiator.wwn': None, 'initiator.nqn': None, 'initiator.iqn': 'iqn.1998-01.com.vmware:bmgdcvm522-0e8b23d5', 'initiator.portal': None, 'initiator': {'wwn': None, 'nqn': None, 'iqn': 'iqn.1998-01.com.vmware:bmgdcvm522-0e8b23d5', 'portal': None}} doesn't contain field target.name or target.name is None!
Would you like to ignore this check? (y/n): y
Overriding pureport list check based on user input
SUCCESS
Check IO balance.............. Checking iobalance before proceeding, sampling for 30 seconds, retrying 3 times, adding 30 seconds with each retry
Try 1/4: Sampling I/O for 30 seconds
Sampling finished, I/O is not yet balanced
Try 2/4: Sampling I/O for 60 seconds
Sampling finished, I/O is not yet balanced
Try 3/4: Sampling I/O for 90 seconds
Sampling finished, I/O is not yet balanced
Try 4/4: Sampling I/O for 120 seconds
Sampling finished, I/O is not yet balanced
I/O is not balanced after 4 run(s).
iobalance reports the following: 
sampling host I/O for 120 seconds...
                Host  CT0 I/O Count  CT1 I/O Count  
         BMGDCD2551A      380.00      385.00  
         BMGDCD2551B        1.00        4.00  
         BMGDCD2551C     265.24K     265.25K  
         BMGDCD2551D     298.74K     298.67K  
          BMGDCP2520     290.06K     304.14K  
          BMGDCP2521     174.27K     173.99K  
         BMGDCP2521A      115.00      113.00  
         BMGDCP2521B      112.00      116.00  
         BMGDCP2521C        0.00        0.00  ? Host is idle
          BMGDCP2522      44.02K      43.20K  
         BMGDCP2551A      13.64K      15.46K  
         BMGDCP2551B        0.00        0.00  ? Host is idle
         BMGDCP2551C      75.48K      75.45K  
         BMGDCP2551D     286.77K     286.87K  
         BMGDCP2551E      30.95K      31.07K  
         BMGDCP2551F     187.42K     187.31K  
         BMGDCP2551G        0.00        0.00  ? Host is idle
         BMGDCP2551H        0.00        0.00  ? Host is idle
         BMGDCP2551I        0.00        0.00  ? Host is idle
         BMGDCP2551J        0.00        0.00  ? Host is idle
         BMGDCP2552A       1.04K       1.02K  
         BMGDCP2552B       1.06K       1.06K  
         BMGDCP2564A      50.66K      50.65K  
         BMGDCP2564B       4.30K       4.30K  
         BMGDCP2566A      48.18K      48.17K  
         BMGDCP2566B     208.71K     208.66K  
         BMGDCP2566C     199.19K     199.17K  
         BMGDCP2566D      99.44K      99.42K  
         BMGDCP2566E     126.01K     125.84K  
         BMGDCP2566F      87.41K      87.52K  
         BMGDCP2566G     396.91K     397.22K  
         BMGDCP2566H     348.31K     348.59K  
         BMGDCP2566Y     189.22K     176.09K  
         BMGDCP2566Z      12.50K       4.87K  ! unbalanced I/O
         BMGDCP2567A      88.87K      89.06K  
         BMGDCP2567B      70.83K      70.78K  
         BMGDCP2567C     150.30K     149.89K  
         BMGDCP2567D      76.57K      76.53K  
         BMGDCP2567E     130.55K     130.64K  
         BMGDCP2567F     126.61K     126.68K  
         BMGDCP2567G      896.00      896.00  
         BMGDCP2567H      896.00      896.00  
         BMGDCP2568A      384.00      384.00  
         BMGDCP2568B      192.00      192.00  
         BMGDCP3551A      86.55K      99.00K  
         BMGDCP3551B       29.00       35.00  
         BMGDCP3566A      59.08K      59.29K  
         BMGDCP3566B     183.30K     183.24K  
         BMGDCP3566C     335.74K     335.79K  

Would you like to ignore this check?
WARNING: Unless the workload you are running is known to be imbalanced, ignoring this check could result in an outage and is NOT recommended.
Ignore anyway? (y/n): y
Overriding iobalance check based on user input
SUCCESS
Fri Jun 13 11:13:21 PM CDT 2025
     root@bmgdcsan01-ct1:~# purearray list --controller
Error: Not able to satisfy request at this time. Please try again.
     root@bmgdcsan01-ct1:~# exitpurearray list --controller
Name  Type              Mode       Model     Version  Status     Internal Details
CT0   array_controller  primary    FA-X90R4  6.5.10   ready      
CT1   array_controller  secondary  FA-X90R3  6.5.10   not ready  SAN disabled; portal is not open
     root@bmgdcsan01-ct1:~# exit
logout
     root@bmgdcsan01-ct0:/var/home/pureeng# storage_view.py config
Start time: 2025-06-13 23:14:05

Command line: ['/opt/Purity/bin/storage_view.py', 'config']
Version: 0.999.1
Working at ct0 to look over cables between ct0 and shelves

Slot listing:
 CT    Slot#   Type     Vendor       Model        FW Rev       Tracer       Assembly    
----------------------------------------------------------------------------------------
 ct0    202     SAS   LSI Logic   SAS9305-16e  13.00.00.00   SPD3600250   03-25704-0200 
 ct0     6      SAS   LSI Logic   SAS_HGA-24i  14.00.03.00  PPPCFJ25140   PSO400085006  

Slot summary information:
-------------------------
ct0.SAS2  ( 202 0)] <---> [SAS0 (A) SH00.0    B]*
                              \        C]*

ct0.SAS0  ( 202 2)] <---> [SAS3 (C) SH00.1    B]*
                              \        A]*

ct0.SAS1  ( 202 3)] <---> [SAS2 (C) SH01.0    B] <---> [SH02.0 (C) SH02.0    A]*
                              |                         \        B]*
                              \        A]*

ct0.SAS3  ( 202 1)] <---> [SAS5 (A) SH01.1    B] <---> [SH02.1 (A) SH02.1    B]*
                              |                         \        C]*
                              \        C]*

Configuration status
--------------------
Configuration check started for FA-X90R4

WARNING: Topology highly available but not preferred.
Warnings:
WARNING: SH02.SAS5 should be connected to SH00.SAS4, currently connected to SH01.SAS4
WARNING: Wrong Device ID found connected to SH02.SAS5, expected SH00, got SH01
WARNING: SH01.SAS4 should be connected to SH03.SAS5, currently connected to SH02.SAS5
WARNING: Wrong Device ID found connected to SH01.SAS4, expected SH03, got SH02
WARNING: SH02.SAS2 should be connected to SH00.SAS1, currently connected to SH01.SAS1
WARNING: Wrong Device ID found connected to SH02.SAS2, expected SH00, got SH01
WARNING: SH01.SAS1 should be connected to SH03.SAS2, currently connected to SH02.SAS2
WARNING: Wrong Device ID found connected to SH01.SAS1, expected SH03, got SH02

End time: 2025-06-13 23:15:31
     root@bmgdcsan01-ct0:/var/home/pureeng# purearray list --controller
Name  Type              Mode       Model     Version  Status     Internal Details
CT0   array_controller  primary    FA-X90R4  6.5.10   ready      
CT1   array_controller  secondary  FA-X90R3  6.5.10   not ready  SAN disabled; portal is not open
     root@bmgdcsan01-ct0:/var/home/pureeng# purearray list --controller
Name  Type              Mode       Model     Version  Status     Internal Details
CT0   array_controller  primary    FA-X90R4  6.5.10   ready      
CT1   array_controller  secondary  FA-X90R3  6.5.10   not ready  SAN disabled; portal is not open
     root@bmgdcsan01-ct0:/var/home/pureeng# purearray list --controller
Name  Type              Mode       Model     Version  Status  Internal Details
CT0   array_controller  primary    FA-X90R4  6.5.10   ready   
CT1   array_controller  secondary  FA-X90R3  6.5.10   ready   
     root@bmgdcsan01-ct0:/var/home/pureeng# purehw list
Name       Status  Identify  Slot  Index  Speed       Temperature  Voltage  Details
CH0        ok      off       -     0      -           -            -        -
CH0.BAY0   ok      off       -     0      -           -            -        -
CH0.BAY1   ok      off       -     1      -           -            -        -
CH0.BAY2   ok      off       -     2      -           -            -        -
CH0.BAY3   ok      off       -     3      -           -            -        -
CH0.BAY4   ok      off       -     4      -           -            -        -
CH0.BAY5   ok      off       -     5      -           -            -        -
CH0.BAY6   ok      off       -     6      -           -            -        -
CH0.BAY7   ok      off       -     7      -           -            -        -
CH0.BAY8   ok      off       -     8      -           -            -        -
CH0.BAY9   ok      off       -     9      -           -            -        -
CH0.BAY10  ok      off       -     10     -           -            -        -
CH0.BAY11  ok      off       -     11     -           -            -        -
CH0.BAY12  ok      off       -     12     -           -            -        -
CH0.BAY13  ok      off       -     13     -           -            -        -
CH0.BAY14  ok      off       -     14     -           -            -        -
CH0.BAY15  ok      off       -     15     -           -            -        -
CH0.BAY16  ok      off       -     16     -           -            -        -
CH0.BAY17  ok      off       -     17     -           -            -        -
CH0.BAY18  ok      off       -     18     -           -            -        -
CH0.BAY19  ok      off       -     19     -           -            -        -
CH0.NVB0   ok      off       -     0      -           -            -        -
CH0.NVB1   ok      off       -     1      -           -            -        -
CH0.NVB2   ok      off       -     2      -           -            -        -
CH0.NVB3   ok      off       -     3      -           -            -        -
CH0.PWR0   ok      -         -     0      -           -            202 V    -
CH0.PWR1   ok      -         -     1      -           -            204 V    -
CH0.TMP0   ok      -         -     0      -           25 C         -        -
CT0        ok      off       -     0      -           -            -        -
CT0.DCA4   ok      -         4     4      -           -            -        -
CT0.ETH0   ok      -         -     0      0.00 b/s    -            -        -
CT0.ETH1   ok      -         -     1      0.00 b/s    -            -        -
CT0.ETH2   ok      -         -     2      0.00 b/s    -            -        -
CT0.ETH3   ok      -         -     3      0.00 b/s    -            -        -
CT0.ETH4   ok      -         -     4      1.00 Gb/s   -            -        -
CT0.ETH5   ok      -         -     5      0.00 b/s    -            -        -
CT0.ETH10  ok      -         1     10     10.00 Gb/s  -            -        -
CT0.ETH11  ok      -         1     11     10.00 Gb/s  -            -        -
CT0.ETH12  ok      -         1     12     10.00 Gb/s  -            -        -
CT0.ETH13  ok      -         1     13     10.00 Gb/s  -            -        -
CT0.ETH18  ok      -         3     18     10.00 Gb/s  -            -        -
CT0.ETH19  ok      -         3     19     10.00 Gb/s  -            -        -
CT0.FAN0   ok      -         -     0      -           -            -        -
CT0.FAN1   ok      -         -     1      -           -            -        -
CT0.FAN2   ok      -         -     2      -           -            -        -
CT0.FAN3   ok      -         -     3      -           -            -        -
CT0.FAN4   ok      -         -     4      -           -            -        -
CT0.FAN5   ok      -         -     5      -           -            -        -
CT0.SAS0   ok      -         2     0      48.00 Gb/s  -            -        -
CT0.SAS1   ok      -         2     1      48.00 Gb/s  -            -        -
CT0.SAS2   ok      -         2     2      48.00 Gb/s  -            -        -
CT0.SAS3   ok      -         2     3      48.00 Gb/s  -            -        -
CT0.TMP0   ok      -         -     0      -           43 C         -        -
CT0.TMP1   ok      -         -     1      -           45 C         -        -
CT0.TMP2   ok      -         -     2      -           66 C         -        -
CT0.TMP3   ok      -         -     3      -           63 C         -        -
CT0.TMP4   ok      -         -     4      -           53 C         -        -
CT0.TMP5   ok      -         -     5      -           52 C         -        -
CT0.TMP6   ok      -         -     6      -           33 C         -        -
CT0.TMP7   ok      -         -     7      -           33 C         -        -
CT0.TMP8   ok      -         -     8      -           55 C         -        -
CT0.TMP9   ok      -         -     9      -           55 C         -        -
CT0.TMP10  ok      -         -     10     -           56 C         -        -
CT0.TMP11  ok      -         -     11     -           55 C         -        -
CT0.TMP12  ok      -         -     12     -           52 C         -        -
CT0.TMP13  ok      -         -     13     -           52 C         -        -
CT0.TMP14  ok      -         -     14     -           53 C         -        -
CT0.TMP15  ok      -         -     15     -           52 C         -        -
CT0.TMP16  ok      -         -     16     -           51 C         -        -
CT0.TMP17  ok      -         -     17     -           51 C         -        -
CT0.TMP18  ok      -         -     18     -           50 C         -        -
CT0.TMP19  ok      -         -     19     -           49 C         -        -
CT0.TMP20  ok      -         -     20     -           49 C         -        -
CT0.TMP21  ok      -         -     21     -           54 C         -        -
CT0.TMP22  ok      -         -     22     -           53 C         -        -
CT0.TMP23  ok      -         -     23     -           53 C         -        -
CT0.TMP24  ok      -         -     24     -           51 C         -        -
CT1        ok      off       -     1      -           -            -        -
CT1.ETH0   ok      -         -     0      1.00 Gb/s   -            -        -
CT1.ETH1   ok      -         -     1      0.00 b/s    -            -        -
CT1.ETH2   ok      -         -     2      0.00 b/s    -            -        -
CT1.ETH3   ok      -         -     3      0.00 b/s    -            -        -
CT1.ETH4   ok      -         -     4      10.00 Gb/s  -            -        -
CT1.ETH5   ok      -         -     5      10.00 Gb/s  -            -        -
CT1.ETH14  ok      -         1     14     10.00 Gb/s  -            -        -
CT1.ETH15  ok      -         1     15     10.00 Gb/s  -            -        -
CT1.ETH18  ok      -         2     18     10.00 Gb/s  -            -        -
CT1.ETH19  ok      -         2     19     10.00 Gb/s  -            -        -
CT1.FAN0   ok      -         -     0      -           -            -        -
CT1.FAN1   ok      -         -     1      -           -            -        -
CT1.FAN2   ok      -         -     2      -           -            -        -
CT1.FAN3   ok      -         -     3      -           -            -        -
CT1.FAN4   ok      -         -     4      -           -            -        -
CT1.FAN5   ok      -         -     5      -           -            -        -
CT1.FC0    ok      -         0     0      0.00 b/s    -            -        -
CT1.FC1    ok      -         0     1      0.00 b/s    -            -        -
CT1.FC2    ok      -         0     2      0.00 b/s    -            -        -
CT1.FC3    ok      -         0     3      0.00 b/s    -            -        -
CT1.SAS0   ok      -         -     0      48.00 Gb/s  -            -        -
CT1.SAS1   ok      -         -     1      48.00 Gb/s  -            -        -
CT1.SAS2   ok      -         -     2      48.00 Gb/s  -            -        -
CT1.SAS3   ok      -         -     3      48.00 Gb/s  -            -        -
CT1.TMP0   ok      -         -     0      -           48 C         -        -
CT1.TMP1   ok      -         -     1      -           49 C         -        -
CT1.TMP2   ok      -         -     2      -           40 C         -        -
CT1.TMP3   ok      -         -     3      -           61 C         -        -
CT1.TMP4   ok      -         -     4      -           62 C         -        -
CT1.TMP5   ok      -         -     5      -k       off       -     2      -           -            -        -
SH0.BAY3   ok      off       -     3      -           -            -        -
SH0.BAY4   ok      off       -     4      -           -            -        -
SH0.BAY5   ok      off       -     5      -           -            -        -
SH0.BAY6   ok      off       -     6      -           -            -        -
SH0.BAY7   ok      off       -     7      -           -            -        -
SH0.BAY8   ok      off       -     8      -           -            -        -
SH0.BAY9   ok      off       -     9      -           -            -        -
SH0.BAY10  ok      off       -     10     -           -            -        -
SH0.BAY11  ok      off       -     11     -           -            -        -
SH0.BAY12  ok      off       -     12     -           -            -        -
SH0.BAY13  ok      off       -     13     -           -            -        -
SH0.BAY14  ok      off       -     14     -           -            -        -
SH0.BAY15  ok      off       -     15     -           -            -        -
SH0.BAY16  ok      off       -     16     -           -            -        -
SH0.BAY17  ok      off       -     17     -           -            -        -
SH0.BAY18  ok      off       -     18     -           -            -        -
SH0.BAY19  ok      off       -     19     -           -            -        -
SH0.BAY20  ok      off       -     20     -           -            -        -
SH0.BAY21  ok      off       -     21     -           -            -        -
SH0.BAY22  ok      off       -     22     -           -            -        -
SH0.BAY23  ok      off       -     23     -           -            -        -
SH0.FAN0   ok      -         -     0      -           -            -        -
SH0.FAN1   ok      -         -     1      -           -            -        -
SH0.FAN2   ok      -         -     2      -           -            -        -
SH0.FAN3   ok      -         -     3      -           -            -        -
SH0.IOM0   ok      off       0     0      -           -            -        -
SH0.IOM1   ok      off       1     1      -           -            -        -
SH0.PWR0   ok      -         -     0      -           -            -        -
SH0.PWR1   ok      -         -     1      -           -            -        -
SH0.SAS0   ok      -         0     0      48.00 Gb/s  -            -        -
SH0.SAS1   ok      -         0     1      0.00 b/s    -            -        -
SH0.SAS2   ok      -         0     2      48.00 Gb/s  -            -        -
SH0.SAS3   ok      -         1     3      48.00 Gb/s  -            -        -
SH0.SAS4   ok      -         1     4      0.00 b/s    -            -        -
SH0.SAS5   ok      -         1     5      48.00 Gb/s  -            -        -
SH0.TMP0   ok      -         -     0      -           27 C         -        -
SH0.TMP1   ok      -         -     1      -           29 C         -        -
SH0.TMP2   ok      -         -     2      -           30 C         -        -
SH0.TMP3   ok      -         -     3      -           33 C         -        -
SH0.TMP4   ok      -         -     4      -           30 C         -        -
SH0.TMP5   ok      -         -     5      -           33 C         -        -
SH0.TMP6   ok      -         -     6      -           36 C         -        -
SH0.TMP7   ok      -         -     7      -           35 C         -        -
SH1        ok      off       -     1      -           -            -        -
SH1.BAY0   ok      off       -     0      -           -            -        -
SH1.BAY1   ok      off       -     1      -           -            -        -
SH1.BAY2   ok      off       -     2      -           -            -        -
SH1.BAY3   ok      off       -     3      -           -            -        -
SH1.BAY4   ok      off       -     4      -           -            -        -
SH1.BAY5   ok      off       -     5      -           -            -        -
SH1.BAY6   ok      off       -     6      -           -            -        -
SH1.BAY7   ok      off       -     7      -           -            -        -
SH1.BAY8   ok      off       -     8      -           -            -        -
SH1.BAY9   ok      off       -     9      -           -            -        -
SH1.BAY10  ok      off       -     10     -           -            -        -
SH1.BAY11  ok      off       -     11     -           -            -        -
SH1.BAY12  ok      off       -     12     -           -            -        -
SH1.BAY13  ok      off       -     13     -           -            -        -
SH1.BAY14  ok      off       -     14     -           -            -        -
SH1.BAY15  ok      off       -     15     -           -            -        -
SH1.BAY16  ok      off       -     16     -           -            -        -
SH1.BAY17  ok      off       -     17     -           -            -        -
SH1.BAY18  ok      off       -     18     -           -            -        -
SH1.BAY19  ok      off       -     19     -           -            -        -
SH1.BAY20  ok      off       -     20     -           -            -        -
SH1.BAY21  ok      off       -     21     -           -            -        -
SH1.BAY22  ok      off       -     22     -           -            -        -
SH1.BAY23  ok      off       -     23     -           -            -        -
SH1.FAN0   ok      -         -     0      -           -            -        -
SH1.FAN1   ok      -         -     1      -           -            -        -
SH1.FAN2   ok      -         -     2      -           -            -        -
SH1.FAN3   ok      -         -     3      -           -            -        -
SH1.IOM0   ok      off       0     0      -           -            -        -
SH1.IOM1   ok      off       1     1      -           -            -        -
SH1.PWR0   ok      -         -     0      -           -            -        -
SH1.PWR1   ok      -         -     1      -           -            -        -
SH1.SAS0   ok      -         0     0      48.00 Gb/s  -            -        -
SH1.SAS1   ok      -         0     1      48.00 Gb/s  -            -        -
SH1.SAS2   ok      -         0     2      48.00 Gb/s  -            -        -
SH1.SAS3   ok      -         1     3      48.00 Gb/s  -            -        -
SH1.SAS4   ok      -         1     4      48.00 Gb/s  -            -        -
SH1.SAS5   ok      -         1     5      48.00 Gb/s  -            -        -
SH1.TMP0   ok      -         -     0      -           26 C         -        -
SH1.TMP1   ok      -         -     1      -           29 C         -        -
SH1.TMP2   ok      -         -     2      -           30 C         -        -
SH1.TMP3   ok      -         -     3      -           33 C         -        -
SH1.TMP4   ok      -         -     4      -           30 C         -        -
SH1.TMP5   ok      -         -     5      -           33 C         -        -
SH1.TMP6   ok      -         -     6      -           36 C         -        -
SH1.TMP7   ok      -         -     7      -           35 C         -        -
SH2        ok      off       -     2      -           -            -        -
SH2.BAY0   ok      off       -     0      -           -            -        -
SH2.BAY1   ok      off       -     1      -           -            -        -
SH2.BAY2   ok      off       -     2      -           -            -        -
SH2.BAY3   ok      off       -     3      -           -            -        -
SH2.BAY4   ok      off       -     4      -           -            -        -
SH2.BAY5   ok      off       -     5      -           -            -        -
SH2.BAY6   ok      off       -     6      -           -            -        -
SH2.BAY7   ok      off       -     7      -           -            -        -
SH2.BAY8   ok      off       -     8      -           -            -        -
SH2.BAY9   ok      off       -     9      -           -            -        -
SH2.BAY10  ok      off       -     10     -           -            -        -
SH2.BAY11  ok      off       -     11     -           -            -        -
SH2.BAY12  ok      off       -     12     -           -            -        -
SH2.BAY13  ok      off       -     13     -           -            -        -
SH2.BAY14  ok      off       -     14     -           -            -        -
SH2.BAY15  ok      off       -     15     -           -            -        -
SH2.BAY16  ok      off       -     16     -           -            -        -
SH2.BAY17  ok      off       -     17     -           -            -        -
SH2.BAY18  ok      off       -     18     -           -            -        -
SH2.BAY19  ok      off       -     19     -           -            -        -
SH2.BAY20  ok      off       -     20     -           -            -        -
SH2.BAY21  ok      off       -     21     -           -            -        -
SH2.BAY22  ok      off       -     22     -           -            -        -
SH2.BAY23  ok      off       -     23     -           -            -        -
SH2.FAN0   ok      -         -     0      -           -            -        -
SH2.FAN1   ok      -         -     1      -           -            -        -
SH2.FAN2   ok      -         -     2      -           -            -        -
SH2.FAN3   ok      -         -     3      -           -            -        -
SH2.IOM0   ok      off       0     0      -           -            -        -
SH2.IOM1   ok      off       1     1      -           -            -        -
SH2.PWR0   ok      -         -     0      -           -            -        -
SH2.PWR1   ok      -         -     1      -           -            -        -
SH2.SAS0   ok      -         0     0      0.00 b/s    -            -        -
SH2.SAS1   ok      -         0     1      0.00 b/s    -            -        -
SH2.SAS2   ok      -         0     2      48.00 Gb/s  -            -        -
SH2.SAS3   ok      -         1     3      0.00 b/s    -            -        -
SH2.SAS4   ok      -         1     4      0.00 b/s    -            -        -
SH2.SAS5   ok      -         1     5      48.00 Gb/s  -            -        -
SH2.TMP0   ok      -         -     0      -           26 C         -        -
SH2.TMP1   ok      -         -     1      -           29 C         -        -
SH2.TMP2   ok      -         -     2      -           30 C         -        -
SH2.TMP3   ok      -         -     3      -           34 C         -        -
SH2.TMP4   ok      -         -     4      -           29 C         -        -
SH2.TMP5   ok      -         -     5      -           34 C         -        -
SH2.TMP6   ok      -         -     6      -           37 C         -        -
SH2.TMP7   ok      -         -     7      -           35 C         -        -
     root@bmgdcsan01-ct0:/var/home/pureeng# iscsipureportlist=`pureport list --initiator | grep -v FC | awk -F' CT' '{print "CT"$2,$8}' | grep -v 'CT ' | awk -F '.ETH' '{print $1, $2}' | awk '{print $1, $5, $6}' | sort | uniq -c; echo`; iscsipureportlistcount=`echo "$iscsipureportlist" | awk '{total += $1} END {print t otal}'`; echo -e "$iscsipureportlist\n\n"; echo -e "\tTotal iSCSI connections: $iscsipureportlistcount\n\n";
    457 CT0 iqn.2010-06.com.purestorage:flasharray.5a698b6be77889d1 -
    458 CT1 iqn.2010-06.com.purestorage:flasharray.5a698b6be77889d1 -


Total iSCSI connections: 915


     root@bmgdcsan01-ct0:/var/home/pureeng# purearray list --controller
Name  Type              Mode       Model     Version  Status  Internal Details
CT0   array_controller  primary    FA-X90R4  6.5.10   ready   
CT1   array_controller  secondary  FA-X90R3  6.5.10   ready   
     root@bmgdcsan01-ct0:/var/home/pureeng# GNU GRUB  version 2.06

/----------------------------------------------------------------------------\||||||||||||||||||||||||||\----------------------------------------------------------------------------/     Use the ^ and v keys to select which entry is highlighted.          
      Press enter to boot the selected OS, `e' to edit the commands       
      before booting or `c' for a command-line.                            *Purity 6.5.5 (202404130351+34e2b1e66ad3) with kernel 5.15.123+ (2024031915>
 Purity 6.5.5 (202404130351+34e2b1e66ad3) with kernel 5.15.123+ (2024031915>
                                                                                                                                                                                                                                                                                                                                                                                                                                                                                                                                                                                                                                                                                                                                                                                                                                                                        The highlighted entry will be executed automatically in 3s.                    The highlighted entry will be executed automatically in 2s.                    The highlighted entry will be executed automatically in 1s.                    The highlighted entry will be executed automatically in 0s.                 
Purity

PCTFJ25140002 login: puresetup
Password: 
<fw_update_tool>
===================================================================
=                            NOTICE                               =
===================================================================
=                                                                 =
=    Firmware is currently being checked and/or updated           =
=    on this controller.                                          =
=                                                                 =
=    If updates are necessary they will be applied automatically, =
=    and one or more automatic reboots may occur as a result.     =
=    A completion notice will be provided when done.              =
=                                                                 =
=    DO NOT RESTART OR REMOVE POWER WHILE UPDATE IS IN PROGRESS   =
=                                                                 =
===================================================================
<fw_update_tool>

Sat Jun 14 04:28:33 2025
Welcome puresetup. This is Purity Version 6.5.5 on FlashArray PCTFJ25140002
http://www.purestorage.com/
puresetup@PCTFJ25140002:~$ mount /dev/sdb1 /mnt
puresetup@PCTFJ25140002:~$ cp /mnt/6.5.10/* .
puresetup@PCTFJ25140002:~$ 
puresetup@PCTFJ25140002:~$  GNU GRUB  version 2.06

/----------------------------------------------------------------------------\||||||||||||||||||||||||||\----------------------------------------------------------------------------/     Use the ^ and v keys to select which entry is highlighted.          
      Press enter to boot the selected OS, `e' to edit the commands       
      before booting or `c' for a command-line.                            *Purity 6.5.5 (202404130351+34e2b1e66ad3) with kernel 5.15.123+ (2024031915>
 Purity 6.5.5 (202404130351+34e2b1e66ad3) with kernel 5.15.123+ (2024031915>
                                                                                                                                                                                                                                                                                                                                                                                                                                                                                                                                                                                                                                                                                                                                                                                                                                                                        The highlighted entry will be executed automatically in 3s.                    The highlighted entry will be executed automatically in 2s.                    The highlighted entry will be executed automatically in 1s.                    The highlighted entry will be executed automatically in 0s.                 
Purity

PCTFJ25140002 login: puresetup
Password: 

Login incorrect
PCTFJ25140002 login: pursetup
Password: 


Login incorrect
PCTFJ25140002 login: puresetup
Password: 


Login incorrect
PCTFJ25140002 login: puresetup
Password: 
Last login: Sat Jun 14 04:28:33 UTC 2025 on ttyS0

Sat Jun 14 04:39:31 2025
Welcome puresetup. This is Purity Version 6.5.5 on FlashArray PCTFJ25140002
http://www.purestorage.com/
puresetup@PCTFJ25140002:~$ ls
purity_6.5.10_202503222031+c6937a2616b9.ppkg
purity_6.5.10_202503222031+c6937a2616b9.ppkg.sha1
puresetup@PCTFJ25140002:~$ pureboot list

Marked entry (*) is currently running
Marked entry (-->) will run at next reboot
*-->0. Purity 6.5.5 (202404130351+34e2b1e66ad3) with kernel 5.15.123+ (202403191505+d9f0e688c788) on first (/dev/sda3)
    1. Purity 6.5.5 (202404130351+34e2b1e66ad3) with kernel 5.15.123+ (202403191505+d9f0e688c788) on second (/dev/sda4)
puresetup@PCTFJ25140002:~$ pureinstall purity_6.5.10_202503222031+c6937a2616b9.ppkg
Installing Purity on alternate partition labeled second.
Erasing Purity software image from alternate partition second to prepare for installation.
WARNING: Do not interrupt this process!!
Unpacking new Purity software.
.................................................................................................................................................................................................................................................................................................................................................................................................................................................................................................................................................................................................................................................................................................................................................................................................................................................................................................................................................................................................................................................................................................................................................................................................................................................................................................
Verifying package...

Finalizing installation. This may take several minutes.
Executing /altroot/opt/purextras/bin/finish-install.sh
Executing /altroot/opt/purextras/bin/finish-install.azure-propagate.sh
Executing /altroot/opt/purextras/bin/finish-install.cbs.sh
Executing /altroot/opt/purextras/bin/finish-install.cdu-pureinstall-lib.sh
Executing /altroot/opt/purextras/bin/finish-install.fix-dpkg.sh
Purity installed.
Installation complete. The new Purity version will load at next reboot.

Important!
The first boot of a new Purity version may take longer if the new version includes controller firmware updates.
DO NOT REBOOT THE CONTROLLER DURING THE FIRMWARE UPDATE.

Refer to http://community.purestorage.com for more information about the Purity upgrade process and firmware updates.
puresetup@PCTFJ25140002:~$ pureboot --rereboot --offline
[Errno 111] Connection refused
 GNU GRUB  version 2.06

/----------------------------------------------------------------------------\||||||||||||||||||||||||||\----------------------------------------------------------------------------/     Use the ^ and v keys to select which entry is highlighted.          
      Press enter to boot the selected OS, `e' to edit the commands       
      before booting or `c' for a command-line.                             Purity 6.5.5 (202404130351+34e2b1e66ad3) with kernel 5.15.123+ (2024031915>
*Purity 6.5.10 (202503222031+c6937a2616b9) with kernel 5.15.123+ (202502120>
                                                                                                                                                                                                                                                                                                                                                                                                                                                                                                                                                                                                                                                                                                                                                                                                                                                                        The highlighted entry will be executed automatically in 3s.                    The highlighted entry will be executed automatically in 2s.                    The highlighted entry will be executed automatically in 1s.                    The highlighted entry will be executed automatically in 0s.                 
Purity

PCTFJ25140002 login: puresetup
Password: 
<fw_update_tool>
===================================================================
=                            NOTICE                               =
===================================================================
=                                                                 =
=    Firmware is currently being checked and/or updated           =
=    on this controller.                                          =
=                                                                 =
=    If updates are necessary they will be applied automatically, =
=    and one or more automatic reboots may occur as a result.     =
=    A completion notice will be provided when done.              =
=                                                                 =
=    DO NOT RESTART OR REMOVE POWER WHILE UPDATE IS IN PROGRESS   =
=                                                                 =
===================================================================
<fw_update_tool>
Last login: Sat Jun 14 04:39:31 UTC 2025 on ttyS0

Sat Jun 14 04:54:16 2025
Welcome puresetup. This is Purity Version 6.5.10 on FlashArray PCTFJ25140002
http://www.purestorage.com/
puresetup@PCTFJ25140002:~$  GNU GRUB  version 2.06

/----------------------------------------------------------------------------\||||||||||||||||||||||||||\----------------------------------------------------------------------------/     Use the ^ and v keys to select which entry is highlighted.          
      Press enter to boot the selected OS, `e' to edit the commands       
      before booting or `c' for a command-line.                             Purity 6.5.5 (202404130351+34e2b1e66ad3) with kernel 5.15.123+ (2024031915>
*Purity 6.5.10 (202503222031+c6937a2616b9) with kernel 5.15.123+ (202502120>
                                                                                                                                                                                                                                                                                                                                                                                                                                                                                                                                                                                                                                                                                                                                                                                                                                                                        The highlighted entry will be executed automatically in 3s.                    The highlighted entry will be executed automatically in 2s.                    The highlighted entry will be executed automatically in 1s.                    The highlighted entry will be executed automatically in 0s.                 
Purity

PCTFJ25140002 login: puresetup
Password: 
<fw_update_tool>
===================================================================
=                            NOTICE                               =
===================================================================
=                                                                 =
=    Firmware is currently being checked and/or updated           =
=    on this controller.                                          =
=                                                                 =
=    If updates are necessary they will be applied automatically, =
=    and one or more automatic reboots may occur as a result.     =
=    A completion notice will be provided when done.              =
=                                                                 =
=    DO NOT RESTART OR REMOVE POWER WHILE UPDATE IS IN PROGRESS   =
=                                                                 =
===================================================================
<fw_update_tool>
Last login: Sat Jun 14 04:54:16 UTC 2025 on ttyS0

Sat Jun 14 04:59:58 2025
Welcome puresetup. This is Purity Version 6.5.10 on FlashArray PCTFJ25140002
http://www.purestorage.com/
puresetup@PCTFJ25140002:~$  GNU GRUB  version 2.06

/----------------------------------------------------------------------------\||||||||||||||||||||||||||\----------------------------------------------------------------------------/     Use the ^ and v keys to select which entry is highlighted.          
      Press enter to boot the selected OS, `e' to edit the commands       
      before booting or `c' for a command-line.                             Purity 6.5.5 (202404130351+34e2b1e66ad3) with kernel 5.15.123+ (2024031915>
*Purity 6.5.10 (202503222031+c6937a2616b9) with kernel 5.15.123+ (202502120>
                                                                                                                                                                                                                                                                                                                                                                                                                                                                                                                                                                                                                                                                                                                                                                                                                                                                        The highlighted entry will be executed automatically in 3s.                    The highlighted entry will be executed automatically in 2s.                    The highlighted entry will be executed automatically in 1s.                    The highlighted entry will be executed automatically in 0s.                 
Purity

PCTFJ25140002 login: puresetup
Password: 
<fw_update_tool>
===================================================================
=                            NOTICE                               =
===================================================================
=                                                                 =
=    Firmware is currently being checked and/or updated           =
=    on this controller.                                          =
=                                                                 =
=    If updates are necessary they will be applied automatically, =
=    and one or more automatic reboots may occur as a result.     =
=    A completion notice will be provided when done.              =
=                                                                 =
=    DO NOT RESTART OR REMOVE POWER WHILE UPDATE IS IN PROGRESS   =
=                                                                 =
===================================================================
<fw_update_tool>
Last login: Sat Jun 14 04:59:58 UTC 2025 on ttyS0

Sat Jun 14 05:03:17 2025
Welcome puresetup. This is Purity Version 6.5.10 on FlashArray PCTFJ25140002
http://www.purestorage.com/
puresetup@PCTFJ25140002:~$                                                                                
Broadcast message from root@PCTFJ25140002 (somewhere) (Sat Jun 14 05:03:57 2025
                                                                               
===================================================================            
=                   UPDATE AND/OR CHECK COMPLETE                  =            
=                                                                 =            
=    The firmware checks/updates on this system are now complete. =            
=    No further action is required, and the controller will       =            
=    continue running as usual                                    =            
=                                                                 =            
===================================================================            
                                                                               
                                                                               

puresetup@PCTFJ25140002:~$ puresetup replace --from-controller FA-X90R3
##########################################
#   Welcome to the Purity Setup Wizard   #
##########################################
Controller hardware model is compatible with the controller purity version
[Errno 111] Connection refused
Local controller model is FA-X90R4.
Drive detected storage type is X.
FA-X90R3 found to be replaced by FA-X90R4 has storage type X.
Controller type supports multiple storage types, detecting type of storage installed...
Detected storage type X
Pre-existing storage type X was found on the device
Successfully configured storage type X for array controller
Waiting for peer address to check peer connectivity....... SUCCESS
Check Cobalt NDU controllers.. OK
Check RDL..................... OK
Check shelf cabling........... OK
Check controller link......... OK
Check power supply............ OK
Check PCIE AER errors......... OK
Check io card pci id's........ OK
Check LOM MAC addresses....... OK
Getting local controller type. Local controller type is cobalt_sas_a.
Getting local controller variant. Not a generic controller, Exiting.
Checking peer controller for tunables

Apply PS_FILEGW_SMB_HIDE_DOT_SNAPSHOT = 0 # Set during upgrade to 6.3.7 - CLOUD-
 (y/n):y
Apply PS_FILEGW_SMB_HIDE_DOT_SNAPSHOT = 0 # Set during upgrade to 6.3.7 - CLOUD-
 (y/n): y
Tunable parameter set: PS_FILEGW_SMB_HIDE_DOT_SNAPSHOT=0

Apply PS_UNLOCK_KMIP_RDL_CONFIGURATION = 1 # CS0282055
 (y/n):y
Apply PS_UNLOCK_KMIP_RDL_CONFIGURATION = 1 # CS0282055
 (y/n): y
Tunable parameter set: PS_UNLOCK_KMIP_RDL_CONFIGURATION=1

Apply ATOM_pureapp_monitor_mem_leak = PCTFJ20160151,PCTFL204300AB,6.3.7 # PURE-2
 (y/n):y
Apply ATOM_pureapp_monitor_mem_leak = PCTFJ20160151,PCTFL204300AB,6.3.7 # PURE-2
 (y/n): y
Tunable parameter set: ATOM_pureapp_monitor_mem_leak=PCTFJ20160151,PCTFL204300AB,6.3.7

Apply ATOM_5207 = 1 #
 (y/n):y
Apply ATOM_5207 = 1 #
 (y/n): y
Tunable parameter set: ATOM_5207=1

Apply ATOM_5177 = DEF # CLOUD-113977
 (y/n):y
Apply ATOM_5177 = DEF # CLOUD-113977
 (y/n): y
Tunable parameter set: ATOM_5177=DEF

Apply ATOM_SECURITY_BUNDLE_FA_2024_01_15 = PCTFJ20160151,PCTFL204300AB,6.3.14 #
 (y/n):y
Apply ATOM_SECURITY_BUNDLE_FA_2024_01_15 = PCTFJ20160151,PCTFL204300AB,6.3.14 #
 (y/n): y
Tunable parameter set: ATOM_SECURITY_BUNDLE_FA_2024_01_15=PCTFJ20160151,PCTFL204300AB,6.3.14

Apply ATOM_10072 = H # CLOUD-152371
 (y/n):y
Apply ATOM_10072 = H # CLOUD-152371
 (y/n): y
Tunable parameter set: ATOM_10072=H

Apply ATOM_SECURITY_PATCH_FA_2025_A = PCTFJ20160151,PCTFL204300AB,6.5.9 # CLOUD-
 (y/n):y
Apply ATOM_SECURITY_PATCH_FA_2025_A = PCTFJ20160151,PCTFL204300AB,6.5.9 # CLOUD-
 (y/n): y
Tunable parameter set: ATOM_SECURITY_PATCH_FA_2025_A=PCTFJ20160151,PCTFL204300AB,6.5.9

Apply PS_CDU_DISABLE_PSM = 1 # Disabling PSM for platform-less upgrade, doinstal
 (y/n):y
Apply PS_CDU_DISABLE_PSM = 1 # Disabling PSM for platform-less upgrade, doinstal
 (y/n): y
Tunable parameter set: PS_CDU_DISABLE_PSM=1

Apply PS_FW_UPGRADE_DISABLED = 1 # PURE-49555
 (y/n):y
Apply PS_FW_UPGRADE_DISABLED = 1 # PURE-49555
 (y/n): y
Tunable parameter set: PS_FW_UPGRADE_DISABLED=1

Apply PS_CDU_SNOOZE_PSM = 1 # post-upgrade.sh
 (y/n):y
Apply PS_CDU_SNOOZE_PSM = 1 # post-upgrade.sh
 (y/n): y
Tunable parameter set: PS_CDU_SNOOZE_PSM=1
Stopping purity to ensure tunables are properly loaded.
Press ENTER to reboot
y 
Please run puresetup again after reboot.
 GNU GRUB  version 2.06

/----------------------------------------------------------------------------\||||||||||||||||||||||||||\----------------------------------------------------------------------------/     Use the ^ and v keys to select which entry is highlighted.          
      Press enter to boot the selected OS, `e' to edit the commands       
      before booting or `c' for a command-line.                             Purity 6.5.5 (202404130351+34e2b1e66ad3) with kernel 5.15.123+ (2024031915>
*Purity 6.5.10 (202503222031+c6937a2616b9) with kernel 5.15.123+ (202502120>
                                                                                                                                                                                                                                                                                                                                                                                                                                                                                                                                                                                                                                                                                                                                                                                                                                                                        The highlighted entry will be executed automatically in 3s.                    The highlighted entry will be executed automatically in 2s.                    The highlighted entry will be executed automatically in 1s.                    The highlighted entry will be executed automatically in 0s.                 
Purity

PCTFJ25140002 login: puresetup
Password: 
Last login: Sat Jun 14 05:03:17 UTC 2025 on ttyS0

Sat Jun 14 05:09:19 2025
Welcome puresetup. This is Purity Version 6.5.10 on FlashArray PCTFJ25140002
http://www.purestorage.com/
puresetup@PCTFJ25140002:~$ puresetup replace --allow-lose-netconfig --from-controller FA-X90R3
##########################################
#   Welcome to the Purity Setup Wizard   #
##########################################
Controller hardware model is compatible with the controller purity version
[Errno 111] Connection refused
Local controller model is FA-X90R4.
Drive detected storage type is X.
FA-X90R3 found to be replaced by FA-X90R4 has storage type X.
Controller type supports multiple storage types, detecting type of storage installed...
Detected storage type X
Pre-existing storage type X was found on the device
Successfully configured storage type X for array controller
Waiting for peer address to check peer connectivity SUCCESS
Check Cobalt NDU controllers.. OK
Check RDL..................... OK
Check shelf cabling........... OK
Check controller link......... OK
Check power supply............ OK
Check PCIE AER errors......... OK
Check io card pci id's........ OK
Check LOM MAC addresses....... OK
Getting local controller type. Local controller type is cobalt_sas_a.
Getting local controller variant. Not a generic controller, Exiting.
Checking peer controller for tunables
Waiting for peer address to check peer connectivity SUCCESS
purity.service stablized: done
purity start/running
platform: done
foed: ......done
gui: ..done
rest: done
platform_env: 0.done
quorum: ....done
foed_env: 2.2.2.2.2.2.1.1.1.1.1.1.1.1.1.1.1.1.1.1.1.1.1.1.1.1.1.1.1.1.1.1.1.1.1.1.1.1.1.1.1.1.1.1.1.1.1.1.1.1.1.1.1.1.1.1.1.1.1.1.1.1.1.1.1.1.1.1.1.1.1.1.1.1.1.1.1.1.1.1.1.1.1.1.1.1.1.1.1.1.1.1.1.1.1.1.1.1.1.1.1.1.1.1.1.1.1.1.1.1.1.1.1.1.1.1.1.1.1.1.1.1.0.done
foed_ready: done
remote_patch: done
driver: done
san: Skip waiting for san during HW NDU
[FA-X90R3.CT1.ETH1] does not need to be migrated since it has no configuration and is not a subinterface.
[FA-X90R3.CT1.ETH2] does not need to be migrated since it has no configuration and is not a subinterface.
[FA-X90R3.CT1.ETH3] does not need to be migrated since it has no configuration and is not a subinterface.
Please move ports as shown below:
[FA-X90R3.CT1.ETH0] ====>> [FA-X90R4.CT1.ETH4](Slot: LOM)
[FA-X90R3.CT1.ETH14] ====>> [FA-X90R4.CT1.ETH12](Slot:1)
[FA-X90R3.CT1.ETH15] ====>> [FA-X90R4.CT1.ETH13](Slot:1)
[FA-X90R3.CT1.ETH18] ====>> [FA-X90R4.CT1.ETH18](Slot:3)
[FA-X90R3.CT1.ETH19] ====>> [FA-X90R4.CT1.ETH19](Slot:3)
[FA-X90R3.CT1.ETH4] ====>> [FA-X90R4.CT1.ETH10](Slot:1)
Press Enter to show more lines...
[FA-X90R3.CT1.ETH5] ====>> [FA-X90R4.CT1.ETH11](Slot:1)
Error: Unable to migrate ports configuration:
[FA-X90R3.CT1.FC0, FA-X90R3.CT1.FC1, FA-X90R3.CT1.FC2, FA-X90R3.CT1.FC3]
because target ports are missing.
The following ports cannot migrate from old controller to new controller: {}
Are you sure you want to discard the network port configurations
for all missing ports? (y/n):yAre you sure you want to discard the network port configurations
for all missing ports? (y/n): y

After the cables have been moved, type "CONTINUE": continue
Configuring network ports...
Perform ping test on port ETH4 ....... OK
Checking SAN connectivity                                                                               
Broadcast message from root@bmgdcsan01-ct1 (somewhere) (Sat Jun 14 05:14:45 202
                                                                               
                                                                               
Purity//FA Information System Status                                           
====================================                                           
Purity//FA has successfully started for                                        
the first time after an install                                                
or upgrade. Purity//FA 6.5.10 (202503222031+c6937a2616b9-65x)                  
is now set to be the default.                                                  
                                                                               
                                                                               
Broadcast message from root@bmgdcsan01-ct1 (somewhere) (Sat Jun 14 05:14:45 202
                                                                               
                                                                               
Purity//FA Information System Status                                           
====================================                                           
Purity//FA has successfully started for                                        
the first time after an install                                                
or upgrade. Purity//FA 6.5.10 (202503222031+c6937a2616b9-65x)                  
is now set to be the default.                                                  
                                                                               

SAN is ready.
Waiting for Software Check:.Checking iobalance before proceeding, sampling for 30 seconds, retrying 1 times, adding 30 seconds with each retry
Try 1/2: Sampling I/O for 30 seconds
Sampling finished, I/O is not yet balanced
Try 2/2: Sampling I/O for 60 seconds
Sampling finished, I/O is not yet balanced
I/O is not balanced after 2 run(s).
iobalance reports the following: 
sampling host I/O for 60 seconds...
                Host  CT0 I/O Count  CT1 I/O Count  
         BMGDCD2551A      16.89K      16.93K  
         BMGDCD2551B        3.00        3.00  
         BMGDCD2551C       1.61K       1.61K  
         BMGDCD2551D       8.03K       2.77K  ! unbalanced I/O
          BMGDCP2520     145.63K     146.93K  
          BMGDCP2521      16.98K      16.09K  
         BMGDCP2521A        0.00        0.00  ? Host is idle
         BMGDCP2521B      108.00      108.00  
         BMGDCP2521C        0.00        0.00  ? Host is idle
         BMGDCP2551A      46.09K      35.09K  
         BMGDCP2551B        0.00        0.00  ? Host is idle
         BMGDCP2551C      75.53K      38.85K  ! unbalanced I/O
         BMGDCP2551D      97.08K      97.09K  
         BMGDCP2551E       8.96K       8.30K  
         BMGDCP2551F      14.86K       5.70K  ! unbalanced I/O
         BMGDCP2551G        0.00        0.00  ? Host is idle
         BMGDCP2551H        0.00        0.00  ? Host is idle
         BMGDCP2551I        0.00        0.00  ? Host is idle
         BMGDCP2551J        0.00        0.00  ? Host is idle
         BMGDCP2552A       6.22K       6.23K  
         BMGDCP2552B      770.00      772.00  
         BMGDCP2564A       4.06K       4.03K  
         BMGDCP2564B       1.34K       1.34K  
         BMGDCP2566A      17.14K      16.90K  
         BMGDCP2566B     101.04K     100.46K  
         BMGDCP2566C      68.05K      57.73K  
         BMGDCP2566D      62.76K      63.52K  
         BMGDCP2566E      14.99K      14.96K  
         BMGDCP2566F      80.45K      81.15K  
         BMGDCP2566G     196.51K        0.00  ! no I/O to CT1
         BMGDCP2566H     225.41K     206.98K  
         BMGDCP2566Y     163.16K     157.72K  
         BMGDCP2566Z       1.89K      704.00  ! unbalanced I/O
         BMGDCP2567A      77.42K      77.36K  
         BMGDCP2567B      76.98K      76.76K  
         BMGDCP2567C      71.33K      70.74K  
         BMGDCP2567D      27.85K      27.91K  
         BMGDCP2567E      73.55K      73.36K  
         BMGDCP2567F      91.90K      91.30K  
         BMGDCP2567G      448.00      448.00  
         BMGDCP2567H      448.00      448.00  
         BMGDCP2568A      192.00      192.00  
         BMGDCP2568B       96.00       96.00  
         BMGDCP3551A      56.51K      64.10K  
         BMGDCP3551B       14.00        6.00  
         BMGDCP3566A       7.85K       7.80K  
         BMGDCP3566B       2.31K       2.27K  
         BMGDCP3566C       9.95K       9.90K  

Would you like to ignore this check?
WARNING: Unless the workload you are running is known to be imbalanced, ignoring this check could result in an outage and is NOT recommended.
Ignore anyway? (y/n): y
Overriding iobalance check based on user input
SUCCESS
passwd: password expiry information changed.
Current time zone: Etc/UTC
Change time zone [requires reboot] (y/n):yChange time zone [requires reboot] (y/n): y
Configuring tzdata
------------------

Please select the geographic area in which you live. Subsequent configuration 
questions will narrow this down by presenting a list of cities, representing the
time zones in which they are located.

  1. Africa      4. Australia     7. Atlantic Ocean  10. Pacific Ocean
  2. America     5. Arctic Ocean  8. Europe          11. US
  3. Antarctica  6. Asia          9. Indian Ocean    12. None of the above

Geographic area: 2


Please select the city or region corresponding to your time zone.

  1. Adak                       80. Juneau
  2. Anchorage                  81. Louisville (Kentucky)
  3. Anguilla                   82. Monticello (Kentucky)
  4. Antigua                    83. Kralendijk
  5. Araguaina                  84. La Paz
  6. Buenos Aires (Argentina)   85. Lima
  7. Catamarca (Argentina)      86. Los Angeles
  8. Cordoba (Argentina)        87. Lower Princes
  9. Jujuy (Argentina)          88. Maceio
  10. La Rioja (Argentina)      89. Managua
  11. Mendoza (Argentina)       90. Manaus
  12. Rio Gallegos (Argentina)  91. Marigot
  13. Salta (Argentina)         92. Martinique
  14. San Juan (Argentina)      93. Matamoros
  15. San Luis (Argentina)      94. Mazatlan
  16. Tucuman (Argentina)       95. Menominee
  17. Ushuaia (Argentina)       96. Merida
  18. Aruba                     97. Metlakatla
[More] 

  19. Asuncion                  98. Mexico City
  20. Atikokan                  99. Miquelon
  21. Atka                      100. Moncton
  22. Bahia                     101. Monterrey
  23. Bahia Banderas            102. Montevideo
  24. Barbados                  103. Montreal
  25. Belem                     104. Montserrat
  26. Belize                    105. Nassau
  27. Blanc-Sablon              106. New York
  28. Boa Vista                 107. Nipigon
  29. Bogota                    108. Nome
  30. Boise                     109. Fernando de Noronha
  31. Cambridge Bay             110. Beulah (North Dakota)
  32. Campo Grande              111. Center (North Dakota)
  33. Cancun                    112. New Salem (North Dakota)
  34. Caracas                   113. Nuuk
  35. Cayenne                   114. Ojinaga
  36. Cayman                    115. Panama
  37. Chicago                   116. Pangnirtung
  38. Chihuahua                 117. Paramaribo
  39. Ciudad_Juarez             118. Phoenix
  40. Coral Harbour             119. Port-au-Prince
[More] 

  41. Costa Rica                120. Port of Spain
  42. Creston                   121. Porto Acre
  43. Cuiaba                    122. Porto Velho
  44. Curaçao                  123. Puerto Rico
  45. Danmarkshavn              124. Punta Arenas
  46. Dawson                    125. Rainy River
  47. Dawson Creek              126. Rankin Inlet
  48. Denver                    127. Recife
  49. Detroit                   128. Regina
  50. Dominica                  129. Resolute
  51. Edmonton                  130. Rio Branco
  52. Eirunepe                  131. Santa Isabel
  53. El Salvador               132. Santarém
  54. Ensenada                  133. Santiago
  55. Fort Nelson               134. Santo Domingo
  56. Fortaleza                 135. São Paulo
  57. Glace Bay                 136. Scoresbysund
  58. Godthab                   137. Shiprock
  59. Goose Bay                 138. Sitka
  60. Grand Turk                139. St Barthelemy
  61. Grenada                   140. St Johns
  62. Guadeloupe                141. St Kitts
[More] 

  63. Guatemala                 142. St Lucia
  64. Guayaquil                 143. St Thomas
  65. Guyana                    144. St Vincent
  66. Halifax                   145. Swift Current
  67. Havana                    146. Tegucigalpa
  68. Hermosillo                147. Thule
  69. Indianapolis (Indiana)    148. Thunder Bay
  70. Knox (Indiana)            149. Tijuana
  71. Marengo (Indiana)         150. Toronto
  72. Petersburg (Indiana)      151. Tortola
  73. Tell City (Indiana)       152. Vancouver
  74. Vevay (Indiana)           153. Virgin
  75. Vincennes (Indiana)       154. Whitehorse
  76. Winamac (Indiana)         155. Winnipeg
  77. Inuvik                    156. Yakutat
  78. Iqaluit                   157. Yellowknife
  79. Jamaica

Time zone: 2 37



Current default time zone: 'America/Chicago'
Local time is now:      Sat Jun 14 00:18:02 CDT 2025.
Universal Time is now:  Sat Jun 14 05:18:02 UTC 2025.

'/cache/timezone/localtime' -> '/usr/share/zoneinfo/America/Chicago'
Confirm time zone change from Etc/UTC to America/Chicago
(y/N):y(y/N): y
Press ENTER to reboot

Secondary controller will be ready to use after reboot.
Secondary controller is ready to use.
CONFIG_TASK_COMPLETED:CONFIG_TASK_PURESETUP_EXITED
puresetup@PCTFJ25140002:~$  GNU GRUB  version 2.06

/----------------------------------------------------------------------------\||||||||||||||||||||||||||\----------------------------------------------------------------------------/     Use the ^ and v keys to select which entry is highlighted.          
      Press enter to boot the selected OS, `e' to edit the commands       
      before booting or `c' for a command-line.                            *Purity 6.5.10 (202503222031+c6937a2616b9) with kernel 5.15.123+ (202502120>
 Purity 6.5.5 (202404130351+34e2b1e66ad3) with kernel 5.15.123+ (2024031915>
                                                                                                                                                                                                                                                                                                                                                                                                                                                                                                                                                                                                                                                                                                                                                                                                                                                                        The highlighted entry will be executed automatically in 3s.                    The highlighted entry will be executed automatically in 2s.                    The highlighted entry will be executed automatically in 1s.                    The highlighted entry will be executed automatically in 0s.                 
This device and network are the property of Baker & McKenzie [the Firm]. 
The network and access to it are protected by intellectual property rights and contain confidential information protected by the attorney-client privilege and other claims of confidentiality.
You may not access this network unless you have express permission from Baker & McKenzie. 
If you have permission to access this system, you are allowed limited, conditional access to this network and the information on it only as defined by Firm management and the system administrators.

Your activities on this network are subject to being monitored by the Firm and are subject to the Firm policies defined in the Attorney Manual and/or the Employee Handbook. 
You may not use any computer to access this system for any unlawful or illegal purpose or to facilitate or advance any illegal activity. 
Any such improper or illegal use will subject you to discipline by the Firm and also is subject to being reported to law enforcement authorities.

Do not logon to this system unless you are an approved Baker & McKenzie user and you agree to your activity on our system being monitored.

bmgdcsan01-ct1 login: 
     root@bmgdcsan01-ct0:/var/home/pureeng# purearray list --controller
Name  Type              Mode       Model     Version  Status  Internal Details
CT0   array_controller  primary    FA-X90R4  6.5.10   ready   
CT1   array_controller  secondary  FA-X90R4  6.5.10   ready   
     root@bmgdcsan01-ct0:/var/home/pureeng# purehw list
Name       Status  Identify  Slot  Index  Speed       Temperature  Voltage  Details
CH0        ok      off       -     0      -           -            -        -
CH0.BAY0   ok      off       -     0      -           -            -        -
CH0.BAY1   ok      off       -     1      -           -            -        -
CH0.BAY2   ok      off       -     2      -           -            -        -
CH0.BAY3   ok      off       -     3      -           -            -        -
CH0.BAY4   ok      off       -     4      -           -            -        -
CH0.BAY5   ok      off       -     5      -           -            -        -
CH0.BAY6   ok      off       -     6      -           -            -        -
CH0.BAY7   ok      off       -     7      -           -            -        -
CH0.BAY8   ok      off       -     8      -           -            -        -
CH0.BAY9   ok      off       -     9      -           -            -        -
CH0.BAY10  ok      off       -     10     -           -            -        -
CH0.BAY11  ok      off       -     11     -           -            -        -
CH0.BAY12  ok      off       -     12     -           -            -        -
CH0.BAY13  ok      off       -     13     -           -            -        -
CH0.BAY14  ok      off       -     14     -           -            -        -
CH0.BAY15  ok      off       -     15     -           -            -        -
CH0.BAY16  ok      off       -     16     -           -            -        -
CH0.BAY17  ok      off       -     17     -           -            -        -
CH0.BAY18  ok      off       -     18     -           -            -        -
CH0.BAY19  ok      off       -     19     -           -            -        -
CH0.NVB0   ok      off       -     0      -           -            -        -
CH0.NVB1   ok      off       -     1      -           -            -        -
CH0.NVB2   ok      off       -     2      -           -            -        -
CH0.NVB3   ok      off       -     3      -           -            -        -
CH0.PWR0   ok      -         -     0      -           -            202 V    -
CH0.PWR1   ok      -         -     1      -           -            204 V    -
CH0.TMP0   ok      -         -     0      -           25 C         -        -
CT0        ok      off       -     0      -           -            -        -
CT0.DCA4   ok      -         4     4      -           -            -        -
CT0.ETH0   ok      -         -     0      0.00 b/s    -            -        -
CT0.ETH1   ok      -         -     1      0.00 b/s    -            -        -
CT0.ETH2   ok      -         -     2      0.00 b/s    -            -        -
CT0.ETH3   ok      -         -     3      0.00 b/s    -            -        -
CT0.ETH4   ok      -         -     4      1.00 Gb/s   -            -        -
CT0.ETH5   ok      -         -     5      0.00 b/s    -            -        -
CT0.ETH10  ok      -         1     10     10.00 Gb/s  -            -        -
CT0.ETH11  ok      -         1     11     10.00 Gb/s  -            -        -
CT0.ETH12  ok      -         1     12     10.00 Gb/s  -            -        -
CT0.ETH13  ok      -         1     13     10.00 Gb/s  -            -        -
CT0.ETH18  ok      -         3     18     10.00 Gb/s  -            -        -
CT0.ETH19  ok      -         3     19     10.00 Gb/s  -            -        -
CT0.FAN0   ok      -         -     0      -           -            -        -
CT0.FAN1   ok      -         -     1      -           -            -        -
CT0.FAN2   ok      -         -     2      -           -            -        -
CT0.FAN3   ok      -         -     3      -           -            -        -
CT0.FAN4   ok      -         -     4      -           -            -        -
CT0.FAN5   ok      -         -     5      -           -            -        -
CT0.SAS0   ok      -         2     0      48.00 Gb/s  -            -        -
CT0.SAS1   ok      -         2     1      48.00 Gb/s  -            -        -
CT0.SAS2   ok      -         2     2      48.00 Gb/s  -            -        -
CT0.SAS3   ok      -         2     3      48.00 Gb/s  -            -        -
CT0.TMP0   ok      -         -     0      -           43 C         -        -
CT0.TMP1   ok      -         -     1      -           44 C         -        -
CT0.TMP2   ok      -         -     2      -           66 C         -        -
CT0.TMP3   ok      -         -     3      -           62 C         -        -
CT0.TMP4   ok      -         -     4      -           53 C         -        -
CT0.TMP5   ok      -         -     5      -           52 C         -        -
CT0.TMP6   ok      -         -     6      -           32 C         -        -
CT0.TMP7   ok      -         -     7      -           33 C         -        -
CT0.TMP8   ok      -         -     8      -           54 C         -        -
CT0.TMP9   ok      -         -     9      -           55 C         -        -
CT0.TMP10  ok      -         -     10     -           56 C         -        -
CT0.TMP11  ok      -         -     11     -           55 C         -        -
CT0.TMP12  ok      -         -     12     -           51 C         -        -
CT0.TMP13  ok      -         -     13     -           52 C         -        -
CT0.TMP14  ok      -         -     14     -           52 C         -        -
CT0.TMP15  ok      -         -     15     -           52 C         -        -
CT0.TMP16  ok      -         -     16     -           50 C         -        -
CT0.TMP17  ok      -         -     17     -           51 C         -        -
CT0.TMP18  ok      -         -     18     -           50 C         -        -
CT0.TMP19  ok      -         -     19     -           49 C         -        -
CT0.TMP20  ok      -         -     20     -           48 C         -        -
CT0.TMP21  ok      -         -     21     -           54 C         -        -
CT0.TMP22  ok      -         -     22     -           53 C         -        -
CT0.TMP23  ok      -         -     23     -           53 C         -        -
CT0.TMP24  ok      -         -     24     -           51 C         -        -
CT1        ok      off       -     1      -           -            -        -
CT1.DCA4   ok      -         4     4      -           -            -        -
CT1.ETH0   ok      -         -     0      0.00 b/s    -            -        -
CT1.ETH1   ok      -         -     1      0.00 b/s    -            -        -
CT1.ETH2   ok      -         -     2      0.00 b/s    -            -        -
CT1.ETH3   ok      -         -     3      0.00 b/s    -            -        -
CT1.ETH4   ok      -         -     4      1.00 Gb/s   -            -        -
CT1.ETH5   ok      -         -     5      0.00 b/s    -            -        -
CT1.ETH10  ok      -         1     10     10.00 Gb/s  -            -        -
CT1.ETH11  ok      -         1     11     10.00 Gb/s  -            -        -
CT1.ETH12  ok      -         1     12     10.00 Gb/s  -            -        -
CT1.ETH13  ok      -         1     13     10.00 Gb/s  -            -        -
CT1.ETH18  ok      -         3     18     10.00 Gb/s  -            -        -
CT1.ETH19  ok      -         3     19     10.00 Gb/s  -            -        -
CT1.FAN0   ok      -         -     0      -           -            -        -
CT1.FAN1   ok      -         -     1      -           -            -        -
CT1.FAN2   ok      -         -     2      -           -            -        -
CT1.FAN3   ok      -         -     3      -           -            -        -
CT1.FAN4   ok      -         -     4      -           -            -        -
CT1.FAN5   ok      -         -     5      -           -            -        -
CT1.SAS0   ok      -         2     0      48.00 Gb/s  -            -        -
CT1.SAS1   ok      -         2     1      48.00 Gb/s  -            -        -
CT1.SAS2   ok      -         2     2      48.00 Gb/s  -            -        -
CT1.SAS3   ok      -         2     3      48.00 Gb/s  -            -        -
CT1.TMP0   ok      -         -     0      -           44 C         -        -
CT1.TMP1   ok      -         -     1      -           44 C         -        -
CT1.TMP2   ok      -         -     2      -           58 C         -        -
CT1.TMP3   ok      -         -     3      -           53 C         -        -
CT1.TMP4   ok      -         -     4      -           49 C         -        -
CT1.TMP5   ok      -         -     5      -           48 C         -        -
CT1.TMP6   ok      -         -     6         -        -
CT1.TMP16  ok      -         -     16     -           42 C         -        -
CT1.TMP17  ok      -         -     17     -           42 C         -        -
CT1.TMP18  ok      -         -     18     -           41 C         -        -
CT1.TMP19  ok      -         -     19     -           41 C         -        -
CT1.TMP20  ok      -         -     20     -           41 C         -        -
CT1.TMP21  ok      -         -     21     -           44 C         -        -
CT1.TMP22  ok      -         -     22     -           43 C         -        -
CT1.TMP23  ok      -         -     23     -           43 C         -        -
CT1.TMP24  ok      -         -     24     -           42 C         -        -
SH0        ok      off       -     0      -           -            -        -
SH0.BAY0   ok      off       -     0      -           -            -        -
SH0.BAY1   ok      off       -     1      -           -            -        -
SH0.BAY2   ok      off       -     2      -           -            -        -
SH0.BAY3   ok      off       -     3      -           -            -        -
SH0.BAY4   ok      off       -     4      -           -            -        -
SH0.BAY5   ok      off       -     5      -           -            -        -
SH0.BAY6   ok      off       -     6      -           -            -        -
SH0.BAY7   ok      off       -     7      -           -            -        -
SH0.BAY8   ok      off       -     8      -           -            -        -
SH0.BAY9   ok      off       -     9      -           -            -        -
SH0.BAY10  ok      off       -     10     -           -            -        -
SH0.BAY11  ok      off       -     11     -           -            -        -
SH0.BAY12  ok      off       -     12     -           -            -        -
SH0.BAY13  ok      off       -     13     -           -            -        -
SH0.BAY14  ok      off       -     14     -           -            -        -
SH0.BAY15  ok      off       -     15     -           -            -        -
SH0.BAY16  ok      off       -     16     -           -            -        -
SH0.BAY17  ok      off       -     17     -           -            -        -
SH0.BAY18  ok      off       -     18     -           -            -        -
SH0.BAY19  ok      off       -     19     -           -            -        -
SH0.BAY20  ok      off       -     20     -           -            -        -
SH0.BAY21  ok      off       -     21     -           -            -        -
SH0.BAY22  ok      off       -     22     -           -            -        -
SH0.BAY23  ok      off       -     23     -           -            -        -
SH0.FAN0   ok      -         -     0      -           -            -        -
SH0.FAN1   ok      -         -     1      -           -            -        -
SH0.FAN2   ok      -         -     2      -           -            -        -
SH0.FAN3   ok      -         -     3      -           -            -        -
SH0.IOM0   ok      off       0     0      -           -            -        -
SH0.IOM1   ok      off       1     1      -           -            -        -
SH0.PWR0   ok      -         -     0      -           -            -        -
SH0.PWR1   ok      -         -     1      -           -            -        -
SH0.SAS0   ok      -         0     0      48.00 Gb/s  -            -        -
SH0.SAS1   ok      -         0     1      0.00 b/s    -            -        -
SH0.SAS2   ok      -         0     2      48.00 Gb/s  -            -        -
SH0.SAS3   ok      -         1     3      48.00 Gb/s  -            -        -
SH0.SAS4   ok      -         1     4      0.00 b/s    -            -        -
SH0.SAS5   ok      -         1     5      48.00 Gb/s  -            -        -
SH0.TMP0   ok      -         -     0      -           27 C         -        -
SH0.TMP1   ok      -         -     1      -           28 C         -        -
SH0.TMP2   ok      -         -     2      -           30 C         -        -
SH0.TMP3   ok      -         -     3      -           33 C         -        -
SH0.TMP4   ok      -         -     4      -           29 C         -        -
SH0.TMP5   ok      -         -     5      -           33 C         -        -
SH0.TMP6   ok      -         -     6      -           36 C         -        -
SH0.TMP7   ok      -         -     7      -           34 C         -        -
SH1        ok      off       -     1      -           -            -        -
SH1.BAY0   ok      off       -     0      -           -            -        -
SH1.BAY1   ok      off       -     1      -           -            -        -
SH1.BAY2   ok      off       -     2      -           -            -        -
SH1.BAY3   ok      off       -     3      -           -            -        -
SH1.BAY4   ok      off       -     4      -           -            -        -
SH1.BAY5   ok      off       -     5      -           -            -        -
SH1.BAY6   ok      off       -     6      -           -            -        -
SH1.BAY7   ok      off       -     7      -           -            -        -
SH1.BAY8   ok      off       -     8      -           -            -        -
SH1.BAY9   ok      off       -     9      -           -            -        -
SH1.BAY10  ok      off       -     10     -           -            -        -
SH1.BAY11  ok      off       -     11     -           -            -        -
SH1.BAY12  ok      off       -     12     -           -            -        -
SH1.BAY13  ok      off       -     13     -           -            -        -
SH1.BAY14  ok      off       -     14     -           -            -        -
SH1.BAY15  ok      off       -     15     -           -            -        -
SH1.BAY16  ok      off       -     16     -           -            -        -
SH1.BAY17  ok      off       -     17     -           -            -        -
SH1.BAY18  ok      off       -     18     -           -            -        -
SH1.BAY19  ok      off       -     19     -           -            -        -
SH1.BAY20  ok      off       -     20     -           -            -        -
SH1.BAY21  ok      off       -     21     -           -            -        -
SH1.BAY22  ok      off       -     22     -           -            -        -
SH1.BAY23  ok      off       -     23     -           -            -        -
SH1.FAN0   ok      -         -     0      -           -            -        -
SH1.FAN1   ok      -         -     1      -           -            -        -
SH1.FAN2   ok      -         -     2      -           -            -        -
SH1.FAN3   ok      -         -     3      -           -            -        -
SH1.IOM0   ok      off       0     0      -           -            -        -
SH1.IOM1   ok      off       1     1      -           -            -        -
SH1.PWR0   ok      -         -     0      -           -            -        -
SH1.PWR1   ok      -         -     1      -           -            -        -
SH1.SAS0   ok      -         0     0      48.00 Gb/s  -            -        -
SH1.SAS1   ok      -         0     1      48.00 Gb/s  -            -        -
SH1.SAS2   ok      -         0     2      48.00 Gb/s  -            -        -
SH1.SAS3   ok      -         1     3      48.00 Gb/s  -            -        -
SH1.SAS4   ok      -         1     4      48.00 Gb/s  -            -        -
SH1.SAS5   ok      -         1     5      48.00 Gb/s  -            -        -
SH1.TMP0   ok      -         -     0      -           26 C         -        -
SH1.TMP1   ok      -         -     1      -           29 C         -        -
SH1.TMP2   ok      -         -     2      -           29 C         -        -
SH1.TMP3   ok      -         -     3      -           33 C         -        -
SH1.TMP4   ok      -         -     4      -           29 C         -        -
SH1.TMP5   ok      -         -     5      -           32 C         -        -
SH1.TMP6   ok      -         -     6      -           36 C         -        -
SH1.TMP7   ok      -         -     7      -           35 C         -        -
SH2        ok      off       -     2      -           -            -        -
SH2.BAY0   ok      off       -     0      -           -            -        -
SH2.BAY1   ok      off       -     1      -           -            -        -
SH2.BAY2   ok      off       -     2      -           -            -        -
SH2.BAY3   ok      off       -     3      -           -            -        -
SH2.BAY4   ok      off       -     4      -           -            -        -
SH2.BAY5   ok      off       -     5      -           -            -        -
SH2.BAY6   ok      off       -     6      -           -            -        -
SH2.BAY7   ok      off       -     7      -           -            -        -
SH2.BAY8   ok      off       -     8      -           -            -        -
SH2.BAY9   ok      off       -     9      -           -            -        -
SH2.BAY10  ok      off       -     10     -           -            -        -
SH2.BAY11  ok      off       -     11     -           -            -        -
SH2.BAY12  ok      off       -     12     -           -            -        -
SH2.BAY13  ok      off       -     13     -           -            -        -
SH2.BAY14  ok      off       -     14     -           -            -        -
SH2.BAY15  ok      off       -     15     -           -            -        -
SH2.BAY16  ok      off       -     16     -           -            -        -
SH2.BAY17  ok      off       -     17     -           -            -        -
SH2.BAY18  ok      off       -     18     -           -            -        -
SH2.BAY19  ok      off       -     19     -           -            -        -
SH2.BAY20  ok      off       -     20     -           -            -        -
SH2.BAY21  ok      off       -     21     -           -            -        -
SH2.BAY22  ok      off       -     22     -           -            -        -
SH2.BAY23  ok      off       -     23     -           -            -        -
SH2.FAN0   ok      -         -     0      -           -            -        -
SH2.FAN1   ok      -         -     1      -           -            -        -
SH2.FAN2   ok      -         -     2      -           -            -        -
SH2.FAN3   ok      -         -     3      -           -            -        -
SH2.IOM0   ok      off       0     0      -           -            -        -
SH2.IOM1   ok      off       1     1      -           -            -        -
SH2.PWR0   ok      -         -     0      -           -            -        -
SH2.PWR1   ok      -         -     1      -           -            -        -
SH2.SAS0   ok      -         0     0      0.00 b/s    -            -        -
SH2.SAS1   ok      -         0     1      0.00 b/s    -            -        -
SH2.SAS2   ok      -         0     2      48.00 Gb/s  -            -        -
SH2.SAS3   ok      -         1     3      0.00 b/s    -            -        -
SH2.SAS4   ok      -         1     4      0.00 b/s    -            -        -
SH2.SAS5   ok      -         1     5      48.00 Gb/s  -            -        -
SH2.TMP0   ok      -         -     0      -           25 C         -        -
SH2.TMP1   ok      -         -     1      -           29 C         -        -
SH2.TMP2   ok      -         -     2      -           29 C         -        -
SH2.TMP3   ok      -         -     3      -           34 C         -        -
SH2.TMP4   ok      -         -     4      -           29 C         -        -
SH2.TMP5   ok      -         -     5      -           34 C         -        -
SH2.TMP6   ok      -         -     6      -           37 C         -        -
SH2.TMP7   ok      -         -     7      -           35 C         -        -
     root@bmgdcsan01-ct0:/var/home/pureeng# puremessage list --open
ID        Time                     Severity  Category  Code  Component  Name            Event             Expected  Actual  Details
14791127  2023-09-19 01:17:02 CDT  warning   array     25    storage    array.capacity  high utilization  < 90%     92.29%  
     root@bmgdcsan01-ct0:/var/home/pureeng# iobalance --sampletime 15
sampling host I/O for 15 seconds...
                Host  CT0 I/O Count  CT1 I/O Count  
         BMGDCD2551A       14.00       12.00  
         BMGDCD2551B        3.00        3.00  
         BMGDCD2551C      275.00      304.00  
         BMGDCD2551D      53.98K      51.34K  
          BMGDCP2520       7.33K       8.16K  
          BMGDCP2521       3.53K       3.58K  
         BMGDCP2521A        0.00        0.00  ? Host is idle
         BMGDCP2521B        0.00        0.00  ? Host is idle
         BMGDCP2521C        0.00        0.00  ? Host is idle
          BMGDCP2522        0.00        0.00  ? Host is idle
         BMGDCP2551A       8.90K       7.21K  
         BMGDCP2551B        0.00        0.00  ? Host is idle
         BMGDCP2551C     270.01K        0.00  ! no I/O to CT1
         BMGDCP2551D      37.15K      42.48K  
         BMGDCP2551E       3.06K        0.00  ! no I/O to CT1
         BMGDCP2551F       2.40K        0.00  ! no I/O to CT1
         BMGDCP2551G        0.00        0.00  ? Host is idle
         BMGDCP2551H        0.00        0.00  ? Host is idle
         BMGDCP2551I        0.00        0.00  ? Host is idle
         BMGDCP2551J        0.00        0.00  ? Host is idle
         BMGDCP2552A      678.00      667.00  
         BMGDCP2552B       53.00       51.00  
         BMGDCP2564A       2.01K       1.97K  
         BMGDCP2564B      383.00      401.00  
         BMGDCP2566A       1.16K       1.11K  
         BMGDCP2566B      45.65K      45.07K  
         BMGDCP2566C      13.17K      12.00K  
         BMGDCP2566D       8.19K       8.13K  
         BMGDCP2566E       1.88K       1.75K  
         BMGDCP2566F       7.56K       7.28K  
         BMGDCP2566G      35.22K        0.00  ! no I/O to CT1
         BMGDCP2566H      49.91K      46.45K  
         BMGDCP2566Y      51.37K      47.36K  
         BMGDCP2566Z      463.00      267.00  ! unbalanced I/O
         BMGDCP2567A      17.57K      17.91K  
         BMGDCP2567B      11.79K      11.66K  
         BMGDCP2567C       8.60K       8.56K  
         BMGDCP2567D       5.12K       5.09K  
         BMGDCP2567E      11.38K      11.45K  
         BMGDCP2567F      22.57K      23.38K  
         BMGDCP2567G      224.00      224.00  
         BMGDCP2567H        0.00        0.00  ? Host is idle
         BMGDCP2568A        0.00        0.00  ? Host is idle
         BMGDCP2568B       48.00       48.00  
         BMGDCP3551A      10.54K      11.88K  
         BMGDCP3551B        3.00        3.00  
         BMGDCP3566A       2.51K       2.45K  
         BMGDCP3566B      689.00      690.00  
         BMGDCP3566C      15.80K      16.47K  
     root@bmgdcsan01-ct0:/var/home/pureeng# puredrive list
Name       Type   Status   Capacity  Details
CH0.BAY0   SSD    healthy  3.84T     -
CH0.BAY1   SSD    healthy  3.84T     -
CH0.BAY2   SSD    healthy  3.84T     -
CH0.BAY3   SSD    healthy  3.84T     -
CH0.BAY4   SSD    healthy  3.84T     -
CH0.BAY5   SSD    healthy  3.84T     -
CH0.BAY6   SSD    healthy  3.84T     -
CH0.BAY7   SSD    healthy  3.84T     -
CH0.BAY8   SSD    healthy  3.84T     -
CH0.BAY9   SSD    healthy  3.84T     -
CH0.BAY10  SSD    healthy  3.84T     -
CH0.BAY11  SSD    healthy  3.84T     -
CH0.BAY12  SSD    healthy  3.84T     -
CH0.BAY13  SSD    healthy  3.84T     -
CH0.BAY14  SSD    healthy  3.84T     -
CH0.BAY15  SSD    healthy  3.84T     -
CH0.BAY16  SSD    healthy  3.84T     -
CH0.BAY17  SSD    healthy  3.84T     -
CH0.BAY18  SSD    healthy  3.84T     -
CH0.BAY19  SSD    healthy  3.84T     -
CH0.NVB0   NVRAM  healthy  7.52G     -
CH0.NVB1   NVRAM  healthy  7.52G     -
CH0.NVB2   NVRAM  healthy  7.52G     -
CH0.NVB3   NVRAM  healthy  7.52G     -
SH0.BAY0   SSD    healthy  1.92T     -
SH0.BAY1   SSD    healthy  1.92T     -
SH0.BAY2   SSD    healthy  1.92T     -
SH0.BAY3   SSD    healthy  1.92T     -
SH0.BAY4   SSD    healthy  1.92T     -
SH0.BAY5   SSD    healthy  1.92T     -
SH0.BAY6   SSD    healthy  1.92T     -
SH0.BAY7   SSD    healthy  1.92T     -
SH0.BAY8   SSD    healthy  1.92T     -
SH0.BAY9   SSD    healthy  1.92T     -
SH0.BAY10  SSD    healthy  1.92T     -
SH0.BAY11  SSD    healthy  1.92T     -
SH0.BAY12  SSD    healthy  1.92T     -
SH0.BAY13  SSD    healthy  1.92T     -
SH0.BAY14  SSD    healthy  1.92T     -
SH0.BAY15  SSD    healthy  1.92T     -
SH0.BAY16  SSD    healthy  1.92T     -
SH0.BAY17  SSD    healthy  1.92T     -
SH0.BAY18  SSD    healthy  1.92T     -
SH0.BAY19  SSD    healthy  1.92T     -
SH0.BAY20  SSD    healthy  1.92T     -
SH0.BAY21  SSD    healthy  1.92T     -
SH0.BAY22  SSD    healthy  1.92T     -
SH0.BAY23  SSD    healthy  1.92T     -
SH1.BAY0   SSD    healthy  1.92T     -
SH1.BAY1   SSD    healthy  1.92T     -
SH1.BAY2   SSD    healthy  1.92T     -
SH1.BAY3   SSD    healthy  1.92T     -
SH1.BAY4   SSD    healthy  1.92T     -
SH1.BAY5   SSD    healthy  1.92T     -
SH1.BAY6   SSD    healthy  1.92T     -
SH1.BAY7   SSD    healthy  1.92T     -
SH1.BAY8   SSD    healthy  1.92T     -
SH1.BAY9   SSD    healthy  1.92T     -
SH1.BAY10  SSD    healthy  1.92T     -
SH1.BAY11  SSD    healthy  1.92T     -
SH1.BAY12  SSD    healthy  1.92T     -
SH1.BAY13  SSD    healthy  1.92T     -
SH1.BAY14  SSD    healthy  1.92T     -
SH1.BAY15  SSD    healthy  1.92T     -
SH1.BAY16  SSD    healthy  1.92T     -
SH1.BAY17  SSD    healthy  1.92T     -
SH1.BAY18  SSD    healthy  1.92T     -
SH1.BAY19  SSD    healthy  1.92T     -
SH1.BAY20  SSD    healthy  1.92T     -
SH1.BAY21  SSD    healthy  1.92T     -
SH1.BAY22  SSD    healthy  1.92T     -
SH1.BAY23  SSD    healthy  1.92T     -
SH2.BAY0   SSD    healthy  3.84T     -
SH2.BAY1   SSD    healthy  3.84T     -
SH2.BAY2   SSD    healthy  3.84T     -
SH2.BAY3   SSD    healthy  3.84T     -
SH2.BAY4   SSD    healthy  3.84T     -
SH2.BAY5   SSD    healthy  3.84T     -
SH2.BAY6   SSD    healthy  3.84T     -
SH2.BAY7   SSD    healthy  3.84T     -
SH2.BAY8   SSD    healthy  3.84T     -
SH2.BAY9   SSD    healthy  3.84T     -
SH2.BAY10  SSD    healthy  3.84T     -
SH2.BAY11  SSD    healthy  3.84T     -
SH2.BAY12  SSD    healthy  3.84T     -
SH2.BAY13  SSD    healthy  3.84T     -
SH2.BAY14  SSD    healthy  3.84T     -
SH2.BAY15  SSD    healthy  3.84T     -
SH2.BAY16  SSD    healthy  3.84T     -
SH2.BAY17  SSD    healthy  3.84T     -
SH2.BAY18  SSD    healthy  3.84T     -
SH2.BAY19  SSD    healthy  3.84T     -
SH2.BAY20  SSD    healthy  3.84T     -
SH2.BAY21  SSD    healthy  3.84T     -
SH2.BAY22  SSD    healthy  3.84T     -
SH2.BAY23  SSD    healthy  3.84T     -
     root@bmgdcsan01-ct0:/var/home/pureeng# pureararay list --space
Name        Capacity  Parity  Provisioned Size  Virtual  Thin Provisioning  Data Reduction  Total Reduction  Unique   Snapshots  Shared  System  Replication  Total
bmgdcsan01  163.79T   100%    1102748G          445.24T  59%                3.1 to 1        7.4 to 1         122.33T  4.49T      24.34T  0.00    0.00         151.16T
     root@bmgdcsan01-ct0:/var/home/pureeng# iscsipureportlist=`pureport list --initiator | grep -v FC | awk -F' CT' '{print "CT"$2,$8}' | grep -v 'CT ' | awk -F '.ETH' '{print $1, $2}' | awk '{print $1, $5, $6}' | sort | uniq -c; echo`; iscsipureportlistcount=`echo "$iscsipureportlist" | awk '{total += $1} END {print total}'`; echo -e "$iscsipureportlist\n\n"; echo -e "\tTotal iSCSI connections: $ iscsipureportlistcount\n\n";
    457 CT0 iqn.2010-06.com.purestorage:flasharray.5a698b6be77889d1 -
    458 CT1 iqn.2010-06.com.purestorage:flasharray.5a698b6be77889d1 -


Total iSCSI connections: 915


     root@bmgdcsan01-ct0:/var/home/pureeng# purealert untag --maintenance
Name
maintenance
     root@bmgdcsan01-ct0:/var/home/pureeng# purearray phonehome --send-today && ssh peer purearray phonehome --send-today
Status   Action
running  send_today
Status   Action
running  send_today
phonehome is already running
     root@bmgdcsan01-ct0:/var/home/pureeng# exit
exit
pureeng@bmgdcsan01-ct0:~$ exit
logout

This device and network are the property of Baker & McKenzie [the Firm]. 
The network and access to it are protected by intellectual property rights and contain confidential information protected by the attorney-client privilege and other claims of confidentiality.
You may not access this network unless you have express permission from Baker & McKenzie. 
If you have permission to access this system, you are allowed limited, conditional access to this network and the information on it only as defined by Firm management and the system administrators.

Your activities on this network are subject to being monitored by the Firm and are subject to the Firm policies defined in the Attorney Manual and/or the Employee Handbook. 
You may not use any computer to access this system for any unlawful or illegal purpose or to facilitate or advance any illegal activity. 
Any such improper or illegal use will subject you to discipline by the Firm and also is subject to being reported to law enforcement authorities.

Do not logon to this system unless you are an approved Baker & McKenzie user and you agree to your activity on our system being monitored.

bmgdcsan01-ct0 login: 