=~=~=~=~=~=~=~=~=~=~=~= PuTTY log 2025.09.17 11:06:04 =~=~=~=~=~=~=~=~=~=~=~=

jtd-pure-ct0 login: pureeng
1) Authenticate via CloudAssist
2) Authenticate via command line
3) Restore challenge
Type the number corresponding to the authentication method you want to use.

Selection: 1

An email for identity verification will be sent once email is entered.
Please follow the authentication instructions provided there and return to this screen when finished or if email has not been received.


Enter an email address: fharris@purestorage.com
Successfully authenticated
Last login: Tue Nov 29 11:42:28 EST 2022 on ttyS0

Wed Sep 17 11:12:14 2025
Welcome pureeng. This is Purity Version 6.7.2 on FlashArray jtd-pure
http://www.purestorage.com/
pureeng@jtd-pure-ct0:~$ purearray list --controller
Name  Type              Mode       Model     Version  Status  Current Mode Since       Internal Details
CT0   array_controller  primary    FA-X20R3  6.7.2    ready   2025-03-24 15:18:25 EDT  
CT1   array_controller  secondary  FA-X20R3  6.7.2    ready   2025-03-24 15:32:34 EDT  
pureeng@jtd-pure-ct0:~$ purealert tag --timeout 240m --maintenance
Name         Created                  Expires
maintenance  2025-09-17 11:13:03 EDT  2025-09-17 15:13:03 EDT
pureeng@jtd-pure-ct0:~$ stty columns 250;stty rows 80
pureeng@jtd-pure-ct0:~$ purhreehw list
Name       Status         Identify  Slot  Index  Speed       Temperature  Voltage  Details
CH0        ok             off       -     0      -           -            -        -
CH0.BAY0   ok             off       -     0      -           -            -        -
CH0.BAY1   ok             off       -     1      -           -            -        -
CH0.BAY2   ok             off       -     2      -           -            -        -
CH0.BAY3   ok             off       -     3      -           -            -        -
CH0.BAY4   ok             off       -     4      -           -            -        -
CH0.BAY5   ok             off       -     5      -           -            -        -
CH0.BAY6   ok             off       -     6      -           -            -        -
CH0.BAY7   ok             off       -     7      -           -            -        -
CH0.BAY8   ok             off       -     8      -           -            -        -
CH0.BAY9   ok             off       -     9      -           -            -        -
CH0.BAY10  not_installed  off       -     10     -           -            -        -
CH0.BAY11  not_installed  off       -     11     -           -            -        -
CH0.BAY12  not_installed  off       -     12     -           -            -        -
CH0.BAY13  not_installed  off       -     13     -           -            -        -
CH0.BAY14  not_installed  off       -     14     -           -            -        -
CH0.BAY15  not_installed  off       -     15     -           -            -        -
CH0.BAY16  not_installed  off       -     16     -           -            -        -
CH0.BAY17  not_installed  off       -     17     -           -            -        -
CH0.BAY18  not_installed  off       -     18     -           -            -        -
CH0.BAY19  not_installed  off       -     19     -           -            -        -
CH0.NVB0   ok             off       -     0      -           -            -        -
CH0.NVB1   ok             off       -     1      -           -            -        -
CH0.NVB2   not_installed  off       -     2      -           -            -        -
CH0.NVB3   not_installed  off       -     3      -           -            -        -
CH0.PWR0   ok             -         -     0      -           -            202 V    -
CH0.PWR1   ok             -         -     1      -           -            204 V    -
CH0.TMP0   ok             -         -     0      -           19 C         -        -
CT0        ok             off       -     0      -           -            -        -
CT0.ETH0   ok             -         -     0      1.00 Gb/s   -            -        -
CT0.ETH1   ok             -         -     1      0.00 b/s    -            -        -
CT0.ETH2   ok             -         -     2      0.00 b/s    -            -        -
CT0.ETH3   ok             -         -     3      0.00 b/s    -            -        -
CT0.ETH4   ok             -         -     4      0.00 b/s    -            -        -
CT0.ETH5   ok             -         -     5      0.00 b/s    -            -        -
CT0.ETH6   ok             -         -     6      0.00 b/s    -            -        -
CT0.ETH7   ok             -         -     7      0.00 b/s    -            -        -
CT0.ETH8   ok             -         -     8      0.00 b/s    -            -        -
CT0.ETH9   ok             -         -     9      0.00 b/s    -            -        -
CT0.FAN0   ok             -         -     0      -           -            -        -
CT0.FAN1   ok             -         -     1      -           -            -        -
CT0.FAN2   ok             -         -     2      -           -            -        -
CT0.FAN3   ok             -         -     3      -           -            -        -
CT0.FAN4   ok             -         -     4      -           -            -        -
CT0.FAN5   ok             -         -     5      -           -            -        -
CT0.FC8    ok             -         2     8      16.00 Gb/s  -            -        -
CT0.FC9    ok             -         2     9      16.00 Gb/s  -            -        -
CT0.TMP0   ok             -         -     0      -           27 C         -        -
CT0.TMP1   ok             -         -     1      -           28 C         -        -
CT0.TMP2   ok             -         -     2      -           25 C         -        -
CT0.TMP3   ok             -         -     3      -           34 C         -        -
CT0.TMP4   ok             -         -     4      -           36 C         -        -
CT0.TMP5   ok             -         -     5      -           29 C         -        -
CT0.TMP6   ok             -         -     6      -           33 C         -        -
CT0.TMP7   ok             -         -     7      -           25 C         -        -
CT0.TMP8   ok             -         -     8      -           25 C         -        -
CT0.TMP9   ok             -         -     9      -           25 C         -        -
CT0.TMP10  ok             -         -     10     -           25 C         -        -
CT0.TMP11  ok             -         -     11     -           24 C         -        -
CT0.TMP12  ok             -         -     12     -           24 C         -        -
CT0.TMP13  ok             -         -     13     -           28 C         -        -
CT0.TMP14  ok             -         -     14     -           28 C         -        -
CT0.TMP15  ok             -         -     15     -           28 C         -        -
CT0.TMP16  ok             -         -     16     -           26 C         -        -
CT0.TMP17  ok             -         -     17     -           26 C         -        -
CT0.TMP18  ok             -         -     18     -           26 C         -        -
CT0.TMP19  ok             -         -     19     -           26 C         -        -
CT0.TMP20  ok             -         -     20     -           24 C         -        -
CT0.TMP21  ok             -         -     21     -           30 C         -        -
CT0.TMP22  ok             -         -     22     -           27 C         -        -
CT0.TMP23  ok             -         -     23     -           31 C         -        -
CT0.TMP24  ok             -         -     24     -           31 C         -        -
CT0.TMP25  ok             -         -     25     -           31 C         -        -
CT0.TMP26  ok             -         -     26     -           23 C         -        -
CT1        ok             off       -     1      -           -            -        -
CT1.ETH0   ok             -         -     0      1.00 Gb/s   -            -        -
CT1.ETH1   ok             -         -     1      0.00 b/s    -            -        -
CT1.ETH2   ok             -         -     2      0.00 b/s    -            -        -
CT1.ETH3   ok             -         -     3      0.00 b/s    -            -        -
CT1.ETH4   ok             -         -     4      0.00 b/s    -            -        -
CT1.ETH5   ok             -         -     5      0.00 b/s    -            -        -
CT1.ETH6   ok             -         -     6      0.00 b/s    -            -        -
CT1.ETH7   ok             -         -     7      0.00 b/s    -            -        -
CT1.ETH8   ok             -         -     8      0.00 b/s    -            -        -
CT1.ETH9   ok             -         -     9      0.00 b/s    -            -        -
CT1.FAN0   ok             -         -     0      -           -            -        -
CT1.FAN1   ok             -         -     1      -           -            -        -
CT1.FAN2   ok             -         -     2      -           -            -        -
CT1.FAN3   ok             -         -     3      -           -            -        -
CT1.FAN4   ok             -         -     4      -           -            -        -
CT1.FAN5   ok             -         -     5      -           -            -        -
CT1.FC8    ok             -         2     8      16.00 Gb/s  -            -        -
CT1.FC9    ok             -         2     9      16.00 Gb/s  -            -        -
CT1.TMP0   ok             -         -     0      -           28 C         -        -
CT1.TMP1   ok             -         -     1      -           29 C         -        -
CT1.TMP2   ok             -         -     2      -           26 C         -        -
CT1.TMP3   ok             -         -     3      -           37 C         -        -
CT1.TMP4   ok             -         -     4      -           34 C         -        -
CT1.TMP5   ok             -         -     5      -           30 C         -        -
CT1.TMP6   ok             -         -     6      -           32 C         -        -
CT1.TMP7   ok             -         -     7      -           26 C         -        -
CT1.TMP8   ok             -         -     8      -           26 C         -        -
CT1.TMP9   ok             -         -     9      -           26 C         -        -
CT1.TMP10  ok             -         -     10     -           26 C         -        -
CT1.TMP11  ok             -         -     11     -           25 C         -        -
CT1.TMP12  ok             -         -     12     -           25 C         -        -
CT1.TMP13  ok             -         -     13     -           28 C         -        -
CT1.TMP14  ok             -         -     14     -           28 C         -        -
CT1.TMP15  ok             -         -     15     -           28 C         -        -
CT1.TMP16  ok             -         -     16     -           26 C         -        -
CT1.TMP17  ok             -         -     17     -           26 C         -        -
CT1.TMP18  ok             -         -     18     -           26 C         -        -
CT1.TMP19  ok             -         -     19     -           27 C         -        -
CT1.TMP20  ok             -         -     20     -           25 C         -        -
CT1.TMP21  ok             -         -     21     -           30 C         -        -
CT1.TMP22  ok             -         -     22     -           29 C         -        -
CT1.TMP23  ok             -         -     23     -           31 C         -        -
CT1.TMP24  ok             -         -     24     -           32 C         -        -
CT1.TMP25  ok             -         -     25     -           33 C         -        -
CT1.TMP26  ok             -         -     26     -           24 C         -        -
pureeng@jtd-pure-ct0:~$ puredrive list
Name       Type   Status   Capacity  Details
CH0.BAY0   SSD    healthy  2.25T     -
CH0.BAY1   SSD    healthy  2.25T     -
CH0.BAY2   SSD    healthy  2.25T     -
CH0.BAY3   SSD    healthy  2.25T     -
CH0.BAY4   SSD    healthy  2.25T     -
CH0.BAY5   SSD    healthy  2.25T     -
CH0.BAY6   SSD    healthy  2.25T     -
CH0.BAY7   SSD    healthy  2.25T     -
CH0.BAY8   SSD    healthy  2.25T     -
CH0.BAY9   SSD    healthy  2.25T     -
CH0.BAY10  -      unused   0.00      -
CH0.BAY11  -      unused   0.00      -
CH0.BAY12  -      unused   0.00      -
CH0.BAY13  -      unused   0.00      -
CH0.BAY14  -      unused   0.00      -
CH0.BAY15  -      unused   0.00      -
CH0.BAY16  -      unused   0.00      -
CH0.BAY17  -      unused   0.00      -
CH0.BAY18  -      unused   0.00      -
CH0.BAY19  -      unused   0.00      -
CH0.NVB0   NVRAM  healthy  7.52G     -
CH0.NVB1   NVRAM  healthy  7.52G     -
CH0.NVB2   NVRAM  unused   0.00      -
CH0.NVB3   NVRAM  unused   0.00      -
pureeng@jtd-pure-ct0:~$ puredb list drives
Name      Subslot  Type   Protocol  Status   Capacity  Pinned Space  Degraded  Device Id                                  Boot Aus Used  Main Aus Used
CH0.DRV0  0        SSD    NVMe      healthy  2.25T     0.00          0.00      9263399606044282074:13788651126283323247   11/30          4431/34340
CH0.DRV1  0        SSD    NVMe      healthy  2.25T     0.00          0.00      7255872798106734107:9358322422583741882    10/30          4512/34344
CH0.DRV2  0        SSD    NVMe      healthy  2.25T     0.00          0.00      10242115715666365978:12904576287618429555  10/30          4470/34390
CH0.DRV3  0        SSD    NVMe      healthy  2.25T     0.00          0.00      6275130866242961478:9382072841640392198    8/30           4534/34378
CH0.DRV4  0        SSD    NVMe      healthy  2.25T     0.00          0.00      3243292542169534253:11065133260449950678   11/30          4476/34307
CH0.DRV5  0        SSD    NVMe      healthy  2.25T     0.00          0.00      8883652576353206558:10104477331883606066   12/30          4522/34321
CH0.DRV6  0        SSD    NVMe      healthy  2.25T     0.00          0.00      16141858144284200431:10236113520063253747  9/30           4499/34313
CH0.DRV7  0        SSD    NVMe      healthy  2.25T     0.00          0.00      14989208230434063696:12781169465276079683  10/30          4554/34323
CH0.DRV8  0        SSD    NVMe      healthy  2.25T     0.00          0.00      17882876024300651357:13224622518088969316  9/30           4519/34475
CH0.DRV9  0        SSD    NVMe      healthy  2.25T     0.00          0.00      18220985940511181050:12926550019958827430  10/30          4451/34350
CH0.NVR0  0        NVRAM  NVMe      healthy  7.52G     -             0.00      9355310366146511915:13486009271817809675   -              -
CH0.NVR1  0        NVRAM  NVMe      healthy  7.52G     -             0.00      11888891188211502810:11954501105290907220  -              -
pureeng@jtd-pure-ct0:~$ purearray list --cpaspace
Name      Capacity  Parity  Provisioned Size  Virtual  Thin Provisioning  Data Reduction  Total Reduction  Unique  Snapshots  Shared    System  Replication  Total
jtd-pure  11.51T    100%    30760G            213.65G  99%                1.2 to 1        >100 to 1        70.41G  741.78G    1016.09G  0.00    0.00         1.79T
pureeng@jtd-pure-ct0:~$ iobalance --sampletime 10
sampling host I/O for 10 seconds...
                Host  CT0 I/O Count  CT1 I/O Count  
         ESX-JTD-101       37.00       59.00  ! unbalanced I/O
         ESX-JTD-102        0.00       22.00  ! no I/O to CT0
         ESX-JTD-103        6.00        0.00  ! no I/O to CT1
         ESX-JTD-104      110.00       53.00  ! unbalanced I/O
         ESX-JTD-105        0.00       89.00  ! no I/O to CT0
         ESX-JTD-106       52.00        4.00  ! unbalanced I/O
         ESX-JTD-107       56.00       66.00  
         ESX-JTD-108      122.00        0.00  ! no I/O to CT1
         ESX-JTD-109       69.00        0.00  ! no I/O to CT1
         ESX-JTD-110       64.00        0.00  ! no I/O to CT1
pureeng@jtd-pure-ct0:~$ purenetowrk work eth list
Name      Enabled  Type      Subnet  Address      Mask           Gateway    MTU   MAC                Speed       Services     Subinterfaces
ct0.eth0  True     physical  -       10.98.4.244  255.255.255.0  10.98.4.1  1500  24:a9:37:56:a7:52  1.00 Gb/s   management   -
ct0.eth1  False    physical  -       -            -              -          1500  24:a9:37:56:a7:53  1.00 Gb/s   management   -
ct0.eth2  False    physical  -       -            -              -          1500  24:a9:37:56:a7:55  25.00 Gb/s  replication  -
ct0.eth3  False    physical  -       -            -              -          1500  24:a9:37:56:a7:54  25.00 Gb/s  replication  -
ct0.eth4  False    physical  -       -            -              -          1500  24:a9:37:56:a7:57  25.00 Gb/s  iscsi        -
ct0.eth5  False    physical  -       -            -              -          1500  24:a9:37:56:a7:56  25.00 Gb/s  iscsi        -
ct0.eth6  False    physical  -       -            -              -          1500  24:a9:37:47:ce:1d  50.00 Gb/s  -            -
ct0.eth7  False    physical  -       -            -              -          1500  24:a9:37:47:ce:1c  50.00 Gb/s  -            -
ct0.eth8  False    physical  -       -            -              -          1500  24:a9:37:47:ce:1f  50.00 Gb/s  -            -
ct0.eth9  False    physical  -       -            -              -          1500  24:a9:37:47:ce:1e  50.00 Gb/s  -            -
ct1.eth0  True     physical  -       10.98.4.245  255.255.255.0  10.98.4.1  1500  24:a9:37:56:a9:1a  1.00 Gb/s   management   -
ct1.eth1  False    physical  -       -            -              -          1500  24:a9:37:56:a9:1b  1.00 Gb/s   management   -
ct1.eth2  False    physical  -       -            -              -          1500  24:a9:37:56:a9:1d  25.00 Gb/s  replication  -
ct1.eth3  False    physical  -       -            -              -          1500  24:a9:37:56:a9:1c  25.00 Gb/s  replication  -
ct1.eth4  False    physical  -       -            -              -          1500  24:a9:37:56:a9:1f  25.00 Gb/s  iscsi        -
ct1.eth5  False    physical  -       -            -              -          1500  24:a9:37:56:a9:1e  25.00 Gb/s  iscsi        -
ct1.eth6  False    physical  -       -            -              -          1500  24:a9:37:47:eb:f1  50.00 Gb/s  -            -
ct1.eth7  False    physical  -       -            -              -          1500  24:a9:37:47:eb:f0  50.00 Gb/s  -            -
ct1.eth8  False    physical  -       -            -              -          1500  24:a9:37:47:eb:f3  50.00 Gb/s  -            -
ct1.eth9  False    physical  -       -            -              -          1500  24:a9:37:47:eb:f2  50.00 Gb/s  -            -
replbond  False    bond      -       -            -              -          1500  2a:64:ad:18:3b:45  0.00 b/s    replication  -
vir0      True     vif       -       10.98.4.243  255.255.255.0  10.98.4.1  1500  ce:5e:67:0f:58:22  1.00 Gb/s   management   -
vir1      False    vif       -       -            -              -          1500  ce:52:d6:4d:23:bc  1.00 Gb/s   management   -
pureeng@jtd-pure-ct0:~$ purenetwork list
Name      Enabled  Speed       Services
CT0.FC8   True     16.00 Gb/s  scsi-fc
CT0.FC9   True     16.00 Gb/s  scsi-fc
CT1.FC8   True     16.00 Gb/s  scsi-fc
CT1.FC9   True     16.00 Gb/s  scsi-fc
ct0.eth0  True     1.00 Gb/s   management
ct0.eth1  False    1.00 Gb/s   management
ct0.eth2  False    25.00 Gb/s  replication
ct0.eth3  False    25.00 Gb/s  replication
ct0.eth4  False    25.00 Gb/s  iscsi
ct0.eth5  False    25.00 Gb/s  iscsi
ct0.eth6  False    50.00 Gb/s  -
ct0.eth7  False    50.00 Gb/s  -
ct0.eth8  False    50.00 Gb/s  -
ct0.eth9  False    50.00 Gb/s  -
ct1.eth0  True     1.00 Gb/s   management
ct1.eth1  False    1.00 Gb/s   management
ct1.eth2  False    25.00 Gb/s  replication
ct1.eth3  False    25.00 Gb/s  replication
ct1.eth4  False    25.00 Gb/s  iscsi
ct1.eth5  False    25.00 Gb/s  iscsi
ct1.eth6  False    50.00 Gb/s  -
ct1.eth7  False    50.00 Gb/s  -
ct1.eth8  False    50.00 Gb/s  -
ct1.eth9  False    50.00 Gb/s  -
replbond  False    0.00 b/s    replication
vir0      True     1.00 Gb/s   management
vir1      False    1.00 Gb/s   management
pureeng@jtd-pure-ct0:~$ puresetup show
Couldn't use log file /var/log/purity/smartcard.log, defaulting to using stderr
Traceback (most recent call last):
  File "/usr/lib/python3/dist-packages/pure/switchboard/smartcard_util.py", line 63, in setup_logger
    file_handler = logging.FileHandler(logfile, mode='a')
  File "/usr/lib/python3.10/logging/__init__.py", line 1169, in __init__
    StreamHandler.__init__(self, self._open())
  File "/usr/lib/python3.10/logging/__init__.py", line 1201, in _open
    return open_func(self.baseFilename, self.mode,
PermissionError: [Errno 13] Permission denied: '/var/log/purity/smartcard.log'
Traceback (most recent call last):
  File "/usr/lib/python3.10/logging/config.py", line 565, in configure
    handler = self.configure_handler(handlers[name])
  File "/usr/lib/python3.10/logging/config.py", line 746, in configure_handler
    result = factory(**kwargs)
  File "/usr/lib/python3.10/logging/__init__.py", line 1169, in __init__
    StreamHandler.__init__(self, self._open())
  File "/usr/lib/python3.10/logging/__init__.py", line 1201, in _open
    return open_func(self.baseFilename, self.mode,
PermissionError: [Errno 13] Permission denied: '/var/log/installer/puresetup.log'

The above exception was the direct cause of the following exception:

Traceback (most recent call last):
  File "/opt/Purity/bin/puresetup", line 1222, in <module>
    ps.configure_logging()
  File "/usr/lib/python3/dist-packages/pure/wizard/puresetup.py", line 584, in configure_logging
    logging.config.dictConfig(config)
  File "/usr/lib/python3.10/logging/config.py", line 811, in dictConfig
    dictConfigClass(config).configure()
  File "/usr/lib/python3.10/logging/config.py", line 572, in configure
    raise ValueError('Unable to configure handler '
ValueError: Unable to configure handler 'file'
Exception ignored in atexit callback: <function _at_exit at 0x7fe6dfa725f0>
Traceback (most recent call last):
  File "/opt/Purity/bin/puresetup", line 143, in _at_exit
    log_config_task_complete("CONFIG_TASK_PURESETUP_EXITED")
  File "/opt/Purity/bin/puresetup", line 130, in log_config_task_complete
    logger.info(completed_task)
NameError: name 'logger' is not defined
pureeng@jtd-pure-ct0:~$ purearray list
Name      ID                                    OS          Version
jtd-pure  72dccc66-f943-45aa-9c72-d4c3de72541c  Purity//FA  6.7.2
pureeng@jtd-pure-ct0:~$ sudo su
     root@jtd-pure-ct0:/var/home/pureeng# pureasetup cshow
##########################################
#   Welcome to the Purity Setup Wizard   #
##########################################
  Physical IP:           10.98.4.244
  Virtual IP:            10.98.4.243
  Netmask:               255.255.255.0
  Gateway:               10.98.4.1
  DNS Servers:           10.51.10.10,10.51.10.11
  DNS Domain:            jackentertainment.com
  NTP Servers:           time.jackentertainment.com
  SMTP Relay Host:       smtp.jackentertainment.com
  SMTP Sender Domain:    smtp.jackentertainment.com
  Alert Email Recipients:flasharray-alerts@purestorage.com,jcl-it@jackentertainment.com
  HTTP proxy:            
  Capacity Limit:        
  Capacity Limit Target: 
  Physical IP:           10.98.4.245
  Netmask:               255.255.255.0
  Gateway:               10.98.4.1
CONFIG_TASK_COMPLETED:CONFIG_TASK_PURESETUP_EXITED
     root@jtd-pure-ct0:/var/home/pureeng# cat /etc/timezone
America/New_York     root@jtd-pure-ct0:/var/home/pureeng# puretune --list
Warning: failed to retrieve some tunable status (local puredb, peer puredb, local puredb-platform, peer puredb-platform, local puredb-chastity, peer puredb-chastity)
Inconsistently or unnecessarily set tunables:
PURITY_START_ON_BOOT:
local pureadm             - 1 
peer pureadm              - 1 
local puredb              - <unset> 
peer puredb               - <unset> 
local puredb --platform   - <unset> 
peer puredb --platform    - <unset> 
local puredb --chastity   - <unset> 
peer puredb --chastity    - <unset> 
ATOM_5206:
local pureadm             - 1 
peer pureadm              - 1 
local puredb              - <unset> 
peer puredb               - <unset> 
local puredb --platform   - <unset> 
peer puredb --platform    - <unset> 
local puredb --chastity   - <unset> 
peer puredb --chastity    - <unset> 
ATOM_PUREAPP_MONITOR_MEM_LEAK:
local pureadm             - PCTFJ223301BF,PCTFJ223301E3,6.2.17  (PURE-295339 set by cdu)
peer pureadm              - PCTFJ223301BF,PCTFJ223301E3,6.2.17  (PURE-295339 set by cdu)
local puredb              - <unset> 
peer puredb               - <unset> 
local puredb --platform   - <unset> 
peer puredb --platform    - <unset> 
local puredb --chastity   - <unset> 
peer puredb --chastity    - <unset> 
PS_FILEGW_SMB_HIDE_DOT_SNAPSHOT:
local pureadm             - 0  (Set during upgrade to 6.3.15 - CLOUD-75192)
peer pureadm              - 0  (Set during upgrade to 6.3.15 - CLOUD-75192)
local puredb              - <unset> 
peer puredb               - <unset> 
local puredb --platform   - <unset> 
peer puredb --platform    - <unset> 
local puredb --chastity   - <unset> 
peer puredb --chastity    - <unset> 
ATOM_10072:
local pureadm             - GH  (CLOUD-152371)
peer pureadm              - GH  (CLOUD-152371)
local puredb              - <unset> 
peer puredb               - <unset> 
local puredb --platform   - <unset> 
peer puredb --platform    - <unset> 
local puredb --chastity   - <unset> 
peer puredb --chastity    - <unset> 
ATOM_SECURITY_PATCH_FA_2025_A:
local pureadm             - PCTFJ223301BF,PCTFJ223301E3,6.5.8  (CLOUD-152371 set by atom-vats)
peer pureadm              - PCTFJ223301BF,PCTFJ223301E3,6.5.8  (CLOUD-152371 set by atom-vats)
local puredb              - <unset> 
peer puredb               - <unset> 
local puredb --platform   - <unset> 
peer puredb --platform    - <unset> 
local puredb --chastity   - <unset> 
peer puredb --chastity    - <unset> 
     root@jtd-pure-ct0:/var/home/pureeng# pureemessage list --open
     root@jtd-pure-ct0:/var/home/pureeng# fcpureportlist=`pureport list --initiator | awk '/Target/,0' | cut -d. -f1 | awk '{print $1,$5}' | grep -v '-' | grep -v "Initiator" | uniq -c; echo`; fcpureportlistcount=`echo "$fcpureportlist" | awk '{total  += $1} END {print total}'`; echo -e "$fcpureportlist\n\n"; echo -e "\tTotal FC connections: $fcpureportlistcount\n\n";
      1 20:00:00:25:B5:10:EA:01 CT0
      1 20:00:00:25:B5:10:EA:01 CT1
      1 20:00:00:25:B5:10:EA:02 CT0
      1 20:00:00:25:B5:10:EA:02 CT1
      1 20:00:00:25:B5:10:EA:03 CT0
      1 20:00:00:25:B5:10:EA:03 CT1
      1 20:00:00:25:B5:10:EA:04 CT0
      1 20:00:00:25:B5:10:EA:04 CT1
      1 20:00:00:25:B5:10:EA:05 CT0
      1 20:00:00:25:B5:10:EA:05 CT1
      1 20:00:00:25:B5:10:EA:06 CT0
      1 20:00:00:25:B5:10:EA:06 CT1
      1 20:00:00:25:B5:10:EA:07 CT0
      1 20:00:00:25:B5:10:EA:07 CT1
      1 20:00:00:25:B5:10:EA:08 CT0
      1 20:00:00:25:B5:10:EA:08 CT1
      1 20:00:00:25:B5:10:EA:09 CT0
      1 20:00:00:25:B5:10:EA:09 CT1
      1 20:00:00:25:B5:10:EA:0A CT0
      1 20:00:00:25:B5:10:EA:0A CT1
      1 20:00:00:25:B5:10:EB:01 CT0
      1 20:00:00:25:B5:10:EB:01 CT1
      1 20:00:00:25:B5:10:EB:02 CT0
      1 20:00:00:25:B5:10:EB:02 CT1
      1 20:00:00:25:B5:10:EB:03 CT0
      1 20:00:00:25:B5:10:EB:03 CT1
      1 20:00:00:25:B5:10:EB:04 CT0
      1 20:00:00:25:B5:10:EB:04 CT1
      1 20:00:00:25:B5:10:EB:05 CT0
      1 20:00:00:25:B5:10:EB:05 CT1
      1 20:00:00:25:B5:10:EB:06 CT0
      1 20:00:00:25:B5:10:EB:06 CT1
      1 20:00:00:25:B5:10:EB:07 CT0
      1 20:00:00:25:B5:10:EB:07 CT1
      1 20:00:00:25:B5:10:EB:08 CT0
      1 20:00:00:25:B5:10:EB:08 CT1
      1 20:00:00:25:B5:10:EB:09 CT0
      1 20:00:00:25:B5:10:EB:09 CT1
      1 20:00:00:25:B5:10:EB:0A CT0
      1 20:00:00:25:B5:10:EB:0A CT1


Total FC connections: 40


     root@jtd-pure-ct0:/var/home/pureeng# iscsipureportlist=`pureport list --initiator | grep -v FC | awk -F' CT' '{print "CT"$2,$8}' | grep -v 'CT ' | awk -F '.ETH' '{print $1, $2}' | awk '{print $1, $5, $6}' | sort | uniq -c; echo`; iscsipureportlistcount=`echo "$iscsipureportlist" | awk '{total += $1} END {print total}'`; echo -e "$iscsipureportlist\n\n"; echo -e "\tTotal iSCSI connections: $iscsipureportlistcount\n\n";



Total iSCSI connections: 0


     root@jtd-pure-ct0:/var/home/pureeng# list=`pureport list --initiator`; echo; for i in {0..1}; do for j in {0..9}; do cnt=`echo "$list"|grep CT$i.FC$j|wc -l`;echo CT$i.FC$j $cnt; done; echo; done

CT0.FC0 0
CT0.FC1 0
CT0.FC2 0
CT0.FC3 0
CT0.FC4 0
CT0.FC5 0
CT0.FC6 0
CT0.FC7 0
CT0.FC8 10
CT0.FC9 10

CT1.FC0 0
CT1.FC1 0
CT1.FC2 0
CT1.FC3 0
CT1.FC4 0
CT1.FC5 0
CT1.FC6 0
CT1.FC7 0
CT1.FC8 10
CT1.FC9 10

     root@jtd-pure-ct0:/var/home/pureeng# pureapp list
     root@jtd-pure-ct0:/var/home/pureeng# purenetwork fc list
Name     Enabled  WWN                      Speed       Services
CT0.FC8  True     52:4A:93:78:D2:22:45:08  16.00 Gb/s  scsi-fc
CT0.FC9  True     52:4A:93:78:D2:22:45:09  16.00 Gb/s  scsi-fc
CT1.FC8  True     52:4A:93:78:D2:22:45:18  16.00 Gb/s  scsi-fc
CT1.FC9  True     52:4A:93:78:D2:22:45:19  16.00 Gb/s  scsi-fc
     root@jtd-pure-ct0:/var/home/pureeng# 
     root@jtd-pure-ct0:/var/home/pureeng# date;purewes controller setattr --verify-array jtd-pure ct0 --mode secondary
Wed Sep 17 11:22:01 AM EDT 2025
Run checks before making changes ...
Check peer purity status...... SUCCESS
Check pureport list........... 
==========    FC connections    ==========

CT      NumOfPort  PortId                                  
CT1     1          20:00:00:25:B5:10:EB:05                 
CT1     1          20:00:00:25:B5:10:EB:04                 
CT1     1          20:00:00:25:B5:10:EB:06                 
CT1     1          20:00:00:25:B5:10:EB:07                 
CT1     1          20:00:00:25:B5:10:EB:02                 
CT1     1          20:00:00:25:B5:10:EB:03                 
CT1     1          20:00:00:25:B5:10:EB:01                 
CT1     1          20:00:00:25:B5:10:EB:09                 
CT1     1          20:00:00:25:B5:10:EB:08                 
CT1     1          20:00:00:25:B5:10:EB:0A                 
CT1     1          20:00:00:25:B5:10:EA:0A                 
CT1     1          20:00:00:25:B5:10:EA:09                 
CT1     1          20:00:00:25:B5:10:EA:08                 
CT1     1          20:00:00:25:B5:10:EA:02                 
CT1     1          20:00:00:25:B5:10:EA:03                 
CT1     1          20:00:00:25:B5:10:EA:01                 
CT1     1          20:00:00:25:B5:10:EA:05                 
CT1     1          20:00:00:25:B5:10:EA:04                 
CT1     1          20:00:00:25:B5:10:EA:06                 
CT1     1          20:00:00:25:B5:10:EA:07                 
CT0     1          20:00:00:25:B5:10:EB:08                 
CT0     1          20:00:00:25:B5:10:EB:09                 
CT0     1          20:00:00:25:B5:10:EB:0A                 
CT0     1          20:00:00:25:B5:10:EB:04                 
CT0     1          20:00:00:25:B5:10:EB:05                 
CT0     1          20:00:00:25:B5:10:EB:07                 
CT0     1          20:00:00:25:B5:10:EB:06                 
CT0     1          20:00:00:25:B5:10:EB:03                 
CT0     1          20:00:00:25:B5:10:EB:02                 
CT0     1          20:00:00:25:B5:10:EB:01                 
CT0     1          20:00:00:25:B5:10:EA:03                 
CT0     1          20:00:00:25:B5:10:EA:02                 
CT0     1          20:00:00:25:B5:10:EA:01                 
CT0     1          20:00:00:25:B5:10:EA:04                 
CT0     1          20:00:00:25:B5:10:EA:05                 
CT0     1          20:00:00:25:B5:10:EA:07                 
CT0     1          20:00:00:25:B5:10:EA:06                 
CT0     1          20:00:00:25:B5:10:EA:0A                 
CT0     1          20:00:00:25:B5:10:EA:08                 
CT0     1          20:00:00:25:B5:10:EA:09                 

Total FC connections: 40

==========    iSCSI connections    ==========

CT     NumOfPort  PortId                                  

Total iSCSI connections: 0

==========    NVMe-RoCE connections    ==========

CT     NumOfPort  PortId                                  

Total NVMe-RoCE connections: 0

SUCCESS
Check IO balance.............. Checking iobalance before proceeding, sampling for 30 seconds, retrying 3 times, adding 30 seconds with each retry
Try 1/4: Sampling I/O for 30 seconds
Sampling finished, I/O is not yet balanced
Try 2/4: Sampling I/O for 60 seconds
Sampling finished, I/O is not yet balanced
Try 3/4: Sampling I/O for 90 seconds
Sampling finished, I/O is not yet balanced
Try 4/4: Sampling I/O for 120 seconds
Sampling finished, I/O is not yet balanced
I/O is not balanced after 4 run(s).
iobalance reports the following: 
sampling host I/O for 120 seconds...
                Host  CT0 I/O Count  CT1 I/O Count  
         ESX-JTD-101      280.00      204.00  
         ESX-JTD-102      268.00      183.00  
         ESX-JTD-103      284.00       69.00  ! unbalanced I/O
         ESX-JTD-104       1.01K      580.00  ! unbalanced I/O
         ESX-JTD-105       1.04K      620.00  ! unbalanced I/O
         ESX-JTD-106      860.00      445.00  ! unbalanced I/O
         ESX-JTD-107      679.00      855.00  
         ESX-JTD-108       1.08K      701.00  ! unbalanced I/O
         ESX-JTD-109      588.00      730.00  
         ESX-JTD-110      356.00      284.00  

Would you like to ignore this check?
WARNING: Unless the workload you are running is known to be imbalanced, ignoring this check could result in an outage and is NOT recommended.
Ignore anyway? (y/n): y
Overriding iobalance check based on user input
SUCCESS
     root@jtd-pure-ct0:/var/home/pureeng# purearray list --controller
Name  Type              Mode       Model     Version  Status  Current Mode Since       Internal Details
CT0   array_controller  secondary  FA-X20R3  6.7.2    ready   2025-09-17 11:33:02 EDT  
CT1   array_controller  primary    FA-X20R3  6.7.2    ready   2025-09-17 11:32:57 EDT  
     root@jtd-pure-ct0:/var/home/pureeng# puremessage list --open
     root@jtd-pure-ct0:/var/home/pureeng# puredrive list
Name       Type   Status   Capacity  Details
CH0.BAY0   SSD    healthy  2.25T     -
CH0.BAY1   SSD    healthy  2.25T     -
CH0.BAY2   SSD    healthy  2.25T     -
CH0.BAY3   SSD    healthy  2.25T     -
CH0.BAY4   SSD    healthy  2.25T     -
CH0.BAY5   SSD    healthy  2.25T     -
CH0.BAY6   SSD    healthy  2.25T     -
CH0.BAY7   SSD    healthy  2.25T     -
CH0.BAY8   SSD    healthy  2.25T     -
CH0.BAY9   SSD    healthy  2.25T     -
CH0.BAY10  -      unused   0.00      -
CH0.BAY11  -      unused   0.00      -
CH0.BAY12  -      unused   0.00      -
CH0.BAY13  -      unused   0.00      -
CH0.BAY14  -      unused   0.00      -
CH0.BAY15  -      unused   0.00      -
CH0.BAY16  -      unused   0.00      -
CH0.BAY17  -      unused   0.00      -
CH0.BAY18  -      unused   0.00      -
CH0.BAY19  -      unused   0.00      -
CH0.NVB0   NVRAM  healthy  7.52G     -
CH0.NVB1   NVRAM  healthy  7.52G     -
CH0.NVB2   NVRAM  unused   0.00      -
CH0.NVB3   NVRAM  unused   0.00      -
     root@jtd-pure-ct0:/var/home/pureeng# iopuredrive listmessage list --openarray list --controllerdate;purewes controller setattr --verify-array jtd-pure ct0 --mode secondarypurenetwork fc listapplist=`pureport list --initiator`; echo; for i in {0..1}; do for j in {0..9}; do cnt=`echo "$list"|grep CT$i.FC$j|wc -l`;echo CT$i.FC$j $cnt; done; echo; doneiscsipureportlist=`pureport list --initiator | grep -v FC | awk -F' CT' '{print "CT"$2,$8}' | grep -v 'CT ' | awk -F '.ETH' '{print $1, $2}' | awk '{print $1, $5, $6}' | sort | uniq -c; echo`; iscsipureportlistcount=`echo "$iscsipureportlist" | awk '{total += $1} END {print total}'`; echo -e "$iscsipureportlist\n\n"; echo -e "\tTotal iSCSI connections: $iscsipureportlistcount\n\n";list=`pureport list --initiator`; echo; for i in {0..1}; do for j in {0..9}; do cnt=`echo "$list"|grep CT$i.FC$j|wc -l`;echo CT$i.FC$j $cnt; done; echo; done


CT0.FC0 0
CT0.FC1 0
CT0.FC2 0
CT0.FC3 0
CT0.FC4 0
CT0.FC5 0
CT0.FC6 0
CT0.FC7 0
CT0.FC8 10
CT0.FC9 10

CT1.FC0 0
CT1.FC1 0
CT1.FC2 0
CT1.FC3 0
CT1.FC4 0
CT1.FC5 0
CT1.FC6 0
CT1.FC7 0
CT1.FC8 10
CT1.FC9 10

     root@jtd-pure-ct0:/var/home/pureeng# purearray list --controller
Name  Type              Mode       Model     Version  Status  Current Mode Since       Internal Details
CT0   array_controller  secondary  FA-X20R3  6.7.2    ready   2025-09-17 11:33:02 EDT  
CT1   array_controller  primary    FA-X20R3  6.7.2    ready   2025-09-17 11:32:57 EDT  
     root@jtd-pure-ct0:/var/home/pureeng# =~=~=~=~=~=~=~=~=~=~=~= PuTTY log 2025.09.17 11:48:43 =~=~=~=~=~=~=~=~=~=~=~=

PCTFJ252700A0 login: puresetup
Password: 

Wed Sep 17 15:48:59 2025
Welcome puresetup. This is Purity Version 6.5.5 on FlashArray PCTFJ252700A0
http://www.purestorage.com/
puresetup@PCTFJ252700A0:~$ puremount /dev/sdb1 /mnt
puresetup@PCTFJ252700A0:~$ ls /mnt
 4.5.11   6.6.11   6.8.5   6.9   DFS   FB  'System Volume Information'
puresetup@PCTFJ252700A0:~$ ls /mntmount /dev/sdb1
mount: /mnt: special device /dev/sdb1 does not exist.
puresetup@PCTFJ252700A0:~$ ls /dev/sd*1
/dev/sda1  /dev/sdc1
puresetup@PCTFJ252700A0:~$ mount /dev/sddc1 /mnt
puresetup@PCTFJ252700A0:~$ lcp /mnt/6.7.2/* .
puresetup@PCTFJ252700A0:~$ pureinstall purity_6.7.2_202501290440+0d1c24065579.ppkg
Installing Purity on alternate partition labeled second.
Erasing Purity software image from alternate partition second to prepare for installation.
WARNING: Do not interrupt this process!!
Unpacking new Purity software.
............................................................................................................................................................................................................................................................................................................................................................................................................................................................................................................................................................................................................................................................................................................................................................................................................................................................................................................................................................................................................................................................................................................................................................................................................................................................................................................................................................................................................................
Verifying package...

Finalizing installation. This may take several minutes.
Executing /altroot/opt/purextras/bin/finish-install.sh
Executing /altroot/opt/purextras/bin/finish-install.azure-propagate.sh
Executing /altroot/opt/purextras/bin/finish-install.cbs.sh
Executing /altroot/opt/purextras/bin/finish-install.fix-dpkg.sh
Purity installed.
Installation complete. The new Purity version will load at next reboot.

Important!
The first boot of a new Purity version may take longer if the new version includes controller firmware updates.
DO NOT REBOOT THE CONTROLLER DURING THE FIRMWARE UPDATE.

Refer to http://community.purestorage.com for more information about the Purity upgrade process and firmware updates.
puresetup@PCTFJ252700A0:~$ pureboot reboot --offline
[Errno 111] Connection refused
 GNU GRUB  version 2.06

/----------------------------------------------------------------------------\||||||||||||||||||||||||||\----------------------------------------------------------------------------/     Use the ^ and v keys to select which entry is highlighted.          
      Press enter to boot the selected OS, `e' to edit the commands       
      before booting or `c' for a command-line.                             Purity 6.5.5 (202404130351+34e2b1e66ad3) with kernel 5.15.123+ (2024031915>
*Purity 6.7.2 (202501290440+0d1c24065579) with kernel 5.15.123+ (2025011604>
                                                                                                                                                                                                                                                                                                                                                                                                                                                                                                                                                                                                                                                                                                                                                                                                                                                                        The highlighted entry will be executed automatically in 3s.                    The highlighted entry will be executed automatically in 2s.                    The highlighted entry will be executed automatically in 1s.                    The highlighted entry will be executed automatically in 0s.                 
Purity

PCTFJ252700A0 login: puresetup
Password: 
<fw_update_tool>
===================================================================
=                            NOTICE                               =
===================================================================
=                                                                 =
=    Firmware is currently being checked and/or updated           =
=    on this controller.                                          =
=                                                                 =
=    If updates are necessary they will be applied automatically, =
=    and one or more automatic reboots may occur as a result.     =
=    A completion notice will be provided when done.              =
=                                                                 =
=    DO NOT RESTART OR REMOVE POWER WHILE UPDATE IS IN PROGRESS   =
=                                                                 =
===================================================================
<fw_update_tool>
Last login: Wed Sep 17 15:48:59 UTC 2025 on ttyS0

Wed Sep 17 16:01:53 2025
Welcome puresetup. This is Purity Version 6.7.2 on FlashArray PCTFJ252700A0
http://www.purestorage.com/
puresetup@PCTFJ252700A0:~$ 
puresetup@PCTFJ252700A0:~$ pureboot list
===================================================================
=                            NOTICE                               =
===================================================================
=                                                                 =
=    Firmware is currently being checked and/or updated           =
=    on this controller.                                          =
=                                                                 =
=    If updates are necessary they will be applied automatically, =
=    and one or more automatic reboots may occur as a result.     =
=    A completion notice will be provided when done.              =
=                                                                 =
=    DO NOT RESTART OR REMOVE POWER WHILE UPDATE IS IN PROGRESS   =
=                                                                 =
===================================================================


Marked entry (*) is currently running
Marked entry (-->) will run at next reboot
    0. Purity 6.5.5 (202404130351+34e2b1e66ad3) with kernel 5.15.123+ (202403191505+d9f0e688c788) on first (/dev/sda3)
*-->1. Purity 6.7.2 (202501290440+0d1c24065579) with kernel 5.15.123+ (202501160448+1cb33bf4bf4f) on second (/dev/sda4)
puresetup@PCTFJ252700A0:~$  GNU GRUB  version 2.06

/----------------------------------------------------------------------------\||||||||||||||||||||||||||\----------------------------------------------------------------------------/     Use the ^ and v keys to select which entry is highlighted.          
      Press enter to boot the selected OS, `e' to edit the commands       
      before booting or `c' for a command-line.                             Purity 6.5.5 (202404130351+34e2b1e66ad3) with kernel 5.15.123+ (2024031915>
*Purity 6.7.2 (202501290440+0d1c24065579) with kernel 5.15.123+ (2025011604>
                                                                                                                                                                                                                                                                                                                                                                                                                                                                                                                                                                                                                                                                                                                                                                                                                                                                        The highlighted entry will be executed automatically in 3s.                    The highlighted entry will be executed automatically in 2s.                    The highlighted entry will be executed automatically in 1s.                    The highlighted entry will be executed automatically in 0s.                 
Purity

PCTFJ252700A0 login:  GNU GRUB  version 2.06

/----------------------------------------------------------------------------\||||||||||||||||||||||||||\----------------------------------------------------------------------------/     Use the ^ and v keys to select which entry is highlighted.          
      Press enter to boot the selected OS, `e' to edit the commands       
      before booting or `c' for a command-line.                             Purity 6.5.5 (202404130351+34e2b1e66ad3) with kernel 5.15.123+ (2024031915>
*Purity 6.7.2 (202501290440+0d1c24065579) with kernel 5.15.123+ (2025011604>
                                                                                                                                                                                                                                                                                                                                                                                                                                                                                                                                                                                                                                                                                                                                                                                                                                                                        The highlighted entry will be executed automatically in 3s.                    The highlighted entry will be executed automatically in 2s.                    The highlighted entry will be executed automatically in 1s.                    The highlighted entry will be executed automatically in 0s.                 
Purity

PCTFJ252700A0 login: puresetup
Password: 
Last login: Wed Sep 17 16:01:52 UTC 2025 on ttyS0

Wed Sep 17 16:21:26 2025
Welcome puresetup. This is Purity Version 6.7.2 on FlashArray PCTFJ252700A0
http://www.purestorage.com/
puresetup@PCTFJ252700A0:~$ pureboot list

Marked entry (*) is currently running
Marked entry (-->) will run at next reboot
    0. Purity 6.5.5 (202404130351+34e2b1e66ad3) with kernel 5.15.123+ (202403191505+d9f0e688c788) on first (/dev/sda3)
*-->1. Purity 6.7.2 (202501290440+0d1c24065579) with kernel 5.15.123+ (202501160448+1cb33bf4bf4f) on second (/dev/sda4)
puresetup@PCTFJ252700A0:~$ puresetup replace --from-controller FA-X20R3
##########################################
#   Welcome to the Purity Setup Wizard   #
##########################################
Sep 17 16:22:04.986 puresetup: PROGRESS: Starting controller replacement
Sep 17 16:22:04.989 puresetup.py: PROGRESS: Checking if the current Purity version supports this controller model
Controller hardware model is compatible with the controller purity version
[Errno 111] Connection refused
FA-X20R4 supports multiple storage types, configuring...
The controller will be rebooted when puresetup finishes
Pre-configured storage type X was found on the controller, will proceed to overwrite
Detected storage type X from peer
Successfully configured storage type X for controller
Sep 17 16:22:05.400 puresetup.py: PROGRESS: Running hardware checks
Sep 17 16:22:05.400 puresetup.py: PROGRESS: Detecting shelves connected to the array
Check Cobalt NDU controllers.. OK
Check RDL..................... OK
Check shelf cabling........... OK
Check controller link......... OK
Check power supply............ OK
Check PCIE AER errors......... OK
Check io card pci id's........ OK
Check LOM MAC addresses....... OK
Getting local controller type.
Local controller type is cobalt_a.
Getting local controller variant.
Not a generic controller, Exiting.
Sep 17 16:22:15.054 puresetup: PROGRESS: Running platinum NDU checks
Checking peer controller for tunables
Enable secondary offload feature (y/n)? Please check the tunables set from the p
re-upgrade list. If the PS_SUPPORTS_SECONDARY_OFFLOAD doesn't show up in the lis
t or is set to 1, reply "y". If the PS_SUPPORTS_SECONDARY_OFFLOAD is set to 0 re
ply "n".:nEnable secondary offload feature (y/n)? Please check the tunables set from the p
re-upgrade list. If the PS_SUPPORTS_SECONDARY_OFFLOAD doesn't show up in the lis
t or is set to 1, reply "y". If the PS_SUPPORTS_SECONDARY_OFFLOAD is set to 0 re
ply "n".: n

Apply ATOM_5206 = 1 #
 (y/n):y
Apply ATOM_5206 = 1 #
 (y/n): y
Tunable parameter set: ATOM_5206=1

Apply ATOM_PUREAPP_MONITOR_MEM_LEAK = PCTFJ223301BF,PCTFJ223301E3,6.2.17 # PURE-
 (y/n):y
Apply ATOM_PUREAPP_MONITOR_MEM_LEAK = PCTFJ223301BF,PCTFJ223301E3,6.2.17 # PURE-
 (y/n): y
Tunable parameter set: ATOM_PUREAPP_MONITOR_MEM_LEAK=PCTFJ223301BF,PCTFJ223301E3,6.2.17

Apply PS_FILEGW_SMB_HIDE_DOT_SNAPSHOT = 0 # Set during upgrade to 6.3.15 - CLOUD
 (y/n):y
Apply PS_FILEGW_SMB_HIDE_DOT_SNAPSHOT = 0 # Set during upgrade to 6.3.15 - CLOUD
 (y/n): y
Tunable parameter set: PS_FILEGW_SMB_HIDE_DOT_SNAPSHOT=0

Apply ATOM_10072 = GH # CLOUD-152371
 (y/n):y
Apply ATOM_10072 = GH # CLOUD-152371
 (y/n): y
Tunable parameter set: ATOM_10072=GH

Apply ATOM_SECURITY_PATCH_FA_2025_A = PCTFJ223301BF,PCTFJ223301E3,6.5.8 # CLOUD-
 (y/n):y
Apply ATOM_SECURITY_PATCH_FA_2025_A = PCTFJ223301BF,PCTFJ223301E3,6.5.8 # CLOUD-
 (y/n): y
Tunable parameter set: ATOM_SECURITY_PATCH_FA_2025_A=PCTFJ223301BF,PCTFJ223301E3,6.5.8

Apply PS_SUPPORTS_SECONDARY_OFFLOAD = 0 # Enable/disable secondary offload as re
 (y/n):y
Apply PS_SUPPORTS_SECONDARY_OFFLOAD = 0 # Enable/disable secondary offload as re
 (y/n): y
Peer tunable check failed, aborting setup. Please contact Pure Storage Support.
CONFIG_TASK_COMPLETED:CONFIG_TASK_PURESETUP_EXITED
puresetup@PCTFJ252700A0:~$ puresetup replace --from-controller FA-X20R3
##########################################
#   Welcome to the Purity Setup Wizard   #
##########################################
Sep 17 16:23:08.284 puresetup: PROGRESS: Starting controller replacement
Sep 17 16:23:08.287 puresetup.py: PROGRESS: Checking if the current Purity version supports this controller model
Controller hardware model is compatible with the controller purity version
[Errno 111] Connection refused
FA-X20R4 supports multiple storage types, configuring...
The controller will be rebooted when puresetup finishes
Pre-configured storage type X was found on the controller, will proceed to overwrite
Detected storage type X from peer
Successfully configured storage type X for controller
Sep 17 16:23:08.690 puresetup.py: PROGRESS: Running hardware checks
Sep 17 16:23:08.690 puresetup.py: PROGRESS: Detecting shelves connected to the array
Check Cobalt NDU controllers.. OK
Check RDL..................... OK
Check shelf cabling........... OK
Check controller link......... OK
Check power supply............ OK
Check PCIE AER errors......... OK
Check io card pci id's........ OK
Check LOM MAC addresses....... OK
Getting local controller type.
Local controller type is cobalt_a.
Getting local controller variant.
Not a generic controller, Exiting.
Sep 17 16:23:18.640 puresetup: PROGRESS: Running platinum NDU checks
Checking peer controller for tunables
Enable secondary offload feature (y/n)? Please check the tunables set from the p
re-upgrade list. If the PS_SUPPORTS_SECONDARY_OFFLOAD doesn't show up in the lis
t or is set to 1, reply "y". If the PS_SUPPORTS_SECONDARY_OFFLOAD is set to 0 re
ply "n".:nEnable secondary offload feature (y/n)? Please check the tunables set from the p
re-upgrade list. If the PS_SUPPORTS_SECONDARY_OFFLOAD doesn't show up in the lis
t or is set to 1, reply "y". If the PS_SUPPORTS_SECONDARY_OFFLOAD is set to 0 re
ply "n".: n

Apply PS_SUPPORTS_SECONDARY_OFFLOAD = 0 # Enable/disable secondary offload as re
 (y/n):y
Apply PS_SUPPORTS_SECONDARY_OFFLOAD = 0 # Enable/disable secondary offload as re
 (y/n): y
Peer tunable check failed, aborting setup. Please contact Pure Storage Support.
CONFIG_TASK_COMPLETED:CONFIG_TASK_PURESETUP_EXITED
puresetup@PCTFJ252700A0:~$ puresetup replace --from-controller FA-X20R3
##########################################
#   Welcome to the Purity Setup Wizard   #
##########################################
Sep 17 16:23:32.613 puresetup: PROGRESS: Starting controller replacement
Sep 17 16:23:32.617 puresetup.py: PROGRESS: Checking if the current Purity version supports this controller model
Controller hardware model is compatible with the controller purity version
[Errno 111] Connection refused
FA-X20R4 supports multiple storage types, configuring...
The controller will be rebooted when puresetup finishes
Pre-configured storage type X was found on the controller, will proceed to overwrite
Detected storage type X from peer
Successfully configured storage type X for controller
Sep 17 16:23:33.022 puresetup.py: PROGRESS: Running hardware checks
Sep 17 16:23:33.022 puresetup.py: PROGRESS: Detecting shelves connected to the array
Check Cobalt NDU controllers.. OK
Check RDL..................... OK
Check shelf cabling........... OK
Check controller link......... OK
Check power supply............ OK
Check PCIE AER errors......... OK
Check io card pci id's........ OK
Check LOM MAC addresses....... OK
Getting local controller type.
Local controller type is cobalt_a.
Getting local controller variant.
Not a generic controller, Exiting.
Sep 17 16:23:42.748 puresetup: PROGRESS: Running platinum NDU checks
Checking peer controller for tunables
Enable secondary offload feature (y/n)? Please check the tunables set from the p
re-upgrade list. If the PS_SUPPORTS_SECONDARY_OFFLOAD doesn't show up in the lis
t or is set to 1, reply "y". If the PS_SUPPORTS_SECONDARY_OFFLOAD is set to 0 re
ply "n".:nEnable secondary offload feature (y/n)? Please check the tunables set from the p
re-upgrade list. If the PS_SUPPORTS_SECONDARY_OFFLOAD doesn't show up in the lis
t or is set to 1, reply "y". If the PS_SUPPORTS_SECONDARY_OFFLOAD is set to 0 re
ply "n".: n

Apply PS_SUPPORTS_SECONDARY_OFFLOAD = 0 # Enable/disable secondary offload as re
 (y/n):n
Apply PS_SUPPORTS_SECONDARY_OFFLOAD = 0 # Enable/disable secondary offload as re
 (y/n): n
purity.service stablized: done
purity start/running
platform: ..done
foed: .done
gui: ......done
rest: done
platform_env: 0.done
quorum: ....done
foed_env: 1.1.1.1.1.1.1.1.1.1.1.1.1.1.1.1.1.1.1.1.1.1.1.1.1.1.1.1.1.1.1.1.1.1.1.1.1.1.1.1.1.1.1.1.1.1.1.1.1.1.1.1.1.1.1.1.1.1.1.1.1.1.0.done
remote_patch: done
driver: done
san: Skip waiting for san during HW NDU
Sep 17 16:26:24.126 puresetup: PROGRESS: Checking all purity services are working
Diagnostics software not installed, no work needed.
Sep 17 16:26:29.855 puresetup.py: WARNING: Could not restart patch svc on peer: [Errno 2] No such file or directory: 'ssh peer service software_patch_svc restart'
Sep 17 16:26:29.862 puresetup: PROGRESS: Displaying port migration instructions
[FA-X20R3.CT0.ETH1] does not need to be migrated since it has no configuration and is not a subinterface.
[FA-X20R3.CT0.ETH2] does not need to be migrated since it has no configuration and is not a subinterface.
[FA-X20R3.CT0.ETH3] does not need to be migrated since it has no configuration and is not a subinterface.
[FA-X20R3.CT0.ETH4] does not need to be migrated since it has no configuration and is not a subinterface.
[FA-X20R3.CT0.ETH5] does not need to be migrated since it has no configuration and is not a subinterface.
[FA-X20R3.CT0.ETH6] does not need to be migrated since it has no configuration and is not a subinterface.
[FA-X20R3.CT0.ETH7] does not need to be migrated since it has no configuration and is not a subinterface.
[FA-X20R3.CT0.ETH8] does not need to be migrated since it has no configuration and is not a subinterface.
[FA-X20R3.CT0.ETH9] does not need to be migrated since it has no configuration and is not a subinterface.
Please move ports as shown below:
Press Enter to show more lines...
[FA-X20R3.CT0.ETH0] ====>> [FA-X20R4.CT0.ETH4](Slot: LOM)
[FA-X20R3.CT0.FC8] ====>> [FA-X20R4.CT0.FC12](Slot:3)
[FA-X20R3.CT0.FC9] ====>> [FA-X20R4.CT0.FC13](Slot:3)

After the cables have been moved, type "CONTINUE": continue
Sep 17 16:28:21.697 puresetup: PROGRESS: Configuring network ports...
Perform ping test on port ETH4 ....... OK
Checking SAN connectivity
.                                                                               
Broadcast message from root@jtd-pure-ct0 (somewhere) (Wed Sep 17 16:28:39 2025)
                                                                               
                                                                               
Purity//FA Information System Status                                           
====================================                                           
Purity//FA has successfully started for                                        
the first time after an install                                                
or upgrade. Purity//FA 6.7.2 (202501290440+0d1c24065579-67x)                   
is now set to be the default.                                                  
                                                                               
                                                                               
Broadcast message from root@jtd-pure-ct0 (somewhere) (Wed Sep 17 16:28:39 2025)
                                                                               
                                                                               
Purity//FA Information System Status                                           
====================================                                           
Purity//FA has successfully started for                                        
the first time after an install                                                
or upgrade. Purity//FA 6.7.2 (202501290440+0d1c24065579-67x)                   
is now set to be the default.                                                  
                                                                               

SAN is ready.
Waiting for Software Check:
Attempt 1/5 ...
Sep 17 16:28:40.836 puresetup.py: PROGRESS: Detecting shelves connected to the array
Checking iobalance before proceeding, sampling for 30 seconds, retrying 1 times, adding 30 seconds with each retry
Try 1/2: Sampling I/O for 30 seconds
Sampling finished, I/O is not yet balanced
Try 2/2: Sampling I/O for 60 seconds
^C
Exit without saving changes.
CONFIG_TASK_COMPLETED:CONFIG_TASK_PURESETUP_EXITED
puresetup@PCTFJ252700A0:~$ pureseup tup timezone
##########################################
#   Welcome to the Purity Setup Wizard   #
##########################################
Name       Created                  Expires
puresetup  2025-09-17 16:29:51 UTC  2025-09-17 17:29:51 UTC
Changing the time zone will require a reboot on this controller.
Current time zone: Etc/UTC
Change time zone [requires reboot] (y/n):yChange time zone [requires reboot] (y/n): y
Configuring tzdata
------------------

Please select the geographic area in which you live. Subsequent configuration 
questions will narrow this down by presenting a list of cities, representing the
time zones in which they are located.

  1. Africa      4. Australia     7. Atlantic Ocean  10. Pacific Ocean
  2. America     5. Arctic Ocean  8. Europe          11. US
  3. Antarctica  6. Asia          9. Indian Ocean    12. None of the above

Geographic area: 2


Please select the city or region corresponding to your time zone.

  1. Adak                       80. Juneau
  2. Anchorage                  81. Louisville (Kentucky)
  3. Anguilla                   82. Monticello (Kentucky)
  4. Antigua                    83. Kralendijk
  5. Araguaina                  84. La Paz
  6. Buenos Aires (Argentina)   85. Lima
  7. Catamarca (Argentina)      86. Los Angeles
  8. Cordoba (Argentina)        87. Lower Princes
  9. Jujuy (Argentina)          88. Maceio
  10. La Rioja (Argentina)      89. Managua
  11. Mendoza (Argentina)       90. Manaus
  12. Rio Gallegos (Argentina)  91. Marigot
  13. Salta (Argentina)         92. Martinique
  14. San Juan (Argentina)      93. Matamoros
  15. San Luis (Argentina)      94. Mazatlan
  16. Tucuman (Argentina)       95. Menominee
  17. Ushuaia (Argentina)       96. Merida
  18. Aruba                     97. Metlakatla
[More] 

  19. Asuncion                  98. Mexico City
  20. Atikokan                  99. Miquelon
  21. Atka                      100. Moncton
  22. Bahia                     101. Monterrey
  23. Bahia Banderas            102. Montevideo
  24. Barbados                  103. Montreal
  25. Belem                     104. Montserrat
  26. Belize                    105. Nassau
  27. Blanc-Sablon              106. New York
  28. Boa Vista                 107. Nipigon
  29. Bogota                    108. Nome
  30. Boise                     109. Fernando de Noronha
  31. Cambridge Bay             110. Beulah (North Dakota)
  32. Campo Grande              111. Center (North Dakota)
  33. Cancun                    112. New Salem (North Dakota)
  34. Caracas                   113. Nuuk
  35. Cayenne                   114. Ojinaga
  36. Cayman                    115. Panama
  37. Chicago                   116. Pangnirtung
  38. Chihuahua                 117. Paramaribo
  39. Ciudad_Juarez             118. Phoenix
  40. Coral Harbour             119. Port-au-Prince
[More] 

  41. Costa Rica                120. Port of Spain
  42. Creston                   121. Porto Acre
  43. Cuiaba                    122. Porto Velho
  44. Curaçao                  123. Puerto Rico
  45. Danmarkshavn              124. Punta Arenas
  46. Dawson                    125. Rainy River
  47. Dawson Creek              126. Rankin Inlet
  48. Denver                    127. Recife
  49. Detroit                   128. Regina
  50. Dominica                  129. Resolute
  51. Edmonton                  130. Rio Branco
  52. Eirunepe                  131. Santa Isabel
  53. El Salvador               132. Santarém
  54. Ensenada                  133. Santiago
  55. Fort Nelson               134. Santo Domingo
  56. Fortaleza                 135. São Paulo
  57. Glace Bay                 136. Scoresbysund
  58. Godthab                   137. Shiprock
  59. Goose Bay                 138. Sitka
  60. Grand Turk                139. St Barthelemy
  61. Grenada                   140. St Johns
  62. Guadeloupe                141. St Kitts
[More] 

  63. Guatemala                 142. St Lucia
  64. Guayaquil                 143. St Thomas
  65. Guyana                    144. St Vincent
  66. Halifax                   145. Swift Current
  67. Havana                    146. Tegucigalpa
  68. Hermosillo                147. Thule
  69. Indianapolis (Indiana)    148. Thunder Bay
  70. Knox (Indiana)            149. Tijuana
  71. Marengo (Indiana)         150. Toronto
  72. Petersburg (Indiana)      151. Tortola
  73. Tell City (Indiana)       152. Vancouver
  74. Vevay (Indiana)           153. Virgin
  75. Vincennes (Indiana)       154. Whitehorse
  76. Winamac (Indiana)         155. Winnipeg
  77. Inuvik                    156. Yakutat
  78. Iqaluit                   157. Yellowknife
  79. Jamaica

Time zone: 106



Current default time zone: 'America/New_York'
Local time is now:      Wed Sep 17 12:30:02 EDT 2025.
Universal Time is now:  Wed Sep 17 16:30:02 UTC 2025.

'/cache/timezone/localtime' -> '/usr/share/zoneinfo/America/New_York'
Confirm time zone change from Etc/UTC to America/New_York
(y/N):y(y/N): y
Press ENTER to reboot

This controller will be online after reboot.
CONFIG_TASK_COMPLETED:CONFIG_TASK_PURESETUP_EXITED
puresetup@PCTFJ252700A0:~$  GNU GRUB  version 2.06

+----------------------------------------------------------------------------+||||||||||||||||||||||||+----------------------------------------------------------------------------+     Use the ^ and v keys to select which entry is highlighted.          
      Press enter to boot the selected OS, `e' to edit the commands       
      before booting or `c' for a command-line.                            *Purity 6.7.2 (202501290440+0d1c24065579) with kernel 5.15.123+ (2025011604> Purity 6.5.5 (202404130351+34e2b1e66ad3) with kernel 5.15.123+ (2024031915>                                                                                                                                                                                                                                                                                                                                                                                                                                                                                                                                                                                                                                                                                                                                                                                         GNU GRUB  version 2.06

/----------------------------------------------------------------------------\||||||||||||||||||||||||||\----------------------------------------------------------------------------/     Use the ^ and v keys to select which entry is highlighted.          
      Press enter to boot the selected OS, `e' to edit the commands       
      before booting or `c' for a command-line.                            *Purity 6.7.2 (202501290440+0d1c24065579) with kernel 5.15.123+ (2025011604>
 Purity 6.5.5 (202404130351+34e2b1e66ad3) with kernel 5.15.123+ (2024031915>
                                                                                                                                                                                                                                                                                                                                                                                                                                                                                                                                                                                                                                                                                                                                                                                                                                                                        The highlighted entry will be executed automatically in 3s.                    The highlighted entry will be executed automatically in 3s.                    The highlighted entry will be executed automatically in 2s.                    The highlighted entry will be executed automatically in 2s.                    The highlighted entry will be executed automatically in 1s.                    The highlighted entry will be executed automatically in 1s.                    The highlighted entry will be executed automatically in 0s.                    The highlighted entry will be executed automatically in 0s.                 
BOOTING AT 2025-9-17 16:31:37 Purity 6.7.2 (202501290440+0d1c24065579) with
kernel 5.15.123+ (202501160448+1cb33bf4bf4f) on second (/dev/sda4)

BOOTING AT 2025-9-17 16:31:37 Purity 6.7.2 (202501290440+0d1c24065579) with
kernel 5.15.123+ (202501160448+1cb33bf4bf4f) on second (/dev/sda4)



jtd-pure-ct0 login: pureeng
1) Authenticate via CloudAssist
2) Authenticate via command line
3) Restore challenge
Type the number corresponding to the authentication method you want to use.

Selection: 1

An email for identity verification will be sent once email is entered.
Please follow the authentication instructions provided there and return to this screen when finished or if email has not been received.


Enter an email address: fharris@purestorage.com
Successfully authenticated

Wed Sep 17 12:35:35 2025
Welcome pureeng. This is Purity Version 6.7.2 on FlashArray jtd-pure
http://www.purestorage.com/
pureeng@jtd-pure-ct0:~$ purearray list --controller
Name  Type              Mode       Model     Version  Status  Current Mode Since       Internal Details
CT0   array_controller  secondary  FA-X20R4  6.7.2    ready   2025-09-17 12:33:42 EDT  
CT1   array_controller  primary    FA-X20R3  6.7.2    ready   2025-09-17 11:32:57 EDT  
pureeng@jtd-pure-ct0:~$ fcpureportlist=`pureport list --initiator | awk '/Target/,0' | cut -d. -f1 | awk '{print $1,$5}' | grep -v '-' | grep -v "Initiator" | uniq -c; echo`; fcpureportlistcount=`echo "$fcpureportlist" | awk '{total += $1} END {print total}'`; echo -e "$fcpureportlist\n\n"; echo -e "\tTotal FC connections: $fcpureportlistcount\n\n";
      1 20:00:00:25:B5:10:EA:01 CT0
      1 20:00:00:25:B5:10:EA:01 CT1
      1 20:00:00:25:B5:10:EA:02 CT0
      1 20:00:00:25:B5:10:EA:02 CT1
      1 20:00:00:25:B5:10:EA:03 CT0
      1 20:00:00:25:B5:10:EA:03 CT1
      1 20:00:00:25:B5:10:EA:04 CT0
      1 20:00:00:25:B5:10:EA:04 CT1
      1 20:00:00:25:B5:10:EA:05 CT0
      1 20:00:00:25:B5:10:EA:05 CT1
      1 20:00:00:25:B5:10:EA:06 CT0
      1 20:00:00:25:B5:10:EA:06 CT1
      1 20:00:00:25:B5:10:EA:07 CT0
      1 20:00:00:25:B5:10:EA:07 CT1
      1 20:00:00:25:B5:10:EA:08 CT0
      1 20:00:00:25:B5:10:EA:08 CT1
      1 20:00:00:25:B5:10:EA:09 CT0
      1 20:00:00:25:B5:10:EA:09 CT1
      1 20:00:00:25:B5:10:EA:0A CT0
      1 20:00:00:25:B5:10:EA:0A CT1
      1 20:00:00:25:B5:10:EB:01 CT0
      1 20:00:00:25:B5:10:EB:01 CT1
      1 20:00:00:25:B5:10:EB:02 CT0
      1 20:00:00:25:B5:10:EB:02 CT1
      1 20:00:00:25:B5:10:EB:03 CT0
      1 20:00:00:25:B5:10:EB:03 CT1
      1 20:00:00:25:B5:10:EB:04 CT0
      1 20:00:00:25:B5:10:EB:04 CT1
      1 20:00:00:25:B5:10:EB:05 CT0
      1 20:00:00:25:B5:10:EB:05 CT1
      1 20:00:00:25:B5:10:EB:06 CT0
      1 20:00:00:25:B5:10:EB:06 CT1
      1 20:00:00:25:B5:10:EB:07 CT0
      1 20:00:00:25:B5:10:EB:07 CT1
      1 20:00:00:25:B5:10:EB:08 CT0
      1 20:00:00:25:B5:10:EB:08 CT1
      1 20:00:00:25:B5:10:EB:09 CT0
      1 20:00:00:25:B5:10:EB:09 CT1
      1 20:00:00:25:B5:10:EB:0A CT0
      1 20:00:00:25:B5:10:EB:0A CT1


Total FC connections: 40


pureeng@jtd-pure-ct0:~$ puredrive list
Name       Type   Status   Capacity  Details
CH0.BAY0   SSD    healthy  2.25T     -
CH0.BAY1   SSD    healthy  2.25T     -
CH0.BAY2   SSD    healthy  2.25T     -
CH0.BAY3   SSD    healthy  2.25T     -
CH0.BAY4   SSD    healthy  2.25T     -
CH0.BAY5   SSD    healthy  2.25T     -
CH0.BAY6   SSD    healthy  2.25T     -
CH0.BAY7   SSD    healthy  2.25T     -
CH0.BAY8   SSD    healthy  2.25T     -
CH0.BAY9   SSD    healthy  2.25T     -
CH0.BAY10  -      unused   0.00      -
CH0.BAY11  -      unused   0.00      -
CH0.BAY12  -      unused   0.00      -
CH0.BAY13  -      unused   0.00      -
CH0.BAY14  -      unused   0.00      -
CH0.BAY15  -      unused   0.00      -
CH0.BAY16  -      unused   0.00      -
CH0.BAY17  -      unused   0.00      -
CH0.BAY18  -      unused   0.00      -
CH0.BAY19  -      unused   0.00      -
CH0.NVB0   NVRAM  healthy  7.52G     -
CH0.NVB1   NVRAM  healthy  7.52G     -
CH0.NVB2   NVRAM  unused   0.00      -
CH0.NVB3   NVRAM  unused   0.00      -
pureeng@jtd-pure-ct0:~$ puremessage lis t-t --open
ID        Time                     Severity  Category  Code  Component  Name     Event                       Expected  Actual  Details
51707668  2025-09-17 11:40:06 EDT  warning   array     39    hardware   ct0.fc9  Fibre Channel link failure  -         1       {'count_1hr': 1, 'last_down': '2025-09-17 15:40:05', 'notified_at': '2025-09-17 15:40:05'}
51707669  2025-09-17 11:40:06 EDT  warning   array     39    hardware   ct0.fc8  Fibre Channel link failure  -         1       {'count_1hr': 1, 'last_down': '2025-09-17 15:40:05', 'notified_at': '2025-09-17 15:40:05'}
pureeng@jtd-pure-ct0:~$ list=`pureport list --initiator`; echo; for i in {0..1}; do for j in {4..18}; do cnt=`echo "$list"|grep CT$i.FC$j|wc -l`;echo CT$i.FC$j $cnt; done; echo; done

CT0.FC4 0
CT0.FC5 0
CT0.FC6 0
CT0.FC7 0
CT0.FC8 0
CT0.FC9 0
CT0.FC10 0
CT0.FC11 0
CT0.FC12 10
CT0.FC13 10
CT0.FC14 0
CT0.FC15 0
CT0.FC16 0
CT0.FC17 0
CT0.FC18 0

CT1.FC4 0
CT1.FC5 0
CT1.FC6 0
CT1.FC7 0
CT1.FC8 10
CT1.FC9 10
CT1.FC10 0
CT1.FC11 0
CT1.FC12 0
CT1.FC13 0
CT1.FC14 0
CT1.FC15 0
CT1.FC16 0

CT1.FC17 0
CT1.FC18 0

pureeng@jtd-pure-ct0:~$ 
pureeng@jtd-pure-ct0:~$ purehw list
Name       Status         Identify  Slot  Index  Speed       Temperature  Voltage  Details
CH0        ok             off       -     0      -           -            -        -
CH0.BAY0   ok             off       -     0      -           -            -        -
CH0.BAY1   ok             off       -     1      -           -            -        -
CH0.BAY2   ok             off       -     2      -           -            -        -
CH0.BAY3   ok             off       -     3      -           -            -        -
CH0.BAY4   ok             off       -     4      -           -            -        -
CH0.BAY5   ok             off       -     5      -           -            -        -
CH0.BAY6   ok             off       -     6      -           -            -        -
CH0.BAY7   ok             off       -     7      -           -            -        -
CH0.BAY8   ok             off       -     8      -           -            -        -
CH0.BAY9   ok             off       -     9      -           -            -        -
CH0.BAY10  not_installed  off       -     10     -           -            -        -
CH0.BAY11  not_installed  off       -     11     -           -            -        -
CH0.BAY12  not_installed  off       -     12     -           -            -        -
CH0.BAY13  not_installed  off       -     13     -           -            -        -
CH0.BAY14  not_installed  off       -     14     -           -            -        -
CH0.BAY15  not_installed  off       -     15     -           -            -        -
CH0.BAY16  not_installed  off       -     16     -           -            -        -
CH0.BAY17  not_installed  off       -     17     -           -            -        -
CH0.BAY18  not_installed  off       -     18     -           -            -        -
CH0.BAY19  not_installed  off       -     19     -           -            -        -
CH0.NVB0   ok             off       -     0      -           -            -        -
CH0.NVB1   ok             off       -     1      -           -            -        -
CH0.NVB2   not_installed  off       -     2      -           -            -        -
CH0.NVB3   not_installed  off       -     3      -           -            -        -
CH0.PWR0   ok             -         -     0      -           -            203 V    -
CH0.PWR1   ok             -         -     1      -           -            204 V    -
CH0.TMP0   ok             -         -     0      -           17 C         -        -
CT0        ok             off       -     0      -           -            -        -
CT0.ETH0   ok             -         -     0      0.00 b/s    -            -        -
CT0.ETH1   ok             -         -     1      0.00 b/s    -            -        -
CT0.ETH2   ok             -         -     2      0.00 b/s    -            -        -
CT0.ETH3   ok             -         -     3      0.00 b/s    -            -        -
CT0.ETH4   ok             -         -     4      1.00 Gb/s   -            -        -
CT0.ETH5   ok             -         -     5      0.00 b/s    -            -        -
CT0.ETH10  ok             -         1     10     0.00 b/s    -            -        -
CT0.ETH11  ok             -         1     11     0.00 b/s    -            -        -
CT0.FAN0   ok             -         -     0      -           -            -        -
CT0.FAN1   ok             -         -     1      -           -            -        -
CT0.FAN2   ok             -         -     2      -           -            -        -
CT0.FAN3   ok             -         -     3      -           -            -        -
CT0.FAN4   ok             -         -     4      -           -            -        -
CT0.FAN5   ok             -         -     5      -           -            -        -
CT0.FC12   ok             -         3     12     16.00 Gb/s  -            -        -
CT0.FC13   ok             -         3     13     16.00 Gb/s  -            -        -
CT0.TMP0   ok             -         -     0      -           32 C         -        -
CT0.TMP1   ok             -         -     1      -           33 C         -        -
CT0.TMP2   ok             -         -     2      -           44 C         -        -
CT0.TMP3   ok             -         -     3      -           44 C         -        -
CT0.TMP4   ok             -         -     4      -           37 C         -        -
CT0.TMP5   ok             -         -     5      -           37 C         -        -
CT0.TMP6   ok             -         -     6      -           22 C         -        -
CT0.TMP7   ok             -         -     7      -           23 C         -        -
CT0.TMP8   ok             -         -     8      -           47 C         -        -
CT0.TMP9   ok             -         -     9      -           29 C         -        -
CT0.TMP11  ok             -         -     11     -           27 C         -        -
CT0.TMP13  ok             -         -     13     -           29 C         -        -
CT0.TMP15  ok             -         -     15     -           28 C         -        -
CT0.TMP17  ok             -         -     17     -           29 C         -        -
CT0.TMP19  ok             -         -     19     -           28 C         -        -
CT0.TMP21  ok             -         -     21     -           32 C         -        -
CT0.TMP23  ok             -         -     23     -           30 C         -        -
CT1        ok             off       -     1      -           -            -        -
CT1.ETH0   ok             -         -     0      1.00 Gb/s   -            -        -
CT1.ETH1   ok             -         -     1      0.00 b/s    -            -        -
CT1.ETH2   ok             -         -     2      0.00 b/s    -            -        -
CT1.ETH3   ok             -         -     3      0.00 b/s    -            -        -
CT1.ETH4   ok             -         -     4      0.00 b/s    -            -        -
CT1.ETH5   ok             -         -     5      0.00 b/s    -            -        -
CT1.ETH6   ok             -         -     6      0.00 b/s    -            -        -
CT1.ETH7   ok             -         -     7      0.00 b/s    -            -        -
CT1.ETH8   ok             -         -     8      0.00 b/s    -            -        -
CT1.ETH9   ok             -         -     9      0.00 b/s    -            -        -
CT1.FAN0   ok             -         -     0      -           -            -        -
CT1.FAN1   ok             -         -     1      -           -            -        -
CT1.FAN2   ok             -         -     2      -           -            -        -
CT1.FAN3   ok             -         -     3      -           -            -        -
CT1.FAN4   ok             -         -     4      -           -            -        -
CT1.FAN5   ok             -         -     5      -           -            -        -
CT1.FC8    ok             -         2     8      16.00 Gb/s  -            -        -
CT1.FC9    ok             -         2     9      16.00 Gb/s  -            -        -
CT1.TMP0   ok             -         -     0      -           29 C         -        -
CT1.TMP1   ok             -         -     1      -           30 C         -        -
CT1.TMP2   ok             -         -     2      -           27 C         -        -
CT1.TMP3   ok             -         -     3      -           35 C         -        -
CT1.TMP4   ok             -         -     4      -           35 C         -        -
CT1.TMP5   ok             -         -     5      -           31 C         -        -
CT1.TMP6   ok             -         -     6      -           34 C         -        -
CT1.TMP7   ok             -         -     7      -           26 C         -        -
CT1.TMP8   ok             -         -     8      -           26 C         -        -
CT1.TMP9   ok             -         -     9      -           27 C         -        -
CT1.TMP10  ok             -         -     10     -           26 C         -        -
CT1.TMP11  ok             -         -     11     -           25 C         -        -
CT1.TMP12  ok             -         -     12     -           25 C         -        -
CT1.TMP13  ok             -         -     13     -           29 C         -        -
CT1.TMP14  ok             -         -     14     -           29 C         -        -
CT1.TMP15  ok             -         -     15     -           29 C         -        -
CT1.TMP16  ok             -         -     16     -           26 C         -        -
CT1.TMP17  ok             -         -     17     -           27 C         -        -
CT1.TMP18  ok             -         -     18     -           27 C         -        -
CT1.TMP19  ok             -         -     19     -           29 C         -        -
CT1.TMP20  ok             -         -     20     -           25 C         -        -
CT1.TMP21  ok             -         -     21     -           31 C         -        -
CT1.TMP22  ok             -         -     22     -           30 C         -        -
CT1.TMP23  ok             -         -     23     -           32 C         -        -
CT1.TMP24  ok             -         -     24     -           33 C         -        -
CT1.TMP25  ok             -         -     25     -           33 C         -        -
CT1.TMP26  ok             -         -     26     -           25 C         -        -
pureeng@jtd-pure-ct0:~$ purearray list --controller
Name  Type              Mode       Model     Version  Status  Current Mode Since       Internal Details
CT0   array_controller  secondary  FA-X20R4  6.7.2    ready   2025-09-17 12:33:42 EDT  
CT1   array_controller  primary    FA-X20R3  6.7.2    ready   2025-09-17 11:32:57 EDT  
pureeng@jtd-pure-ct0:~$ ssh sudo su
     root@jtd-pure-ct0:/var/home/pureeng# ssh peer
Last login: Mon Mar 11 11:58:28 2024 from fe80::26a9:37ff:fe56:a751%haeth0

Wed Sep 17 12:38:20 2025
Welcome root. This is Purity Version 6.7.2 on FlashArray jtd-pure
http://www.purestorage.com/
     root@jtd-pure-ct1:~# ct1date;purewes controller setattr --verify-array jtd-pure ct1 --mode secondary
Wed Sep 17 12:39:09 PM EDT 2025
Run checks before making changes ...
Check peer purity status...... SUCCESS
Check pureport list........... 
==========    FC connections    ==========

CT      NumOfPort  PortId                                  
CT0     1          20:00:00:25:B5:10:EB:06                 
CT0     1          20:00:00:25:B5:10:EB:07                 
CT0     1          20:00:00:25:B5:10:EB:05                 
CT0     1          20:00:00:25:B5:10:EB:04                 
CT0     1          20:00:00:25:B5:10:EB:01                 
CT0     1          20:00:00:25:B5:10:EB:02                 
CT0     1          20:00:00:25:B5:10:EB:03                 
CT0     1          20:00:00:25:B5:10:EB:09                 
CT0     1          20:00:00:25:B5:10:EB:08                 
CT0     1          20:00:00:25:B5:10:EB:0A                 
CT0     1          20:00:00:25:B5:10:EA:0A                 
CT0     1          20:00:00:25:B5:10:EA:09                 
CT0     1          20:00:00:25:B5:10:EA:08                 
CT0     1          20:00:00:25:B5:10:EA:01                 
CT0     1          20:00:00:25:B5:10:EA:02                 
CT0     1          20:00:00:25:B5:10:EA:03                 
CT0     1          20:00:00:25:B5:10:EA:06                 
CT0     1          20:00:00:25:B5:10:EA:07                 
CT0     1          20:00:00:25:B5:10:EA:05                 
CT0     1          20:00:00:25:B5:10:EA:04                 
CT1     1          20:00:00:25:B5:10:EB:08                 
CT1     1          20:00:00:25:B5:10:EB:09                 
CT1     1          20:00:00:25:B5:10:EB:0A                 
CT1     1          20:00:00:25:B5:10:EB:04                 
CT1     1          20:00:00:25:B5:10:EB:05                 
CT1     1          20:00:00:25:B5:10:EB:07                 
CT1     1          20:00:00:25:B5:10:EB:06                 
CT1     1          20:00:00:25:B5:10:EB:03                 
CT1     1          20:00:00:25:B5:10:EB:02                 
CT1     1          20:00:00:25:B5:10:EB:01                 
CT1     1          20:00:00:25:B5:10:EA:03                 
CT1     1          20:00:00:25:B5:10:EA:02                 
CT1     1          20:00:00:25:B5:10:EA:01                 
CT1     1          20:00:00:25:B5:10:EA:04                 
CT1     1          20:00:00:25:B5:10:EA:05                 
CT1     1          20:00:00:25:B5:10:EA:07                 
CT1     1          20:00:00:25:B5:10:EA:06                 
CT1     1          20:00:00:25:B5:10:EA:0A                 
CT1     1          20:00:00:25:B5:10:EA:08                 
CT1     1          20:00:00:25:B5:10:EA:09                 

Total FC connections: 40

==========    iSCSI connections    ==========

CT     NumOfPort  PortId                                  

Total iSCSI connections: 0

==========    NVMe-RoCE connections    ==========

CT     NumOfPort  PortId                                  

Total NVMe-RoCE connections: 0

SUCCESS
Check IO balance.............. Checking iobalance before proceeding, sampling for 30 seconds, retrying 3 times, adding 30 seconds with each retry
Try 1/4: Sampling I/O for 30 seconds
Sampling finished, I/O is not yet balanced
Try 2/4: Sampling I/O for 60 seconds
Sampling finished, I/O is not yet balanced
Try 3/4: Sampling I/O for 90 seconds
Sampling finished, I/O is not yet balanced
Try 4/4: Sampling I/O for 120 seconds
Sampling finished, I/O is not yet balanced
I/O is not balanced after 4 run(s).
iobalance reports the following: 
sampling host I/O for 120 seconds...
                Host  CT0 I/O Count  CT1 I/O Count  
         ESX-JTD-101      273.00      215.00  
         ESX-JTD-102      336.00      292.00  
         ESX-JTD-103      333.00      205.00  ! unbalanced I/O
         ESX-JTD-104      773.00      805.00  
         ESX-JTD-105      674.00      817.00  
         ESX-JTD-106      555.00      701.00  
         ESX-JTD-107      629.00       1.03K  ! unbalanced I/O
         ESX-JTD-108       1.06K      359.00  ! unbalanced I/O
         ESX-JTD-109      132.00      976.00  ! unbalanced I/O
         ESX-JTD-110      273.00       91.00  ! unbalanced I/O

Would you like to ignore this check?
WARNING: Unless the workload you are running is known to be imbalanced, ignoring this check could result in an outage and is NOT recommended.
Ignore anyway? (y/n): y
Overriding iobalance check based on user input
SUCCESS
     root@jtd-pure-ct1:~# pureexit
logout
     root@jtd-pure-ct0:/var/home/pureeng# purearray list --controller
Name  Type              Mode       Model     Version  Status     Current Mode Since       Internal Details
CT0   array_controller  primary    FA-X20R4  6.7.2    ready      2025-09-17 12:44:37 EDT  
CT1   array_controller  secondary  FA-X20R3  6.7.2    not ready  2025-09-17 12:44:42 EDT  SAN disabled; landlord delaying secondary mode to prevent takeover race; portal is not open
     root@jtd-pure-ct0:/var/home/pureeng# purearray list --controller
Name  Type              Mode       Model     Version  Status  Current Mode Since       Internal Details
CT0   array_controller  primary    FA-X20R4  6.7.2    ready   2025-09-17 12:44:37 EDT  
CT1   array_controller  secondary  FA-X20R3  6.7.2    ready   2025-09-17 12:44:42 EDT  
     root@jtd-pure-ct0:/var/home/pureeng# purearray list --controllerssh peerecho $?printf PTC_START; printf _COMMAND; echo ; sed -E ':a;N;$!ba;s/\r{0,1}\n/\\n/g' /cache/ccm/cert/activation_pub.pemecho $?
ssh peerpurearray list --controllerexit
exit
pureeng@jtd-pure-ct0:~$ sudo supurearray list --controllerhw listlist=`pureport list --initiator`; echo; for i in {0..1}; do for j in {4..18}; do cnt=`echo "$list"|grep CT$i.FC$j|wc -l`;echo CT$i.FC$j $cnt; done; echo; done

CT0.FC4 0
CT0.FC5 0
CT0.FC6 0
CT0.FC7 0
CT0.FC8 0
CT0.FC9 0
CT0.FC10 0
CT0.FC11 0
CT0.FC12 10
CT0.FC13 10
CT0.FC14 0
CT0.FC15 0
CT0.FC16 0
CT0.FC17 0
CT0.FC18 0

CT1.FC4 0
CT1.FC5 0
CT1.FC6 0
CT1.FC7 0
CT1.FC8 0
CT1.FC9 0
CT1.FC10 0
CT1.FC11 0
CT1.FC12 0
CT1.FC13 0
CT1.FC14 0
CT1.FC15 0
CT1.FC16 0
CT1.FC17 0
CT1.FC18 0

pureeng@jtd-pure-ct0:~$ list=`pureport list --initiator`; echo; for i in {0..1}; do for j in {4..18}; do cnt=`echo "$list"|grep CT$i.FC$j|wc -l`;echo CT$i.FC$j $cnt; done; echo; done

CT0.FC4 0
CT0.FC5 0
CT0.FC6 0
CT0.FC7 0
CT0.FC8 0
CT0.FC9 0
CT0.FC10 0
CT0.FC11 0
CT0.FC12 10
CT0.FC13 10
CT0.FC14 0
CT0.FC15 0
CT0.FC16 0
CT0.FC17 0
CT0.FC18 0

CT1.FC4 0
CT1.FC5 0
CT1.FC6 0
CT1.FC7 0
CT1.FC8 0
CT1.FC9 0
CT1.FC10 0
CT1.FC11 0
CT1.FC12 0
CT1.FC13 0
CT1.FC14 0
CT1.FC15 0
CT1.FC16 0
CT1.FC17 0
CT1.FC18 0

pureeng@jtd-pure-ct0:~$ list=`pureport list --initiator`; echo; for i in {0..1}; do for j in {4..18}; do cnt=`echo "$list"|grep CT$i.FC$j|wc -l`;echo CT$i.FC$j $cnt; done; echo; donesudo su

purearray list --controllerhw listlist=`pureport list --initiator`; echo; for i in {0..1}; do for j in {4..18}; do cnt=`echo "$list"|grep CT$i.FC$j|wc -l`;echo CT$i.FC$j $cnt; done; echo; done

CT0.FC4 0
CT0.FC5 0
CT0.FC6 0
CT0.FC7 0
CT0.FC8 0
CT0.FC9 0
CT0.FC10 0
CT0.FC11 0
CT0.FC12 10
CT0.FC13 10
CT0.FC14 0
CT0.FC15 0
CT0.FC16 0
CT0.FC17 0
CT0.FC18 0

CT1.FC4 0
CT1.FC5 0
CT1.FC6 0
CT1.FC7 0
CT1.FC8 0
CT1.FC9 0
CT1.FC10 0
CT1.FC11 0
CT1.FC12 0
CT1.FC13 0
CT1.FC14 0
CT1.FC15 0
CT1.FC16 0
CT1.FC17 0
CT1.FC18 0

pureeng@jtd-pure-ct0:~$ fcpureportlist=`pureport list --initiator | awk '/Target/,0' | cut -d. -f1 | awk '{print $1,$5}' | grep -v '-' | grep -v "Initiator" | uniq -c; echo`; fcpureportlistcount=`echo "$fcpureportlist" | awk '{total += $1} END {print total}'`; echo -e "$fcpureportlist\n\n"; echo -e "\tTotal FC connections: $fcpureportlistcount\n\n";
      1 20:00:00:25:B5:10:EA:01 CT0
      1 20:00:00:25:B5:10:EA:01 CT1
      1 20:00:00:25:B5:10:EA:02 CT0
      1 20:00:00:25:B5:10:EA:02 CT1
      1 20:00:00:25:B5:10:EA:03 CT0
      1 20:00:00:25:B5:10:EA:03 CT1
      1 20:00:00:25:B5:10:EA:04 CT0
      1 20:00:00:25:B5:10:EA:04 CT1
      1 20:00:00:25:B5:10:EA:05 CT0
      1 20:00:00:25:B5:10:EA:05 CT1
      1 20:00:00:25:B5:10:EA:06 CT0
      1 20:00:00:25:B5:10:EA:06 CT1
      1 20:00:00:25:B5:10:EA:07 CT0
      1 20:00:00:25:B5:10:EA:07 CT1
      1 20:00:00:25:B5:10:EA:08 CT0
      1 20:00:00:25:B5:10:EA:08 CT1
      1 20:00:00:25:B5:10:EA:09 CT0
      1 20:00:00:25:B5:10:EA:09 CT1
      1 20:00:00:25:B5:10:EA:0A CT0
      1 20:00:00:25:B5:10:EA:0A CT1
      1 20:00:00:25:B5:10:EB:01 CT0
      1 20:00:00:25:B5:10:EB:01 CT1
      1 20:00:00:25:B5:10:EB:02 CT0
      1 20:00:00:25:B5:10:EB:02 CT1
      1 20:00:00:25:B5:10:EB:03 CT0
      1 20:00:00:25:B5:10:EB:03 CT1
      1 20:00:00:25:B5:10:EB:04 CT0
      1 20:00:00:25:B5:10:EB:04 CT1
      1 20:00:00:25:B5:10:EB:05 CT0
      1 20:00:00:25:B5:10:EB:05 CT1
      1 20:00:00:25:B5:10:EB:06 CT0
      1 20:00:00:25:B5:10:EB:06 CT1
      1 20:00:00:25:B5:10:EB:07 CT0
      1 20:00:00:25:B5:10:EB:07 CT1
      1 20:00:00:25:B5:10:EB:08 CT0
      1 20:00:00:25:B5:10:EB:08 CT1
      1 20:00:00:25:B5:10:EB:09 CT0
      1 20:00:00:25:B5:10:EB:09 CT1
      1 20:00:00:25:B5:10:EB:0A CT0
      1 20:00:00:25:B5:10:EB:0A CT1


Total FC connections: 40


pureeng@jtd-pure-ct0:~$ iobalance --sampletime 10
sampling host I/O for 10 seconds...
                Host  CT0 I/O Count  CT1 I/O Count  
         ESX-JTD-101      117.00       22.00  ! unbalanced I/O
         ESX-JTD-102       24.00       60.00  ! unbalanced I/O
         ESX-JTD-103       62.00        0.00  ! no I/O to CT1
         ESX-JTD-104       98.00       42.00  ! unbalanced I/O
         ESX-JTD-105      138.00      117.00  
         ESX-JTD-106      108.00       51.00  ! unbalanced I/O
         ESX-JTD-107      118.00       50.00  ! unbalanced I/O
         ESX-JTD-108      191.00      206.00  
         ESX-JTD-109      107.00        0.00  ! no I/O to CT1
         ESX-JTD-110        8.00        7.00  
pureeng@jtd-pure-ct0:~$ purearray list --controller
Name  Type              Mode       Model     Version  Status  Current Mode Since       Internal Details
CT0   array_controller  primary    FA-X20R4  6.7.2    ready   2025-09-17 12:44:37 EDT  
CT1   array_controller  secondary  FA-X20R3  6.7.2    ready   2025-09-17 12:44:42 EDT  
pureeng@jtd-pure-ct0:~$  GNU GRUB  version 2.06

/----------------------------------------------------------------------------\||||||||||||||||||||||||||\----------------------------------------------------------------------------/     Use the ^ and v keys to select which entry is highlighted.          
      Press enter to boot the selected OS, `e' to edit the commands       
      before booting or `c' for a command-line.                            *Purity 6.5.5 (202404130351+34e2b1e66ad3) with kernel 5.15.123+ (2024031915>
 Purity 6.5.5 (202404130351+34e2b1e66ad3) with kernel 5.15.123+ (2024031915>
                                                                                                                                                                                                                                                                                                                                                                                                                                                                                                                                                                                                                                                                                                                                                                                                                                                                        The highlighted entry will be executed automatically in 3s.                    The highlighted entry will be executed automatically in 2s.                    The highlighted entry will be executed automatically in 1s.                    The highlighted entry will be executed automatically in 0s.                 
Purity

PCTFJ25270165 login: puresetup
Password: 

Wed Sep 17 16:56:34 2025
Welcome puresetup. This is Purity Version 6.5.5 on FlashArray PCTFJ25270165
http://www.purestorage.com/
puresetup@PCTFJ25270165:~$ mount /dev/sdb1db1 /mnt
puresetup@PCTFJ25270165:~$ cp /mnt/6.7.2/* .
puresetup@PCTFJ25270165:~$ pureinstsall purity_6.7.2_202501290440+0d1c24065579.ppkg
-bash: pureinstsall: command not found
puresetup@PCTFJ25270165:~$ pureinstll purity_6.7.2_202501290440+0d1c24065579.ppkg
-bash: pureinstll: command not found
puresetup@PCTFJ25270165:~$ pureinstall purity_6.7.2_202501290440+0d1c24065579.ppkg
Installing Purity on alternate partition labeled second.
Erasing Purity software image from alternate partition second to prepare for installation.
WARNING: Do not interrupt this process!!
Unpacking new Purity software.
............................................................................................................................................................................................................................................................................................................................................................................................................................................................................................................................................................................................................................................................................................................................................................................................................................................................................................................................................................................................................................................................................................................................................................................................................................................................................................................................................................................................................................
Verifying package...

Finalizing installation. This may take several minutes.
Executing /altroot/opt/purextras/bin/finish-install.sh
Executing /altroot/opt/purextras/bin/finish-install.azure-propagate.sh
Executing /altroot/opt/purextras/bin/finish-install.cbs.sh
Executing /altroot/opt/purextras/bin/finish-install.fix-dpkg.sh
Purity installed.
Installation complete. The new Purity version will load at next reboot.

Important!
The first boot of a new Purity version may take longer if the new version includes controller firmware updates.
DO NOT REBOOT THE CONTROLLER DURING THE FIRMWARE UPDATE.

Refer to http://community.purestorage.com for more information about the Purity upgrade process and firmware updates.
puresetup@PCTFJ25270165:~$ pureboot reboot --offline
[Errno 111] Connection refused
 GNU GRUB  version 2.06

/----------------------------------------------------------------------------\||||||||||||||||||||||||||\----------------------------------------------------------------------------/     Use the ^ and v keys to select which entry is highlighted.          
      Press enter to boot the selected OS, `e' to edit the commands       
      before booting or `c' for a command-line.                             Purity 6.5.5 (202404130351+34e2b1e66ad3) with kernel 5.15.123+ (2024031915>
*Purity 6.7.2 (202501290440+0d1c24065579) with kernel 5.15.123+ (2025011604>
                                                                                                                                                                                                                                                                                                                                                                                                                                                                                                                                                                                                                                                                                                                                                                                                                                                                        The highlighted entry will be executed automatically in 3s.                    The highlighted entry will be executed automatically in 2s.                    The highlighted entry will be executed automatically in 1s.                    The highlighted entry will be executed automatically in 0s.                 
Purity

PCTFJ25270165 login: puresetup
Password: 
<fw_update_tool>
===================================================================
=                            NOTICE                               =
===================================================================
=                                                                 =
=    Firmware is currently being checked and/or updated           =
=    on this controller.                                          =
=                                                                 =
=    If updates are necessary they will be applied automatically, =
=    and one or more automatic reboots may occur as a result.     =
=    A completion notice will be provided when done.              =
=                                                                 =
=    DO NOT RESTART OR REMOVE POWER WHILE UPDATE IS IN PROGRESS   =
=                                                                 =
===================================================================
<fw_update_tool>
Last login: Wed Sep 17 16:56:34 UTC 2025 on ttyS0

Wed Sep 17 17:11:12 2025
Welcome puresetup. This is Purity Version 6.7.2 on FlashArray PCTFJ25270165
http://www.purestorage.com/
puresetup@PCTFJ25270165:~$ pureboot list
===================================================================
=                            NOTICE                               =
===================================================================
=                                                                 =
=    Firmware is currently being checked and/or updated           =
=    on this controller.                                          =
=                                                                 =
=    If updates are necessary they will be applied automatically, =
=    and one or more automatic reboots may occur as a result.     =
=    A completion notice will be provided when done.              =
=                                                                 =
=    DO NOT RESTART OR REMOVE POWER WHILE UPDATE IS IN PROGRESS   =
=                                                                 =
===================================================================


Marked entry (*) is currently running
Marked entry (-->) will run at next reboot
    0. Purity 6.5.5 (202404130351+34e2b1e66ad3) with kernel 5.15.123+ (202403191505+d9f0e688c788) on first (/dev/sda3)
*-->1. Purity 6.7.2 (202501290440+0d1c24065579) with kernel 5.15.123+ (202501160448+1cb33bf4bf4f) on second (/dev/sda4)
puresetup@PCTFJ25270165:~$  GNU GRUB  version 2.06

/----------------------------------------------------------------------------\||||||||||||||||||||||||||\----------------------------------------------------------------------------/     Use the ^ and v keys to select which entry is highlighted.          
      Press enter to boot the selected OS, `e' to edit the commands       
      before booting or `c' for a command-line.                             Purity 6.5.5 (202404130351+34e2b1e66ad3) with kernel 5.15.123+ (2024031915>
*Purity 6.7.2 (202501290440+0d1c24065579) with kernel 5.15.123+ (2025011604>
                                                                                                                                                                                                                                                                                                                                                                                                                                                                                                                                                                                                                                                                                                                                                                                                                                                                        The highlighted entry will be executed automatically in 3s.                    The highlighted entry will be executed automatically in 2s.                    The highlighted entry will be executed automatically in 1s.                    The highlighted entry will be executed automatically in 0s.                 
Purity

PCTFJ25270165 login: puresetup
Password: 
<fw_update_tool>
===================================================================
=                            NOTICE                               =
===================================================================
=                                                                 =
=    Firmware is currently being checked and/or updated           =
=    on this controller.                                          =
=                                                                 =
=    If updates are necessary they will be applied automatically, =
=    and one or more automatic reboots may occur as a result.     =
=    A completion notice will be provided when done.              =
=                                                                 =
=    DO NOT RESTART OR REMOVE POWER WHILE UPDATE IS IN PROGRESS   =
=                                                                 =
===================================================================
<fw_update_tool>
Last login: Wed Sep 17 17:11:12 UTC 2025 on ttyS0

Wed Sep 17 17:20:06 2025
Welcome puresetup. This is Purity Version 6.7.2 on FlashArray PCTFJ25270165
http://www.purestorage.com/
puresetup@PCTFJ25270165:~$  GNU GRUB  version 2.06

/----------------------------------------------------------------------------\||||||||||||||||||||||||||\----------------------------------------------------------------------------/     Use the ^ and v keys to select which entry is highlighted.          
      Press enter to boot the selected OS, `e' to edit the commands       
      before booting or `c' for a command-line.                             Purity 6.5.5 (202404130351+34e2b1e66ad3) with kernel 5.15.123+ (2024031915>
*Purity 6.7.2 (202501290440+0d1c24065579) with kernel 5.15.123+ (2025011604>
                                                                                                                                                                                                                                                                                                                                                                                                                                                                                                                                                                                                                                                                                                                                                                                                                                                                        The highlighted entry will be executed automatically in 3s.                    The highlighted entry will be executed automatically in 2s.                    The highlighted entry will be executed automatically in 1s.                    The highlighted entry will be executed automatically in 0s.                 
Purity

PCTFJ25270165 login: puresetup
Password: 
<fw_update_tool>
===================================================================
=                            NOTICE                               =
===================================================================
=                                                                 =
=    Firmware is currently being checked and/or updated           =
=    on this controller.                                          =
=                                                                 =
=    If updates are necessary they will be applied automatically, =
=    and one or more automatic reboots may occur as a result.     =
=    A completion notice will be provided when done.              =
=                                                                 =
=    DO NOT RESTART OR REMOVE POWER WHILE UPDATE IS IN PROGRESS   =
=                                                                 =
===================================================================
<fw_update_tool>
Last login: Wed Sep 17 17:20:05 UTC 2025 on ttyS0

Wed Sep 17 17:23:17 2025
Welcome puresetup. This is Purity Version 6.7.2 on FlashArray PCTFJ25270165
http://www.purestorage.com/
puresetup@PCTFJ25270165:~$                                                                                
Broadcast message from root@PCTFJ25270165 (somewhere) (Wed Sep 17 17:23:45 2025
                                                                               
===================================================================            
=                   UPDATE AND/OR CHECK COMPLETE                  =            
=                                                                 =            
=    The firmware checks/updates on this system are now complete. =            
=    No further action is required, and the controller will       =            
=    continue running as usual                                    =            
=                                                                 =            
===================================================================            
                                                                               
                                                                               

puresetup@PCTFJ25270165:~$ puresetup replace --from-controller FA-X20R3
##########################################
#   Welcome to the Purity Setup Wizard   #
##########################################
Sep 17 17:24:57.620 puresetup: PROGRESS: Starting controller replacement
Sep 17 17:24:57.624 puresetup.py: PROGRESS: Checking if the current Purity version supports this controller model
Controller hardware model is compatible with the controller purity version
[Errno 111] Connection refused
FA-X20R4 supports multiple storage types, configuring...
The controller will be rebooted when puresetup finishes
Pre-configured storage type X was found on the controller, will proceed to overwrite
Detected storage type X from peer
Successfully configured storage type X for controller
Sep 17 17:24:58.044 puresetup.py: PROGRESS: Running hardware checks
Sep 17 17:24:58.044 puresetup.py: PROGRESS: Detecting shelves connected to the array
Check Cobalt NDU controllers.. OK
Check RDL..................... OK
Check shelf cabling........... OK
Check controller link......... OK
Check power supply............ OK
Check PCIE AER errors......... OK
Check io card pci id's........ OK
Check LOM MAC addresses....... OK
Getting local controller type.
Local controller type is cobalt_a.
Getting local controller variant.
Not a generic controller, Exiting.
Sep 17 17:25:07.511 puresetup: PROGRESS: Running platinum NDU checks
Checking peer controller for tunables
Enable secondary offload feature (y/n)? Please check the tunables set from the p
re-upgrade list. If the PS_SUPPORTS_SECONDARY_OFFLOAD doesn't show up in the lis
t or is set to 1, reply "y". If the PS_SUPPORTS_SECONDARY_OFFLOAD is set to 0 re
ply "n".:nEnable secondary offload feature (y/n)? Please check the tunables set from the p
re-upgrade list. If the PS_SUPPORTS_SECONDARY_OFFLOAD doesn't show up in the lis
t or is set to 1, reply "y". If the PS_SUPPORTS_SECONDARY_OFFLOAD is set to 0 re
ply "n".: n

Apply ATOM_5206 = 1 #
 (y/n):y
Apply ATOM_5206 = 1 #
 (y/n): y
Tunable parameter set: ATOM_5206=1

Apply ATOM_PUREAPP_MONITOR_MEM_LEAK = PCTFJ223301BF,PCTFJ223301E3,6.2.17 # PURE-
 (y/n):y
Apply ATOM_PUREAPP_MONITOR_MEM_LEAK = PCTFJ223301BF,PCTFJ223301E3,6.2.17 # PURE-
 (y/n): y
Tunable parameter set: ATOM_PUREAPP_MONITOR_MEM_LEAK=PCTFJ223301BF,PCTFJ223301E3,6.2.17

Apply PS_FILEGW_SMB_HIDE_DOT_SNAPSHOT = 0 # Set during upgrade to 6.3.15 - CLOUD
 (y/n):y
Apply PS_FILEGW_SMB_HIDE_DOT_SNAPSHOT = 0 # Set during upgrade to 6.3.15 - CLOUD
 (y/n): y
Tunable parameter set: PS_FILEGW_SMB_HIDE_DOT_SNAPSHOT=0

Apply ATOM_10072 = GH # CLOUD-152371
 (y/n):y
Apply ATOM_10072 = GH # CLOUD-152371
 (y/n): y
Tunable parameter set: ATOM_10072=GH

Apply ATOM_SECURITY_PATCH_FA_2025_A = PCTFJ223301BF,PCTFJ223301E3,6.5.8 # CLOUD-
 (y/n):y
Apply ATOM_SECURITY_PATCH_FA_2025_A = PCTFJ223301BF,PCTFJ223301E3,6.5.8 # CLOUD-
 (y/n): y
Tunable parameter set: ATOM_SECURITY_PATCH_FA_2025_A=PCTFJ223301BF,PCTFJ223301E3,6.5.8

Apply PS_SUPPORTS_SECONDARY_OFFLOAD = 0 # Enable/disable secondary offload as re
 (y/n):n
Apply PS_SUPPORTS_SECONDARY_OFFLOAD = 0 # Enable/disable secondary offload as re
 (y/n): n
Stopping purity to ensure tunables are properly loaded.
Press ENTER to reboot

Please run puresetup again after reboot.
[Errno 111] Connection refused
 GNU GRUB  version 2.06

/----------------------------------------------------------------------------\||||||||||||||||||||||||||\----------------------------------------------------------------------------/     Use the ^ and v keys to select which entry is highlighted.          
      Press enter to boot the selected OS, `e' to edit the commands       
      before booting or `c' for a command-line.                             Purity 6.5.5 (202404130351+34e2b1e66ad3) with kernel 5.15.123+ (2024031915>
*Purity 6.7.2 (202501290440+0d1c24065579) with kernel 5.15.123+ (2025011604>
                                                                                                                                                                                                                                                                                                                                                                                                                                                                                                                                                                                                                                                                                                                                                                                                                                                                        The highlighted entry will be executed automatically in 3s.                    The highlighted entry will be executed automatically in 2s.                    The highlighted entry will be executed automatically in 1s.                    The highlighted entry will be executed automatically in 0s.                 
Purity

PCTFJ25270165 login: puresetup
Password: 
Last login: Wed Sep 17 17:23:17 UTC 2025 on ttyS0

Wed Sep 17 17:33:52 2025
Welcome puresetup. This is Purity Version 6.7.2 on FlashArray PCTFJ25270165
http://www.purestorage.com/
puresetup@PCTFJ25270165:~$ puresetup replace --from-controller FA-X20R3
##########################################
#   Welcome to the Purity Setup Wizard   #
##########################################
Sep 17 17:33:56.966 puresetup: PROGRESS: Starting controller replacement
Sep 17 17:33:56.970 puresetup.py: PROGRESS: Checking if the current Purity version supports this controller model
Controller hardware model is compatible with the controller purity version
[Errno 111] Connection refused
FA-X20R4 supports multiple storage types, configuring...
The controller will be rebooted when puresetup finishes
Pre-configured storage type X was found on the controller, will proceed to overwrite
Detected storage type X from peer
Successfully configured storage type X for controller
Sep 17 17:33:57.390 puresetup.py: PROGRESS: Running hardware checks
Sep 17 17:33:57.390 puresetup.py: PROGRESS: Detecting shelves connected to the array
Check Cobalt NDU controllers.. OK
Check RDL..................... OK
Check shelf cabling........... OK
Check controller link......... OK
Check power supply............ OK
Check PCIE AER errors......... OK
Check io card pci id's........ OK
Check LOM MAC addresses....... OK
Getting local controller type.
Local controller type is cobalt_a.
Getting local controller variant.
Not a generic controller, Exiting.
Sep 17 17:34:06.707 puresetup: PROGRESS: Running platinum NDU checks
Checking peer controller for tunables
Enable secondary offload feature (y/n)? Please check the tunables set from the p
re-upgrade list. If the PS_SUPPORTS_SECONDARY_OFFLOAD doesn't show up in the lis
t or is set to 1, reply "y". If the PS_SUPPORTS_SECONDARY_OFFLOAD is set to 0 re
ply "n".:nEnable secondary offload feature (y/n)? Please check the tunables set from the p
re-upgrade list. If the PS_SUPPORTS_SECONDARY_OFFLOAD doesn't show up in the lis
t or is set to 1, reply "y". If the PS_SUPPORTS_SECONDARY_OFFLOAD is set to 0 re
ply "n".: n

Apply PS_SUPPORTS_SECONDARY_OFFLOAD = 0 # Enable/disable secondary offload as re
 (y/n):yn
Apply PS_SUPPORTS_SECONDARY_OFFLOAD = 0 # Enable/disable secondary offload as re
 (y/n): n
purity.service stablized: done
purity start/running
platform: ..done
foed: .done
gui: ......done
rest: done
platform_env: 0.done
quorum: ....done
foed_env: 0.done
remote_patch: done
driver: done
san: Skip waiting for san during HW NDU
Sep 17 17:34:47.141 puresetup: PROGRESS: Checking all purity services are working
Sep 17 17:34:50.877 puresetup.py: ERROR: middleware not UP. Purity status: Process status:
purity start/running
lio-drv stop/waiting
foed start/running, process 28610
platform start/running, process 28558
gui start/running, process 28543
rest stop/waiting
monitor start/running, process 28554
iostat start/running, process 28548
statistics start/running, process 28565
middleware start/running, process 30954
vasa start/running, process 30918
platform working
foed working
gui working
platform_env working
quorum working
foed_env working
remote_patch working
driver working
san not responding pureport started command failed
health not responding SAN unready at process start; awaiting portals sync
lio-drv not responding
middleware-db working
middleware not responding
vasa not responding

service middleware not healthy.
Wait until all services are working, check service status again in 10s ...
Diagnostics software not installed, no work needed.
Sep 17 17:35:06.480 puresetup.py: WARNING: Could not restart patch svc on peer: [Errno 2] No such file or directory: 'ssh peer service software_patch_svc restart'
Sep 17 17:35:06.487 puresetup: PROGRESS: Displaying port migration instructions
[FA-X20R3.CT1.ETH1] does not need to be migrated since it has no configuration and is not a subinterface.
[FA-X20R3.CT1.ETH2] does not need to be migrated since it has no configuration and is not a subinterface.
[FA-X20R3.CT1.ETH3] does not need to be migrated since it has no configuration and is not a subinterface.
[FA-X20R3.CT1.ETH4] does not need to be migrated since it has no configuration and is not a subinterface.
[FA-X20R3.CT1.ETH5] does not need to be migrated since it has no configuration and is not a subinterface.
[FA-X20R3.CT1.ETH6] does not need to be migrated since it has no configuration and is not a subinterface.
[FA-X20R3.CT1.ETH7] does not need to be migrated since it has no configuration and is not a subinterface.
[FA-X20R3.CT1.ETH8] does not need to be migrated since it has no configuration and is not a subinterface.
[FA-X20R3.CT1.ETH9] does not need to be migrated since it has no configuration and is not a subinterface.
Please move ports as shown below:
Press Enter to show more lines...
[FA-X20R3.CT1.ETH0] ====>> [FA-X20R4.CT1.ETH4](Slot: LOM)
[FA-X20R3.CT1.FC8] ====>> [FA-X20R4.CT1.FC12](Slot:3)
[FA-X20R3.CT1.FC9] ====>> [FA-X20R4.CT1.FC13](Slot:3)

After the cables have been moved, type "CONTINUE": continue
Sep 17 17:35:43.538 puresetup: PROGRESS: Configuring network ports...
Perform ping test on port ETH4 ....... OK
Checking SAN connectivity
.                                                                               
Broadcast message from root@jtd-pure-ct1 (somewhere) (Wed Sep 17 17:36:00 2025)
                                                                               
                                                                               
Purity//FA Information System Status                                           
====================================                                           
Purity//FA has successfully started for                                        
the first time after an install                                                
or upgrade. Purity//FA 6.7.2 (202501290440+0d1c24065579-67x)                   
is now set to be the default.                                                  
                                                                               
                                                                               
Broadcast message from root@jtd-pure-ct1 (somewhere) (Wed Sep 17 17:36:00 2025)
                                                                               
                                                                               
Purity//FA Information System Status                                           
====================================                                           
Purity//FA has successfully started for                                        
the first time after an install                                                
or upgrade. Purity//FA 6.7.2 (202501290440+0d1c24065579-67x)                   
is now set to be the default.                                                  
                                                                               

SAN is ready.
Waiting for Software Check:
Attempt 1/5 ...
Sep 17 17:36:01.815 puresetup.py: PROGRESS: Detecting shelves connected to the array
Checking iobalance before proceeding, sampling for 30 seconds, retrying 1 times, adding 30 seconds with each retry
Try 1/2: Sampling I/O for 30 seconds
Sampling finished, I/O is not yet balanced
Try 2/2: Sampling I/O for 60 seconds
Sampling finished, I/O is not yet balanced
I/O is not balanced after 2 run(s).
iobalance reports the following: 
sampling host I/O for 60 seconds...
                Host  CT0 I/O Count  CT1 I/O Count  
         ESX-JTD-101      184.00      117.00  ! unbalanced I/O
         ESX-JTD-102      126.00      133.00  
         ESX-JTD-103      184.00       80.00  ! unbalanced I/O
         ESX-JTD-104      366.00      375.00  
         ESX-JTD-105      482.00      409.00  
         ESX-JTD-106      258.00      417.00  ! unbalanced I/O
         ESX-JTD-107      523.00      352.00  
         ESX-JTD-108      185.00      587.00  ! unbalanced I/O
         ESX-JTD-109      270.00      333.00  
         ESX-JTD-110      155.00      116.00  

Would you like to ignore this check?
WARNING: Unless the workload you are running is known to be imbalanced, ignoring this check could result in an outage and is NOT recommended.
Ignore anyway? (y/n): y
Overriding iobalance check based on user input
SUCCESS
passwd: password expiry information changed.
Current time zone: Etc/UTC
Change time zone [requires reboot] (y/n):yChange time zone [requires reboot] (y/n): y
Configuring tzdata
------------------

Please select the geographic area in which you live. Subsequent configuration 
questions will narrow this down by presenting a list of cities, representing the
time zones in which they are located.

  1. Africa      4. Australia     7. Atlantic Ocean  10. Pacific Ocean
  2. America     5. Arctic Ocean  8. Europe          11. US
  3. Antarctica  6. Asia          9. Indian Ocean    12. None of the above

Geographic area: 2


Please select the city or region corresponding to your time zone.

  1. Adak                       80. Juneau
  2. Anchorage                  81. Louisville (Kentucky)
  3. Anguilla                   82. Monticello (Kentucky)
  4. Antigua                    83. Kralendijk
  5. Araguaina                  84. La Paz
  6. Buenos Aires (Argentina)   85. Lima
  7. Catamarca (Argentina)      86. Los Angeles
  8. Cordoba (Argentina)        87. Lower Princes
  9. Jujuy (Argentina)          88. Maceio
  10. La Rioja (Argentina)      89. Managua
  11. Mendoza (Argentina)       90. Manaus
  12. Rio Gallegos (Argentina)  91. Marigot
  13. Salta (Argentina)         92. Martinique
  14. San Juan (Argentina)      93. Matamoros
  15. San Luis (Argentina)      94. Mazatlan
  16. Tucuman (Argentina)       95. Menominee
  17. Ushuaia (Argentina)       96. Merida
  18. Aruba                     97. Metlakatla
[More] 

  19. Asuncion                  98. Mexico City
  20. Atikokan                  99. Miquelon
  21. Atka                      100. Moncton
  22. Bahia                     101. Monterrey
  23. Bahia Banderas            102. Montevideo
  24. Barbados                  103. Montreal
  25. Belem                     104. Montserrat
  26. Belize                    105. Nassau
  27. Blanc-Sablon              106. New York
  28. Boa Vista                 107. Nipigon
  29. Bogota                    108. Nome
  30. Boise                     109. Fernando de Noronha
  31. Cambridge Bay             110. Beulah (North Dakota)
  32. Campo Grande              111. Center (North Dakota)
  33. Cancun                    112. New Salem (North Dakota)
  34. Caracas                   113. Nuuk
  35. Cayenne                   114. Ojinaga
  36. Cayman                    115. Panama
  37. Chicago                   116. Pangnirtung
  38. Chihuahua                 117. Paramaribo
  39. Ciudad_Juarez             118. Phoenix
  40. Coral Harbour             119. Port-au-Prince
[More] 

  41. Costa Rica                120. Port of Spain
  42. Creston                   121. Porto Acre
  43. Cuiaba                    122. Porto Velho
  44. Curaçao                  123. Puerto Rico
  45. Danmarkshavn              124. Punta Arenas
  46. Dawson                    125. Rainy River
  47. Dawson Creek              126. Rankin Inlet
  48. Denver                    127. Recife
  49. Detroit                   128. Regina
  50. Dominica                  129. Resolute
  51. Edmonton                  130. Rio Branco
  52. Eirunepe                  131. Santa Isabel
  53. El Salvador               132. Santarém
  54. Ensenada                  133. Santiago
  55. Fort Nelson               134. Santo Domingo
  56. Fortaleza                 135. São Paulo
  57. Glace Bay                 136. Scoresbysund
  58. Godthab                   137. Shiprock
  59. Goose Bay                 138. Sitka
  60. Grand Turk                139. St Barthelemy
  61. Grenada                   140. St Johns
  62. Guadeloupe                141. St Kitts
[More] 

  63. Guatemala                 142. St Lucia
  64. Guayaquil                 143. St Thomas
  65. Guyana                    144. St Vincent
  66. Halifax                   145. Swift Current
  67. Havana                    146. Tegucigalpa
  68. Hermosillo                147. Thule
  69. Indianapolis (Indiana)    148. Thunder Bay
  70. Knox (Indiana)            149. Tijuana
  71. Marengo (Indiana)         150. Toronto
  72. Petersburg (Indiana)      151. Tortola
  73. Tell City (Indiana)       152. Vancouver
  74. Vevay (Indiana)           153. Virgin
  75. Vincennes (Indiana)       154. Whitehorse
  76. Winamac (Indiana)         155. Winnipeg
  77. Inuvik                    156. Yakutat
  78. Iqaluit                   157. Yellowknife
  79. Jamaica

Time zone: 106



Current default time zone: 'America/New_York'
Local time is now:      Wed Sep 17 13:38:24 EDT 2025.
Universal Time is now:  Wed Sep 17 17:38:24 UTC 2025.

'/cache/timezone/localtime' -> '/usr/share/zoneinfo/America/New_York'
Confirm time zone change from Etc/UTC to America/New_York
(y/N):y(y/N): y
Press ENTER to reboot

Secondary controller will be ready to use after reboot.
Sep 17 17:39:09.583 puresetup: PROGRESS: Replacement complete
Secondary controller is ready to use.
CONFIG_TASK_COMPLETED:CONFIG_TASK_PURESETUP_EXITED
puresetup@PCTFJ25270165:~$  GNU GRUB  version 2.06

+----------------------------------------------------------------------------+||||||||||||||||||||||||+----------------------------------------------------------------------------+     Use the ^ and v keys to select which entry is highlighted.          
      Press enter to boot the selected OS, `e' to edit the commands       
      before booting or `c' for a command-line.                            *Purity 6.7.2 (202501290440+0d1c24065579) with kernel 5.15.123+ (2025011604> Purity 6.5.5 (202404130351+34e2b1e66ad3) with kernel 5.15.123+ (2024031915>                                                                                                                                                                                                                                                                                                                                                                                                                                                                                                                                                                                                                                                                                                                                                                                         GNU GRUB  version 2.06

/----------------------------------------------------------------------------\||||||||||||||||||||||||||\----------------------------------------------------------------------------/     Use the ^ and v keys to select which entry is highlighted.          
      Press enter to boot the selected OS, `e' to edit the commands       
      before booting or `c' for a command-line.                            *Purity 6.7.2 (202501290440+0d1c24065579) with kernel 5.15.123+ (2025011604>
 Purity 6.5.5 (202404130351+34e2b1e66ad3) with kernel 5.15.123+ (2024031915>
                                                                                                                                                                                                                                                                                                                                                                                                                                                                                                                                                                                                                                                                                                                                                                                                                                                                        The highlighted entry will be executed automatically in 3s.                    The highlighted entry will be executed automatically in 3s.                    The highlighted entry will be executed automatically in 2s.                    The highlighted entry will be executed automatically in 2s.                    The highlighted entry will be executed automatically in 1s.                    The highlighted entry will be executed automatically in 1s.                    The highlighted entry will be executed automatically in 0s.                    The highlighted entry will be executed automatically in 0s.                 
BOOTING AT 2025-9-17 17:40:56 Purity 6.7.2 (202501290440+0d1c24065579) with
kernel 5.15.123+ (202501160448+1cb33bf4bf4f) on second (/dev/sda4)

BOOTING AT 2025-9-17 17:40:56 Purity 6.7.2 (202501290440+0d1c24065579) with
kernel 5.15.123+ (202501160448+1cb33bf4bf4f) on second (/dev/sda4)



jtd-pure-ct1 login: 
pureeng@jtd-pure-ct0:~$ 
pureeng@jtd-pure-ct0:~$ purearray list --controller
Name  Type              Mode     Model     Version  Status   Current Mode Since       Internal Details
CT0   array_controller  primary  FA-X20R4  6.7.2    ready    2025-09-17 12:44:37 EDT  
CT1   array_controller  offline  -         -        unknown  -                        
pureeng@jtd-pure-ct0:~$ purearray list --controller
Name  Type              Mode       Model     Version  Status  Current Mode Since       Internal Details
CT0   array_controller  primary    FA-X20R4  6.7.2    ready   2025-09-17 12:44:37 EDT  
CT1   array_controller  secondary  FA-X20R4  6.7.2    ready   2025-09-17 13:42:10 EDT  
pureeng@jtd-pure-ct0:~$ puremessage list --open
pureeng@jtd-pure-ct0:~$ puredrive list
Name       Type   Status   Capacity  Details
CH0.BAY0   SSD    healthy  2.25T     -
CH0.BAY1   SSD    healthy  2.25T     -
CH0.BAY2   SSD    healthy  2.25T     -
CH0.BAY3   SSD    healthy  2.25T     -
CH0.BAY4   SSD    healthy  2.25T     -
CH0.BAY5   SSD    healthy  2.25T     -
CH0.BAY6   SSD    healthy  2.25T     -
CH0.BAY7   SSD    healthy  2.25T     -
CH0.BAY8   SSD    healthy  2.25T     -
CH0.BAY9   SSD    healthy  2.25T     -
CH0.BAY10  -      unused   0.00      -
CH0.BAY11  -      unused   0.00      -
CH0.BAY12  -      unused   0.00      -
CH0.BAY13  -      unused   0.00      -
CH0.BAY14  -      unused   0.00      -
CH0.BAY15  -      unused   0.00      -
CH0.BAY16  -      unused   0.00      -
CH0.BAY17  -      unused   0.00      -
CH0.BAY18  -      unused   0.00      -
CH0.BAY19  -      unused   0.00      -
CH0.NVB0   NVRAM  healthy  7.52G     -
CH0.NVB1   NVRAM  healthy  7.52G     -
CH0.NVB2   NVRAM  unused   0.00      -
CH0.NVB3   NVRAM  unused   0.00      -
pureeng@jtd-pure-ct0:~$ purearray list --controller
Name  Type              Mode       Model     Version  Status  Current Mode Since       Internal Details
CT0   array_controller  primary    FA-X20R4  6.7.2    ready   2025-09-17 12:44:37 EDT  
CT1   array_controller  secondary  FA-X20R4  6.7.2    ready   2025-09-17 13:42:10 EDT  
pureeng@jtd-pure-ct0:~$ purearray list --controllerdrive listmessage list --openarray list --controlleriobalance --sampletime 10fcpureportlist=`pureport list --initiator | awk '/Target/,0' | cut -d. -f1 | awk '{print $1,$5}' | grep -v '-' | grep -v "Initiator" | uniq -c; echo`; fcpureportlistcount=`echo "$fcpureportlist" | awk '{total += $1} END {print total}'`; echo -e "$fcpureportlist\n\n"; echo -e "\tTotal FC connections: $fcpureportlistcount\n\n";
      1 20:00:00:25:B5:10:EA:01 CT0
      1 20:00:00:25:B5:10:EA:01 CT1
      1 20:00:00:25:B5:10:EA:02 CT0
      1 20:00:00:25:B5:10:EA:02 CT1
      1 20:00:00:25:B5:10:EA:03 CT0
      1 20:00:00:25:B5:10:EA:03 CT1
      1 20:00:00:25:B5:10:EA:04 CT0
      1 20:00:00:25:B5:10:EA:04 CT1
      1 20:00:00:25:B5:10:EA:05 CT0
      1 20:00:00:25:B5:10:EA:05 CT1
      1 20:00:00:25:B5:10:EA:06 CT0
      1 20:00:00:25:B5:10:EA:06 CT1
      1 20:00:00:25:B5:10:EA:07 CT0
      1 20:00:00:25:B5:10:EA:07 CT1
      1 20:00:00:25:B5:10:EA:08 CT0
      1 20:00:00:25:B5:10:EA:08 CT1
      1 20:00:00:25:B5:10:EA:09 CT0
      1 20:00:00:25:B5:10:EA:09 CT1
      1 20:00:00:25:B5:10:EA:0A CT0
      1 20:00:00:25:B5:10:EA:0A CT1
      1 20:00:00:25:B5:10:EB:01 CT0
      1 20:00:00:25:B5:10:EB:01 CT1
      1 20:00:00:25:B5:10:EB:02 CT0
      1 20:00:00:25:B5:10:EB:02 CT1
      1 20:00:00:25:B5:10:EB:03 CT0
      1 20:00:00:25:B5:10:EB:03 CT1
      1 20:00:00:25:B5:10:EB:04 CT0
      1 20:00:00:25:B5:10:EB:04 CT1
      1 20:00:00:25:B5:10:EB:05 CT0
      1 20:00:00:25:B5:10:EB:05 CT1
      1 20:00:00:25:B5:10:EB:06 CT0
      1 20:00:00:25:B5:10:EB:06 CT1
      1 20:00:00:25:B5:10:EB:07 CT0
      1 20:00:00:25:B5:10:EB:07 CT1
      1 20:00:00:25:B5:10:EB:08 CT0
      1 20:00:00:25:B5:10:EB:08 CT1
      1 20:00:00:25:B5:10:EB:09 CT0
      1 20:00:00:25:B5:10:EB:09 CT1
      1 20:00:00:25:B5:10:EB:0A CT0
      1 20:00:00:25:B5:10:EB:0A CT1


Total FC connections: 40


pureeng@jtd-pure-ct0:~$ iosudo su
     root@jtd-pure-ct0:/var/home/pureeng# purearray phonehome --send-today && ssh peer purearray phonehome --send-today

Status   Action
running  send_today
phonehome is already running
Status   Action
running  send_today
     root@jtd-pure-ct0:/var/home/pureeng# purenetwork list
Name       Enabled  Speed        Services
CT0.FC12   True     32.00 Gb/s   scsi-fc
CT0.FC13   True     32.00 Gb/s   scsi-fc
CT1.FC12   True     32.00 Gb/s   scsi-fc
CT1.FC13   True     32.00 Gb/s   scsi-fc
ct0.eth0   False    100.00 Gb/s  -
ct0.eth1   False    100.00 Gb/s  -
ct0.eth2   False    25.00 Gb/s   replication
ct0.eth3   False    25.00 Gb/s   replication
ct0.eth4   True     1.00 Gb/s    management
ct0.eth5   False    1.00 Gb/s    management
ct0.eth10  False    25.00 Gb/s   iscsi
ct0.eth11  False    25.00 Gb/s   iscsi
ct1.eth0   False    100.00 Gb/s  -
ct1.eth1   False    100.00 Gb/s  -
ct1.eth2   False    25.00 Gb/s   replication
ct1.eth3   False    25.00 Gb/s   replication
ct1.eth4   True     1.00 Gb/s    management
ct1.eth5   False    1.00 Gb/s    management
ct1.eth10  False    25.00 Gb/s   iscsi
ct1.eth11  False    25.00 Gb/s   iscsi
replbond   False    0.00 b/s     replication
vir4       True     1.00 Gb/s    management
vir5       False    1.00 Gb/s    management
     root@jtd-pure-ct0:/var/home/pureeng# purearray list --space
Name      Capacity  Parity  Provisioned Size  Virtual  Thin Provisioning  Data Reduction  Total Reduction  Unique  Snapshots  Shared    System  Replication  Total
jtd-pure  11.51T    100%    30760G            213.66G  99%                1.1 to 1        >100 to 1        70.48G  733.08G    1014.31G  0.00    0.00         1.78T
     root@jtd-pure-ct0:/var/home/pureeng# purehw list
Name       Status         Identify  Slot  Index  Speed       Temperature  Voltage  Details
CH0        ok             off       -     0      -           -            -        -
CH0.BAY0   ok             off       -     0      -           -            -        -
CH0.BAY1   ok             off       -     1      -           -            -        -
CH0.BAY2   ok             off       -     2      -           -            -        -
CH0.BAY3   ok             off       -     3      -           -            -        -
CH0.BAY4   ok             off       -     4      -           -            -        -
CH0.BAY5   ok             off       -     5      -           -            -        -
CH0.BAY6   ok             off       -     6      -           -            -        -
CH0.BAY7   ok             off       -     7      -           -            -        -
CH0.BAY8   ok             off       -     8      -           -            -        -
CH0.BAY9   ok             off       -     9      -           -            -        -
CH0.BAY10  not_installed  off       -     10     -           -            -        -
CH0.BAY11  not_installed  off       -     11     -           -            -        -
CH0.BAY12  not_installed  off       -     12     -           -            -        -
CH0.BAY13  not_installed  off       -     13     -           -            -        -
CH0.BAY14  not_installed  off       -     14     -           -            -        -
CH0.BAY15  not_installed  off       -     15     -           -            -        -
CH0.BAY16  not_installed  off       -     16     -           -            -        -
CH0.BAY17  not_installed  off       -     17     -           -            -        -
CH0.BAY18  not_installed  off       -     18     -           -            -        -
CH0.BAY19  not_installed  off       -     19     -           -            -        -
CH0.NVB0   ok             off       -     0      -           -            -        -
CH0.NVB1   ok             off       -     1      -           -            -        -
CH0.NVB2   not_installed  off       -     2      -           -            -        -
CH0.NVB3   not_installed  off       -     3      -           -            -        -
CH0.PWR0   ok             -         -     0      -           -            203 V    -
CH0.PWR1   ok             -         -     1      -           -            204 V    -
CH0.TMP0   ok             -         -     0      -           20 C         -        -
CT0        ok             off       -     0      -           -            -        -
CT0.ETH0   ok             -         -     0      0.00 b/s    -            -        -
CT0.ETH1   ok             -         -     1      0.00 b/s    -            -        -
CT0.ETH2   ok             -         -     2      0.00 b/s    -            -        -
CT0.ETH3   ok             -         -     3      0.00 b/s    -            -        -
CT0.ETH4   ok             -         -     4      1.00 Gb/s   -            -        -
CT0.ETH5   ok             -         -     5      0.00 b/s    -            -        -
CT0.ETH10  ok             -         1     10     0.00 b/s    -            -        -
CT0.ETH11  ok             -         1     11     0.00 b/s    -            -        -
CT0.FAN0   ok             -         -     0      -           -            -        -
CT0.FAN1   ok             -         -     1      -           -            -        -
CT0.FAN2   ok             -         -     2      -           -            -        -
CT0.FAN3   ok             -         -     3      -           -            -        -
CT0.FAN4   ok             -         -     4      -           -            -        -
CT0.FAN5   ok             -         -     5      -           -            -        -
CT0.FC12   ok             -         3     12     16.00 Gb/s  -            -        -
CT0.FC13   ok             -         3     13     16.00 Gb/s  -            -        -
CT0.TMP0   ok             -         -     0      -           34 C         -        -
CT0.TMP1   ok             -         -     1      -           35 C         -        -
CT0.TMP2   ok             -         -     2      -           46 C         -        -
CT0.TMP3   ok             -         -     3      -           46 C         -        -
CT0.TMP4   ok             -         -     4      -           40 C         -        -
CT0.TMP5   ok             -         -     5      -           40 C         -        -
CT0.TMP6   ok             -         -     6      -           24 C         -        -
CT0.TMP7   ok             -         -     7      -           26 C         -        -
CT0.TMP8   ok             -         -     8      -           51 C         -        -
CT0.TMP9   ok             -         -     9      -           32 C         -        -
CT0.TMP11  ok             -         -     11     -           29 C         -        -
CT0.TMP13  ok             -         -     13     -           32 C         -        -
CT0.TMP15  ok             -         -     15     -           30 C         -        -
CT0.TMP17  ok             -         -     17     -           31 C         -        -
CT0.TMP19  ok             -         -     19     -           30 C         -        -
CT0.TMP21  ok             -         -     21     -           34 C         -        -
CT0.TMP23  ok             -         -     23     -           32 C         -        -
CT1        ok             off       -     1      -           -            -        -
CT1.ETH0   ok             -         -     0      0.00 b/s    -            -        -
CT1.ETH1   ok             -         -     1      0.00 b/s    -            -        -
CT1.ETH2   ok             -         -     2      0.00 b/s    -            -        -
CT1.ETH3   ok             -         -     3      0.00 b/s    -            -        -
CT1.ETH4   ok             -         -     4      1.00 Gb/s   -            -        -
CT1.ETH5   ok             -         -     5      0.00 b/s    -            -        -
CT1.ETH10  ok             -         1     10     0.00 b/s    -            -        -
CT1.ETH11  ok             -         1     11     0.00 b/s    -            -        -
CT1.FAN0   ok             -         -     0      -           -            -        -
CT1.FAN1   ok             -         -     1      -           -            -        -
CT1.FAN2   ok             -         -     2      -           -            -        -
CT1.FAN3   ok             -         -     3      -           -            -        -
CT1.FAN4   ok             -         -     4      -           -            -        -
CT1.FAN5   ok             -         -     5      -           -            -        -
CT1.FC12   ok             -         3     12     16.00 Gb/s  -            -        -
CT1.FC13   ok             -         3     13     16.00 Gb/s  -            -        -
CT1.TMP0   ok             -         -     0      -           35 C         -        -
CT1.TMP1   ok             -         -     1      -           36 C         -        -
CT1.TMP2   ok             -         -     2      -           48 C         -        -
CT1.TMP3   ok             -         -     3      -           45 C         -        -
CT1.TMP4   ok             -         -     4      -           39 C         -        -
CT1.TMP5   ok             -         -     5      -           39 C         -        -
CT1.TMP6   ok             -         -     6      -           25 C         -        -
CT1.TMP7   ok             -         -     7      -           27 C         -        -
CT1.TMP8   ok             -         -     8      -           47 C         -        -
CT1.TMP9   ok             -         -     9      -           31 C         -        -
CT1.TMP11  ok             -         -     11     -           29 C         -        -
CT1.TMP13  ok             -         -     13     -           32 C         -        -
CT1.TMP15  ok             -         -     15     -           30 C         -        -
CT1.TMP17  ok             -         -     17     -           31 C         -        -
CT1.TMP19  ok             -         -     19     -           30 C         -        -
CT1.TMP21  ok             -         -     21     -           33 C         -        -
CT1.TMP23  ok             -         -     23     -           32 C         -        -
     root@jtd-pure-ct0:/var/home/pureeng# puredb list drives
Name      Subslot  Type   Protocol  Status   Capacity  Pinned Space  Degraded  Device Id                                  Boot Aus Used  Main Aus Used
CH0.DRV0  0        SSD    NVMe      healthy  2.25T     0.00          0.00      9263399606044282074:13788651126283323247   9/30           4420/34340
CH0.DRV1  0        SSD    NVMe      healthy  2.25T     0.00          0.00      7255872798106734107:9358322422583741882    8/30           4493/34344
CH0.DRV2  0        SSD    NVMe      healthy  2.25T     0.00          0.00      10242115715666365978:12904576287618429555  12/30          4458/34390
CH0.DRV3  0        SSD    NVMe      healthy  2.25T     0.00          0.00      6275130866242961478:9382072841640392198    7/30           4525/34378
CH0.DRV4  0        SSD    NVMe      healthy  2.25T     0.00          0.00      3243292542169534253:11065133260449950678   10/30          4461/34307
CH0.DRV5  0        SSD    NVMe      healthy  2.25T     0.00          0.00      8883652576353206558:10104477331883606066   9/30           4526/34321
CH0.DRV6  0        SSD    NVMe      healthy  2.25T     0.00          0.00      16141858144284200431:10236113520063253747  10/30          4489/34313
CH0.DRV7  0        SSD    NVMe      healthy  2.25T     0.00          0.00      14989208230434063696:12781169465276079683  6/30           4539/34323
CH0.DRV8  0        SSD    NVMe      healthy  2.25T     0.00          0.00      17882876024300651357:13224622518088969316  6/30           4522/34475
CH0.DRV9  0        SSD    NVMe      healthy  2.25T     0.00          0.00      18220985940511181050:12926550019958827430  11/30          4447/34350
CH0.NVR0  0        NVRAM  NVMe      healthy  7.52G     -             0.00      9355310366146511915:13486009271817809675   -              -
CH0.NVR1  0        NVRAM  NVMe      healthy  7.52G     -             0.00      11888891188211502810:11954501105290907220  -              -
     root@jtd-pure-ct0:/var/home/pureeng# exit
exit
pureeng@jtd-pure-ct0:~$ exit
logout

jtd-pure-ct0 login: 