=~=~=~=~=~=~=~=~=~=~=~= PuTTY log 2025.06.07 10:50:07 =~=~=~=~=~=~=~=~=~=~=~=

     root@oitpurex01imp-ct0:/var/home/pureeng# puredrive list
Name       Type   Status     Capacity  Details
CH0.BAY0   SSD    evacuated  0.00      -
CH0.BAY1   SSD    evacuated  0.00      -
CH0.BAY2   SSD    evacuated  0.00      -
CH0.BAY3   SSD    evacuated  0.00      -
CH0.BAY4   SSD    evacuated  0.00      -
CH0.BAY5   SSD    evacuated  0.00      -
CH0.BAY6   SSD    evacuated  0.00      -
CH0.BAY7   SSD    evacuated  0.00      -
CH0.BAY8   SSD    evacuated  0.00      -
CH0.BAY9   SSD    evacuated  0.00      -
CH0.BAY10  SSD    evacuated  0.00      -
CH0.BAY11  SSD    evacuated  0.00      -
CH0.BAY12  SSD    evacuated  0.00      -
CH0.BAY13  SSD    evacuated  0.00      -
CH0.BAY14  SSD    evacuated  0.00      -
CH0.BAY15  SSD    evacuated  0.00      -
CH0.BAY16  SSD    evacuated  0.00      -
CH0.BAY17  SSD    evacuated  0.00      -
CH0.BAY18  SSD    evacuated  0.00      -
CH0.BAY19  SSD    evacuated  0.00      -
CH0.NVB0   NVRAM  healthy    7.52G     -
CH0.NVB1   NVRAM  healthy    7.52G     -
CH0.NVB2   NVRAM  unused     0.00      -
CH0.NVB3   NVRAM  unused     0.00      -
SH9.BAY0   SSD    healthy    9.10T     -
SH9.BAY1   SSD    healthy    9.10T     -
SH9.BAY2   SSD    healthy    9.10T     -
SH9.BAY3   SSD    healthy    9.10T     -
SH9.BAY4   SSD    healthy    9.10T     -
SH9.BAY5   SSD    healthy    9.10T     -
SH9.BAY6   SSD    healthy    9.10T     -
SH9.BAY7   SSD    healthy    9.10T     -
SH9.BAY8   SSD    healthy    9.10T     -
SH9.BAY9   SSD    healthy    9.10T     -
SH9.BAY10  -      unused     0.00      -
SH9.BAY11  -      unused     0.00      -
SH9.BAY12  -      unused     0.00      -
SH9.BAY13  -      unused     0.00      -
SH9.BAY14  -      unused     0.00      -
SH9.BAY15  -      unused     0.00      -
SH9.BAY16  -      unused     0.00      -
SH9.BAY17  -      unused     0.00      -
SH9.BAY18  -      unused     0.00      -
SH9.BAY19  -      unused     0.00      -
SH9.BAY20  -      unused     0.00      -
SH9.BAY21  -      unused     0.00      -
SH9.BAY22  -      unused     0.00      -
SH9.BAY23  -      unused     0.00      -
SH9.BAY24  -      unused     0.00      -
SH9.BAY25  -      unused     0.00      -
SH9.BAY26  -      unused     0.00      -
SH9.BAY27  -      unused     0.00      -
     root@oitpurex01imp-ct0:/var/home/pureeng# purearray remoteaassist --status
Name               Status        Opened  Expires
oitpurex01imp-ct0  disconnected  -       -
     root@oitpurex01imp-ct0:/var/home/pureeng# purearray remoteassist --statusconnect
Name               Status      Opened                   Expires
oitpurex01imp-ct0  connecting  2025-06-07 10:50:53 EDT  2025-06-09 10:50:53 EDT
     root@oitpurex01imp-ct0:/var/home/pureeng# ssh peer
Last login: Wed Jun  4 10:14:03 2025 from fe80::26a9:37ff:fe06:e58b%haeth0

Sat Jun 07 10:50:57 2025
Welcome root. This is Purity Version 6.6.11 on FlashArray oitpurex01imp
http://www.purestorage.com/
     root@oitpurex01imp-ct1:~# exit
logout
     root@oitpurex01imp-ct0:/var/home/pureeng# ssh peerpurearray remoteassist --connect
Name               Status     Opened                   Expires
oitpurex01imp-ct0  connected  2025-06-07 10:50:53 EDT  2025-06-09 10:50:53 EDT
     root@oitpurex01imp-ct0:/var/home/pureeng# purearray remoteassist --connectssh peerpurearray remoteassist --connectstatus
Name               Status     Opened                   Expires
oitpurex01imp-ct0  connected  2025-06-07 10:50:53 EDT  2025-06-09 10:50:53 EDT
     root@oitpurex01imp-ct0:/var/home/pureeng# purealert tag --timeout 240m --maintenance
Name         Created                  Expires
maintenance  2025-06-07 10:51:45 EDT  2025-06-07 14:51:45 EDT
     root@oitpurex01imp-ct0:/var/home/pureeng# purearray list --controller
Name     Type              Mode       Model     Version  Status  Current Mode Since       Internal Details
CT0      array_controller  secondary  FA-X50R2  6.6.11   ready   2025-05-31 13:13:07 EDT  
CT1      array_controller  primary    FA-X50R2  6.6.11   ready   2025-05-31 13:12:43 EDT  
SH9.SC1  shelf_controller  -          DFSC1     2.2.1    -       -                        -
SH9.SC0  shelf_controller  -          DFSC1     2.2.1    -       -                        -
     root@oitpurex01imp-ct0:/var/home/pureeng# purehw list
Name          Status         Identify  Slot  Index  Speed       Temperature  Voltage  Details
CH0           ok             off       -     0      -           -            -        -
CH0.BAY0      ok             off       -     0      -           -            -        -
CH0.BAY1      ok             off       -     1      -           -            -        -
CH0.BAY2      ok             off       -     2      -           -            -        -
CH0.BAY3      ok             off       -     3      -           -            -        -
CH0.BAY4      ok             off       -     4      -           -            -        -
CH0.BAY5      ok             off       -     5      -           -            -        -
CH0.BAY6      ok             off       -     6      -           -            -        -
CH0.BAY7      ok             off       -     7      -           -            -        -
CH0.BAY8      ok             off       -     8      -           -            -        -
CH0.BAY9      ok             off       -     9      -           -            -        -
CH0.BAY10     ok             off       -     10     -           -            -        -
CH0.BAY11     ok             off       -     11     -           -            -        -
CH0.BAY12     ok             off       -     12     -           -            -        -
CH0.BAY13     ok             off       -     13     -           -            -        -
CH0.BAY14     ok             off       -     14     -           -            -        -
CH0.BAY15     ok             off       -     15     -           -            -        -
CH0.BAY16     ok             off       -     16     -           -            -        -
CH0.BAY17     ok             off       -     17     -           -            -        -
CH0.BAY18     ok             off       -     18     -           -            -        -
CH0.BAY19     ok             off       -     19     -           -            -        -
CH0.NVB0      ok             off       -     0      -           -            -        -
CH0.NVB1      ok             off       -     1      -           -            -        -
CH0.NVB2      not_installed  off       -     2      -           -            -        -
CH0.NVB3      not_installed  off       -     3      -           -            -        -
CH0.PWR0      ok             -         -     0      -           -            204 V    -
CH0.PWR1      ok             -         -     1      -           -            206 V    -
CH0.TMP0      ok             -         -     0      -           22 C         -        -
CT0           ok             off       -     0      -           -            -        -
CT0.ETH0      ok             -         -     0      1.00 Gb/s   -            -        -
CT0.ETH1      ok             -         -     1      0.00 b/s    -            -        -
CT0.ETH2      ok             -         -     2      25.00 Gb/s  -            -        -
CT0.ETH3      ok             -         -     3      25.00 Gb/s  -            -        -
CT0.ETH4      ok             -         -     4      25.00 Gb/s  -            -        -
CT0.ETH5      ok             -         -     5      25.00 Gb/s  -            -        -
CT0.ETH6      ok             -         -     6      50.00 Gb/s  -            -        -
CT0.ETH7      ok             -         -     7      0.00 b/s    -            -        -
CT0.ETH8      ok             -         -     8      50.00 Gb/s  -            -        -
CT0.ETH9      ok             -         -     9      0.00 b/s    -            -        -
CT0.FAN0      ok             -         -     0      -           -            -        -
CT0.FAN1      ok             -         -     1      -           -            -        -
CT0.FAN2      ok             -         -     2      -           -            -        -
CT0.FAN3      ok             -         -     3      -           -            -        -
CT0.FAN4      ok             -         -     4      -           -            -        -
CT0.FAN5      ok             -         -     5      -           -            -        -
CT0.FC0       ok             -         0     0      16.00 Gb/s  -            -        -
CT0.FC1       ok             -         0     1      16.00 Gb/s  -            -        -
CT0.FC2       ok             -         0     2      0.00 b/s    -            -        -
CT0.FC3       ok             -         0     3      0.00 b/s    -            -        -
CT0.TMP0      ok             -         -     0      -           35 C         -        -
CT0.TMP1      ok             -         -     1      -           35 C         -        -
CT0.TMP2      ok             -         -     2      -           31 C         -        -
CT0.TMP3      ok             -         -     3      -           34 C         -        -
CT0.TMP4      ok             -         -     4      -           37 C         -        -
CT0.TMP5      ok             -         -     5      -           36 C         -        -
CT0.TMP6      ok             -         -     6      -           38 C         -        -
CT0.TMP7      ok             -         -     7      -           30 C         -        -
CT0.TMP8      ok             -         -     8      -           30 C         -        -
CT0.TMP9      ok             -         -     9      -           30 C         -        -
CT0.TMP10     ok             -         -     10     -           30 C         -        -
CT0.TMP11     ok             -         -     11     -           30 C         -        -
CT0.TMP12     ok             -         -     12     -           29 C         -        -
CT0.TMP13     ok             -         -     13     -           33 C         -        -
CT0.TMP14     ok             -         -     14     -           33 C         -        -
CT0.TMP15     ok             -         -     15     -           32 C         -        -
CT0.TMP16     ok             -         -     16     -           31 C         -        -
CT0.TMP17     ok             -         -     17     -           31 C         -        -
CT0.TMP18     ok             -         -     18     -           31 C         -        -
CT0.TMP19     ok             -         -     19     -           32 C         -        -
CT0.TMP20     ok             -         -     20     -           29 C         -        -
CT0.TMP21     ok             -         -     21     -           36 C         -        -
CT0.TMP22     ok             -         -     22     -           33 C         -        -
CT0.TMP23     ok             -         -     23     -           36 C         -        -
CT0.TMP24     ok             -         -     24     -           37 C         -        -
CT0.TMP25     ok             -         -     25     -           37 C         -        -
CT0.TMP26     ok             -         -     26     -           31 C         -        -
CT1           ok             off       -     1      -           -            -        -
CT1.ETH0      ok             -         -     0      1.00 Gb/s   -            -        -
CT1.ETH1      ok             -         -     1      0.00 b/s    -            -        -
CT1.ETH2      ok             -         -     2      25.00 Gb/s  -            -        -
CT1.ETH3      ok             -         -     3      25.00 Gb/s  -            -        -
CT1.ETH4      ok             -         -     4      25.00 Gb/s  -            -        -
CT1.ETH5      ok             -         -     5      25.00 Gb/s  -            -        -
CT1.ETH6      ok             -         -     6      50.00 Gb/s  -            -        -
CT1.ETH7      ok             -         -     7      0.00 b/s    -            -        -
CT1.ETH8      ok             -         -     8      50.00 Gb/s  -            -        -
CT1.ETH9      ok             -         -     9      0.00 b/s    -            -        -
CT1.FAN0      ok             -         -     0      -           -            -        -
CT1.FAN1      ok             -         -     1      -           -            -        -
CT1.FAN2      ok             -         -     2      -           -            -        -
CT1.FAN3      ok             -         -     3      -           -            -        -
CT1.FAN4      ok             -         -     4      -           -            -        -
CT1.FAN5      ok             -         -     5      -           -            -        -
CT1.FC0       ok             -         0     0      16.00 Gb/s  -            -        -
CT1.FC1       ok             -         0     1      16.00 Gb/s  -            -        -
CT1.FC2       ok             -         0     2      0.00 b/s    -            -        -
CT1.FC3       ok             -         0     3      0.00 b/s    -            -        -
CT1.TMP0      ok             -         -     0      -           38 C         -        -
CT1.TMP1      ok             -         -     1      -           37 C         -        -
CT1.TMP2      ok             -         -     2      -           33 C         -        -
CT1.TMP3      ok             -         -     3      -           42 C         -        -
CT1.TMP4      ok             -         -     4      -           40 C         -        -
CT1.TMP5      ok             -         -     5      -           38 C         -        -
CT1.TMP6      ok             -         -     6      -           41 C         -        -
CT1.TMP7      ok             -         -     7      -           33 C         -        -
CT1.TMP8      ok             -         -     8      -           33 C         -        -
CT1.TMP9      ok             -         -     9      -           33 C         -        -
CT1.TMP10     ok             -         -     10     -           33 C         -        -
CT1.TMP11     ok             -         -     11     -           33 C         -        -
CT1.TMP12     ok             -         -     12     -           33 C         -        -
CT1.TMP13     ok             -         -     13     -           33 C         -        -
CT1.TMP14     ok             -         -     14     -           33 C         -        -
CT1.TMP15     ok             -         -     15     -           33 C         -        -
CT1.TMP16     ok             -         -     16     -           32 C         -        -
CT1.TMP17     ok             -         -     17     -           33 C         -        -
CT1.TMP18     ok             -         -     18     -           33 C         -        -
CT1.TMP19     ok             -         -     19     -           33 C         -        -
CT1.TMP20     ok             -         -     20     -           33 C         -        -
CT1.TMP21     ok             -         -     21     -           37 C         -        -
CT1.TMP22     ok             -         -     22     -           37 C         -        -
CT1.TMP23     ok             -         -     23     -           37 C         -        -
CT1.TMP24     ok             -         -     24     -           38 C         -        -
CT1.TMP25     ok             -         -     25     -           43 C         -        -
CT1.TMP26     ok             -         -     26     -           33 C         -        -
SH9           ok             off       -     9      -           22 C         -        -
SH9.BAY0      ok             off       -     0      -           -            -        -
SH9.BAY1      ok             off       -     1      -           -            -        -
SH9.BAY2      ok             off       -     2      -           -            -        -
SH9.BAY3      ok             off       -     3      -           -            -        -
SH9.BAY4      ok             off       -     4      -           -            -        -
SH9.BAY5      ok             off       -     5      -           -            -        -
SH9.BAY6      ok             off       -     6      -           -            -        -
SH9.BAY7      ok             off       -     7      -           -            -        -
SH9.BAY8      ok             off       -     8      -           -            -        -
SH9.BAY9      ok             off       -     9      -           -            -        -
SH9.BAY10     not_installed  off       -     10     -           -            -        -
SH9.BAY11     not_installed  off       -     11     -           -            -        -
SH9.BAY12     not_installed  off       -     12     -           -            -        -
SH9.BAY13     not_installed  off       -     13     -           -            -        -
SH9.BAY14     not_installed  off       -     14     -           -            -        -
SH9.BAY15     not_installed  off       -     15     -           -            -        -
SH9.BAY16     not_installed  off       -     16     -           -            -        -
SH9.BAY17     not_installed  off       -     17     -           -            -        -
SH9.BAY18     not_installed  off       -     18     -           -            -        -
SH9.BAY19     not_installed  off       -     19     -           -            -        -
SH9.BAY20     not_installed  off       -     20     -           -            -        -
SH9.BAY21     not_installed  off       -     21     -           -            -        -
SH9.BAY22     not_installed  off       -     22     -           -            -        -
SH9.BAY23     not_installed  off       -     23     -           -            -        -
SH9.BAY24     not_installed  off       -     24     -           -            -        -
SH9.BAY25     not_installed  off       -     25     -           -            -        -
SH9.BAY26     not_installed  off       -     26     -           -            -        -
SH9.BAY27     not_installed  off       -     27     -           -            -        -
SH9.PWR0      ok             -         -     0      -           -            206 V    -
SH9.PWR1      ok             -         -     1      -           -            206 V    -
SH9.SC0       ok             off       -     0      -           28 C         -        -
SH9.SC0.ETH0  ok             -         -     0      50.00 Gb/s  -            -        -
SH9.SC0.ETH1  ok             -         -     1      0.00 b/s    -            -        -
SH9.SC0.ETH2  ok             -         -     2      50.00 Gb/s  -            -        -
SH9.SC0.ETH3  ok             -         -     3      0.00 b/s    -            -        -
SH9.SC0.FAN0  ok             -         -     0      -           -            -        -
SH9.SC0.FAN1  ok             -         -     1      -           -            -        -
SH9.SC0.FAN2  ok             -         -     2      -           -            -        -
SH9.SC0.FAN3  ok             -         -     3      -           -            -        -
SH9.SC0.FAN4  ok             -         -     4      -           -            -        -
SH9.SC0.FAN5  ok             -         -     5      -           -            -        -
SH9.SC1       ok             off       -     1      -           29 C         -        -
SH9.SC1.ETH0  ok             -         -     0      50.00 Gb/s  -            -        -
SH9.SC1.ETH1  ok             -         -     1      0.00 b/s    -            -        -
SH9.SC1.ETH2  ok             -         -     2      50.00 Gb/s  -            -        -
SH9.SC1.ETH3  ok             -         -     3      0.00 b/s    -            -        -
SH9.SC1.FAN0  ok             -         -     0      -           -            -        -
SH9.SC1.FAN1  ok             -         -     1      -           -            -        -
SH9.SC1.FAN2  ok             -         -     2      -           -            -        -
SH9.SC1.FAN3  ok             -         -     3      -           -            -        -
SH9.SC1.FAN4  ok             -         -     4      -           -            -        -
SH9.SC1.FAN5  ok             -         -     5      -           -            -        -
     root@oitpurex01imp-ct0:/var/home/pureeng# puremessage list --open
     root@oitpurex01imp-ct0:/var/home/pureeng# puremessage list --openhw listarray list --controllerlert tag --timeout 240m --maintenance     root@oitpurex01imp-ct0:/var/home/pureeng# rray remoteassist --status

Name               Status     Opened                   Expires
oitpurex01imp-ct0  connected  2025-06-07 10:50:53 EDT  2025-06-09 10:50:53 EDT
     root@oitpurex01imp-ct0:/var/home/pureeng# puredrive list
Name       Type   Status     Capacity  Details
CH0.BAY0   SSD    evacuated  0.00      -
CH0.BAY1   SSD    evacuated  0.00      -
CH0.BAY2   SSD    evacuated  0.00      -
CH0.BAY3   SSD    evacuated  0.00      -
CH0.BAY4   SSD    evacuated  0.00      -
CH0.BAY5   SSD    evacuated  0.00      -
CH0.BAY6   SSD    evacuated  0.00      -
CH0.BAY7   SSD    evacuated  0.00      -
CH0.BAY8   SSD    evacuated  0.00      -
CH0.BAY9   SSD    evacuated  0.00      -
CH0.BAY10  SSD    evacuated  0.00      -
CH0.BAY11  SSD    evacuated  0.00      -
CH0.BAY12  SSD    evacuated  0.00      -
CH0.BAY13  SSD    evacuated  0.00      -
CH0.BAY14  SSD    evacuated  0.00      -
CH0.BAY15  SSD    evacuated  0.00      -
CH0.BAY16  SSD    evacuated  0.00      -
CH0.BAY17  SSD    evacuated  0.00      -
CH0.BAY18  SSD    evacuated  0.00      -
CH0.BAY19  SSD    evacuated  0.00      -
CH0.NVB0   NVRAM  healthy    7.52G     -
CH0.NVB1   NVRAM  healthy    7.52G     -
CH0.NVB2   NVRAM  unused     0.00      -
CH0.NVB3   NVRAM  unused     0.00      -
SH9.BAY0   SSD    healthy    9.10T     -
SH9.BAY1   SSD    healthy    9.10T     -
SH9.BAY2   SSD    healthy    9.10T     -
SH9.BAY3   SSD    healthy    9.10T     -
SH9.BAY4   SSD    healthy    9.10T     -
SH9.BAY5   SSD    healthy    9.10T     -
SH9.BAY6   SSD    healthy    9.10T     -
SH9.BAY7   SSD    healthy    9.10T     -
SH9.BAY8   SSD    healthy    9.10T     -
SH9.BAY9   SSD    healthy    9.10T     -
SH9.BAY10  -      unused     0.00      -
SH9.BAY11  -      unused     0.00      -
SH9.BAY12  -      unused     0.00      -
SH9.BAY13  -      unused     0.00      -
SH9.BAY14  -      unused     0.00      -
SH9.BAY15  -      unused     0.00      -
SH9.BAY16  -      unused     0.00      -
SH9.BAY17  -      unused     0.00      -
SH9.BAY18  -      unused     0.00      -
SH9.BAY19  -      unused     0.00      -
SH9.BAY20  -      unused     0.00      -
SH9.BAY21  -      unused     0.00      -
SH9.BAY22  -      unused     0.00      -
SH9.BAY23  -      unused     0.00      -
SH9.BAY24  -      unused     0.00      -
SH9.BAY25  -      unused     0.00      -
SH9.BAY26  -      unused     0.00      -
SH9.BAY27  -      unused     0.00      -
     root@oitpurex01imp-ct0:/var/home/pureeng# puredrive list
Name       Type   Status        Capacity  Details
CH0.BAY0   SSD    unrecognized  0.00      -
CH0.BAY1   SSD    evacuated     0.00      -
CH0.BAY2   SSD    evacuated     0.00      -
CH0.BAY3   SSD    evacuated     0.00      -
CH0.BAY4   SSD    evacuated     0.00      -
CH0.BAY5   SSD    evacuated     0.00      -
CH0.BAY6   SSD    evacuated     0.00      -
CH0.BAY7   SSD    evacuated     0.00      -
CH0.BAY8   SSD    evacuated     0.00      -
CH0.BAY9   SSD    evacuated     0.00      -
CH0.BAY10  SSD    evacuated     0.00      -
CH0.BAY11  SSD    evacuated     0.00      -
CH0.BAY12  SSD    evacuated     0.00      -
CH0.BAY13  SSD    evacuated     0.00      -
CH0.BAY14  SSD    evacuated     0.00      -
CH0.BAY15  SSD    evacuated     0.00      -
CH0.BAY16  SSD    evacuated     0.00      -
CH0.BAY17  SSD    evacuated     0.00      -
CH0.BAY18  SSD    evacuated     0.00      -
CH0.BAY19  SSD    evacuated     0.00      -
CH0.NVB0   NVRAM  healthy       7.52G     -
CH0.NVB1   NVRAM  healthy       7.52G     -
CH0.NVB2   NVRAM  unused        0.00      -
CH0.NVB3   NVRAM  unused        0.00      -
SH9.BAY0   SSD    healthy       9.10T     -
SH9.BAY1   SSD    healthy       9.10T     -
SH9.BAY2   SSD    healthy       9.10T     -
SH9.BAY3   SSD    healthy       9.10T     -
SH9.BAY4   SSD    healthy       9.10T     -
SH9.BAY5   SSD    healthy       9.10T     -
SH9.BAY6   SSD    healthy       9.10T     -
SH9.BAY7   SSD    healthy       9.10T     -
SH9.BAY8   SSD    healthy       9.10T     -
SH9.BAY9   SSD    healthy       9.10T     -
SH9.BAY10  -      unused        0.00      -
SH9.BAY11  -      unused        0.00      -
SH9.BAY12  -      unused        0.00      -
SH9.BAY13  -      unused        0.00      -
SH9.BAY14  -      unused        0.00      -
SH9.BAY15  -      unused        0.00      -
SH9.BAY16  -      unused        0.00      -
SH9.BAY17  -      unused        0.00      -
SH9.BAY18  -      unused        0.00      -
SH9.BAY19  -      unused        0.00      -
SH9.BAY20  -      unused        0.00      -
SH9.BAY21  -      unused        0.00      -
SH9.BAY22  -      unused        0.00      -
SH9.BAY23  -      unused        0.00      -
SH9.BAY24  -      unused        0.00      -
SH9.BAY25  -      unused        0.00      -
SH9.BAY26  -      unused        0.00      -
SH9.BAY27  -      unused        0.00      -
     root@oitpurex01imp-ct0:/var/home/pureeng# puredrive list
Name       Type   Status     Capacity  Details
CH0.BAY0   -      unused     0.00      -
CH0.BAY1   SSD    evacuated  0.00      -
CH0.BAY2   SSD    evacuated  0.00      -
CH0.BAY3   SSD    evacuated  0.00      -
CH0.BAY4   SSD    evacuated  0.00      -
CH0.BAY5   SSD    evacuated  0.00      -
CH0.BAY6   SSD    evacuated  0.00      -
CH0.BAY7   SSD    evacuated  0.00      -
CH0.BAY8   SSD    evacuated  0.00      -
CH0.BAY9   SSD    evacuated  0.00      -
CH0.BAY10  SSD    evacuated  0.00      -
CH0.BAY11  SSD    evacuated  0.00      -
CH0.BAY12  SSD    evacuated  0.00      -
CH0.BAY13  SSD    evacuated  0.00      -
CH0.BAY14  SSD    evacuated  0.00      -
CH0.BAY15  SSD    evacuated  0.00      -
CH0.BAY16  SSD    evacuated  0.00      -
CH0.BAY17  SSD    evacuated  0.00      -
CH0.BAY18  SSD    evacuated  0.00      -
CH0.BAY19  SSD    evacuated  0.00      -
CH0.NVB0   NVRAM  healthy    7.52G     -
CH0.NVB1   NVRAM  healthy    7.52G     -
CH0.NVB2   NVRAM  unused     0.00      -
CH0.NVB3   NVRAM  unused     0.00      -
SH9.BAY0   SSD    healthy    9.10T     -
SH9.BAY1   SSD    healthy    9.10T     -
SH9.BAY2   SSD    healthy    9.10T     -
SH9.BAY3   SSD    healthy    9.10T     -
SH9.BAY4   SSD    healthy    9.10T     -
SH9.BAY5   SSD    healthy    9.10T     -
SH9.BAY6   SSD    healthy    9.10T     -
SH9.BAY7   SSD    healthy    9.10T     -
SH9.BAY8   SSD    healthy    9.10T     -
SH9.BAY9   SSD    healthy    9.10T     -
SH9.BAY10  -      unused     0.00      -
SH9.BAY11  -      unused     0.00      -
SH9.BAY12  -      unused     0.00      -
SH9.BAY13  -      unused     0.00      -
SH9.BAY14  -      unused     0.00      -
SH9.BAY15  -      unused     0.00      -
SH9.BAY16  -      unused     0.00      -
SH9.BAY17  -      unused     0.00      -
SH9.BAY18  -      unused     0.00      -
SH9.BAY19  -      unused     0.00      -
SH9.BAY20  -      unused     0.00      -
SH9.BAY21  -      unused     0.00      -
SH9.BAY22  -      unused     0.00      -
SH9.BAY23  -      unused     0.00      -
SH9.BAY24  -      unused     0.00      -
SH9.BAY25  -      unused     0.00      -
SH9.BAY26  -      unused     0.00      -
SH9.BAY27  -      unused     0.00      -
     root@oitpurex01imp-ct0:/var/home/pureeng# puredrive list
Name       Type   Status     Capacity  Details
CH0.BAY0   -      unused     0.00      -
CH0.BAY1   -      unused     0.00      -
CH0.BAY2   -      unused     0.00      -
CH0.BAY3   -      unused     0.00      -
CH0.BAY4   -      unused     0.00      -
CH0.BAY5   -      unused     0.00      -
CH0.BAY6   SSD    evacuated  0.00      -
CH0.BAY7   SSD    evacuated  0.00      -
CH0.BAY8   SSD    evacuated  0.00      -
CH0.BAY9   SSD    evacuated  0.00      -
CH0.BAY10  SSD    evacuated  0.00      -
CH0.BAY11  SSD    evacuated  0.00      -
CH0.BAY12  SSD    evacuated  0.00      -
CH0.BAY13  SSD    evacuated  0.00      -
CH0.BAY14  SSD    evacuated  0.00      -
CH0.BAY15  SSD    evacuated  0.00      -
CH0.BAY16  SSD    evacuated  0.00      -
CH0.BAY17  SSD    evacuated  0.00      -
CH0.BAY18  SSD    evacuated  0.00      -
CH0.BAY19  SSD    evacuated  0.00      -
CH0.NVB0   NVRAM  healthy    7.52G     -
CH0.NVB1   NVRAM  healthy    7.52G     -
CH0.NVB2   NVRAM  unused     0.00      -
CH0.NVB3   NVRAM  unused     0.00      -
SH9.BAY0   SSD    healthy    9.10T     -
SH9.BAY1   SSD    healthy    9.10T     -
SH9.BAY2   SSD    healthy    9.10T     -
SH9.BAY3   SSD    healthy    9.10T     -
SH9.BAY4   SSD    healthy    9.10T     -
SH9.BAY5   SSD    healthy    9.10T     -
SH9.BAY6   SSD    healthy    9.10T     -
SH9.BAY7   SSD    healthy    9.10T     -
SH9.BAY8   SSD    healthy    9.10T     -
SH9.BAY9   SSD    healthy    9.10T     -
SH9.BAY10  -      unused     0.00      -
SH9.BAY11  -      unused     0.00      -
SH9.BAY12  -      unused     0.00      -
SH9.BAY13  -      unused     0.00      -
SH9.BAY14  -      unused     0.00      -
SH9.BAY15  -      unused     0.00      -
SH9.BAY16  -      unused     0.00      -
SH9.BAY17  -      unused     0.00      -
SH9.BAY18  -      unused     0.00      -
SH9.BAY19  -      unused     0.00      -
SH9.BAY20  -      unused     0.00      -
SH9.BAY21  -      unused     0.00      -
SH9.BAY22  -      unused     0.00      -
SH9.BAY23  -      unused     0.00      -
SH9.BAY24  -      unused     0.00      -
SH9.BAY25  -      unused     0.00      -
SH9.BAY26  -      unused     0.00      -
SH9.BAY27  -      unused     0.00      -
     root@oitpurex01imp-ct0:/var/home/pureeng# purealert list --tag
Name          Created                  Expires
maintenance   2025-06-07 10:51:45 EDT  2025-06-07 14:51:45 EDT
suppress_25   2025-03-21 14:42:07 EDT  -
suppress_213  2025-03-21 14:42:29 EDT  -
suppress_123  2025-03-21 14:42:18 EDT  -
suppress_231  2025-03-21 14:42:23 EDT  -
suppress_46   2025-03-21 14:42:13 EDT  -
     root@oitpurex01imp-ct0:/var/home/pureeng# puredrive list
Name       Type   Status   Capacity  Details
CH0.BAY0   -      unused   0.00      -
CH0.BAY1   -      unused   0.00      -
CH0.BAY2   -      unused   0.00      -
CH0.BAY3   -      unused   0.00      -
CH0.BAY4   -      unused   0.00      -
CH0.BAY5   -      unused   0.00      -
CH0.BAY6   -      unused   0.00      -
CH0.BAY7   -      unused   0.00      -
CH0.BAY8   -      unused   0.00      -
CH0.BAY9   -      unused   0.00      -
CH0.BAY10  -      unused   0.00      -
CH0.BAY11  -      unused   0.00      -
CH0.BAY12  -      unused   0.00      -
CH0.BAY13  -      unused   0.00      -
CH0.BAY14  -      unused   0.00      -
CH0.BAY15  -      unused   0.00      -
CH0.BAY16  -      unused   0.00      -
CH0.BAY17  -      unused   0.00      -
CH0.BAY18  -      unused   0.00      -
CH0.BAY19  -      unused   0.00      -
CH0.NVB0   NVRAM  healthy  7.52G     -
CH0.NVB1   NVRAM  healthy  7.52G     -
CH0.NVB2   NVRAM  unused   0.00      -
CH0.NVB3   NVRAM  unused   0.00      -
SH9.BAY0   SSD    healthy  9.10T     -
SH9.BAY1   SSD    healthy  9.10T     -
SH9.BAY2   SSD    healthy  9.10T     -
SH9.BAY3   SSD    healthy  9.10T     -
SH9.BAY4   SSD    healthy  9.10T     -
SH9.BAY5   SSD    healthy  9.10T     -
SH9.BAY6   SSD    healthy  9.10T     -
SH9.BAY7   SSD    healthy  9.10T     -
SH9.BAY8   SSD    healthy  9.10T     -
SH9.BAY9   SSD    healthy  9.10T     -
SH9.BAY10  -      unused   0.00      -
SH9.BAY11  -      unused   0.00      -
SH9.BAY12  -      unused   0.00      -
SH9.BAY13  -      unused   0.00      -
SH9.BAY14  -      unused   0.00      -
SH9.BAY15  -      unused   0.00      -
SH9.BAY16  -      unused   0.00      -
SH9.BAY17  -      unused   0.00      -
SH9.BAY18  -      unused   0.00      -
SH9.BAY19  -      unused   0.00      -
SH9.BAY20  -      unused   0.00      -
SH9.BAY21  -      unused   0.00      -
SH9.BAY22  -      unused   0.00      -
SH9.BAY23  -      unused   0.00      -
SH9.BAY24  -      unused   0.00      -
SH9.BAY25  -      unused   0.00      -
SH9.BAY26  -      unused   0.00      -
SH9.BAY27  -      unused   0.00      -
     root@oitpurex01imp-ct0:/var/home/pureeng# puredrive list
Name       Type   Status   Capacity  Details
CH0.BAY0   -      unused   0.00      -
CH0.BAY1   -      unused   0.00      -
CH0.BAY2   -      unused   0.00      -
CH0.BAY3   -      unused   0.00      -
CH0.BAY4   -      unused   0.00      -
CH0.BAY5   -      unused   0.00      -
CH0.BAY6   -      unused   0.00      -
CH0.BAY7   -      unused   0.00      -
CH0.BAY8   -      unused   0.00      -
CH0.BAY9   -      unused   0.00      -
CH0.BAY10  -      unused   0.00      -
CH0.BAY11  -      unused   0.00      -
CH0.BAY12  -      unused   0.00      -
CH0.BAY13  -      unused   0.00      -
CH0.BAY14  -      unused   0.00      -
CH0.BAY15  -      unused   0.00      -
CH0.BAY16  -      unused   0.00      -
CH0.BAY17  -      unused   0.00      -
CH0.BAY18  -      unused   0.00      -
CH0.BAY19  -      unused   0.00      -
CH0.NVB0   NVRAM  healthy  7.52G     -
CH0.NVB1   NVRAM  healthy  7.52G     -
CH0.NVB2   NVRAM  unused   0.00      -
CH0.NVB3   NVRAM  unused   0.00      -
SH9.BAY0   SSD    healthy  9.10T     -
SH9.BAY1   SSD    healthy  9.10T     -
SH9.BAY2   SSD    healthy  9.10T     -
SH9.BAY3   SSD    healthy  9.10T     -
SH9.BAY4   SSD    healthy  9.10T     -
SH9.BAY5   SSD    healthy  9.10T     -
SH9.BAY6   SSD    healthy  9.10T     -
SH9.BAY7   SSD    healthy  9.10T     -
SH9.BAY8   SSD    healthy  9.10T     -
SH9.BAY9   SSD    healthy  9.10T     -
SH9.BAY10  -      unused   0.00      -
SH9.BAY11  -      unused   0.00      -
SH9.BAY12  -      unused   0.00      -
SH9.BAY13  -      unused   0.00      -
SH9.BAY14  -      unused   0.00      -
SH9.BAY15  -      unused   0.00      -
SH9.BAY16  -      unused   0.00      -
SH9.BAY17  -      unused   0.00      -
SH9.BAY18  -      unused   0.00      -
SH9.BAY19  -      unused   0.00      -
SH9.BAY20  -      unused   0.00      -
SH9.BAY21  -      unused   0.00      -
SH9.BAY22  -      unused   0.00      -
SH9.BAY23  -      unused   0.00      -
SH9.BAY24  -      unused   0.00      -
SH9.BAY25  -      unused   0.00      -
SH9.BAY26  -      unused   0.00      -
SH9.BAY27  -      unused   0.00      -
     root@oitpurex01imp-ct0:/var/home/pureeng# watch purearray list --space
Every 2.0s: purearray list --space   oitpurex01imp-ct0: Sat Jun  7 11:04:26 2025NameCapacity  Parity  Provisioned Size  Virtual  Thin Provisioning  Data Reduction  Total Reduction  Unique  Snapshots  Shared  System  ReplicationTotaloitpurex01imp  49.77T    99%     168990G49.83T   70%1.2 to 14.1 to 139.98T  0.0014.77G  0.00    0.0039.99T932324740258503685:015546912472025830383684157503586:019936911479225730358     root@oitpurex01imp-ct0:/var/home/pureeng# puremessage list --open
     root@oitpurex01imp-ct0:/var/home/pureeng# purehw list
Name          Status         Identify  Slot  Index  Speed       Temperature  Voltage  Details
CH0           ok             off       -     0      -           -            -        -
CH0.BAY0      ok             off       -     0      -           -            -        -
CH0.BAY1      not_installed  off       -     1      -           -            -        -
CH0.BAY2      not_installed  off       -     2      -           -            -        -
CH0.BAY3      not_installed  off       -     3      -           -            -        -
CH0.BAY4      not_installed  off       -     4      -           -            -        -
CH0.BAY5      not_installed  off       -     5      -           -            -        -
CH0.BAY6      not_installed  off       -     6      -           -            -        -
CH0.BAY7      not_installed  off       -     7      -           -            -        -
CH0.BAY8      not_installed  off       -     8      -           -            -        -
CH0.BAY9      not_installed  off       -     9      -           -            -        -
CH0.BAY10     not_installed  off       -     10     -           -            -        -
CH0.BAY11     not_installed  off       -     11     -           -            -        -
CH0.BAY12     not_installed  off       -     12     -           -            -        -
CH0.BAY13     not_installed  off       -     13     -           -            -        -
CH0.BAY14     not_installed  off       -     14     -           -            -        -
CH0.BAY15     not_installed  off       -     15     -           -            -        -
CH0.BAY16     not_installed  off       -     16     -           -            -        -
CH0.BAY17     not_installed  off       -     17     -           -            -        -
CH0.BAY18     not_installed  off       -     18     -           -            -        -
CH0.BAY19     not_installed  off       -     19     -           -            -        -
CH0.NVB0      ok             off       -     0      -           -            -        -
CH0.NVB1      ok             off       -     1      -           -            -        -
CH0.NVB2      not_installed  off       -     2      -           -            -        -
CH0.NVB3      not_installed  off       -     3      -           -            -        -
CH0.PWR0      ok             -         -     0      -           -            204 V    -
CH0.PWR1      ok             -         -     1      -           -            206 V    -
CH0.TMP0      ok             -         -     0      -           22 C         -        -
CT0           ok             off       -     0      -           -            -        -
CT0.ETH0      ok             -         -     0      1.00 Gb/s   -            -        -
CT0.ETH1      ok             -         -     1      0.00 b/s    -            -        -
CT0.ETH2      ok             -         -     2      25.00 Gb/s  -            -        -
CT0.ETH3      ok             -         -     3      25.00 Gb/s  -            -        -
CT0.ETH4      ok             -         -     4      25.00 Gb/s  -            -        -
CT0.ETH5      ok             -         -     5      25.00 Gb/s  -            -        -
CT0.ETH6      ok             -         -     6      50.00 Gb/s  -            -        -
CT0.ETH7      ok             -         -     7      0.00 b/s    -            -        -
CT0.ETH8      ok             -         -     8      50.00 Gb/s  -            -        -
CT0.ETH9      ok             -         -     9      0.00 b/s    -            -        -
CT0.FAN0      ok             -         -     0      -           -            -        -
CT0.FAN1      ok             -         -     1      -           -            -        -
CT0.FAN2      ok             -         -     2      -           -            -        -
CT0.FAN3      ok             -         -     3      -           -            -        -
CT0.FAN4      ok             -         -     4      -           -            -        -
CT0.FAN5      ok             -         -     5      -           -            -        -
CT0.FC0       ok             -         0     0      16.00 Gb/s  -            -        -
CT0.FC1       ok             -         0     1      16.00 Gb/s  -            -        -
CT0.FC2       ok             -         0     2      0.00 b/s    -            -        -
CT0.FC3       ok             -         0     3      0.00 b/s    -            -        -
CT0.TMP0      ok             -         -     0      -           34 C         -        -
CT0.TMP1      ok             -         -     1      -           34 C         -        -
CT0.TMP2      ok             -         -     2      -           29 C         -        -
CT0.TMP3      ok             -         -     3      -           32 C         -        -
CT0.TMP4      ok             -         -     4      -           35 C         -        -
CT0.TMP5      ok             -         -     5      -           32 C         -        -
CT0.TMP6      ok             -         -     6      -           37 C         -        -
CT0.TMP7      ok             -         -     7      -           29 C         -        -
CT0.TMP8      ok             -         -     8      -           29 C         -        -
CT0.TMP9      ok             -         -     9      -           29 C         -        -
CT0.TMP10     ok             -         -     10     -           28 C         -        -
CT0.TMP11     ok             -         -     11     -           28 C         -        -
CT0.TMP12     ok             -         -     12     -           28 C         -        -
CT0.TMP13     ok             -         -     13     -           31 C         -        -
CT0.TMP14     ok             -         -     14     -           31 C         -        -
CT0.TMP15     ok             -         -     15     -           31 C         -        -
CT0.TMP16     ok             -         -     16     -           30 C         -        -
CT0.TMP17     ok             -         -     17     -           30 C         -        -
CT0.TMP18     ok             -         -     18     -           30 C         -        -
CT0.TMP19     ok             -         -     19     -           31 C         -        -
CT0.TMP20     ok             -         -     20     -           27 C         -        -
CT0.TMP21     ok             -         -     21     -           34 C         -        -
CT0.TMP22     ok             -         -     22     -           31 C         -        -
CT0.TMP23     ok             -         -     23     -           35 C         -        -
CT0.TMP24     ok             -         -     24     -           36 C         -        -
CT0.TMP25     ok             -         -     25     -           35 C         -        -
CT0.TMP26     ok             -         -     26     -           30 C         -        -
CT1           ok             off       -     1      -           -            -        -
CT1.ETH0      ok             -         -     0      1.00 Gb/s   -            -        -
CT1.ETH1      ok             -         -     1      0.00 b/s    -            -        -
CT1.ETH2      ok             -         -     2      25.00 Gb/s  -            -        -
CT1.ETH3      ok             -         -     3      25.00 Gb/s  -            -        -
CT1.ETH4      ok             -         -     4      25.00 Gb/s  -            -        -
CT1.ETH5      ok             -         -     5      25.00 Gb/s  -            -        -
CT1.ETH6      ok             -         -     6      50.00 Gb/s  -            -        -
CT1.ETH7      ok             -         -     7      0.00 b/s    -            -        -
CT1.ETH8      ok             -         -     8      50.00 Gb/s  -            -        -
CT1.ETH9      ok             -         -     9      0.00 b/s    -            -        -
CT1.FAN0      ok             -         -     0      -           -            -        -
CT1.FAN1      ok             -         -     1      -           -            -        -
CT1.FAN2      ok             -         -     2      -           -            -        -
CT1.FAN3      ok             -         -     3      -           -            -        -
CT1.FAN4      ok             -         -     4      -           -            -        -
CT1.FAN5      ok             -         -     5      -           -            -        -
CT1.FC0       ok             -         0     0      16.00 Gb/s  -            -        -
CT1.FC1       ok             -         0     1      16.00 Gb/s  -            -        -
CT1.FC2       ok             -         0     2      0.00 b/s    -            -        -
CT1.FC3       ok             -         0     3      0.00 b/s    -            -        -
CT1.TMP0      ok             -         -     0      -           34 C         -        -
CT1.TMP1      ok             -         -     1      -           33 C         -        -
CT1.TMP2      ok             -         -     2      -           29 C         -        -
CT1.TMP3      ok             -         -     3      -           35 C         -        -
CT1.TMP4      ok             -         -     4      -           34 C         -        -
CT1.TMP5      ok             -         -     5      -           34 C         -        -
CT1.TMP6      ok             -         -     6      -           36 C         -        -
CT1.TMP7      ok             -         -     7      -           29 C         -        -
CT1.TMP8      ok             -         -     8      -           29 C         -        -
CT1.TMP9      ok             -         -     9      -           29 C         -        -
CT1.TMP10     ok             -         -     10     -           28 C         -        -
CT1.TMP11     ok             -         -     11     -           28 C         -        -
CT1.TMP12     ok             -         -     12     -           28 C         -        -
CT1.TMP13     ok             -         -     13     -           30 C         -        -
CT1.TMP14     ok             -         -     14     -           30 C         -        -
CT1.TMP15     ok             -         -     15     -           29 C         -        -
CT1.TMP16     ok             -         -     16     -           29 C         -        -
CT1.TMP17     ok             -         -     17     -           30 C         -        -
CT1.TMP18     ok             -         -     18     -           30 C         -        -
CT1.TMP19     ok             -         -     19     -           29 C         -        -
CT1.TMP20     ok             -         -     20     -           29 C         -        -
CT1.TMP21     ok             -         -     21     -           32 C         -        -
CT1.TMP22     ok             -         -     22     -           31 C         -        -
CT1.TMP23     ok             -         -     23     -           33 C         -        -
CT1.TMP24     ok             -         -     24     -           34 C         -        -
CT1.TMP25     ok             -         -     25     -           37 C         -        -
CT1.TMP26     ok             -         -     26     -           30 C         -        -
SH9           ok             off       -     9      -           22 C         -        -
SH9.BAY0      not_installed  off       -     0      -           -            -        -
SH9.BAY1      ok             off       -     1      -           -            -        -
SH9.BAY2      ok             off       -     2      -           -            -        -
SH9.BAY3      ok             off       -     3      -           -            -        -
SH9.BAY4      ok             off       -     4      -           -            -        -
SH9.BAY5      ok             off       -     5      -           -            -        -
SH9.BAY6      ok             off       -     6      -           -            -        -
SH9.BAY7      ok             off       -     7      -           -            -        -
SH9.BAY8      ok             off       -     8      -           -            -        -
SH9.BAY9      ok             off       -     9      -           -            -        -
SH9.BAY10     not_installed  off       -     10     -           -            -        -
SH9.BAY11     not_installed  off       -     11     -           -            -        -
SH9.BAY12     not_installed  off       -     12     -           -            -        -
SH9.BAY13     not_installed  off       -     13     -           -            -        -
SH9.BAY14     not_installed  off       -     14     -           -            -        -
SH9.BAY15     not_installed  off       -     15     -           -            -        -
SH9.BAY16     not_installed  off       -     16     -           -            -        -
SH9.BAY17     not_installed  off       -     17     -           -            -        -
SH9.BAY18     not_installed  off       -     18     -           -            -        -
SH9.BAY19     not_installed  off       -     19     -           -            -        -
SH9.BAY20     not_installed  off       -     20     -           -            -        -
SH9.BAY21     not_installed  off       -     21     -           -            -        -
SH9.BAY22     not_installed  off       -     22     -           -            -        -
SH9.BAY23     not_installed  off       -     23     -           -            -        -
SH9.BAY24     not_installed  off       -     24     -           -            -        -
SH9.BAY25     not_installed  off       -     25     -           -            -        -
SH9.BAY26     not_installed  off       -     26     -           -            -        -
SH9.BAY27     not_installed  off       -     27     -           -            -        -
SH9.PWR0      ok             -         -     0      -           -            206 V    -
SH9.PWR1      ok             -         -     1      -           -            206 V    -
SH9.SC0       ok             off       -     0      -           28 C         -        -
SH9.SC0.ETH0  ok             -         -     0      50.00 Gb/s  -            -        -
SH9.SC0.ETH1  ok             -         -     1      0.00 b/s    -            -        -
SH9.SC0.ETH2  ok             -         -     2      50.00 Gb/s  -            -        -
SH9.SC0.ETH3  ok             -         -     3      0.00 b/s    -            -        -
SH9.SC0.FAN0  ok             -         -     0      -           -            -        -
SH9.SC0.FAN1  ok             -         -     1      -           -            -        -
SH9.SC0.FAN2  ok             -         -     2      -           -            -        -
SH9.SC0.FAN3  ok             -         -     3      -           -            -        -
SH9.SC0.FAN4  ok             -         -     4      -           -            -        -
SH9.SC0.FAN5  ok             -         -     5      -           -            -        -
SH9.SC1       ok             off       -     1      -           29 C         -        -
SH9.SC1.ETH0  ok             -         -     0      50.00 Gb/s  -            -        -
SH9.SC1.ETH1  ok             -         -     1      0.00 b/s    -            -        -
SH9.SC1.ETH2  ok             -         -     2      50.00 Gb/s  -            -        -
SH9.SC1.ETH3  ok             -         -     3      0.00 b/s    -            -        -
SH9.SC1.FAN0  ok             -         -     0      -           -            -        -
SH9.SC1.FAN1  ok             -         -     1      -           -            -        -
SH9.SC1.FAN2  ok             -         -     2      -           -            -        -
SH9.SC1.FAN3  ok             -         -     3      -           -            -        -
SH9.SC1.FAN4  ok             -         -     4      -           -            -        -
SH9.SC1.FAN5  ok             -         -     5      -           -            -        -
     root@oitpurex01imp-ct0:/var/home/pureeng# purehw listmessage list --openwatch purearray list --space
Every 2.0s: purearray list --space   oitpurex01imp-ct0: Sat Jun  7 11:06:54 2025NameCapacity  Parity  Provisioned Size  Virtual  Thin Provisioning  Data Reduction  Total Reduction  Unique  Snapshots  Shared  System  ReplicationTotaloitpurex01imp  49.77T    99%     168990G49.83T   70%1.2 to 14.1 to 139.98T  0.0014.75G  0.00    0.0039.99T697:01100%479125720358313694147952478:0025810368214693132% 4794257503589:0153691147922573038584136951     root@oitpurex01imp-ct0:/var/home/pureeng# watch purearray list --space
Every 2.0s: purearray list --space   oitpurex01imp-ct0: Sat Jun  7 11:10:09 2025NameCapacity  Parity  Provisioned Size  Virtual  Thin Provisioning  Data Reduction  Total Reduction  Unique  Snapshots  Shared  System  ReplicationTotaloitpurex01imp  49.77T    99%     168990G49.83T   70%1.2 to 14.1 to 139.98T  0.0014.75G  0.00    0.0039.99T114792257303584136951471:002100%581036821469324794258503582:01369114792258303684136952473:002581036821469324740258503684:0132% 4691247202583035684146952475:0024258103682136931994794257503586:01369114792257303100%5841369514797:02571035821469324740258503688:0132% 46912479225830355841369514799:0268571035821369319947942575035820:00368114692247302100%5840368514691:0257% 47912572035831323694147952572:003758103682146932894740257503583:0193691147922473025840368514694:02100%479125720358313694147952575:0027.40T    32% 5810368214693254740258503686:01846912472025830993694146952477:00258103682146932100%4740258503688:0146911479225730332% 5841369514799:02547102582036831946941479525730:0039.77T    100%5.17581136921479325740258503681:01469124720258303684146952472:00232% 5810358213693154794257503583:016369114792257303100%5841369514794:025710358213693132% 4794257503585:015369114792257303625841369514796:02100%5710358213693132% 4694247502587:00356811469224730275840368514698:0299471025820358313694147952579:00358113692147932100%574035     root@oitpurex01imp-ct0:/var/home/pureeng# purewh list
bash: purewh: command not found
     root@oitpurex01imp-ct0:/var/home/pureeng# purehw list
Name          Status         Identify  Slot  Index  Speed       Temperature  Voltage  Details
CH0           ok             off       -     0      -           -            -        -
CH0.BAY0      ok             off       -     0      -           -            -        -
CH0.BAY1      ok             off       -     1      -           -            -        -
CH0.BAY2      ok             off       -     2      -           -            -        -
CH0.BAY3      ok             off       -     3      -           -            -        -
CH0.BAY4      ok             off       -     4      -           -            -        -
CH0.BAY5      ok             off       -     5      -           -            -        -
CH0.BAY6      ok             off       -     6      -           -            -        -
CH0.BAY7      ok             off       -     7      -           -            -        -
CH0.BAY8      ok             off       -     8      -           -            -        -
CH0.BAY9      ok             off       -     9      -           -            -        -
CH0.BAY10     not_installed  off       -     10     -           -            -        -
CH0.BAY11     not_installed  off       -     11     -           -            -        -
CH0.BAY12     not_installed  off       -     12     -           -            -        -
CH0.BAY13     not_installed  off       -     13     -           -            -        -
CH0.BAY14     not_installed  off       -     14     -           -            -        -
CH0.BAY15     not_installed  off       -     15     -           -            -        -
CH0.BAY16     not_installed  off       -     16     -           -            -        -
CH0.BAY17     not_installed  off       -     17     -           -            -        -
CH0.BAY18     not_installed  off       -     18     -           -            -        -
CH0.BAY19     not_installed  off       -     19     -           -            -        -
CH0.NVB0      ok             off       -     0      -           -            -        -
CH0.NVB1      ok             off       -     1      -           -            -        -
CH0.NVB2      not_installed  off       -     2      -           -            -        -
CH0.NVB3      not_installed  off       -     3      -           -            -        -
CH0.PWR0      ok             -         -     0      -           -            204 V    -
CH0.PWR1      ok             -         -     1      -           -            204 V    -
CH0.TMP0      ok             -         -     0      -           22 C         -        -
CT0           ok             off       -     0      -           -            -        -
CT0.ETH0      ok             -         -     0      1.00 Gb/s   -            -        -
CT0.ETH1      ok             -         -     1      0.00 b/s    -            -        -
CT0.ETH2      ok             -         -     2      25.00 Gb/s  -            -        -
CT0.ETH3      ok             -         -     3      25.00 Gb/s  -            -        -
CT0.ETH4      ok             -         -     4      25.00 Gb/s  -            -        -
CT0.ETH5      ok             -         -     5      25.00 Gb/s  -            -        -
CT0.ETH6      ok             -         -     6      50.00 Gb/s  -            -        -
CT0.ETH7      ok             -         -     7      0.00 b/s    -            -        -
CT0.ETH8      ok             -         -     8      50.00 Gb/s  -            -        -
CT0.ETH9      ok             -         -     9      0.00 b/s    -            -        -
CT0.FAN0      ok             -         -     0      -           -            -        -
CT0.FAN1      ok             -         -     1      -           -            -        -
CT0.FAN2      ok             -         -     2      -           -            -        -
CT0.FAN3      ok             -         -     3      -           -            -        -
CT0.FAN4      ok             -         -     4      -           -            -        -
CT0.FAN5      ok             -         -     5      -           -            -        -
CT0.FC0       ok             -         0     0      16.00 Gb/s  -            -        -
CT0.FC1       ok             -         0     1      16.00 Gb/s  -            -        -
CT0.FC2       ok             -         0     2      0.00 b/s    -            -        -
CT0.FC3       ok             -         0     3      0.00 b/s    -            -        -
CT0.TMP0      ok             -         -     0      -           33 C         -        -
CT0.TMP1      ok             -         -     1      -           35 C         -        -
CT0.TMP2      ok             -         -     2      -           28 C         -        -
CT0.TMP3      ok             -         -     3      -           32 C         -        -
CT0.TMP4      ok             -         -     4      -           35 C         -        -
CT0.TMP5      ok             -         -     5      -           34 C         -        -
CT0.TMP6      ok             -         -     6      -           38 C         -        -
CT0.TMP7      ok             -         -     7      -           29 C         -        -
CT0.TMP8      ok             -         -     8      -           29 C         -        -
CT0.TMP9      ok             -         -     9      -           29 C         -        -
CT0.TMP10     ok             -         -     10     -           28 C         -        -
CT0.TMP11     ok             -         -     11     -           28 C         -        -
CT0.TMP12     ok             -         -     12     -           27 C         -        -
CT0.TMP13     ok             -         -     13     -           32 C         -        -
CT0.TMP14     ok             -         -     14     -           32 C         -        -
CT0.TMP15     ok             -         -     15     -           32 C         -        -
CT0.TMP16     ok             -         -     16     -           30 C         -        -
CT0.TMP17     ok             -         -     17     -           30 C         -        -
CT0.TMP18     ok             -         -     18     -           30 C         -        -
CT0.TMP19     ok             -         -     19     -           31 C         -        -
CT0.TMP20     ok             -         -     20     -           27 C         -        -
CT0.TMP21     ok             -         -     21     -           34 C         -        -
CT0.TMP22     ok             -         -     22     -           31 C         -        -
CT0.TMP23     ok             -         -     23     -           35 C         -        -
CT0.TMP24     ok             -         -     24     -           36 C         -        -
CT0.TMP25     ok             -         -     25     -           35 C         -        -
CT0.TMP26     ok             -         -     26     -           31 C         -        -
CT1           ok             off       -     1      -           -            -        -
CT1.ETH0      ok             -         -     0      1.00 Gb/s   -            -        -
CT1.ETH1      ok             -         -     1      0.00 b/s    -            -        -
CT1.ETH2      ok             -         -     2      25.00 Gb/s  -            -        -
CT1.ETH3      ok             -         -     3      25.00 Gb/s  -            -        -
CT1.ETH4      ok             -         -     4      25.00 Gb/s  -            -        -
CT1.ETH5      ok             -         -     5      25.00 Gb/s  -            -        -
CT1.ETH6      ok             -         -     6      50.00 Gb/s  -            -        -
CT1.ETH7      ok             -         -     7      0.00 b/s    -            -        -
CT1.ETH8      ok             -         -     8      50.00 Gb/s  -            -        -
CT1.ETH9      ok             -         -     9      0.00 b/s    -            -        -
CT1.FAN0      ok             -         -     0      -           -            -        -
CT1.FAN1      ok             -         -     1      -           -            -        -
CT1.FAN2      ok             -         -     2      -           -            -        -
CT1.FAN3      ok             -         -     3      -           -            -        -
CT1.FAN4      ok             -         -     4      -           -            -        -
CT1.FAN5      ok             -         -     5      -           -            -        -
CT1.FC0       ok             -         0     0      16.00 Gb/s  -            -        -
CT1.FC1       ok             -         0     1      16.00 Gb/s  -            -        -
CT1.FC2       ok             -         0     2      0.00 b/s    -            -        -
CT1.FC3       ok             -         0     3      0.00 b/s    -            -        -
CT1.TMP0      ok             -         -     0      -           36 C         -        -
CT1.TMP1      ok             -         -     1      -           36 C         -        -
CT1.TMP2      ok             -         -     2      -           30 C         -        -
CT1.TMP3      ok             -         -     3      -           38 C         -        -
CT1.TMP4      ok             -         -     4      -           39 C         -        -
CT1.TMP5      ok             -         -     5      -           36 C         -        -
CT1.TMP6      ok             -         -     6      -           40 C         -        -
CT1.TMP7      ok             -         -     7      -           31 C         -        -
CT1.TMP8      ok             -         -     8      -           31 C         -        -
CT1.TMP9      ok             -         -     9      -           32 C         -        -
CT1.TMP10     ok             -         -     10     -           29 C         -        -
CT1.TMP11     ok             -         -     11     -           29 C         -        -
CT1.TMP12     ok             -         -     12     -           29 C         -        -
CT1.TMP13     ok             -         -     13     -           33 C         -        -
CT1.TMP14     ok             -         -     14     -           33 C         -        -
CT1.TMP15     ok             -         -     15     -           33 C         -        -
CT1.TMP16     ok             -         -     16     -           32 C         -        -
CT1.TMP17     ok             -         -     17     -           32 C         -        -
CT1.TMP18     ok             -         -     18     -           32 C         -        -
CT1.TMP19     ok             -         -     19     -           33 C         -        -
CT1.TMP20     ok             -         -     20     -           29 C         -        -
CT1.TMP21     ok             -         -     21     -           35 C         -        -
CT1.TMP22     ok             -         -     22     -           34 C         -        -
CT1.TMP23     ok             -         -     23     -           36 C         -        -
CT1.TMP24     ok             -         -     24     -           36 C         -        -
CT1.TMP25     ok             -         -     25     -           40 C         -        -
CT1.TMP26     ok             -         -     26     -           33 C         -        -
SH9           ok             off       -     9      -           23 C         -        -
SH9.BAY0      not_installed  off       -     0      -           -            -        -
SH9.BAY1      not_installed  off       -     1      -           -            -        -
SH9.BAY2      not_installed  off       -     2      -           -            -        -
SH9.BAY3      not_installed  off       -     3      -           -            -        -
SH9.BAY4      not_installed  off       -     4      -           -            -        -
SH9.BAY5      not_installed  off       -     5      -           -            -        -
SH9.BAY6      not_installed  off       -     6      -           -            -        -
SH9.BAY7      not_installed  off       -     7      -           -            -        -
SH9.BAY8      not_installed  off       -     8      -           -            -        -
SH9.BAY9      not_installed  off       -     9      -           -            -        -
SH9.BAY10     not_installed  off       -     10     -           -            -        -
SH9.BAY11     not_installed  off       -     11     -           -            -        -
SH9.BAY12     not_installed  off       -     12     -           -            -        -
SH9.BAY13     not_installed  off       -     13     -           -            -        -
SH9.BAY14     not_installed  off       -     14     -           -            -        -
SH9.BAY15     not_installed  off       -     15     -           -            -        -
SH9.BAY16     not_installed  off       -     16     -           -            -        -
SH9.BAY17     not_installed  off       -     17     -           -            -        -
SH9.BAY18     not_installed  off       -     18     -           -            -        -
SH9.BAY19     not_installed  off       -     19     -           -            -        -
SH9.BAY20     not_installed  off       -     20     -           -            -        -
SH9.BAY21     not_installed  off       -     21     -           -            -        -
SH9.BAY22     not_installed  off       -     22     -           -            -        -
SH9.BAY23     not_installed  off       -     23     -           -            -        -
SH9.BAY24     not_installed  off       -     24     -           -            -        -
SH9.BAY25     not_installed  off       -     25     -           -            -        -
SH9.BAY26     not_installed  off       -     26     -           -            -        -
SH9.BAY27     not_installed  off       -     27     -           -            -        -
SH9.PWR0      ok             -         -     0      -           -            206 V    -
SH9.PWR1      ok             -         -     1      -           -            206 V    -
SH9.SC0       ok             off       -     0      -           27 C         -        -
SH9.SC0.ETH0  ok             -         -     0      50.00 Gb/s  -            -        -
SH9.SC0.ETH1  ok             -         -     1      0.00 b/s    -            -        -
SH9.SC0.ETH2  ok             -         -     2      50.00 Gb/s  -            -        -
SH9.SC0.ETH3  ok             -         -     3      0.00 b/s    -            -        -
SH9.SC0.FAN0  ok             -         -     0      -           -            -        -
SH9.SC0.FAN1  ok             -         -     1      -           -            -        -
SH9.SC0.FAN2  ok             -         -     2      -           -            -        -
SH9.SC0.FAN3  ok             -         -     3      -           -            -        -
SH9.SC0.FAN4  ok             -         -     4      -           -            -        -
SH9.SC0.FAN5  ok             -         -     5      -           -            -        -
SH9.SC1       ok             off       -     1      -           27 C         -        -
SH9.SC1.ETH0  ok             -         -     0      50.00 Gb/s  -            -        -
SH9.SC1.ETH1  ok             -         -     1      0.00 b/s    -            -        -
SH9.SC1.ETH2  ok             -         -     2      50.00 Gb/s  -            -        -
SH9.SC1.ETH3  ok             -         -     3      0.00 b/s    -            -        -
SH9.SC1.FAN0  ok             -         -     0      -           -            -        -
SH9.SC1.FAN1  ok             -         -     1      -           -            -        -
SH9.SC1.FAN2  ok             -         -     2      -           -            -        -
SH9.SC1.FAN3  ok             -         -     3      -           -            -        -
SH9.SC1.FAN4  ok             -         -     4      -           -            -        -
SH9.SC1.FAN5  ok             -         -     5      -           -            -        -
     root@oitpurex01imp-ct0:/var/home/pureeng# puredrive list
Name       Type   Status   Capacity  Details
CH0.BAY0   SSD    healthy  9.10T     -
CH0.BAY1   SSD    healthy  9.10T     -
CH0.BAY2   SSD    healthy  9.10T     -
CH0.BAY3   SSD    healthy  9.10T     -
CH0.BAY4   SSD    healthy  9.10T     -
CH0.BAY5   SSD    healthy  9.10T     -
CH0.BAY6   SSD    healthy  9.10T     -
CH0.BAY7   SSD    healthy  9.10T     -
CH0.BAY8   SSD    healthy  9.10T     -
CH0.BAY9   SSD    healthy  9.10T     -
CH0.BAY10  -      unused   0.00      -
CH0.BAY11  -      unused   0.00      -
CH0.BAY12  -      unused   0.00      -
CH0.BAY13  -      unused   0.00      -
CH0.BAY14  -      unused   0.00      -
CH0.BAY15  -      unused   0.00      -
CH0.BAY16  -      unused   0.00      -
CH0.BAY17  -      unused   0.00      -
CH0.BAY18  -      unused   0.00      -
CH0.BAY19  -      unused   0.00      -
CH0.NVB0   NVRAM  healthy  7.52G     -
CH0.NVB1   NVRAM  healthy  7.52G     -
CH0.NVB2   NVRAM  unused   0.00      -
CH0.NVB3   NVRAM  unused   0.00      -
SH9.BAY0   -      unused   0.00      -
SH9.BAY1   -      unused   0.00      -
SH9.BAY2   -      unused   0.00      -
SH9.BAY3   -      unused   0.00      -
SH9.BAY4   -      unused   0.00      -
SH9.BAY5   -      unused   0.00      -
SH9.BAY6   -      unused   0.00      -
SH9.BAY7   -      unused   0.00      -
SH9.BAY8   -      unused   0.00      -
SH9.BAY9   -      unused   0.00      -
SH9.BAY10  -      unused   0.00      -
SH9.BAY11  -      unused   0.00      -
SH9.BAY12  -      unused   0.00      -
SH9.BAY13  -      unused   0.00      -
SH9.BAY14  -      unused   0.00      -
SH9.BAY15  -      unused   0.00      -
SH9.BAY16  -      unused   0.00      -
SH9.BAY17  -      unused   0.00      -
SH9.BAY18  -      unused   0.00      -
SH9.BAY19  -      unused   0.00      -
SH9.BAY20  -      unused   0.00      -
SH9.BAY21  -      unused   0.00      -
SH9.BAY22  -      unused   0.00      -
SH9.BAY23  -      unused   0.00      -
SH9.BAY24  -      unused   0.00      -
SH9.BAY25  -      unused   0.00      -
SH9.BAY26  -      unused   0.00      -
SH9.BAY27  -      unused   0.00      -
     root@oitpurex01imp-ct0:/var/home/pureeng# puremessage lis t-t --open
     root@oitpurex01imp-ct0:/var/home/pureeng# purearray list --controller
Name     Type              Mode       Model     Version  Status  Current Mode Since       Internal Details
CT0      array_controller  secondary  FA-X50R2  6.6.11   ready   2025-05-31 13:13:07 EDT  
CT1      array_controller  primary    FA-X50R2  6.6.11   ready   2025-05-31 13:12:43 EDT  
SH9.SC1  shelf_controller  -          DFSC1     2.2.1    -       -                        -
SH9.SC0  shelf_controller  -          DFSC1     2.2.1    -       -                        -
     root@oitpurex01imp-ct0:/var/home/pureeng# storage_view.py config
Start time: 2025-06-07 11:40:45

Command line: ['/opt/Purity/bin/storage_view.py', 'config']
Version: 0.999.1
Working at ct0 to look over cables between ct0 and shelves

Slot listing:
 CT    Slot#   Type     Vendor           Model                     FW Rev                Tracer       Assembly    
------------------------------------------------------------------------------------------------------------------
 ct0     15     SAS   LSI Logic       SAS_HGA-24i               14.00.03.00           PPPCFL18490F  PSO400029006  
 ct0    eth6    ETH    Mellanox         MT27710          14.28.1002 (PST0020110036)                               
 ct0    eth7    ETH    Mellanox         MT27710          14.28.1002 (PST0020110036)                               
 ct0    eth8    ETH    Mellanox         MT27710          14.28.1002 (PST0020110036)                               
 ct0    eth9    ETH    Mellanox         MT27710          14.28.1002 (PST0020110036)                               

Slot summary information:
-------------------------
ct0.eth7. (eth7 )] *

ct0.eth9. (eth9 )] *

ct0.eth6. (eth6 )] <---> [0.eth0 (eth0) SH9 .0     ]

ct0.eth8. (eth8 )] <---> [1.eth0 (eth0) SH9 .1     ]

Configuration status
--------------------
Configuration check started for FA-X50R2

SUCCESS: No errors detected.

End time: 2025-06-07 11:40:49
     root@oitpurex01imp-ct0:/var/home/pureeng# storage_view.py configenclosures
Start time: 2025-06-07 11:40:58

Command line: ['/opt/Purity/bin/storage_view.py', 'enclosures']
Version: 0.999.1

Enclosure listing:
Type ID Model             Serial #         Logical ID          
---------------------------------------------------------------
INT  00 Internal SH       PCHFL190100C2    0x524a9370000cd530  
SH   09 DF_SHELF          PCHFJ2102005E                        

SUCCESS: No errors detected.

End time: 2025-06-07 11:41:02
     root@oitpurex01imp-ct0:/var/home/pureeng# pureadm status
Process status:
purity start/running
lio-drv start/running
foed start/running, process 125883
platform start/running, process 21782
gui start/running, process 21761
rest start/running, process 22830
monitor start/running, process 21773
iostat start/running, process 171145
statistics start/running, process 21840
middleware start/running, process 126602
vasa start/running, process 126520
platform working
foed working
gui working
platform_env working
quorum working
foed_env working
remote_patch working
driver working
san working
health working
lio-drv working
middleware-db working
middleware working
vasa working
     root@oitpurex01imp-ct0:/var/home/pureeng# puredrive list
Name       Type   Status   Capacity  Details
CH0.BAY0   SSD    healthy  9.10T     -
CH0.BAY1   SSD    healthy  9.10T     -
CH0.BAY2   SSD    healthy  9.10T     -
CH0.BAY3   SSD    healthy  9.10T     -
CH0.BAY4   SSD    healthy  9.10T     -
CH0.BAY5   SSD    healthy  9.10T     -
CH0.BAY6   SSD    healthy  9.10T     -
CH0.BAY7   SSD    healthy  9.10T     -
CH0.BAY8   SSD    healthy  9.10T     -
CH0.BAY9   SSD    healthy  9.10T     -
CH0.BAY10  -      unused   0.00      -
CH0.BAY11  -      unused   0.00      -
CH0.BAY12  -      unused   0.00      -
CH0.BAY13  -      unused   0.00      -
CH0.BAY14  -      unused   0.00      -
CH0.BAY15  -      unused   0.00      -
CH0.BAY16  -      unused   0.00      -
CH0.BAY17  -      unused   0.00      -
CH0.BAY18  -      unused   0.00      -
CH0.BAY19  -      unused   0.00      -
CH0.NVB0   NVRAM  healthy  7.52G     -
CH0.NVB1   NVRAM  healthy  7.52G     -
CH0.NVB2   NVRAM  unused   0.00      -
CH0.NVB3   NVRAM  unused   0.00      -
SH9.BAY0   -      unused   0.00      -
SH9.BAY1   -      unused   0.00      -
SH9.BAY2   -      unused   0.00      -
SH9.BAY3   -      unused   0.00      -
SH9.BAY4   -      unused   0.00      -
SH9.BAY5   -      unused   0.00      -
SH9.BAY6   -      unused   0.00      -
SH9.BAY7   -      unused   0.00      -
SH9.BAY8   -      unused   0.00      -
SH9.BAY9   -      unused   0.00      -
SH9.BAY10  -      unused   0.00      -
SH9.BAY11  -      unused   0.00      -
SH9.BAY12  -      unused   0.00      -
SH9.BAY13  -      unused   0.00      -
SH9.BAY14  -      unused   0.00      -
SH9.BAY15  -      unused   0.00      -
SH9.BAY16  -      unused   0.00      -
SH9.BAY17  -      unused   0.00      -
SH9.BAY18  -      unused   0.00      -
SH9.BAY19  -      unused   0.00      -
SH9.BAY20  -      unused   0.00      -
SH9.BAY21  -      unused   0.00      -
SH9.BAY22  -      unused   0.00      -
SH9.BAY23  -      unused   0.00      -
SH9.BAY24  -      unused   0.00      -
SH9.BAY25  -      unused   0.00      -
SH9.BAY26  -      unused   0.00      -
SH9.BAY27  -      unused   0.00      -
     root@oitpurex01imp-ct0:/var/home/pureeng# wstty rows 40
     root@oitpurex01imp-ct0:/var/home/pureeng# 
     root@oitpurex01imp-ct0:/var/home/pureeng# 
     root@oitpurex01imp-ct0:/var/home/pureeng# 
     root@oitpurex01imp-ct0:/var/home/pureeng# 
     root@oitpurex01imp-ct0:/var/home/pureeng# clear
     root@oitpurex01imp-ct0:/var/home/pureeng# puredrive list
Name       Type   Status   Capacity  Details
CH0.BAY0   SSD    healthy  9.10T     -
CH0.BAY1   SSD    healthy  9.10T     -
CH0.BAY2   SSD    healthy  9.10T     -
CH0.BAY3   SSD    healthy  9.10T     -
CH0.BAY4   SSD    healthy  9.10T     -
CH0.BAY5   SSD    healthy  9.10T     -
CH0.BAY6   SSD    healthy  9.10T     -
CH0.BAY7   SSD    healthy  9.10T     -
CH0.BAY8   SSD    healthy  9.10T     -
CH0.BAY9   SSD    healthy  9.10T     -
CH0.BAY10  -      unused   0.00      -
CH0.BAY11  -      unused   0.00      -
CH0.BAY12  -      unused   0.00      -
CH0.BAY13  -      unused   0.00      -
CH0.BAY14  -      unused   0.00      -
CH0.BAY15  -      unused   0.00      -
CH0.BAY16  -      unused   0.00      -
CH0.BAY17  -      unused   0.00      -
CH0.BAY18  -      unused   0.00      -
CH0.BAY19  -      unused   0.00      -
CH0.NVB0   NVRAM  healthy  7.52G     -
CH0.NVB1   NVRAM  healthy  7.52G     -
CH0.NVB2   NVRAM  unused   0.00      -
CH0.NVB3   NVRAM  unused   0.00      -
SH9.BAY0   -      unused   0.00      -
SH9.BAY1   -      unused   0.00      -
SH9.BAY2   -      unused   0.00      -
SH9.BAY3   -      unused   0.00      -
SH9.BAY4   -      unused   0.00      -
SH9.BAY5   -      unused   0.00      -
SH9.BAY6   -      unused   0.00      -
SH9.BAY7   -      unused   0.00      -
SH9.BAY8   -      unused   0.00      -
SH9.BAY9   -      unused   0.00      -
SH9.BAY10  -      unused   0.00      -
SH9.BAY11  -      unused   0.00      -
SH9.BAY12  -      unused   0.00      -
SH9.BAY13  -      unused   0.00      -
SH9.BAY14  -      unused   0.00      -
SH9.BAY15  -      unused   0.00      -
SH9.BAY16  -      unused   0.00      -
SH9.BAY17  -      unused   0.00      -
SH9.BAY18  -      unused   0.00      -
SH9.BAY19  -      unused   0.00      -
SH9.BAY20  -      unused   0.00      -
SH9.BAY21  -      unused   0.00      -
SH9.BAY22  -      unused   0.00      -
SH9.BAY23  -      unused   0.00      -
SH9.BAY24  -      unused   0.00      -
SH9.BAY25  -      unused   0.00      -
SH9.BAY26  -      unused   0.00      -
SH9.BAY27  -      unused   0.00      -
     root@oitpurex01imp-ct0:/var/home/pureeng# puredrive listclearstty rows 4080
     root@oitpurex01imp-ct0:/var/home/pureeng# clear
     root@oitpurex01imp-ct0:/var/home/pureeng# puredrive list
Name       Type   Status   Capacity  Details
CH0.BAY0   SSD    healthy  9.10T     -
CH0.BAY1   SSD    healthy  9.10T     -
CH0.BAY2   SSD    healthy  9.10T     -
CH0.BAY3   SSD    healthy  9.10T     -
CH0.BAY4   SSD    healthy  9.10T     -
CH0.BAY5   SSD    healthy  9.10T     -
CH0.BAY6   SSD    healthy  9.10T     -
CH0.BAY7   SSD    healthy  9.10T     -
CH0.BAY8   SSD    healthy  9.10T     -
CH0.BAY9   SSD    healthy  9.10T     -
CH0.BAY10  -      unused   0.00      -
CH0.BAY11  -      unused   0.00      -
CH0.BAY12  -      unused   0.00      -
CH0.BAY13  -      unused   0.00      -
CH0.BAY14  -      unused   0.00      -
CH0.BAY15  -      unused   0.00      -
CH0.BAY16  -      unused   0.00      -
CH0.BAY17  -      unused   0.00      -
CH0.BAY18  -      unused   0.00      -
CH0.BAY19  -      unused   0.00      -
CH0.NVB0   NVRAM  healthy  7.52G     -
CH0.NVB1   NVRAM  healthy  7.52G     -
CH0.NVB2   NVRAM  unused   0.00      -
CH0.NVB3   NVRAM  unused   0.00      -
SH9.BAY0   -      unused   0.00      -
SH9.BAY1   -      unused   0.00      -
SH9.BAY2   -      unused   0.00      -
SH9.BAY3   -      unused   0.00      -
SH9.BAY4   -      unused   0.00      -
SH9.BAY5   -      unused   0.00      -
SH9.BAY6   -      unused   0.00      -
SH9.BAY7   -      unused   0.00      -
SH9.BAY8   -      unused   0.00      -
SH9.BAY9   -      unused   0.00      -
SH9.BAY10  -      unused   0.00      -
SH9.BAY11  -      unused   0.00      -
SH9.BAY12  -      unused   0.00      -
SH9.BAY13  -      unused   0.00      -
SH9.BAY14  -      unused   0.00      -
SH9.BAY15  -      unused   0.00      -
SH9.BAY16  -      unused   0.00      -
SH9.BAY17  -      unused   0.00      -
SH9.BAY18  -      unused   0.00      -
SH9.BAY19  -      unused   0.00      -
SH9.BAY20  -      unused   0.00      -
SH9.BAY21  -      unused   0.00      -
SH9.BAY22  -      unused   0.00      -
SH9.BAY23  -      unused   0.00      -
SH9.BAY24  -      unused   0.00      -
SH9.BAY25  -      unused   0.00      -
SH9.BAY26  -      unused   0.00      -
SH9.BAY27  -      unused   0.00      -
     root@oitpurex01imp-ct0:/var/home/pureeng# stty columns 250;stty rows 40
     root@oitpurex01imp-ct0:/var/home/pureeng# puredrive list
Name       Type   Status   Capacity  Details
CH0.BAY0   SSD    healthy  9.10T     -
CH0.BAY1   SSD    healthy  9.10T     -
CH0.BAY2   SSD    healthy  9.10T     -
CH0.BAY3   SSD    healthy  9.10T     -
CH0.BAY4   SSD    healthy  9.10T     -
CH0.BAY5   SSD    healthy  9.10T     -
CH0.BAY6   SSD    healthy  9.10T     -
CH0.BAY7   SSD    healthy  9.10T     -
CH0.BAY8   SSD    healthy  9.10T     -
CH0.BAY9   SSD    healthy  9.10T     -
CH0.BAY10  -      unused   0.00      -
CH0.BAY11  -      unused   0.00      -
CH0.BAY12  -      unused   0.00      -
CH0.BAY13  -      unused   0.00      -
CH0.BAY14  -      unused   0.00      -
CH0.BAY15  -      unused   0.00      -
CH0.BAY16  -      unused   0.00      -
CH0.BAY17  -      unused   0.00      -
CH0.BAY18  -      unused   0.00      -
CH0.BAY19  -      unused   0.00      -
CH0.NVB0   NVRAM  healthy  7.52G     -
CH0.NVB1   NVRAM  healthy  7.52G     -
CH0.NVB2   NVRAM  unused   0.00      -
CH0.NVB3   NVRAM  unused   0.00      -
SH9.BAY0   -      unused   0.00      -
SH9.BAY1   -      unused   0.00      -
SH9.BAY2   -      unused   0.00      -
SH9.BAY3   -      unused   0.00      -
SH9.BAY4   -      unused   0.00      -
SH9.BAY5   -      unused   0.00      -
SH9.BAY6   -      unused   0.00      -
SH9.BAY7   -      unused   0.00      -
SH9.BAY8   -      unused   0.00      -
SH9.BAY9   -      unused   0.00      -
SH9.BAY10  -      unused   0.00      -
SH9.BAY11  -      unused   0.00      -
SH9.BAY12  -      unused   0.00      -
SH9.BAY13  -      unused   0.00      -
SH9.BAY14  -      unused   0.00      -
SH9.BAY15  -      unused   0.00      -
SH9.BAY16  -      unused   0.00      -
SH9.BAY17  -      unused   0.00      -
SH9.BAY18  -      unused   0.00      -
SH9.BAY19  -      unused   0.00      -
SH9.BAY20  -      unused   0.00      -
SH9.BAY21  -      unused   0.00      -
SH9.BAY22  -      unused   0.00      -
SH9.BAY23  -      unused   0.00      -
SH9.BAY24  -      unused   0.00      -
SH9.BAY25  -      unused   0.00      -
SH9.BAY26  -      unused   0.00      -
SH9.BAY27  -      unused   0.00      -
     root@oitpurex01imp-ct0:/var/home/pureeng# puredrive list
Name       Type   Status     Capacity  Details
CH0.BAY0   SSD    healthy    9.10T     -
CH0.BAY1   SSD    healthy    9.10T     -
CH0.BAY2   SSD    healthy    9.10T     -
CH0.BAY3   SSD    healthy    9.10T     -
CH0.BAY4   SSD    healthy    9.10T     -
CH0.BAY5   SSD    healthy    9.10T     -
CH0.BAY6   SSD    healthy    9.10T     -
CH0.BAY7   SSD    healthy    9.10T     -
CH0.BAY8   SSD    healthy    9.10T     -
CH0.BAY9   SSD    healthy    9.10T     -
CH0.BAY10  SSD    updating   0.00      Not accessible from CT1; 
CH0.BAY11  SSD    unhealthy  0.00      Firmware upgrade in progress. Current firmware: 2.8.30(http://go/zh)
CH0.BAY12  SSD    unhealthy  0.00      Not accessible from CT1; 
CH0.BAY13  -      unused     0.00      -
CH0.BAY14  -      unused     0.00      -
CH0.BAY15  -      unused     0.00      -
CH0.BAY16  -      unused     0.00      -
CH0.BAY17  -      unused     0.00      -
CH0.BAY18  -      unused     0.00      -
CH0.BAY19  -      unused     0.00      -
CH0.NVB0   NVRAM  healthy    7.52G     -
CH0.NVB1   NVRAM  healthy    7.52G     -
CH0.NVB2   NVRAM  unused     0.00      -
CH0.NVB3   NVRAM  unused     0.00      -
SH9.BAY0   -      unused     0.00      -
SH9.BAY1   -      unused     0.00      -
SH9.BAY2   -      unused     0.00      -
SH9.BAY3   -      unused     0.00      -
SH9.BAY4   -      unused     0.00      -
SH9.BAY5   -      unused     0.00      -
SH9.BAY6   -      unused     0.00      -
SH9.BAY7   -      unused     0.00      -
SH9.BAY8   -      unused     0.00      -
SH9.BAY9   -      unused     0.00      -
SH9.BAY10  -      unused     0.00      -
SH9.BAY11  -      unused     0.00      -
SH9.BAY12  -      unused     0.00      -
SH9.BAY13  -      unused     0.00      -
SH9.BAY14  -      unused     0.00      -
SH9.BAY15  -      unused     0.00      -
SH9.BAY16  -      unused     0.00      -
SH9.BAY17  -      unused     0.00      -
SH9.BAY18  -      unused     0.00      -
SH9.BAY19  -      unused     0.00      -
SH9.BAY20  -      unused     0.00      -
SH9.BAY21  -      unused     0.00      -
SH9.BAY22  -      unused     0.00      -
SH9.BAY23  -      unused     0.00      -
SH9.BAY24  -      unused     0.00      -
SH9.BAY25  -      unused     0.00      -
SH9.BAY26  -      unused     0.00      -
SH9.BAY27  -      unused     0.00      -
     root@oitpurex01imp-ct0:/var/home/pureeng# puredrive list
Name       Type   Status     Capacity  Details
CH0.BAY0   SSD    healthy    9.10T     -
CH0.BAY1   SSD    healthy    9.10T     -
CH0.BAY2   SSD    healthy    9.10T     -
CH0.BAY3   SSD    healthy    9.10T     -
CH0.BAY4   SSD    healthy    9.10T     -
CH0.BAY5   SSD    healthy    9.10T     -
CH0.BAY6   SSD    healthy    9.10T     -
CH0.BAY7   SSD    healthy    9.10T     -
CH0.BAY8   SSD    healthy    9.10T     -
CH0.BAY9   SSD    healthy    9.10T     -
CH0.BAY10  SSD    updating   0.00      WSSD tuneup in progress (http://go/w2)
CH0.BAY11  SSD    unhealthy  0.00      Firmware upgrade in progress. Current firmware: 2.8.30(http://go/zh)
CH0.BAY12  SSD    unhealthy  0.00      Firmware upgrade in progress. Current firmware: 2.8.30(http://go/zh)
CH0.BAY13  -      unused     0.00      -
CH0.BAY14  -      unused     0.00      -
CH0.BAY15  -      unused     0.00      -
CH0.BAY16  -      unused     0.00      -
CH0.BAY17  -      unused     0.00      -
CH0.BAY18  -      unused     0.00      -
CH0.BAY19  -      unused     0.00      -
CH0.NVB0   NVRAM  healthy    7.52G     -
CH0.NVB1   NVRAM  healthy    7.52G     -
CH0.NVB2   NVRAM  unused     0.00      -
CH0.NVB3   NVRAM  unused     0.00      -
SH9.BAY0   -      unused     0.00      -
SH9.BAY1   -      unused     0.00      -
SH9.BAY2   -      unused     0.00      -
SH9.BAY3   -      unused     0.00      -
SH9.BAY4   -      unused     0.00      -
SH9.BAY5   -      unused     0.00      -
SH9.BAY6   -      unused     0.00      -
SH9.BAY7   -      unused     0.00      -
SH9.BAY8   -      unused     0.00      -
SH9.BAY9   -      unused     0.00      -
SH9.BAY10  -      unused     0.00      -
SH9.BAY11  -      unused     0.00      -
SH9.BAY12  -      unused     0.00      -
SH9.BAY13  -      unused     0.00      -
SH9.BAY14  -      unused     0.00      -
SH9.BAY15  -      unused     0.00      -
SH9.BAY16  -      unused     0.00      -
SH9.BAY17  -      unused     0.00      -
SH9.BAY18  -      unused     0.00      -
SH9.BAY19  -      unused     0.00      -
SH9.BAY20  -      unused     0.00      -
SH9.BAY21  -      unused     0.00      -
SH9.BAY22  -      unused     0.00      -
SH9.BAY23  -      unused     0.00      -
SH9.BAY24  -      unused     0.00      -
SH9.BAY25  -      unused     0.00      -
SH9.BAY26  -      unused     0.00      -
SH9.BAY27  -      unused     0.00      -
     root@oitpurex01imp-ct0:/var/home/pureeng# watch puredrive list --pack CH0.BARYY10
Every 2.0s: puredrive list --pack CH0.BAY10oitpurex01imp-ct0: Sat Jun  7 11:48:48 2025NameType  StatusCapacity  DetailsCH0.BAY10  SSD   unadmitted  0.00waiting for userCH0.BAY11  SSD   unhealthy   0.00Firmware upgrade in progress. Current firmware: 2.8.30(http://go/zh)CH0.BAY12  SSD   unhealthy   0.00Firmware upgrade in progress. Current firmware: 2.8.30(http://go/zh)503pdating pdating 5--89:00368CH0.BAY13  SSD   unhealthy   0.00Not accessible from CT1;11369214CH0.BAY13  SSD   recovering  0.00WSSD tuneup in progress (http://go/w2)6931CH0.BAY14  SSD   unhealthy   0.00Not accessible from CT1;479-42Not accessible from CT1;Not accessible from CT1;unhealthy 4Firmware upgrade in progress. Current firmware: 2.8.30(http://go/zh)7CH0.BAY14  SSD   recovering  0.00-50WSSD tuneup in progress (http://go/w2)257--CH0.BAY15  SSD   unhealthy   0.00Not accessible from CT1;50:0035Firmware upgrade in progress. Current firmware: 2.8.30(http://go/zh)8unhealthy 103Not accessible from CT1;Not accessible from CT1;58--CH0.BAY15  SSD   recovering  0.00-21WSSD tuneup in progress (http://go/w2)368CH0.BAY16  SSD   unhealthy   0.00Not accessible from CT1;314  Capacity  Details    0.00      waiting for user  0.00      waiting for user  0.00      waiting for user     0.00      Firmware upgrade in progress. Current firmware: 2.8.30(http://go/zh)     0.00      Firmware upgrade in progress. Current firmware: 2.8.30(http://go/zh)unrecognized  0.00      Firmware upgrade in progress. Current firmware: 2.8.30(http://go/zh)6yhealthy 9414nadmittednadmittedCH0.BAY16  SSD   recovering  0.00WSSD tuneup in progress (http://go/w2)795247CH0.BAY17  SSD   unhealthy   0.00Not accessible from CT1;9Firmware upgrade in progress. Current firmware: 2.8.30(http://go/zh)1:02unhealthy 57102pdating pdating pdating pdating recovering-5----WSSD tuneup in progress (http://go/w2)7203CH0.BAY18  SSD   unhealthy   0.00Not accessible from CT1;58  Capacity  Details    0.00      waiting for user    0.00      waiting for user    0.00      waiting for user      0.00      -      0.00      -      0.00      -      0.00      -unrecognized  0.00      WSSD tuneup in progress (http://go/w2)     0.00      Not accessible from CT1;30Firmware upgrade in progress. Current firmware: 2.8.30(http://go/zh)3healthy 68  Capacity  Details    0.00      waiting for user    0.00      waiting for user    0.00      waiting for user      0.00      -      0.00      -      0.00      -      0.00      -     0.00      Firmware upgrade in progress. Current firmware: 2.8.30(http://go/zh)CH0.BAY18  SSD   unrecognized  0.00-413yrecovering  0.00      WSSD tuneup in progress (http://go/w2)69514CH0.BAY19  SSD   unhealthy   0.00Not accessible from CT1;69unhealthy Firmware upgrade in progress. Current firmware: 2.8.30(http://go/zh)2:0247Not accessible from CT1;Not accessible from CT1;Not accessible from CT1;Not accessible from CT1;CH0.BAY19  SSD   recovering  0.00-9WSSD tuneup in progress (http://go/w2)12----572025Firmware upgrade in progress. Current firmware: 2.8.30(http://go/zh)7Not accessible from CT1;Not accessible from CT1;Not accessible from CT1;unhealthy 30358---Not accessible from CT1;403-68waiting for userwaiting for userwaiting for user513waiting for user69nadmittednadmittednadmittednadmitted3:0146911479--224Firmware upgrade in progress. Current firmware: 2.8.30(http://go/zh)Firmware upgrade in progress. Current firmware: 2.8.30(http://go/zh)7pdating pdating pdating 3025---740358503684:0136911469214Not accessible from CT1;Not accessible from CT1;Not accessible from CT1;7932---4794257502Not accessible from CT1;Not accessible from CT1;Not accessible from CT1;57---5:0035810waiting for user36waiting for userwaiting for user8nadmittednadmittednadmitted21369314694247952476:0025710358203683136841469514697:024791257202573035840368513698:01     root@oitpurex01imp-ct0:/var/home/pureeng# puredrive list
Name       Type   Status      Capacity  Details
CH0.BAY0   SSD    healthy     9.10T     -
CH0.BAY1   SSD    healthy     9.10T     -
CH0.BAY2   SSD    healthy     9.10T     -
CH0.BAY3   SSD    healthy     9.10T     -
CH0.BAY4   SSD    healthy     9.10T     -
CH0.BAY5   SSD    healthy     9.10T     -
CH0.BAY6   SSD    healthy     9.10T     -
CH0.BAY7   SSD    healthy     9.10T     -
CH0.BAY8   SSD    healthy     9.10T     -
CH0.BAY9   SSD    healthy     9.10T     -
CH0.BAY10  SSD    unadmitted  0.00      waiting for user
CH0.BAY11  SSD    unadmitted  0.00      waiting for user
CH0.BAY12  SSD    unadmitted  0.00      waiting for user
CH0.BAY13  SSD    unadmitted  0.00      waiting for user
CH0.BAY14  SSD    unadmitted  0.00      waiting for user
CH0.BAY15  SSD    unadmitted  0.00      waiting for user
CH0.BAY16  SSD    unadmitted  0.00      waiting for user
CH0.BAY17  SSD    unadmitted  0.00      waiting for user
CH0.BAY18  SSD    unadmitted  0.00      waiting for user
CH0.BAY19  SSD    unadmitted  0.00      waiting for user
CH0.NVB0   NVRAM  healthy     7.52G     -
CH0.NVB1   NVRAM  healthy     7.52G     -
CH0.NVB2   NVRAM  unused      0.00      -
CH0.NVB3   NVRAM  unused      0.00      -
SH9.BAY0   -      unused      0.00      -
SH9.BAY1   -      unused      0.00      -
SH9.BAY2   -      unused      0.00      -
SH9.BAY3   -      unused      0.00      -
SH9.BAY4   -      unused      0.00      -
SH9.BAY5   -      unused      0.00      -
SH9.BAY6   -      unused      0.00      -
SH9.BAY7   -      unused      0.00      -
SH9.BAY8   -      unused      0.00      -
SH9.BAY9   -      unused      0.00      -
SH9.BAY10  -      unused      0.00      -
SH9.BAY11  -      unused      0.00      -
SH9.BAY12  -      unused      0.00      -
SH9.BAY13  -      unused      0.00      -
SH9.BAY14  -      unused      0.00      -
SH9.BAY15  -      unused      0.00      -
SH9.BAY16  -      unused      0.00      -
SH9.BAY17  -      unused      0.00      -
SH9.BAY18  -      unused      0.00      -
SH9.BAY19  -      unused      0.00      -
SH9.BAY20  -      unused      0.00      -
SH9.BAY21  -      unused      0.00      -
SH9.BAY22  -      unused      0.00      -
SH9.BAY23  -      unused      0.00      -
SH9.BAY24  -      unused      0.00      -
SH9.BAY25  -      unused      0.00      -
SH9.BAY26  -      unused      0.00      -
SH9.BAY27  -      unused      0.00      -
     root@oitpurex01imp-ct0:/var/home/pureeng# purearrya listaay list --controller
Name     Type              Mode       Model     Version  Status  Current Mode Since       Internal Details
CT0      array_controller  secondary  FA-X50R2  6.6.11   ready   2025-05-31 13:13:07 EDT  
CT1      array_controller  primary    FA-X50R2  6.6.11   ready   2025-05-31 13:12:43 EDT  
SH9.SC1  shelf_controller  -          DFSC1     2.2.1    -       -                        -
SH9.SC0  shelf_controller  -          DFSC1     2.2.1    -       -                        -
     root@oitpurex01imp-ct0:/var/home/pureeng# puredrive adve list
Name       Type   Status      Capacity  Details
CH0.BAY0   SSD    healthy     9.10T     -
CH0.BAY1   SSD    healthy     9.10T     -
CH0.BAY2   SSD    healthy     9.10T     -
CH0.BAY3   SSD    healthy     9.10T     -
CH0.BAY4   SSD    healthy     9.10T     -
CH0.BAY5   SSD    healthy     9.10T     -
CH0.BAY6   SSD    healthy     9.10T     -
CH0.BAY7   SSD    healthy     9.10T     -
CH0.BAY8   SSD    healthy     9.10T     -
CH0.BAY9   SSD    healthy     9.10T     -
CH0.BAY10  SSD    unadmitted  0.00      waiting for user
CH0.BAY11  SSD    unadmitted  0.00      waiting for user
CH0.BAY12  SSD    unadmitted  0.00      waiting for user
CH0.BAY13  SSD    unadmitted  0.00      waiting for user
CH0.BAY14  SSD    unadmitted  0.00      waiting for user
CH0.BAY15  SSD    unadmitted  0.00      waiting for user
CH0.BAY16  SSD    unadmitted  0.00      waiting for user
CH0.BAY17  SSD    unadmitted  0.00      waiting for user
CH0.BAY18  SSD    unadmitted  0.00      waiting for user
CH0.BAY19  SSD    unadmitted  0.00      waiting for user
CH0.NVB0   NVRAM  healthy     7.52G     -
CH0.NVB1   NVRAM  healthy     7.52G     -
CH0.NVB2   NVRAM  unused      0.00      -
CH0.NVB3   NVRAM  unused      0.00      -
SH9.BAY0   -      unused      0.00      -
SH9.BAY1   -      unused      0.00      -
SH9.BAY2   -      unused      0.00      -
SH9.BAY3   -      unused      0.00      -
SH9.BAY4   -      unused      0.00      -
SH9.BAY5   -      unused      0.00      -
SH9.BAY6   -      unused      0.00      -
SH9.BAY7   -      unused      0.00      -
SH9.BAY8   -      unused      0.00      -
SH9.BAY9   -      unused      0.00      -
SH9.BAY10  -      unused      0.00      -
SH9.BAY11  -      unused      0.00      -
SH9.BAY12  -      unused      0.00      -
SH9.BAY13  -      unused      0.00      -
SH9.BAY14  -      unused      0.00      -
SH9.BAY15  -      unused      0.00      -
SH9.BAY16  -      unused      0.00      -
SH9.BAY17  -      unused      0.00      -
SH9.BAY18  -      unused      0.00      -
SH9.BAY19  -      unused      0.00      -
SH9.BAY20  -      unused      0.00      -
SH9.BAY21  -      unused      0.00      -
SH9.BAY22  -      unused      0.00      -
SH9.BAY23  -      unused      0.00      -
SH9.BAY24  -      unused      0.00      -
SH9.BAY25  -      unused      0.00      -
SH9.BAY26  -      unused      0.00      -
SH9.BAY27  -      unused      0.00      -
     root@oitpurex01imp-ct0:/var/home/pureeng# puredrive admit
Name       Type  Status   Capacity  Installed Capacity  Details
CH0.BAY10  SSD   healthy  -         -                   -
CH0.BAY11  SSD   healthy  -         -                   -
CH0.BAY12  SSD   healthy  -         -                   -
CH0.BAY13  SSD   healthy  -         -                   -
CH0.BAY14  SSD   healthy  -         -                   -
CH0.BAY15  SSD   healthy  -         -                   -
CH0.BAY16  SSD   healthy  -         -                   -
CH0.BAY17  SSD   healthy  -         -                   -
CH0.BAY18  SSD   healthy  -         -                   -
CH0.BAY19  SSD   healthy  -         -                   -
     root@oitpurex01imp-ct0:/var/home/pureeng# purearray list 00--controller
Name     Type              Mode       Model     Version  Status  Current Mode Since       Internal Details
CT0      array_controller  secondary  FA-X50R2  6.6.11   ready   2025-05-31 13:13:07 EDT  
CT1      array_controller  primary    FA-X50R2  6.6.11   ready   2025-05-31 13:12:43 EDT  
SH9.SC1  shelf_controller  -          DFSC1     2.2.1    -       -                        -
SH9.SC0  shelf_controller  -          DFSC1     2.2.1    -       -                        -
     root@oitpurex01imp-ct0:/var/home/pureeng# puredrhw list
Name          Status         Identify  Slot  Index  Speed       Temperature  Voltage  Details
CH0           ok             off       -     0      -           -            -        -
CH0.BAY0      ok             off       -     0      -           -            -        -
CH0.BAY1      ok             off       -     1      -           -            -        -
CH0.BAY2      ok             off       -     2      -           -            -        -
CH0.BAY3      ok             off       -     3      -           -            -        -
CH0.BAY4      ok             off       -     4      -           -            -        -
CH0.BAY5      ok             off       -     5      -           -            -        -
CH0.BAY6      ok             off       -     6      -           -            -        -
CH0.BAY7      ok             off       -     7      -           -            -        -
CH0.BAY8      ok             off       -     8      -           -            -        -
CH0.BAY9      ok             off       -     9      -           -            -        -
CH0.BAY10     ok             off       -     10     -           -            -        -
CH0.BAY11     ok             off       -     11     -           -            -        -
CH0.BAY12     ok             off       -     12     -           -            -        -
CH0.BAY13     ok             off       -     13     -           -            -        -
CH0.BAY14     ok             off       -     14     -           -            -        -
CH0.BAY15     ok             off       -     15     -           -            -        -
CH0.BAY16     ok             off       -     16     -           -            -        -
CH0.BAY17     ok             off       -     17     -           -            -        -
CH0.BAY18     ok             off       -     18     -           -            -        -
CH0.BAY19     ok             off       -     19     -           -            -        -
CH0.NVB0      ok             off       -     0      -           -            -        -
CH0.NVB1      ok             off       -     1      -           -            -        -
CH0.NVB2      not_installed  off       -     2      -           -            -        -
CH0.NVB3      not_installed  off       -     3      -           -            -        -
CH0.PWR0      ok             -         -     0      -           -            204 V    -
CH0.PWR1      ok             -         -     1      -           -            204 V    -
CH0.TMP0      ok             -         -     0      -           22 C         -        -
CT0           ok             off       -     0      -           -            -        -
CT0.ETH0      ok             -         -     0      1.00 Gb/s   -            -        -
CT0.ETH1      ok             -         -     1      0.00 b/s    -            -        -
CT0.ETH2      ok             -         -     2      25.00 Gb/s  -            -        -
CT0.ETH3      ok             -         -     3      25.00 Gb/s  -            -        -
CT0.ETH4      ok             -         -     4      25.00 Gb/s  -            -        -
CT0.ETH5      ok             -         -     5      25.00 Gb/s  -            -        -
CT0.ETH6      ok             -         -     6      50.00 Gb/s  -            -        -
CT0.ETH7      ok             -         -     7      0.00 b/s    -            -        -
CT0.ETH8      ok             -         -     8      50.00 Gb/s  -            -        -
CT0.ETH9      ok             -         -     9      0.00 b/s    -            -        -
CT0.FAN0      ok             -         -     0      -           -            -        -
CT0.FAN1      ok             -         -     1      -           -            -        -
CT0.FAN2      ok             -         -     2      -           -            -        -
CT0.FAN3      ok             -         -     3      -           -            -        -
CT0.FAN4      ok             -         -     4      -           -            -        -
CT0.FAN5      ok             -         -     5      -           -            -        -
CT0.FC0       ok             -         0     0      16.00 Gb/s  -            -        -
CT0.FC1       ok             -         0     1      16.00 Gb/s  -            -        -
CT0.FC2       ok             -         0     2      0.00 b/s    -            -        -
CT0.FC3       ok             -         0     3      0.00 b/s    -            -        -
CT0.TMP0      ok             -         -     0      -           35 C         -        -
CT0.TMP1      ok             -         -     1      -           35 C         -        -
CT0.TMP2      ok             -         -     2      -           31 C         -        -
CT0.TMP3      ok             -         -     3      -           34 C         -        -
CT0.TMP4      ok             -         -     4      -           36 C         -        -
CT0.TMP5      ok             -         -     5      -           34 C         -        -
CT0.TMP6      ok             -         -     6      -           39 C         -        -
CT0.TMP7      ok             -         -     7      -           29 C         -        -
CT0.TMP8      ok             -         -     8      -           30 C         -        -
CT0.TMP9      ok             -         -     9      -           30 C         -        -
CT0.TMP10     ok             -         -     10     -           30 C         -        -
CT0.TMP11     ok             -         -     11     -           29 C         -        -
CT0.TMP12     ok             -         -     12     -           29 C         -        -
CT0.TMP13     ok             -         -     13     -           33 C         -        -
CT0.TMP14     ok             -         -     14     -           33 C         -        -
CT0.TMP15     ok             -         -     15     -           32 C         -        -
CT0.TMP16     ok             -         -     16     -           31 C         -        -
CT0.TMP17     ok             -         -     17     -           31 C         -        -
CT0.TMP18     ok             -         -     18     -           31 C         -        -
CT0.TMP19     ok             -         -     19     -           32 C         -        -
CT0.TMP20     ok             -         -     20     -           28 C         -        -
CT0.TMP21     ok             -         -     21     -           35 C         -        -
CT0.TMP22     ok             -         -     22     -           33 C         -        -
CT0.TMP23     ok             -         -     23     -           36 C         -        -
CT0.TMP24     ok             -         -     24     -           37 C         -        -
CT0.TMP25     ok             -         -     25     -           36 C         -        -
CT0.TMP26     ok             -         -     26     -           31 C         -        -
CT1           ok             off       -     1      -           -            -        -
CT1.ETH0      ok             -         -     0      1.00 Gb/s   -            -        -
CT1.ETH1      ok             -         -     1      0.00 b/s    -            -        -
CT1.ETH2      ok             -         -     2      25.00 Gb/s  -            -        -
CT1.ETH3      ok             -         -     3      25.00 Gb/s  -            -        -
CT1.ETH4      ok             -         -     4      25.00 Gb/s  -            -        -
CT1.ETH5      ok             -         -     5      25.00 Gb/s  -            -        -
CT1.ETH6      ok             -         -     6      50.00 Gb/s  -            -        -
CT1.ETH7      ok             -         -     7      0.00 b/s    -            -        -
CT1.ETH8      ok             -         -     8      50.00 Gb/s  -            -        -
CT1.ETH9      ok             -         -     9      0.00 b/s    -            -        -
CT1.FAN0      ok             -         -     0      -           -            -        -
CT1.FAN1      ok             -         -     1      -           -            -        -
CT1.FAN2      ok             -         -     2      -           -            -        -
CT1.FAN3      ok             -         -     3      -           -            -        -
CT1.FAN4      ok             -         -     4      -           -            -        -
CT1.FAN5      ok             -         -     5      -           -            -        -
CT1.FC0       ok             -         0     0      16.00 Gb/s  -            -        -
CT1.FC1       ok             -         0     1      16.00 Gb/s  -            -        -
CT1.FC2       ok             -         0     2      0.00 b/s    -            -        -
CT1.FC3       ok             -         0     3      0.00 b/s    -            -        -
CT1.TMP0      ok             -         -     0      -           38 C         -        -
CT1.TMP1      ok             -         -     1      -           37 C         -        -
CT1.TMP2      ok             -         -     2      -           33 C         -        -
CT1.TMP3      ok             -         -     3      -           42 C         -        -
CT1.TMP4      ok             -         -     4      -           40 C         -        -
CT1.TMP5      ok             -         -     5      -           38 C         -        -
CT1.TMP6      ok             -         -     6      -           41 C         -        -
CT1.TMP7      ok             -         -     7      -           33 C         -        -
CT1.TMP8      ok             -         -     8      -           33 C         -        -
CT1.TMP9      ok             -         -     9      -           33 C         -        -
CT1.TMP10     ok             -         -     10     -           33 C         -        -
CT1.TMP11     ok             -         -     11     -           33 C         -        -
CT1.TMP12     ok             -         -     12     -           32 C         -        -
CT1.TMP13     ok             -         -     13     -           34 C         -        -
CT1.TMP14     ok             -         -     14     -           34 C         -        -
CT1.TMP15     ok             -         -     15     -           33 C         -        -
CT1.TMP16     ok             -         -     16     -           32 C         -        -
CT1.TMP17     ok             -         -     17     -           33 C         -        -
CT1.TMP18     ok             -         -     18     -           33 C         -        -
CT1.TMP19     ok             -         -     19     -           33 C         -        -
CT1.TMP20     ok             -         -     20     -           32 C         -        -
CT1.TMP21     ok             -         -     21     -           37 C         -        -
CT1.TMP22     ok             -         -     22     -           36 C         -        -
CT1.TMP23     ok             -         -     23     -           37 C         -        -
CT1.TMP24     ok             -         -     24     -           37 C         -        -
CT1.TMP25     ok             -         -     25     -           42 C         -        -
CT1.TMP26     ok             -         -     26     -           33 C         -        -
SH9           ok             off       -     9      -           22 C         -        -
SH9.BAY0      not_installed  off       -     0      -           -            -        -
SH9.BAY1      not_installed  off       -     1      -           -            -        -
SH9.BAY2      not_installed  off       -     2      -           -            -        -
SH9.BAY3      not_installed  off       -     3      -           -            -        -
SH9.BAY4      not_installed  off       -     4      -           -            -        -
SH9.BAY5      not_installed  off       -     5      -           -            -        -
SH9.BAY6      not_installed  off       -     6      -           -            -        -
SH9.BAY7      not_installed  off       -     7      -           -            -        -
SH9.BAY8      not_installed  off       -     8      -           -            -        -
SH9.BAY9      not_installed  off       -     9      -           -            -        -
SH9.BAY10     not_installed  off       -     10     -           -            -        -
SH9.BAY11     not_installed  off       -     11     -           -            -        -
SH9.BAY12     not_installed  off       -     12     -           -            -        -
SH9.BAY13     not_installed  off       -     13     -           -            -        -
SH9.BAY14     not_installed  off       -     14     -           -            -        -
SH9.BAY15     not_installed  off       -     15     -           -            -        -
SH9.BAY16     not_installed  off       -     16     -           -            -        -
SH9.BAY17     not_installed  off       -     17     -           -            -        -
SH9.BAY18     not_installed  off       -     18     -           -            -        -
SH9.BAY19     not_installed  off       -     19     -           -            -        -
SH9.BAY20     not_installed  off       -     20     -           -            -        -
SH9.BAY21     not_installed  off       -     21     -           -            -        -
SH9.BAY22     not_installed  off       -     22     -           -            -        -
SH9.BAY23     not_installed  off       -     23     -           -            -        -
SH9.BAY24     not_installed  off       -     24     -           -            -        -
SH9.BAY25     not_installed  off       -     25     -           -            -        -
SH9.BAY26     not_installed  off       -     26     -           -            -        -
SH9.BAY27     not_installed  off       -     27     -           -            -        -
SH9.PWR0      ok             -         -     0      -           -            206 V    -
SH9.PWR1      ok             -         -     1      -           -            206 V    -
SH9.SC0       ok             off       -     0      -           27 C         -        -
SH9.SC0.ETH0  ok             -         -     0      50.00 Gb/s  -            -        -
SH9.SC0.ETH1  ok             -         -     1      0.00 b/s    -            -        -
SH9.SC0.ETH2  ok             -         -     2      50.00 Gb/s  -            -        -
SH9.SC0.ETH3  ok             -         -     3      0.00 b/s    -            -        -
SH9.SC0.FAN0  ok             -         -     0      -           -            -        -
SH9.SC0.FAN1  ok             -         -     1      -           -            -        -
SH9.SC0.FAN2  ok             -         -     2      -           -            -        -
SH9.SC0.FAN3  ok             -         -     3      -           -            -        -
SH9.SC0.FAN4  ok             -         -     4      -           -            -        -
SH9.SC0.FAN5  ok             -         -     5      -           -            -        -
SH9.SC1       ok             off       -     1      -           27 C         -        -
SH9.SC1.ETH0  ok             -         -     0      50.00 Gb/s  -            -        -
SH9.SC1.ETH1  ok             -         -     1      0.00 b/s    -            -        -
SH9.SC1.ETH2  ok             -         -     2      50.00 Gb/s  -            -        -
SH9.SC1.ETH3  ok             -         -     3      0.00 b/s    -            -        -
SH9.SC1.FAN0  ok             -         -     0      -           -            -        -
SH9.SC1.FAN1  ok             -         -     1      -           -            -        -
SH9.SC1.FAN2  ok             -         -     2      -           -            -        -
SH9.SC1.FAN3  ok             -         -     3      -           -            -        -
SH9.SC1.FAN4  ok             -         -     4      -           -            -        -
SH9.SC1.FAN5  ok             -         -     5      -           -            -        -
     root@oitpurex01imp-ct0:/var/home/pureeng# puremessage list --peopen
     root@oitpurex01imp-ct0:/var/home/pureeng# purearray list --sapcepace
Name           Capacity  Parity  Provisioned Size  Virtual  Thin Provisioning  Data Reduction  Total Reduction  Unique  Snapshots  Shared  System  Replication  Total
oitpurex01imp  120.51T   100%    168990G           49.83T   70%                1.2 to 1        4.1 to 1         39.97T  0.00       16.38G  0.00    0.00         39.98T
     root@oitpurex01imp-ct0:/var/home/pureeng# purealert untag --maintenance
Name
maintenance
     root@oitpurex01imp-ct0:/var/home/pureeng# purearray phonehome --send-today && ssh peer purearray phonehome --send-today
Status   Action
running  send_today
phonehome is already running
Status   Action
running  send_today
     root@oitpurex01imp-ct0:/var/home/pureeng# exit
exit
pureeng@oitpurex01imp-ct0:~$ exit
logout

oitpurex01imp-ct0 login: 