=~=~=~=~=~=~=~=~=~=~=~= PuTTY log 2025.07.22 17:12:26 =~=~=~=~=~=~=~=~=~=~=~=

apn4purstgp0101-ct0 login: pureeng
1) Authenticate via CloudAssist
2) Authenticate via command line
3) Restore challenge
Type the number corresponding to the authentication method you want to use.

Selection: 1

An email for identity verification will be sent once email is entered.
Please follow the authentication instructions provided there and return to this screen when finished or if email has not been received.


Enter an email address: fharris@purestorage.com
Successfully authenticated
Last login: Wed Jul  6 10:45:35 EDT 2022 on ttyS0

Tue Jul 22 17:17:18 2025
Welcome pureeng. This is Purity Version 6.5.8 on FlashArray apn4purstgp0101
http://www.purestorage.com/
pureeng@apn4purstgp0101-ct0:~$ purearray list --controller
Name     Type              Mode       Model     Version  Status  Internal Details
CT0      array_controller  secondary  FA-X50R3  6.5.8    ready   
CT1      array_controller  primary    FA-X50R3  6.5.8    ready   
SH9.SC0  shelf_controller  -          DFSC1     2.2.1    -       -
SH9.SC1  shelf_controller  -          DFSC1     2.2.1    -       -
pureeng@apn4purstgp0101-ct0:~$ purehw list
Name          Status         Identify  Slot  Index  Speed       Temperature  Voltage  Details
CH0           ok             off       -     0      -           -            -        -
CH0.BAY0      ok             off       -     0      -           -            -        -
CH0.BAY1      ok             off       -     1      -           -            -        -
CH0.BAY2      ok             off       -     2      -           -            -        -
CH0.BAY3      ok             off       -     3      -           -            -        -
CH0.BAY4      ok             off       -     4      -           -            -        -
CH0.BAY5      ok             off       -     5      -           -            -        -
CH0.BAY6      ok             off       -     6      -           -            -        -
CH0.BAY7      ok             off       -     7      -           -            -        -
CH0.BAY8      ok             off       -     8      -           -            -        -
CH0.BAY9      ok             off       -     9      -           -            -        -
CH0.BAY10     ok             off       -     10     -           -            -        -
CH0.BAY11     ok             off       -     11     -           -            -        -
CH0.BAY12     ok             off       -     12     -           -            -        -
CH0.BAY13     ok             off       -     13     -           -            -        -
CH0.BAY14     ok             off       -     14     -           -            -        -
CH0.BAY15     ok             off       -     15     -           -            -        -
CH0.BAY16     ok             off       -     16     -           -            -        -
CH0.BAY17     ok             off       -     17     -           -            -        -
CH0.BAY18     ok             off       -     18     -           -            -        -
CH0.BAY19     ok             off       -     19     -           -            -        -
CH0.NVB0      ok             off       -     0      -           -            -        -
CH0.NVB1      ok             off       -     1      -           -            -        -
CH0.NVB2      not_installed  off       -     2      -           -            -        -
CH0.NVB3      not_installed  off       -     3      -           -            -        -
CH0.PWR0      ok             -         -     0      -           -            206 V    -
CH0.PWR1      ok             -         -     1      -           -            207 V    -
CH0.TMP0      ok             -         -     0      -           24 C         -        -
CT0           ok             off       -     0      -           -            -        -
CT0.ETH0      ok             -         -     0      1.00 Gb/s   -            -        -
CT0.ETH1      ok             -         -     1      0.00 b/s    -            -        -
CT0.ETH2      ok             -         -     2      10.00 Gb/s  -            -        -
CT0.ETH3      ok             -         -     3      10.00 Gb/s  -            -        -
CT0.ETH4      ok             -         -     4      0.00 b/s    -            -        -
CT0.ETH5      ok             -         -     5      0.00 b/s    -            -        -
CT0.ETH6      ok             -         -     6      50.00 Gb/s  -            -        -
CT0.ETH7      ok             -         -     7      0.00 b/s    -            -        -
CT0.ETH8      ok             -         -     8      50.00 Gb/s  -            -        -
CT0.ETH9      ok             -         -     9      0.00 b/s    -            -        -
CT0.FAN0      ok             -         -     0      -           -            -        -
CT0.FAN1      ok             -         -     1      -           -            -        -
CT0.FAN2      ok             -         -     2      -           -            -        -
CT0.FAN3      ok             -         -     3      -           -            -        -
CT0.FAN4      ok             -         -     4      -           -            -        -
CT0.FAN5      ok             -         -     5      -           -            -        -
CT0.FC0       ok             -         0     0      16.00 Gb/s  -            -        -
CT0.FC1       ok             -         0     1      0.00 b/s    -            -        -
CT0.FC2       ok             -         0     2      16.00 Gb/s  -            -        -
CT0.FC3       ok             -         0     3      0.00 b/s    -            -        -
CT0.SAS4      ok             -         1     4      48.00 Gb/s  -            -        -
CT0.SAS5      ok             -         1     5      48.00 Gb/s  -            -        -
CT0.SAS6      ok             -         1     6      48.00 Gb/s  -            -        -
CT0.SAS7      ok             -         1     7      48.00 Gb/s  -            -        -
CT0.TMP0      ok             -         -     0      -           38 C         -        -
CT0.TMP1      ok             -         -     1      -           39 C         -        -
CT0.TMP2      ok             -         -     2      -           32 C         -        -
CT0.TMP3      ok             -         -     3      -           44 C         -        -
CT0.TMP4      ok             -         -     4      -           44 C         -        -
CT0.TMP5      ok             -         -     5      -           38 C         -        -
CT0.TMP6      ok             -         -     6      -           43 C         -        -
CT0.TMP7      ok             -         -     7      -           33 C         -        -
CT0.TMP8      ok             -         -     8      -           33 C         -        -
CT0.TMP9      ok             -         -     9      -           34 C         -        -
CT0.TMP10     ok             -         -     10     -           31 C         -        -
CT0.TMP11     ok             -         -     11     -           31 C         -        -
CT0.TMP12     ok             -         -     12     -           30 C         -        -
CT0.TMP13     ok             -         -     13     -           38 C         -        -
CT0.TMP14     ok             -         -     14     -           38 C         -        -
CT0.TMP15     ok             -         -     15     -           37 C         -        -
CT0.TMP16     ok             -         -     16     -           33 C         -        -
CT0.TMP17     ok             -         -     17     -           33 C         -        -
CT0.TMP18     ok             -         -     18     -           33 C         -        -
CT0.TMP19     ok             -         -     19     -           35 C         -        -
CT0.TMP20     ok             -         -     20     -           31 C         -        -
CT0.TMP21     ok             -         -     21     -           39 C         -        -
CT0.TMP22     ok             -         -     22     -           37 C         -        -
CT0.TMP23     ok             -         -     23     -           41 C         -        -
CT0.TMP24     ok             -         -     24     -           40 C         -        -
CT0.TMP25     ok             -         -     25     -           42 C         -        -
CT0.TMP26     ok             -         -     26     -           34 C         -        -
CT1           ok             off       -     1      -           -            -        -
CT1.ETH0      ok             -         -     0      1.00 Gb/s   -            -        -
CT1.ETH1      ok             -         -     1      0.00 b/s    -            -        -
CT1.ETH2      ok             -         -     2      10.00 Gb/s  -            -        -
CT1.ETH3      ok             -         -     3      10.00 Gb/s  -            -        -
CT1.ETH4      ok             -         -     4      0.00 b/s    -            -        -
CT1.ETH5      ok             -         -     5      0.00 b/s    -            -        -
CT1.ETH6      ok             -         -     6      50.00 Gb/s  -            -        -
CT1.ETH7      ok             -         -     7      0.00 b/s    -            -        -
CT1.ETH8      ok             -         -     8      50.00 Gb/s  -            -        -
CT1.ETH9      ok             -         -     9      0.00 b/s    -            -        -
CT1.FAN0      ok             -         -     0      -           -            -        -
CT1.FAN1      ok             -         -     1      -           -            -        -
CT1.FAN2      ok             -         -     2      -           -            -        -
CT1.FAN3      ok             -         -     3      -           -            -        -
CT1.FAN4      ok             -         -     4      -           -            -        -
CT1.FAN5      ok             -         -     5      -           -            -        -
CT1.FC0       ok             -         0     0      16.00 Gb/s  -            -        -
CT1.FC1       ok             -         0     1      0.00 b/s    -            -        -
CT1.FC2       ok             -         0     2      16.00 Gb/s  -            -        -
CT1.FC3       ok             -         0     3      0.00 b/s    -            -        -
CT1.SAS4      ok             -         1     4      48.00 Gb/s  -            -        -
CT1.SAS5      ok             -         1     5      48.00 Gb/s  -            -        -
CT1.SAS6      ok             -         1     6      48.00 Gb/s  -            -        -
CT1.SAS7      ok             -         1     7      48.00 Gb/s  -            -        -
CT1.TMP0      ok             -         -     0      -           44 C         -        -
CT1.TMP1      ok             -         -     1      -           44 C         -        -
CT1.TMP2      ok             -         -     2      -           37 C         -        -
CT1.TMP3      ok             -         -     3      -           54 C         -        -
CT1.TMP4      ok             -         -     4      -           56 C         -        -
CT1.TMP5      ok             -         -     5      -           44 C         -        -
CT1.TMP6      ok             -         -     6      -           51 C         -        -
CT1.TMP7      ok             -         -     7      -           38 C         -        -
CT1.TMP8      ok             -         -     8      -           39 C         -        -
CT1.TMP9      ok             -         -     9      -           39 C         -        -
CT1.TMP10     ok             -         -     10     -           35 C         -        -
CT1.TMP11     ok             -         -     11     -           35 C         -        -
CT1.TMP12     ok             -         -     12     -           35 C         -        -
CT1.TMP13     ok             -         -     13     -           40 C         -        -
CT1.TMP14     ok             -         -     14     -           39 C         -        -
CT1.TMP15     ok             -         -     15     -           40 C         -        -
CT1.TMP16     ok             -         -     16     -           35 C         -        -
CT1.TMP17     ok             -         -     17     -           36 C         -        -
CT1.TMP18     ok             -         -     18     -           36 C         -        -
CT1.TMP19     ok             -         -     19     -           37 C         -        -
CT1.TMP20     ok             -         -     20     -           36 C         -        -
CT1.TMP21     ok             -         -     21     -           45 C         -        -
CT1.TMP22     ok             -         -     22     -           42 C         -        -
CT1.TMP23     ok             -         -     23     -           44 C         -        -
CT1.TMP24     ok             -         -     24     -           46 C         -        -
CT1.TMP25     ok             -         -     25     -           50 C         -        -
CT1.TMP26     ok             -         -     26     -           37 C         -        -
SH0           ok             off       -     0      -           -            -        -
SH0.BAY0      ok             off       -     0      -           -            -        -
SH0.BAY1      ok             off       -     1      -           -            -        -
SH0.BAY2      ok             off       -     2      -           -            -        -
SH0.BAY3      ok             off       -     3      -           -            -        -
SH0.BAY4      ok             off       -     4      -           -            -        -
SH0.BAY5      ok             off       -     5      -           -            -        -
SH0.BAY6      ok             off       -     6      -           -            -        -
SH0.BAY7      ok             off       -     7      -           -            -        -
SH0.BAY8      ok             off       -     8      -           -            -        -
SH0.BAY9      ok             off       -     9      -           -            -        -
SH0.BAY10     ok             off       -     10     -           -            -        -
SH0.BAY11     ok             off       -     11     -           -            -        -
SH0.BAY12     ok             off       -     12     -           -            -        -
SH0.BAY13     ok             off       -     13     -           -            -        -
SH0.BAY14     ok             off       -     14     -           -            -        -
SH0.BAY15     ok             off       -     15     -           -            -        -
SH0.BAY16     ok             off       -     16     -           -            -        -
SH0.BAY17     ok             off       -     17     -           -            -        -
SH0.BAY18     ok             off       -     18     -           -            -        -
SH0.BAY19     ok             off       -     19     -           -            -        -
SH0.BAY20     ok             off       -     20     -           -            -        -
SH0.BAY21     ok             off       -     21     -           -            -        -
SH0.BAY22     ok             off       -     22     -           -            -        -
SH0.BAY23     ok             off       -     23     -           -            -        -
SH0.FAN0      ok             -         -     0      -           -            -        -
SH0.FAN1      ok             -         -     1      -           -            -        -
SH0.FAN2      ok             -         -     2      -           -            -        -
SH0.FAN3      ok             -         -     3      -           -            -        -
SH0.IOM0      ok             off       0     0      -           -            -        -
SH0.IOM1      ok             off       1     1      -           -            -        -
SH0.PWR0      ok             -         -     0      -           -            -        -
SH0.PWR1      ok             -         -     1      -           -            -        -
SH0.SAS0      ok             -         0     0      48.00 Gb/s  -            -        -
SH0.SAS1      ok             -         0     1      48.00 Gb/s  -            -        -
SH0.SAS2      ok             -         0     2      48.00 Gb/s  -            -        -
SH0.SAS3      ok             -         1     3      48.00 Gb/s  -            -        -
SH0.SAS4      ok             -         1     4      48.00 Gb/s  -            -        -
SH0.SAS5      ok             -         1     5      48.00 Gb/s  -            -        -
SH0.TMP0      ok             -         -     0      -           22 C         -        -
SH0.TMP1      ok             -         -     1      -           26 C         -        -
SH0.TMP2      ok             -         -     2      -           27 C         -        -
SH0.TMP3      ok             -         -     3      -           32 C         -        -
SH0.TMP4      ok             -         -     4      -           28 C         -        -
SH0.TMP5      ok             -         -     5      -           33 C         -        -
SH0.TMP6      ok             -         -     6      -           37 C         -        -
SH0.TMP7      ok             -         -     7      -           33 C         -        -
SH1           ok             off       -     1      -           -            -        -
SH1.BAY0      ok             off       -     0      -           -            -        -
SH1.BAY1      ok             off       -     1      -           -            -        -
SH1.BAY2      ok             off       -     2      -           -            -        -
SH1.BAY3      ok             off       -     3      -           -            -        -
SH1.BAY4      ok             off       -     4      -           -            -        -
SH1.BAY5      ok             off       -     5      -           -            -        -
SH1.BAY6      ok             off       -     6      -           -            -        -
SH1.BAY7      ok             off       -     7      -           -            -        -
SH1.BAY8      ok             off       -     8      -           -            -        -
SH1.BAY9      ok             off       -     9      -           -            -        -
SH1.BAY10     ok             off       -     10     -           -            -        -
SH1.BAY11     ok             off       -     11     -           -            -        -
SH1.BAY12     ok             off       -     12     -           -            -        -
SH1.BAY13     ok             off       -     13     -           -            -        -
SH1.BAY14     ok             off       -     14     -           -            -        -
SH1.BAY15     ok             off       -     15     -           -            -        -
SH1.BAY16     ok             off       -     16     -           -            -        -
SH1.BAY17     ok             off       -     17     -           -            -        -
SH1.BAY18     ok             off       -     18     -           -            -        -
SH1.BAY19     ok             off       -     19     -           -            -        -
SH1.BAY20     ok             off       -     20     -           -            -        -
SH1.BAY21     ok             off       -     21     -           -            -        -
SH1.BAY22     ok             off       -     22     -           -            -        -
SH1.BAY23     ok             off       -     23     -           -            -        -
SH1.FAN0      ok             -         -     0      -           -            -        -
SH1.FAN1      ok             -         -     1      -           -            -        -
SH1.FAN2      ok             -         -     2      -           -            -        -
SH1.FAN3      ok             -         -     3      -           -            -        -
SH1.IOM0      ok             off       0     0      -           -            -        -
SH1.IOM1      ok             off       1     1      -           -            -        -
SH1.PWR0      ok             -         -     0      -           -            -        -
SH1.PWR1      ok             -         -     1      -           -            -        -
SH1.SAS0      ok             -         0     0      48.00 Gb/s  -            -        -
SH1.SAS1      ok             -         0     1      0.00 b/s    -            -        -
SH1.SAS2      ok             -         0     2      48.00 Gb/s  -            -        -
SH1.SAS3      ok             -         1     3      48.00 Gb/s  -            -        -
SH1.SAS4      ok             -         1     4      0.00 b/s    -            -        -
SH1.SAS5      ok             -         1     5      48.00 Gb/s  -            -        -
SH1.TMP0      ok             -         -     0      -           23 C         -        -
SH1.TMP1      ok             -         -     1      -           28 C         -        -
SH1.TMP2      ok             -         -     2      -           28 C         -        -
SH1.TMP3      ok             -         -     3      -           32 C         -        -
SH1.TMP4      ok             -         -     4      -           28 C         -        -
SH1.TMP5      ok             -         -     5      -           32 C         -        -
SH1.TMP6      ok             -         -     6      -           36 C         -        -
SH1.TMP7      ok             -         -     7      -           33 C         -        -
SH2           ok             off       -     2      -           -            -        -
SH2.BAY0      ok             off       -     0      -           -            -        -
SH2.BAY1      ok             off       -     1      -           -            -        -
SH2.BAY2      ok             off       -     2      -           -            -        -
SH2.BAY3      ok             off       -     3      -           -            -        -
SH2.BAY4      ok             off       -     4      -           -            -        -
SH2.BAY5      ok             off       -     5      -           -            -        -
SH2.BAY6      ok             off       -     6      -           -            -        -
SH2.BAY7      ok             off       -     7      -           -            -        -
SH2.BAY8      ok             off       -     8      -           -            -        -
SH2.BAY9      ok             off       -     9      -           -            -        -
SH2.BAY10     ok             off       -     10     -           -            -        -
SH2.BAY11     ok             off       -     11     -           -            -        -
SH2.BAY12     not_installed  off       -     12     -           -            -        -
SH2.BAY13     not_installed  off       -     13     -           -            -        -
SH2.BAY14     not_installed  off       -     14     -           -            -        -
SH2.BAY15     not_installed  off       -     15     -           -            -        -
SH2.BAY16     not_installed  off       -     16     -           -            -        -
SH2.BAY17     not_installed  off       -     17     -           -            -        -
SH2.BAY18     not_installed  off       -     18     -           -            -        -
SH2.BAY19     not_installed  off       -     19     -           -            -        -
SH2.BAY20     not_installed  off       -     20     -           -            -        -
SH2.BAY21     not_installed  off       -     21     -           -            -        -
SH2.BAY22     not_installed  off       -     22     -           -            -        -
SH2.BAY23     not_installed  off       -     23     -           -            -        -
SH2.FAN0      ok             -         -     0      -           -            -        -
SH2.FAN1      ok             -         -     1      -           -            -        -
SH2.FAN2      ok             -         -     2      -           -            -        -
SH2.FAN3      ok             -         -     3      -           -            -        -
SH2.IOM0      ok             off       0     0      -           -            -        -
SH2.IOM1      ok             off       1     1      -           -            -        -
SH2.PWR0      ok             -         -     0      -           -            -        -
SH2.PWR1      ok             -         -     1      -           -            -        -
SH2.SAS0      ok             -         0     0      0.00 b/s    -            -        -
SH2.SAS1      ok             -         0     1      0.00 b/s    -            -        -
SH2.SAS2      ok             -         0     2      48.00 Gb/s  -            -        -
SH2.SAS3      ok             -         1     3      0.00 b/s    -            -        -
SH2.SAS4      ok             -         1     4      0.00 b/s    -            -        -
SH2.SAS5      ok             -         1     5      48.00 Gb/s  -            -        -
SH2.TMP0      ok             -         -     0      -           22 C         -        -
SH2.TMP1      ok             -         -     1      -           26 C         -        -
SH2.TMP2      ok             -         -     2      -           23 C         -        -
SH2.TMP3      ok             -         -     3      -           27 C         -        -
SH2.TMP4      ok             -         -     4      -           27 C         -        -
SH2.TMP5      ok             -         -     5      -           30 C         -        -
SH2.TMP6      ok             -         -     6      -           30 C         -        -
SH2.TMP7      ok             -         -     7      -           30 C         -        -
SH9           ok             off       -     9      -           22 C         -        -
SH9.BAY0      ok             off       -     0      -           -            -        -
SH9.BAY1      ok             off       -     1      -           -            -        -
SH9.BAY2      ok             off       -     2      -           -            -        -
SH9.BAY3      ok             off       -     3      -           -            -        -
SH9.BAY4      ok             off       -     4      -           -            -        -
SH9.BAY5      ok             off       -     5      -           -            -        -
SH9.BAY6      ok             off       -     6      -           -            -        -
SH9.BAY7      ok             off       -     7      -           -            -        -
SH9.BAY8      ok             off       -     8      -           -            -        -
SH9.BAY9      ok             off       -     9      -           -            -        -
SH9.BAY10     ok             off       -     10     -           -            -        -
SH9.BAY11     ok             off       -     11     -           -            -        -
SH9.BAY12     ok             off       -     12     -           -            -        -
SH9.BAY13     ok             off       -     13     -           -            -        -
SH9.BAY14     not_installed  off       -     14     -           -            -        -
SH9.BAY15     not_installed  off       -     15     -           -            -        -
SH9.BAY16     not_installed  off       -     16     -           -            -        -
SH9.BAY17     not_installed  off       -     17     -           -            -        -
SH9.BAY18     not_installed  off       -     18     -           -            -        -
SH9.BAY19     not_installed  off       -     19     -           -            -        -
SH9.BAY20     not_installed  off       -     20     -           -            -        -
SH9.BAY21     not_installed  off       -     21     -           -            -        -
SH9.BAY22     not_installed  off       -     22     -           -            -        -
SH9.BAY23     not_installed  off       -     23     -           -            -        -
SH9.BAY24     not_installed  off       -     24     -           -            -        -
SH9.BAY25     not_installed  off       -     25     -           -            -        -
SH9.BAY26     not_installed  off       -     26     -           -            -        -
SH9.BAY27     not_installed  off       -     27     -           -            -        -
SH9.PWR0      ok             -         -     0      -           -            207 V    -
SH9.PWR1      ok             -         -     1      -           -            208 V    -
SH9.SC0       ok             off       -     0      -           30 C         -        -
SH9.SC0.ETH0  ok             -         -     0      50.00 Gb/s  -            -        -
SH9.SC0.ETH1  ok             -         -     1      0.00 b/s    -            -        -
SH9.SC0.ETH2  ok             -         -     2      50.00 Gb/s  -            -        -
SH9.SC0.ETH3  ok             -         -     3      0.00 b/s    -            -        -
SH9.SC0.FAN0  ok             -         -     0      -           -            -        -
SH9.SC0.FAN1  ok             -         -     1      -           -            -        -
SH9.SC0.FAN2  ok             -         -     2      -           -            -        -
SH9.SC0.FAN3  ok             -         -     3      -           -            -        -
SH9.SC0.FAN4  ok             -         -     4      -           -            -        -
SH9.SC0.FAN5  ok             -         -     5      -           -            -        -
SH9.SC1       ok             off       -     1      -           31 C         -        -
SH9.SC1.ETH0  ok             -         -     0      50.00 Gb/s  -            -        -
SH9.SC1.ETH1  ok             -         -     1      0.00 b/s    -            -        -
SH9.SC1.ETH2  ok             -         -     2      50.00 Gb/s  -            -        -
SH9.SC1.ETH3  ok             -         -     3      0.00 b/s    -            -        -
SH9.SC1.FAN0  ok             -         -     0      -           -            -        -
SH9.SC1.FAN1  ok             -         -     1      -           -            -        -
SH9.SC1.FAN2  ok             -         -     2      -           -            -        -
SH9.SC1.FAN3  ok             -         -     3      -           -            -        -
SH9.SC1.FAN4  ok             -         -     4      -           -            -        -
SH9.SC1.FAN5  ok             -         -     5      -           -            -        -
pureeng@apn4purstgp0101-ct0:~$ puredrive list
Name       Type   Status   Capacity  Details
CH0.BAY0   SSD    healthy  1.86T     -
CH0.BAY1   SSD    healthy  1.86T     -
CH0.BAY2   SSD    healthy  1.86T     -
CH0.BAY3   SSD    healthy  1.86T     -
CH0.BAY4   SSD    healthy  1.86T     -
CH0.BAY5   SSD    healthy  1.86T     -
CH0.BAY6   SSD    healthy  1.86T     -
CH0.BAY7   SSD    healthy  1.86T     -
CH0.BAY8   SSD    healthy  1.86T     -
CH0.BAY9   SSD    healthy  1.86T     -
CH0.BAY10  SSD    healthy  1.86T     -
CH0.BAY11  SSD    healthy  1.86T     -
CH0.BAY12  SSD    healthy  1.86T     -
CH0.BAY13  SSD    healthy  1.86T     -
CH0.BAY14  SSD    healthy  1.86T     -
CH0.BAY15  SSD    healthy  1.86T     -
CH0.BAY16  SSD    healthy  1.86T     -
CH0.BAY17  SSD    healthy  1.86T     -
CH0.BAY18  SSD    healthy  1.86T     -
CH0.BAY19  SSD    healthy  1.86T     -
CH0.NVB0   NVRAM  healthy  7.00G     -
CH0.NVB1   NVRAM  healthy  7.00G     -
CH0.NVB2   NVRAM  unused   0.00      -
CH0.NVB3   NVRAM  unused   0.00      -
SH0.BAY0   SSD    healthy  893.34G   -
SH0.BAY1   SSD    healthy  893.34G   -
SH0.BAY2   SSD    healthy  893.34G   -
SH0.BAY3   SSD    healthy  893.34G   -
SH0.BAY4   SSD    healthy  893.34G   -
SH0.BAY5   SSD    healthy  893.34G   -
SH0.BAY6   SSD    healthy  893.34G   -
SH0.BAY7   SSD    healthy  893.34G   -
SH0.BAY8   SSD    healthy  893.34G   -
SH0.BAY9   SSD    healthy  893.34G   -
SH0.BAY10  SSD    healthy  893.34G   -
SH0.BAY11  SSD    healthy  893.34G   -
SH0.BAY12  SSD    healthy  1.74T     -
SH0.BAY13  SSD    healthy  1.74T     -
SH0.BAY14  SSD    healthy  1.74T     -
SH0.BAY15  SSD    healthy  1.74T     -
SH0.BAY16  SSD    healthy  1.74T     -
SH0.BAY17  SSD    healthy  1.74T     -
SH0.BAY18  SSD    healthy  1.74T     -
SH0.BAY19  SSD    healthy  1.74T     -
SH0.BAY20  SSD    healthy  1.74T     -
SH0.BAY21  SSD    healthy  1.74T     -
SH0.BAY22  SSD    healthy  1.74T     -
SH0.BAY23  SSD    healthy  1.74T     -
SH1.BAY0   SSD    healthy  3.49T     -
SH1.BAY1   SSD    healthy  3.49T     -
SH1.BAY2   SSD    healthy  3.49T     -
SH1.BAY3   SSD    healthy  3.49T     -
SH1.BAY4   SSD    healthy  3.49T     -
SH1.BAY5   SSD    healthy  3.49T     -
SH1.BAY6   SSD    healthy  3.49T     -
SH1.BAY7   SSD    healthy  3.49T     -
SH1.BAY8   SSD    healthy  3.49T     -
SH1.BAY9   SSD    healthy  3.49T     -
SH1.BAY10  SSD    healthy  3.49T     -
SH1.BAY11  SSD    healthy  3.49T     -
SH1.BAY12  SSD    healthy  1.74T     -
SH1.BAY13  SSD    healthy  1.74T     -
SH1.BAY14  SSD    healthy  1.74T     -
SH1.BAY15  SSD    healthy  1.74T     -
SH1.BAY16  SSD    healthy  1.74T     -
SH1.BAY17  SSD    healthy  1.74T     -
SH1.BAY18  SSD    healthy  1.74T     -
SH1.BAY19  SSD    healthy  1.74T     -
SH1.BAY20  SSD    healthy  1.74T     -
SH1.BAY21  SSD    healthy  1.74T     -
SH1.BAY22  SSD    healthy  1.74T     -
SH1.BAY23  SSD    healthy  1.74T     -
SH2.BAY0   SSD    healthy  952.91G   -
SH2.BAY1   SSD    healthy  952.91G   -
SH2.BAY2   SSD    healthy  952.91G   -
SH2.BAY3   SSD    healthy  952.91G   -
SH2.BAY4   SSD    healthy  952.91G   -
SH2.BAY5   SSD    healthy  952.91G   -
SH2.BAY6   SSD    healthy  952.91G   -
SH2.BAY7   SSD    healthy  952.91G   -
SH2.BAY8   SSD    healthy  952.91G   -
SH2.BAY9   SSD    healthy  952.91G   -
SH2.BAY10  SSD    healthy  952.91G   -
SH2.BAY11  SSD    healthy  952.91G   -
SH2.BAY12  -      unused   0.00      -
SH2.BAY13  -      unused   0.00      -
SH2.BAY14  -      unused   0.00      -
SH2.BAY15  -      unused   0.00      -
SH2.BAY16  -      unused   0.00      -
SH2.BAY17  -      unused   0.00      -
SH2.BAY18  -      unused   0.00      -
SH2.BAY19  -      unused   0.00      -
SH2.BAY20  -      unused   0.00      -
SH2.BAY21  -      unused   0.00      -
SH2.BAY22  -      unused   0.00      -
SH2.BAY23  -      unused   0.00      -
SH9.BAY0   SSD    healthy  1.92T     -
SH9.BAY1   SSD    healthy  1.92T     -
SH9.BAY2   SSD    healthy  1.92T     -
SH9.BAY3   SSD    healthy  1.92T     -
SH9.BAY4   SSD    healthy  1.92T     -
SH9.BAY5   SSD    healthy  1.92T     -
SH9.BAY6   SSD    healthy  1.92T     -
SH9.BAY7   SSD    healthy  1.92T     -
SH9.BAY8   SSD    healthy  1.92T     -
SH9.BAY9   SSD    healthy  1.92T     -
SH9.BAY10  SSD    healthy  1.92T     -
SH9.BAY11  SSD    healthy  1.92T     -
SH9.BAY12  SSD    healthy  1.92T     -
SH9.BAY13  SSD    healthy  1.92T     -
SH9.BAY14  -      unused   0.00      -
SH9.BAY15  -      unused   0.00      -
SH9.BAY16  -      unused   0.00      -
SH9.BAY17  -      unused   0.00      -
SH9.BAY18  -      unused   0.00      -
SH9.BAY19  -      unused   0.00      -
SH9.BAY20  -      unused   0.00      -
SH9.BAY21  -      unused   0.00      -
SH9.BAY22  -      unused   0.00      -
SH9.BAY23  -      unused   0.00      -
SH9.BAY24  -      unused   0.00      -
SH9.BAY25  -      unused   0.00      -
SH9.BAY26  -      unused   0.00      -
SH9.BAY27  -      unused   0.00      -
pureeng@apn4purstgp0101-ct0:~$ storagey_view.py config
Start time: 2025-07-22 17:18:14

Command line: ['/opt/Purity/bin/storage_view.py', 'config']
Version: 0.999.1
ERROR: This tool needs to be executed as root.

End time: 2025-07-22 17:18:14
pureeng@apn4purstgp0101-ct0:~$ sudo su 
     root@apn4purstgp0101-ct0:/var/home/pureeng# storage_view.py config
Start time: 2025-07-22 17:18:23

Command line: ['/opt/Purity/bin/storage_view.py', 'config']
Version: 0.999.1
Working at ct0 to look over cables between ct0 and shelves

Slot listing:
 CT    Slot#   Type     Vendor       Model        FW Rev       Tracer       Assembly    
----------------------------------------------------------------------------------------
 ct0     15     SAS   LSI Logic   SAS_HGA-24i  14.00.03.00  PPPCFL204614  PSO400051003  
 ct0    201     SAS   LSI Logic   SAS9305-16e  13.00.00.00   SPB0911544  03-25704-02007 
 ct0    eth6    ETH    Mellanox     MT27710    14.28.1002 (PST0020110036)                             
 ct0    eth7    ETH    Mellanox     MT27710    14.28.1002 (PST0020110036)                             
 ct0    eth8    ETH    Mellanox     MT27710    14.28.1002 (PST0020110036)                             
 ct0    eth9    ETH    Mellanox     MT27710    14.28.1002 (PST0020110036)                             

Slot summary information:
-------------------------
ct0.eth7. (eth7 )] *

ct0.eth9. (eth9 )] *

ct0.SAS6  ( 201 0)] <---> [SAS0 (A) SH00.0    B] <---> [SH02.0 (C) SH02.0    A]*
                              |                         \        B]*
                              \        C]*

ct0.SAS4  ( 201 2)] <---> [SAS3 (C) SH00.1    B] <---> [SH02.1 (A) SH02.1    B]*
                              |                         \        C]*
                              \        A]*

ct0.SAS5  ( 201 3)] <---> [SAS2 (C) SH01.0    B]*
                              \        A]*

ct0.SAS7  ( 201 1)] <---> [SAS5 (A) SH01.1    B]*
                              \        C]*

ct0.eth6. (eth6 )] <---> [0.eth0 (eth0) SH9 .0     ]

ct0.eth8. (eth8 )] <---> [1.eth0 (eth0) SH9 .1     ]

Configuration status
--------------------
Configuration check started for FA-X50R3

SUCCESS: No errors detected.

End time: 2025-07-22 17:18:34
     root@apn4purstgp0101-ct0:/var/home/pureeng# ssh peer
Last login: Thu Nov 21 07:00:56 2024 from fe80::26a9:37ff:fe40:772f%haeth0

Tue Jul 22 17:18:40 2025
Welcome root. This is Purity Version 6.5.8 on FlashArray apn4purstgp0101
http://www.purestorage.com/
     root@apn4purstgp0101-ct1:~# storage_view.py config
Start time: 2025-07-22 17:18:46

Command line: ['/opt/Purity/bin/storage_view.py', 'config']
Version: 0.999.1
Working at ct1 to look over cables between ct1 and shelves

Slot listing:
 CT    Slot#   Type     Vendor       Model        FW Rev       Tracer       Assembly    
----------------------------------------------------------------------------------------
 ct1     15     SAS   LSI Logic   SAS_HGA-24i  14.00.03.00  PPPCFL204615  PSO400051003  
 ct1    201     SAS   LSI Logic   SAS9305-16e  13.00.00.00   SPB0421631  03-25704-02007 
 ct1    eth6    ETH    Mellanox     MT27710    14.28.1002 (PST0020110036)                             
 ct1    eth7    ETH    Mellanox     MT27710    14.28.1002 (PST0020110036)                             
 ct1    eth8    ETH    Mellanox     MT27710    14.28.1002 (PST0020110036)                             
 ct1    eth9    ETH    Mellanox     MT27710    14.28.1002 (PST0020110036)                             

Slot summary information:
-------------------------
ct1.eth7. (eth7 )] *

ct1.eth9. (eth9 )] *

ct1.SAS5  ( 201 3)] <---> [SAS2 (C) SH00.0    B] <---> [SH02.0 (C) SH02.0    A]*
                              |                         \        B]*
                              \        A]*

ct1.SAS7  ( 201 1)] <---> [SAS5 (A) SH00.1    B] <---> [SH02.1 (A) SH02.1    B]*
                              |                         \        C]*
                              \        C]*

ct1.SAS6  ( 201 0)] <---> [SAS0 (A) SH01.0    B]*
                              \        C]*

ct1.SAS4  ( 201 2)] <---> [SAS3 (C) SH01.1    B]*
                              \        A]*

ct1.eth6. (eth6 )] <---> [0.eth2 (eth2) SH9 .0     ]

ct1.eth8. (eth8 )] <---> [1.eth2 (eth2) SH9 .1     ]

Configuration status
--------------------
Configuration check started for FA-X50R3

SUCCESS: No errors detected.

End time: 2025-07-22 17:19:01
     root@apn4purstgp0101-ct1:~# exit
logout
     root@apn4purstgp0101-ct0:/var/home/pureeng# puremessage list --open
     root@apn4purstgp0101-ct0:/var/home/pureeng# purenetwork eth list
Name      Enabled  Type      Subnet  Address       Mask           Gateway      MTU   MAC                Speed       Services     Subinterfaces
ct0.eth0  True     physical  -       10.170.44.91  255.255.254.0  10.170.44.1  1500  24:a9:37:40:77:30  1.00 Gb/s   management   -
ct0.eth1  False    physical  -       -             -              -            1500  24:a9:37:40:77:31  1.00 Gb/s   management   -
ct0.eth4  False    physical  -       -             -              -            1500  24:a9:37:40:77:35  25.00 Gb/s  iscsi        -
ct0.eth5  False    physical  -       -             -              -            1500  24:a9:37:40:77:34  25.00 Gb/s  iscsi        -
ct0.eth7  False    physical  -       -             -              -            4200  24:a9:37:43:27:ad  50.00 Gb/s  -            -
ct0.eth9  False    physical  -       -             -              -            4200  24:a9:37:43:27:af  50.00 Gb/s  -            -
ct1.eth0  True     physical  -       10.170.44.92  255.255.254.0  10.170.44.1  1500  24:a9:37:40:75:f8  1.00 Gb/s   management   -
ct1.eth1  False    physical  -       -             -              -            1500  24:a9:37:40:75:f9  1.00 Gb/s   management   -
ct1.eth4  False    physical  -       -             -              -            1500  24:a9:37:40:75:fd  25.00 Gb/s  iscsi        -
ct1.eth5  False    physical  -       -             -              -            1500  24:a9:37:40:75:fc  25.00 Gb/s  iscsi        -
ct1.eth7  False    physical  -       -             -              -            4200  24:a9:37:43:27:b9  50.00 Gb/s  -            -
ct1.eth9  False    physical  -       -             -              -            4200  24:a9:37:43:27:bb  50.00 Gb/s  -            -
replbond  True     bond      -       10.170.40.90  255.255.255.0  10.170.40.1  9000  ce:e6:00:69:ff:2c  25.00 Gb/s  replication  ct1.eth2
                                                                                                                                 ct0.eth2
                                                                                                                                 ct1.eth3
                                                                                                                                 ct0.eth3
vir0      True     vif       -       10.170.44.90  255.255.254.0  10.170.44.1  1500  2a:aa:27:75:6f:37  1.00 Gb/s   management   -
vir1      False    vif       -       -             -              -            1500  1a:bf:36:c9:ed:9d  1.00 Gb/s   management   -
     root@apn4purstgp0101-ct0:/var/home/pureeng# purenetwork list
Name      Enabled  Speed       Services
CT0.FC0   True     16.00 Gb/s  scsi-fc
CT0.FC1   True     16.00 Gb/s  scsi-fc
CT0.FC2   True     16.00 Gb/s  scsi-fc
CT0.FC3   True     16.00 Gb/s  scsi-fc
CT1.FC0   True     16.00 Gb/s  scsi-fc
CT1.FC1   True     16.00 Gb/s  scsi-fc
CT1.FC2   True     16.00 Gb/s  scsi-fc
CT1.FC3   True     16.00 Gb/s  scsi-fc
ct0.eth0  True     1.00 Gb/s   management
ct0.eth1  False    1.00 Gb/s   management
ct0.eth4  False    25.00 Gb/s  iscsi
ct0.eth5  False    25.00 Gb/s  iscsi
ct0.eth7  False    50.00 Gb/s  -
ct0.eth9  False    50.00 Gb/s  -
ct1.eth0  True     1.00 Gb/s   management
ct1.eth1  False    1.00 Gb/s   management
ct1.eth4  False    25.00 Gb/s  iscsi
ct1.eth5  False    25.00 Gb/s  iscsi
ct1.eth7  False    50.00 Gb/s  -
ct1.eth9  False    50.00 Gb/s  -
replbond  True     25.00 Gb/s  replication
vir0      True     1.00 Gb/s   management
vir1      False    1.00 Gb/s   management
     root@apn4purstgp0101-ct0:/var/home/pureeng# purenetwork fc list
Name     Enabled  WWN                      Speed       Services
CT0.FC0  True     52:4A:93:7E:C8:63:C1:00  16.00 Gb/s  scsi-fc
CT0.FC1  True     52:4A:93:7E:C8:63:C1:01  16.00 Gb/s  scsi-fc
CT0.FC2  True     52:4A:93:7E:C8:63:C1:02  16.00 Gb/s  scsi-fc
CT0.FC3  True     52:4A:93:7E:C8:63:C1:03  16.00 Gb/s  scsi-fc
CT1.FC0  True     52:4A:93:7E:C8:63:C1:10  16.00 Gb/s  scsi-fc
CT1.FC1  True     52:4A:93:7E:C8:63:C1:11  16.00 Gb/s  scsi-fc
CT1.FC2  True     52:4A:93:7E:C8:63:C1:12  16.00 Gb/s  scsi-fc
CT1.FC3  True     52:4A:93:7E:C8:63:C1:13  16.00 Gb/s  scsi-fc
     root@apn4purstgp0101-ct0:/var/home/pureeng# iobalance --sampletime 105
sampling host I/O for 15 seconds...
                Host  CT0 I/O Count  CT1 I/O Count  
  SPC1HDGDBSP0201-DR        7.00        7.00  
  SPC1NETDBSP0401-DR        0.00        0.00  ? Host is idle
     SPN4NICSQLP0101        0.00        0.00  ? Host is idle
     SPN4VMWHSTP0109       1.40K      925.00  ! unbalanced I/O
     SPN4VMWHSTP0110       4.15K      21.72K  ! unbalanced I/O
     SPN4VMWHSTP2001      166.00      170.00  
     SPN4VMWHSTP2002      187.00      175.00  
     SPN4VMWHSTP2003        0.00        0.00  ? Host is idle
     SPN4VMWHSTP2004        0.00        0.00  ? Host is idle
     SPN4VMWHSTP2005        0.00        0.00  ? Host is idle
     SPN4VMWHSTP2006        0.00        0.00  ? Host is idle
     SPN4VMWHSTP2007        0.00        0.00  ? Host is idle
     SPN4VMWHSTP2008        0.00        0.00  ? Host is idle
     SPN4VMWHSTP2010        0.00        0.00  ? Host is idle
     SPN4VMWHSTP2011        0.00        0.00  ? Host is idle
     root@apn4purstgp0101-ct0:/var/home/pureeng# fcpureportlist=`pureport list --initiator | awk '/Target/,0' | cut -d. -f1 | awk '{print $1,$5}' | grep -v '-' | grep -v "Initiator" | uniq -c; echo`; fcpureportlistcount=`echo "$fcpureportli st" | awk '{total += $1} END {print total}'`; echo -e "$fcpureportlist\n\n"; echo -e "\tTotal FC connections: $fcpureportlistcount\n\n";
      1 10:00:1C:98:EC:09:FB:2E CT0
      1 10:00:1C:98:EC:09:FB:2E CT1
      1 10:00:1C:98:EC:09:FB:2F CT0
      1 10:00:1C:98:EC:09:FB:2F CT1
      1 10:00:94:57:A5:A7:C7:81 CT0
      1 10:00:94:57:A5:A7:C7:81 CT1
      1 10:00:94:57:A5:A8:23:39 CT0
      1 10:00:94:57:A5:A8:23:39 CT1
      1 10:00:D0:67:26:06:1B:A1 CT0
      1 10:00:D0:67:26:06:1B:A1 CT1
      1 10:00:D0:67:26:06:1B:A9 CT0
      1 10:00:D0:67:26:06:1B:A9 CT1
      1 10:00:D0:67:26:06:5B:01 CT0
      1 10:00:D0:67:26:06:5B:01 CT1
      1 10:00:D0:67:26:06:5B:09 CT0
      1 10:00:D0:67:26:06:5B:09 CT1
      1 10:00:D0:67:26:06:5B:91 CT0
      1 10:00:D0:67:26:06:5B:91 CT1
      1 10:00:D0:67:26:06:5B:99 CT0
      1 10:00:D0:67:26:06:5B:99 CT1
      1 10:00:D0:67:26:06:AB:B1 CT0
      1 10:00:D0:67:26:06:AB:B1 CT1
      1 10:00:D0:67:26:06:AB:B9 CT0
      1 10:00:D0:67:26:06:AB:B9 CT1
      1 10:00:D0:67:26:06:BF:21 CT0
      1 10:00:D0:67:26:06:BF:21 CT1
      1 10:00:D0:67:26:06:BF:29 CT0
      1 10:00:D0:67:26:06:BF:29 CT1
      1 10:00:D0:67:26:06:FB:41 CT0
      1 10:00:D0:67:26:06:FB:41 CT1
      1 10:00:D0:67:26:06:FB:49 CT0
      1 10:00:D0:67:26:06:FB:49 CT1
      1 10:00:EC:EB:B8:81:20:81 CT0
      1 10:00:EC:EB:B8:81:20:81 CT1
      1 10:00:EC:EB:B8:81:20:89 CT0
      1 10:00:EC:EB:B8:81:20:89 CT1
      1 10:00:EC:EB:B8:81:20:B1 CT0
      1 10:00:EC:EB:B8:81:20:B1 CT1
      1 10:00:EC:EB:B8:81:20:B9 CT0
      1 10:00:EC:EB:B8:81:20:B9 CT1
      1 10:00:EC:EB:B8:81:30:01 CT0
      1 10:00:EC:EB:B8:81:30:01 CT1
      1 10:00:EC:EB:B8:81:30:09 CT0
      1 10:00:EC:EB:B8:81:30:09 CT1
      1 10:00:EC:EB:B8:81:40:B1 CT0
      1 10:00:EC:EB:B8:81:40:B1 CT1
      1 10:00:EC:EB:B8:81:40:B9 CT0
      1 10:00:EC:EB:B8:81:40:B9 CT1
      1 10:00:EC:EB:B8:81:50:E1 CT0
      1 10:00:EC:EB:B8:81:50:E1 CT1
      1 10:00:EC:EB:B8:81:50:E9 CT0
      1 10:00:EC:EB:B8:81:50:E9 CT1
      1 10:00:EC:EB:B8:83:D6:91 CT0
      1 10:00:EC:EB:B8:83:D6:91 CT1
      1 10:00:EC:EB:B8:83:D6:99 CT0
      1 10:00:EC:EB:B8:83:D6:99 CT1


Total FC connections: 56


     root@apn4purstgp0101-ct0:/var/home/pureeng# list=`pureport list --initiator`; echo; for i in {0..1}; do for j in {0..9}; do cnt=`echo "$list"|grep CT$i.FC$j|wc -l`;echo CT$i.FC$j $cnt; done; echo; done

CT0.FC0 13
CT0.FC1 0
CT0.FC2 15
CT0.FC3 0
CT0.FC4 0
CT0.FC5 0
CT0.FC6 0
CT0.FC7 0
CT0.FC8 0
CT0.FC9 0

CT1.FC0 15
CT1.FC1 0
CT1.FC2 13
CT1.FC3 0
CT1.FC4 0
CT1.FC5 0
CT1.FC6 0
CT1.FC7 0
CT1.FC8 0
CT1.FC9 0

     root@apn4purstgp0101-ct0:/var/home/pureeng# purearray list --connect --path && ssh peer purearray list --connect --path
     root@apn4purstgp0101-ct0:/var/home/pureeng# purealert tag --timeout 300m --maintenance
Name         Created                  Expires
maintenance  2025-07-22 17:21:21 EDT  2025-07-22 22:21:21 EDT
     root@apn4purstgp0101-ct0:/var/home/pureeng# purelalert list --tag
Name         Created                  Expires
maintenance  2025-07-22 17:21:21 EDT  2025-07-22 22:21:21 EDT
     root@apn4purstgp0101-ct0:/var/home/pureeng# purehw list --type pwr
Name      Status  Identify  Slot  Index  Speed  Temperature  Voltage  Details
CH0.PWR0  ok      -         -     0      -      -            206 V    -
CH0.PWR1  ok      -         -     1      -      -            207 V    -
SH0.PWR0  ok      -         -     0      -      -            -        -
SH0.PWR1  ok      -         -     1      -      -            -        -
SH1.PWR0  ok      -         -     0      -      -            -        -
SH1.PWR1  ok      -         -     1      -      -            -        -
SH2.PWR0  ok      -         -     0      -      -            -        -
SH2.PWR1  ok      -         -     1      -      -            -        -
SH9.PWR0  ok      -         -     0      -      -            207 V    -
SH9.PWR1  ok      -         -     1      -      -            208 V    -
     root@apn4purstgp0101-ct0:/var/home/pureeng# puremeessage list =-op--open
     root@apn4purstgp0101-ct0:/var/home/pureeng# pureaarray list --controller
Name     Type              Mode       Model     Version  Status  Internal Details
CT0      array_controller  secondary  FA-X50R3  6.5.8    ready   
CT1      array_controller  primary    FA-X50R3  6.5.8    ready   
SH9.SC0  shelf_controller  -          DFSC1     2.2.1    -       -
SH9.SC1  shelf_controller  -          DFSC1     2.2.1    -       -
     root@apn4purstgp0101-ct0:/var/home/pureeng# purearray list --controller
Name     Type              Mode       Model     Version  Status  Internal Details
CT0      array_controller  secondary  FA-X50R3  6.5.8    ready   
CT1      array_controller  primary    FA-X50R3  6.5.8    ready   
SH9.SC0  shelf_controller  -          DFSC1     2.2.1    -       -
SH9.SC1  shelf_controller  -          DFSC1     2.2.1    -       -
     root@apn4purstgp0101-ct0:/var/home/pureeng# =~=~=~=~=~=~=~=~=~=~=~= PuTTY log 2025.07.22 17:42:32 =~=~=~=~=~=~=~=~=~=~=~=

PCTFJ2512003A login: puresetup
Password: 

Tue Jul 22 21:40:06 2025
Welcome puresetup. This is Purity Version 6.5.5 on FlashArray PCTFJ2512003A
http://www.purestorage.com/
puresetup@PCTFJ2512003A:~$ pureboot list
===================================================================
=                            NOTICE                               =
===================================================================
=                                                                 =
=    Firmware is currently being checked and/or updated           =
=    on this controller.                                          =
=                                                                 =
=    If updates are necessary they will be applied automatically, =
=    and one or more automatic reboots may occur as a result.     =
=    A completion notice will be provided when done.              =
=                                                                 =
=    DO NOT RESTART OR REMOVE POWER WHILE UPDATE IS IN PROGRESS   =
=                                                                 =
===================================================================


Marked entry (*) is currently running
Marked entry (-->) will run at next reboot
*-->0. Purity 6.5.5 (202404130351+34e2b1e66ad3) with kernel 5.15.123+ (202403191505+d9f0e688c788) on first (/dev/sda3)
    1. Purity 6.5.5 (202404130351+34e2b1e66ad3) with kernel 5.15.123+ (202403191505+d9f0e688c788) on second (/dev/sda4)
puresetup@PCTFJ2512003A:~$                                                                                
Broadcast message from root@PCTFJ2512003A (somewhere) (Tue Jul 22 21:43:04 2025
                                                                               
===================================================================            
=                   UPDATE AND/OR CHECK COMPLETE                  =            
=                                                                 =            
=    The firmware checks/updates on this system are now complete. =            
=    No further action is required, and the controller will       =            
=    continue running as usual                                    =            
=                                                                 =            
===================================================================            
                                                                               
                                                                               

puresetup@PCTFJ2512003A:~$ 
Purity

PCTFJ2512003A login: 
PCTFJ2512003A login: puresetup
Password: 
Last login: Tue Jul 22 21:40:06 UTC 2025 on ttyS0

Tue Jul 22 21:51:50 2025
Welcome puresetup. This is Purity Version 6.5.5 on FlashArray PCTFJ2512003A
http://www.purestorage.com/
puresetup@PCTFJ2512003A:~$ pureboot list

Marked entry (*) is currently running
Marked entry (-->) will run at next reboot
*-->0. Purity 6.5.5 (202404130351+34e2b1e66ad3) with kernel 5.15.123+ (202403191505+d9f0e688c788) on first (/dev/sda3)
    1. Purity 6.5.5 (202404130351+34e2b1e66ad3) with kernel 5.15.123+ (202403191505+d9f0e688c788) on second (/dev/sda4)
puresetup@PCTFJ2512003A:~$ 
Purity

PCTFJ2512003A login: 
PCTFJ2512003A login: puresetup
Password: 
<fw_update_tool>
===================================================================
=                            NOTICE                               =
===================================================================
=                                                                 =
=    Firmware is currently being checked and/or updated           =
=    on this controller.                                          =
=                                                                 =
=    If updates are necessary they will be applied automatically, =
=    and one or more automatic reboots may occur as a result.     =
=    A completion notice will be provided when done.              =
=                                                                 =
=    DO NOT RESTART OR REMOVE POWER WHILE UPDATE IS IN PROGRESS   =
=                                                                 =
===================================================================
<fw_update_tool>
Last login: Tue Jul 22 21:51:49 UTC 2025 on ttyS0

Tue Jul 22 21:57:54 2025
Welcome puresetup. This is Purity Version 6.5.5 on FlashArray PCTFJ2512003A
http://www.purestorage.com/
puresetup@PCTFJ2512003A:~$ mount /dev/sdb1 /mnt
The disk contains an unclean file system (0, 0).
The file system wasn't safely closed on Windows. Fixing.
puresetup@PCTFJ2512003A:~$ cp /mnt/6.5.8/* .
puresetup@PCTFJ2512003A:~$                                                                                
Broadcast message from root@PCTFJ2512003A (somewhere) (Tue Jul 22 21:58:59 2025
                                                                               
===================================================================            
=                   UPDATE AND/OR CHECK COMPLETE                  =            
=                                                                 =            
=    The firmware checks/updates on this system are now complete. =            
=    No further action is required, and the controller will       =            
=    continue running as usual                                    =            
=                                                                 =            
===================================================================            
                                                                               
                                                                               

puresetup@PCTFJ2512003A:~$ puresintainstall purity_6.5.8_202408090136+b967c2f84655.ppkg
Installing Purity on alternate partition labeled second.
Erasing Purity software image from alternate partition second to prepare for installation.
WARNING: Do not interrupt this process!!
Unpacking new Purity software.
................................................................................................................................................................................................................................................................................................................................................................................................................................................................................................................................................................................................................................................................................................................................................................................................................................................................................................................................................................................................................................................................................................................................................................................................................................................................................................
Verifying package...

Finalizing installation. This may take several minutes.
Executing /altroot/opt/purextras/bin/finish-install.sh
Executing /altroot/opt/purextras/bin/finish-install.azure-propagate.sh
Executing /altroot/opt/purextras/bin/finish-install.cbs.sh
Executing /altroot/opt/purextras/bin/finish-install.cdu-pureinstall-lib.sh
Executing /altroot/opt/purextras/bin/finish-install.fix-dpkg.sh
Purity installed.
Installation complete. The new Purity version will load at next reboot.

Important!
The first boot of a new Purity version may take longer if the new version includes controller firmware updates.
DO NOT REBOOT THE CONTROLLER DURING THE FIRMWARE UPDATE.

Refer to http://community.purestorage.com for more information about the Purity upgrade process and firmware updates.
puresetup@PCTFJ2512003A:~$ pureboot reboot --offline
[Errno 111] Connection refused
 GNU GRUB  version 2.06

/----------------------------------------------------------------------------\||||||||||||||||||||||||||\----------------------------------------------------------------------------/     Use the ^ and v keys to select which entry is highlighted.          
      Press enter to boot the selected OS, `e' to edit the commands       
      before booting or `c' for a command-line.                             Purity 6.5.5 (202404130351+34e2b1e66ad3) with kernel 5.15.123+ (2024031915>
*Purity 6.5.8 (202408090136+b967c2f84655) with kernel 5.15.123+ (2024071402>
                                                                                                                                                                                                                                                                                                                                                                                                                                                                                                                                                                                                                                                                                                                                                                                                                                                                        The highlighted entry will be executed automatically in 3s.                    The highlighted entry will be executed automatically in 2s.                    The highlighted entry will be executed automatically in 1s.                    The highlighted entry will be executed automatically in 0s.                 
Purity

PCTFJ2512003A login: puresetup
Password: 
<fw_update_tool>
===================================================================
=                            NOTICE                               =
===================================================================
=                                                                 =
=    Firmware is currently being checked and/or updated           =
=    on this controller.                                          =
=                                                                 =
=    If updates are necessary they will be applied automatically, =
=    and one or more automatic reboots may occur as a result.     =
=    A completion notice will be provided when done.              =
=                                                                 =
=    DO NOT RESTART OR REMOVE POWER WHILE UPDATE IS IN PROGRESS   =
=                                                                 =
===================================================================
<fw_update_tool>
Last login: Tue Jul 22 21:57:51 UTC 2025 on ttyS0

Tue Jul 22 22:03:27 2025
Welcome puresetup. This is Purity Version 6.5.8 on FlashArray PCTFJ2512003A
http://www.purestorage.com/
puresetup@PCTFJ2512003A:~$ 
puresetup@PCTFJ2512003A:~$ pureboot list
===================================================================
=                            NOTICE                               =
===================================================================
=                                                                 =
=    Firmware is currently being checked and/or updated           =
=    on this controller.                                          =
=                                                                 =
=    If updates are necessary they will be applied automatically, =
=    and one or more automatic reboots may occur as a result.     =
=    A completion notice will be provided when done.              =
=                                                                 =
=    DO NOT RESTART OR REMOVE POWER WHILE UPDATE IS IN PROGRESS   =
=                                                                 =
===================================================================


Marked entry (*) is currently running
Marked entry (-->) will run at next reboot
    0. Purity 6.5.5 (202404130351+34e2b1e66ad3) with kernel 5.15.123+ (202403191505+d9f0e688c788) on first (/dev/sda3)
*-->1. Purity 6.5.8 (202408090136+b967c2f84655) with kernel 5.15.123+ (202407140227+e4052619b975) on second (/dev/sda4)
puresetup@PCTFJ2512003A:~$ 
puresetup@PCTFJ2512003A:~$  GNU GRUB  version 2.06

/----------------------------------------------------------------------------\||||||||||||||||||||||||||\----------------------------------------------------------------------------/     Use the ^ and v keys to select which entry is highlighted.          
      Press enter to boot the selected OS, `e' to edit the commands       
      before booting or `c' for a command-line.                             Purity 6.5.5 (202404130351+34e2b1e66ad3) with kernel 5.15.123+ (2024031915>
*Purity 6.5.8 (202408090136+b967c2f84655) with kernel 5.15.123+ (2024071402>
                                                                                                                                                                                                                                                                                                                                                                                                                                                                                                                                                                                                                                                                                                                                                                                                                                                                        The highlighted entry will be executed automatically in 3s.                    The highlighted entry will be executed automatically in 2s.                    The highlighted entry will be executed automatically in 1s.                    The highlighted entry will be executed automatically in 0s.                 
Purity

PCTFJ2512003A login: puresetup
Password: 
--
Are you looking for some specific information?  Try searching the Pure Support pages at [[https://support.purestorage.com/|support.purestorage.com]]\\ 
All these should be shared with you already in your Resilio folder.  
[[https://smartlikerocks.com/tsp/TSP-Pure/| View All Resilio Sync Files]]\\ 
Below you will find direct links to what I think are more relevent documents,

==PURESETUP USER==
[[https://smartlikerocks.com/tsp/TSP-Pure/Misc%20Tech%20Docs/Purity%20User%20Info_%20puresetup.pdf|Puresetup User]]\\ 

----

==CLI COMMAND REFERENCE==
[[https://smartlikerocks.com/tsp/TSP-Pure/Wisniewski%20Documentation/CLI%20Command%20List.txt|Command List]]\\ 
[[https://smartlikerocks.com/tsp/TSP-Pure/Purity%20FlashArray%20CLI%20Command/purearray.pdf|CLI Purearray]]\\ 
[[https://smartlikerocks.com/tsp/TSP-Pure/Purity%20FlashArray%20CLI%20Command/purehw.pdf|CLI Purehw]]\\ 
[[https://smartlikerocks.com/tsp/TSP-Pure/Purity%20FlashArray%20CLI%20Command/puredrive.pdf|CLI Puredrive]]\\ 
[[https://smartlikerocks.com/tsp/TSP-Pure/Purity%20FlashArray%20CLI%20Command/Purenetwork.pdf|CLI Purenetwork]]\\ 

----

==QUICK INSTALL GUIDES==
[[https://smartlikerocks.com/tsp/TSP-Pure/Quick%20Install%20Guides%20%26%20Cabling%20Guides/PN-40-0235-01-FA-X-R3-QIG.pdf|FlashArray/X R2 and R3]]\\ 
[[https://smartlikerocks.com/tsp/TSP-Pure/Quick%20Install%20Guides%20%26%20Cabling%20Guides/PN-40-0128-03-DirectFlash-QIG.pdf|DirectFlash Shelf]]\\ 
[[https://smartlikerocks.com/tsp/TSP-Pure/Quick%20Install%20Guides%20%26%20Cabling%20Guides/PN-40-0029-06-Add-on-Shelf-QIG.pdf|Add-on Shelf (for M arrays)]]\\ 
[[https://smartlikerocks.com/tsp/TSP-Pure/Quick%20Install%20Guides%20%26%20Cabling%20Guides/PN-40-0101-04-Expansion-Shelf-QIG.pdf|Expansion Shelf]]\\ 
[[https://smartlikerocks.com/tsp/TSP-Pure/FlashBlade%20FB/PN-40-0284-00-FBS-QIG.pdf|FlashBlade /S]]


----

==OTHER INFORMATION==
[[https://smartlikerocks.com/tsp/TSP-Pure/Pure%20Storage%20FlashArray%20Decoder%20Ring%20Versions/Flasharray_Decoder_Ring_v3.1.7.xlsx|FlashArray Decoder Ring]]\\ 
[[https://smartlikerocks.com/tsp/TSP-Pure/Pure%20Maintenance/X%20Series/X%20Series%20Replacement%20Guide.pdf.pdf|FlashArray/X Maintenance]]\\ 
[[https://smartlikerocks.com/tsp/TSP-Pure/Pure%20Storage%20FlashArray%20Planning%20Guide/FlashArray_IWB%20Pre-Installation%20Worksheet.xlsx|Pre-Install Workbook XLS]]\\ 
[[https://smartlikerocks.com/tsp/TSP-Pure/Pure%20Storage%20FlashArray%20Planning%20Guide/PN-40-0200-02-FA-XR2_XR3-Site-Planning-Guide.pdf|Flasharray/X Planning Guide]]\\ 
[[https://smartlikerocks.com/tsp/TSP-Pure/Pure%20Storage%20FlashArray%20Planning%20Guide/PN-40-0102-04-FA-M-Site-Planning-Guide.pdf|FlashArray/M Guide]]\\  
[[https://smartlikerocks.com/tsp/TSP-Pure/Wisniewski%20Documentation/Network%20IP%20Addresses%20Ver2.txt|purenetwork Command Ex:]]\\ 

----
~~DISCUSSION~~


^C
Purity

PCTFJ2512003A login: p; uresetup
Password: 
<fw_update_tool>
===================================================================
=                            NOTICE                               =
===================================================================
=                                                                 =
=    Firmware is currently being checked and/or updated           =
=    on this controller.                                          =
=                                                                 =
=    If updates are necessary they will be applied automatically, =
=    and one or more automatic reboots may occur as a result.     =
=    A completion notice will be provided when done.              =
=                                                                 =
=    DO NOT RESTART OR REMOVE POWER WHILE UPDATE IS IN PROGRESS   =
=                                                                 =
===================================================================
<fw_update_tool>
Last login: Tue Jul 22 22:03:27 UTC 2025 on ttyS0

Tue Jul 22 22:12:30 2025
Welcome puresetup. This is Purity Version 6.5.8 on FlashArray PCTFJ2512003A
http://www.purestorage.com/
puresetup@PCTFJ2512003A:~$                                                                                
Broadcast message from root@PCTFJ2512003A (somewhere) (Tue Jul 22 22:12:52 2025
                                                                               
===================================================================            
=                   UPDATE AND/OR CHECK COMPLETE                  =            
=                                                                 =            
=    The firmware checks/updates on this system are now complete. =            
=    No further action is required, and the controller will       =            
=    continue running as usual                                    =            
=                                                                 =            
===================================================================            
                                                                               
                                                                               

puresetup@PCTFJ2512003A:~$ puresetup replace --from-controller FA-X50R3
##########################################
#   Welcome to the Purity Setup Wizard   #
##########################################
Controller hardware model is compatible with the controller purity version
[Errno 111] Connection refused
Local controller model is FA-X50R4.
Drive detected storage type is X.
FA-X50R3 found to be replaced by FA-X50R4 has storage type X.
Controller type supports multiple storage types, detecting type of storage installed...
Detected storage type X
Pre-existing storage type X was found on the device
Successfully configured storage type X for array controller
Check Cobalt NDU controllers.. OK
Check RDL..................... OK
Check shelf cabling........... OK
Check controller link......... OK
Check power supply............ OK
Check PCIE AER errors......... OK
Check io card pci id's........ OK
Check LOM MAC addresses....... OK
Getting local controller type. Local controller type is cobalt_sas_a.
Getting local controller variant. Not a generic controller, Exiting.
Checking peer controller for tunables

Apply PS_DEVICE_REKEY_FLUSH_MS = 0 # ES-74838
 (y/n):y
Apply PS_DEVICE_REKEY_FLUSH_MS = 0 # ES-74838
 (y/n): y
Tunable parameter set: PS_DEVICE_REKEY_FLUSH_MS=0

Apply ATOM_5177 = DEF # CLOUD-113977
 (y/n):y
Apply ATOM_5177 = DEF # CLOUD-113977
 (y/n): y
Tunable parameter set: ATOM_5177=DEF

Apply ATOM_SECURITY_BUNDLE_FA_2024_01_15 = PCTFL204800FF,PCTFL20480119,6.1.25 #
 (y/n):y
Apply ATOM_SECURITY_BUNDLE_FA_2024_01_15 = PCTFL204800FF,PCTFL20480119,6.1.25 #
 (y/n): y
Tunable parameter set: ATOM_SECURITY_BUNDLE_FA_2024_01_15=PCTFL204800FF,PCTFL20480119,6.1.25

Apply PS_FILEGW_SMB_HIDE_DOT_SNAPSHOT = 0 # Set during upgrade to 6.3.18 - CLOUD
 (y/n):y
Apply PS_FILEGW_SMB_HIDE_DOT_SNAPSHOT = 0 # Set during upgrade to 6.3.18 - CLOUD
 (y/n): y
Tunable parameter set: PS_FILEGW_SMB_HIDE_DOT_SNAPSHOT=0

Apply ATOM_10072 = GH # CLOUD-152371
 (y/n):y
Apply ATOM_10072 = GH # CLOUD-152371
 (y/n): y
Tunable parameter set: ATOM_10072=GH

Apply ATOM_SECURITY_PATCH_FA_2025_A = PCTFL204800FF,PCTFL20480119,6.5.8 # CLOUD-
 (y/n):y
Apply ATOM_SECURITY_PATCH_FA_2025_A = PCTFL204800FF,PCTFL20480119,6.5.8 # CLOUD-
 (y/n): y
Tunable parameter set: ATOM_SECURITY_PATCH_FA_2025_A=PCTFL204800FF,PCTFL20480119,6.5.8

Apply PS_DISABLE_ERADICATION = 1 # CS1004830
 (y/n):y
Apply PS_DISABLE_ERADICATION = 1 # CS1004830
 (y/n): y
Tunable parameter set: PS_DISABLE_ERADICATION=1
Stopping purity to ensure tunables are properly loaded.
Press ENTER to reboot
y 
Please run puresetup again after reboot.
=~=~=~=~=~=~=~=~=~=~=~= PuTTY log 2025.07.22 18:17:41 =~=~=~=~=~=~=~=~=~=~=~=

APN4PURSTGP0102-ct0 login: pureeng
1) Authenticate via CloudAssist
2) Authenticate via command line
3) Restore challenge
Type the number corresponding to the authentication method you want to use.

Selection: 1

An email for identity verification will be sent once email is entered.
Please follow the authentication instructions provided there and return to this screen when finished or if email has not been received.


Enter an email address: fharris@purestorage.com
Successfully authenticated
Last login: Sat Oct 22 13:36:53 EDT 2022 from 127.0.0.1 on pts/5

Tue Jul 22 18:18:16 2025
Welcome pureeng. This is Purity Version 6.5.8 on FlashArray APN4PURSTGP0102
http://www.purestorage.com/
pureeng@APN4PURSTGP0102-ct0:~$ purearray list --controller
Name  Type              Mode       Model     Version  Status  Internal Details
CT0   array_controller  primary    FA-X50R3  6.5.8    ready   
CT1   array_controller  secondary  FA-X50R3  6.5.8    ready   
pureeng@APN4PURSTGP0102-ct0:~$ =~=~=~=~=~=~=~=~=~=~=~= PuTTY log 2025.07.22 18:18:50 =~=~=~=~=~=~=~=~=~=~=~=
   The highlighted entry will be executed automatically in 2s.                                                                                                                                                                               
Purity

PCTFJ2512003A login: puresetup
Password: 

Login incorrect
PCTFJ2512003A login: puresetup
Password: 
<fw_update_tool>
===================================================================
=                            NOTICE                               =
===================================================================
=                                                                 =
=    Firmware is currently being checked and/or updated           =
=    on this controller.                                          =
=                                                                 =
=    If updates are necessary they will be applied automatically, =
=    and one or more automatic reboots may occur as a result.     =
=    A completion notice will be provided when done.              =
=                                                                 =
=    DO NOT RESTART OR REMOVE POWER WHILE UPDATE IS IN PROGRESS   =
=                                                                 =
===================================================================
<fw_update_tool>
Last login: Tue Jul 22 22:12:30 UTC 2025 on ttyS0

Tue Jul 22 22:17:47 2025
Welcome puresetup. This is Purity Version 6.5.8 on FlashArray PCTFJ2512003A
http://www.purestorage.com/
puresetup@PCTFJ2512003A:~$                                                                                
Broadcast message from root@PCTFJ2512003A (somewhere) (Tue Jul 22 22:17:56 2025
                                                                               
===================================================================            
=                   UPDATE AND/OR CHECK COMPLETE                  =            
=                                                                 =            
=    The firmware checks/updates on this system are now complete. =            
=    No further action is required, and the controller will       =            
=    continue running as usual                                    =            
=                                                                 =            
===================================================================            
                                                                               
                                                                               

puresetup@PCTFJ2512003A:~$ puresetup replace --from-controller FA-X50R3
##########################################
#   Welcome to the Purity Setup Wizard   #
##########################################
Controller hardware model is compatible with the controller purity version
[Errno 111] Connection refused
Local controller model is FA-X50R4.
Drive detected storage type is X.
FA-X50R3 found to be replaced by FA-X50R4 has storage type X.
Controller type supports multiple storage types, detecting type of storage installed...
Detected storage type X
Pre-existing storage type X was found on the device
Successfully configured storage type X for array controller
Check Cobalt NDU controllers.. OK
Check RDL..................... OK
Check shelf cabling........... OK
Check controller link......... OK
Check power supply............ OK
Check PCIE AER errors......... OK
Check io card pci id's........ OK
Check LOM MAC addresses....... OK
Getting local controller type. Local controller type is cobalt_sas_a.
Getting local controller variant. Not a generic controller, Exiting.
Checking peer controller for tunables
purity.service stablized: done
purity start/running
platform: ..done
foed: .done
gui: .....done
rest: done
platform_env: 0.done
quorum: .............done
foed_env: 1.1.1.1.1.1.1.1.1.1.1.1.1.1.1.1.1.1.1.1.1.1.1.1.1.1.1.1.1.1.1.1.1.1.1.1.1.1.1.1.1.1.1.1.1.1.1.1.1.1.2.2.1.1.1.1.1.1.1.1.1.1.1.1.1.1.1.1.1.1.1.1.
Pending services are:  Starting: ps_segment_ledger
foed_env didn't respond in 180s - exiting

 Skip waiting for san during HW NDU
service foed_env not healthy.
Error: Could not start Purity. Exiting.
CONFIG_TASK_COMPLETED:CONFIG_TASK_PURESETUP_EXITED
puresetup@PCTFJ2512003A:~$ puresetup replace --from-controller FA-X50R3
##########################################
#   Welcome to the Purity Setup Wizard   #
##########################################
Controller hardware model is compatible with the controller purity version
Name       Created                  Expires
puresetup  2025-07-22 22:23:25 UTC  2025-07-22 23:23:25 UTC
Local controller model is FA-X50R4.
Drive detected storage type is X.
FA-X50R3 found to be replaced by FA-X50R4 has storage type X.
Controller type supports multiple storage types, detecting type of storage installed...
Detected storage type X
Pre-existing storage type X was found on the device
Successfully configured storage type X for array controller
Check Cobalt NDU controllers.. OK
Check RDL..................... OK
Check shelf cabling........... OK
Check controller link......... OK
Check power supply............ OK
Check PCIE AER errors......... OK
Check io card pci id's........ OK
Check LOM MAC addresses....... OK
Getting local controller type. Local controller type is cobalt_sas_a.
Getting local controller variant. Not a generic controller, Exiting.
Checking peer controller for tunables
purity.service stablized: done
platform: done
foed: done
gui: done
rest: done
platform_env: 0.done
quorum: done
foed_env: 0.done
foed_ready: done
remote_patch: done
driver: done
san: Skip waiting for san during HW NDU
[FA-X50R3.CT0.ETH1] does not need to be migrated since it has no configuration and is not a subinterface.
[FA-X50R3.CT0.ETH4] does not need to be migrated since it has no configuration and is not a subinterface.
[FA-X50R3.CT0.ETH5] does not need to be migrated since it has no configuration and is not a subinterface.
[FA-X50R3.CT0.ETH6] does not need to be migrated since it has no configuration and is not a subinterface.
[FA-X50R3.CT0.ETH7] does not need to be migrated since it has no configuration and is not a subinterface.
[FA-X50R3.CT0.ETH8] does not need to be migrated since it has no configuration and is not a subinterface.
[FA-X50R3.CT0.ETH9] does not need to be migrated since it has no configuration and is not a subinterface.
Please move ports as shown below:
[FA-X50R3.CT0.ETH0] ====>> [FA-X50R4.CT0.ETH4](Slot: LOM)
[FA-X50R3.CT0.ETH2] ====>> [FA-X50R4.CT0.ETH2](Slot: LOM)
Press Enter to show more lines...
[FA-X50R3.CT0.ETH3] ====>> [FA-X50R4.CT0.ETH3](Slot: LOM)
[FA-X50R3.CT0.FC0] ====>> [FA-X50R4.CT0.FC12](Slot:3)
[FA-X50R3.CT0.FC1] ====>> [FA-X50R4.CT0.FC13](Slot:3)
[FA-X50R3.CT0.FC2] ====>> [FA-X50R4.CT0.FC14](Slot:3)
[FA-X50R3.CT0.FC3] ====>> [FA-X50R4.CT0.FC15](Slot:3)

After the cables have been moved, type "CONTINUE": continue
Configuring network ports...
Perform ping test on port ETH4 ....... OK
Checking SAN connectivity.                                                                               
Broadcast message from root@apn4purstgp0101-ct0 (somewhere) (Tue Jul 22 22:25:0
                                                                               
                                                                               
Purity//FA Information System Status                                           
====================================                                           
Purity//FA has successfully started for                                        
the first time after an install                                                
or upgrade. Purity//FA 6.5.8 (202408090136+b967c2f84655-65x)                   
is now set to be the default.                                                  
                                                                               
                                                                               
Broadcast message from root@apn4purstgp0101-ct0 (somewhere) (Tue Jul 22 22:25:0
                                                                               
                                                                               
Purity//FA Information System Status                                           
====================================                                           
Purity//FA has successfully started for                                        
the first time after an install                                                
or upgrade. Purity//FA 6.5.8 (202408090136+b967c2f84655-65x)                   
is now set to be the default.                                                  
                                                                               

SAN is ready.
Waiting for Software Check:.Checking iobalance before proceeding, sampling for 30 seconds, retrying 1 times, adding 30 seconds with each retry
Try 1/2: Sampling I/O for 30 seconds
^C
Exit without saving changes.
CONFIG_TASK_COMPLETED:CONFIG_TASK_PURESETUP_EXITED
puresetup@PCTFJ2512003A:~$ purehw list
Name          Status         Identify  Slot  Index  Speed       Temperature  Voltage  Details
CH0           ok             off       -     0      -           -            -        -
CH0.BAY0      ok             off       -     0      -           -            -        -
CH0.BAY1      ok             off       -     1      -           -            -        -
CH0.BAY2      ok             off       -     2      -           -            -        -
CH0.BAY3      ok             off       -     3      -           -            -        -
CH0.BAY4      ok             off       -     4      -           -            -        -
CH0.BAY5      ok             off       -     5      -           -            -        -
CH0.BAY6      ok             off       -     6      -           -            -        -
CH0.BAY7      ok             off       -     7      -           -            -        -
CH0.BAY8      ok             off       -     8      -           -            -        -
CH0.BAY9      ok             off       -     9      -           -            -        -
CH0.BAY10     ok             off       -     10     -           -            -        -
CH0.BAY11     ok             off       -     11     -           -            -        -
CH0.BAY12     ok             off       -     12     -           -            -        -
CH0.BAY13     ok             off       -     13     -           -            -        -
CH0.BAY14     ok             off       -     14     -           -            -        -
CH0.BAY15     ok             off       -     15     -           -            -        -
CH0.BAY16     ok             off       -     16     -           -            -        -
CH0.BAY17     ok             off       -     17     -           -            -        -
CH0.BAY18     ok             off       -     18     -           -            -        -
CH0.BAY19     ok             off       -     19     -           -            -        -
CH0.NVB0      ok             off       -     0      -           -            -        -
CH0.NVB1      ok             off       -     1      -           -            -        -
CH0.NVB2      not_installed  off       -     2      -           -            -        -
CH0.NVB3      not_installed  off       -     3      -           -            -        -
CH0.PWR0      ok             -         -     0      -           -            205 V    -
CH0.PWR1      ok             -         -     1      -           -            206 V    -
CH0.TMP0      ok             -         -     0      -           23 C         -        -
CT0           ok             off       -     0      -           -            -        -
CT0.ETH0      ok             -         -     0      50.00 Gb/s  -            -        -
CT0.ETH1      ok             -         -     1      50.00 Gb/s  -            -        -
CT0.ETH2      ok             -         -     2      10.00 Gb/s  -            -        -
CT0.ETH3      ok             -         -     3      10.00 Gb/s  -            -        -
CT0.ETH4      ok             -         -     4      1.00 Gb/s   -            -        -
CT0.ETH5      ok             -         -     5      0.00 b/s    -            -        -
CT0.FAN0      ok             -         -     0      -           -            -        -
CT0.FAN1      ok             -         -     1      -           -            -        -
CT0.FAN2      ok             -         -     2      -           -            -        -
CT0.FAN3      ok             -         -     3      -           -            -        -
CT0.FAN4      ok             -         -     4      -           -            -        -
CT0.FAN5      ok             -         -     5      -           -            -        -
CT0.FC12      ok             -         3     12     16.00 Gb/s  -            -        -
CT0.FC13      ok             -         3     13     0.00 b/s    -            -        -
CT0.FC14      ok             -         3     14     16.00 Gb/s  -            -        -
CT0.FC15      ok             -         3     15     0.00 b/s    -            -        -
CT0.SAS4      ok             -         1     4      48.00 Gb/s  -            -        -
CT0.SAS5      ok             -         1     5      48.00 Gb/s  -            -        -
CT0.SAS6      ok             -         1     6      48.00 Gb/s  -            -        -
CT0.SAS7      ok             -         1     7      48.00 Gb/s  -            -        -
CT0.TMP0      ok             -         -     0      -           39 C         -        -
CT0.TMP1      ok             -         -     1      -           42 C         -        -
CT0.TMP2      ok             -         -     2      -           54 C         -        -
CT0.TMP3      ok             -         -     3      -           58 C         -        -
CT0.TMP4      ok             -         -     4      -           46 C         -        -
CT0.TMP5      ok             -         -     5      -           46 C         -        -
CT0.TMP6      ok             -         -     6      -           30 C         -        -
CT0.TMP7      ok             -         -     7      -           30 C         -        -
CT0.TMP8      ok             -         -     8      -           55 C         -        -
CT0.TMP9      ok             -         -     9      -           37 C         -        -
CT0.TMP11     ok             -         -     11     -           36 C         -        -
CT0.TMP12     ok             -         -     12     -           35 C         -        -
CT0.TMP13     ok             -         -     13     -           38 C         -        -
CT0.TMP14     ok             -         -     14     -           37 C         -        -
CT0.TMP15     ok             -         -     15     -           37 C         -        -
CT0.TMP17     ok             -         -     17     -           38 C         -        -
CT0.TMP19     ok             -         -     19     -           37 C         -        -
CT0.TMP20     ok             -         -     20     -           37 C         -        -
CT0.TMP21     ok             -         -     21     -           41 C         -        -
CT0.TMP22     ok             -         -     22     -           40 C         -        -
CT0.TMP23     ok             -         -     23     -           39 C         -        -
CT1           ok             off       -     1      -           -            -        -
CT1.ETH0      ok             -         -     0      1.00 Gb/s   -            -        -
CT1.ETH1      ok             -         -     1      0.00 b/s    -            -        -
CT1.ETH2      ok             -         -     2      10.00 Gb/s  -            -        -
CT1.ETH3      ok             -         -     3      10.00 Gb/s  -            -        -
CT1.ETH4      ok             -         -     4      0.00 b/s    -            -        -
CT1.ETH5      ok             -         -     5      0.00 b/s    -            -        -
CT1.ETH6      ok             -         -     6      50.00 Gb/s  -            -        -
CT1.ETH7      ok             -         -     7      0.00 b/s    -            -        -
CT1.ETH8      ok             -         -     8      50.00 Gb/s  -            -        -
CT1.ETH9      ok             -         -     9      0.00 b/s    -            -        -
CT1.FAN0      ok             -         -     0      -           -            -        -
CT1.FAN1      ok             -         -     1      -           -            -        -
CT1.FAN2      ok             -         -     2      -           -            -        -
CT1.FAN3      ok             -         -     3      -           -            -        -
CT1.FAN4      ok             -         -     4      -           -            -        -
CT1.FAN5      ok             -         -     5      -           -            -        -
CT1.FC0       ok             -         0     0      16.00 Gb/s  -            -        -
CT1.FC1       ok             -         0     1      0.00 b/s    -            -        -
CT1.FC2       ok             -         0     2      16.00 Gb/s  -            -        -
CT1.FC3       ok             -         0     3      0.00 b/s    -            -        -
CT1.SAS4      ok             -         1     4      48.00 Gb/s  -            -        -
CT1.SAS5      ok             -         1     5      48.00 Gb/s  -            -        -
CT1.SAS6      ok             -         1     6      48.00 Gb/s  -            -        -
CT1.SAS7      ok             -         1     7      48.00 Gb/s  -            -        -
CT1.TMP0      ok             -         -     0      -           44 C         -        -
CT1.TMP1      ok             -         -     1      -           44 C         -        -
CT1.TMP2      ok             -         -     2      -           37 C         -        -
CT1.TMP3      ok             -         -     3      -           54 C         -        -
CT1.TMP4      ok             -         -     4      -           56 C         -        -
CT1.TMP5      ok             -         -     5      -           44 C         -        -
CT1.TMP6      ok             -         -     6      -           51 C         -        -
CT1.TMP7      ok             -         -     7      -           38 C         -        -
CT1.TMP8      ok             -         -     8      -           38 C         -        -
CT1.TMP9      ok             -         -     9      -           39 C         -        -
CT1.TMP10     ok             -         -     10     -           35 C         -        -
CT1.TMP11     ok             -         -     11     -           35 C         -        -
CT1.TMP12     ok             -         -     12     -           35 C         -        -
CT1.TMP13     ok             -         -     13     -           41 C         -        -
CT1.TMP14     ok             -         -     14     -           41 C         -        -
CT1.TMP15     ok             -         -     15     -           41 C         -        -
CT1.TMP16     ok             -         -     16     -           35 C         -        -
CT1.TMP17     ok             -         -     17     -           36 C         -        -
CT1.TMP18     ok             -         -     18     -           37 C         -        -
CT1.TMP19     ok             -         -     19     -           38 C         -        -
CT1.TMP20     ok             -         -     20     -           36 C         -        -
CT1.TMP21     ok             -         -     21     -           45 C         -        -
CT1.TMP22     ok             -         -     22     -           42 C         -        -
CT1.TMP23     ok             -         -     23     -           45 C         -        -
CT1.TMP24     ok             -         -     24     -           47 C         -        -
CT1.TMP25     ok             -         -     25     -           49 C         -        -
CT1.TMP26     ok             -         -     26     -           37 C         -        -
SH0           ok             off       -     0      -           -            -        -
SH0.BAY0      ok             off       -     0      -           -            -        -
SH0.BAY1      ok             off       -     1      -           -            -        -
SH0.BAY2      ok             off       -     2      -           -            -        -
SH0.BAY3      ok             off       -     3      -           -            -        -
SH0.BAY4      ok             off       -     4      -           -            -        -
SH0.BAY5      ok             off       -     5      -           -            -        -
SH0.BAY6      ok             off       -     6      -           -            -        -
SH0.BAY7      ok             off       -     7      -           -            -        -
SH0.BAY8      ok             off       -     8      -           -            -        -
SH0.BAY9      ok             off       -     9      -           -            -        -
SH0.BAY10     ok             off       -     10     -           -            -        -
SH0.BAY11     ok             off       -     11     -           -            -        -
SH0.BAY12     ok             off       -     12     -           -            -        -
SH0.BAY13     ok             off       -     13     -           -            -        -
SH0.BAY14     ok             off       -     14     -           -            -        -
SH0.BAY15     ok             off       -     15     -           -            -        -
SH0.BAY16     ok             off       -     16     -           -            -        -
SH0.BAY17     ok             off       -     17     -           -            -        -
SH0.BAY18     ok             off       -     18     -           -            -        -
SH0.BAY19     ok             off       -     19     -           -            -        -
SH0.BAY20     ok             off       -     20     -           -            -        -
SH0.BAY21     ok             off       -     21     -           -            -        -
SH0.BAY22     ok             off       -     22     -           -            -        -
SH0.BAY23     ok             off       -     23     -           -            -        -
SH0.FAN0      ok             -         -     0      -           -            -        -
SH0.FAN1      ok             -         -     1      -           -            -        -
SH0.FAN2      ok             -         -     2      -           -            -        -
SH0.FAN3      ok             -         -     3      -           -            -        -
SH0.IOM0      ok             off       0     0      -           -            -        -
SH0.IOM1      ok             off       1     1      -           -            -        -
SH0.PWR0      ok             -         -     0      -           -            -        -
SH0.PWR1      ok             -         -     1      -           -            -        -
SH0.SAS0      ok             -         0     0      48.00 Gb/s  -            -        -
SH0.SAS1      ok             -         0     1      48.00 Gb/s  -            -        -
SH0.SAS2      ok             -         0     2      48.00 Gb/s  -            -        -
SH0.SAS3      ok             -         1     3      48.00 Gb/s  -            -        -
SH0.SAS4      ok             -         1     4      48.00 Gb/s  -            -        -
SH0.SAS5      ok             -         1     5      48.00 Gb/s  -            -        -
SH0.TMP0      ok             -         -     0      -           22 C         -        -
SH0.TMP1      ok             -         -     1      -           26 C         -        -
SH0.TMP2      ok             -         -     2      -           27 C         -        -
SH0.TMP3      ok             -         -     3      -           32 C         -        -
SH0.TMP4      ok             -         -     4      -           28 C         -        -
SH0.TMP5      ok             -         -     5      -           32 C         -        -
SH0.TMP6      ok             -         -     6      -           37 C         -        -
SH0.TMP7      ok             -         -     7      -           32 C         -        -
SH1           ok             off       -     1      -           -            -        -
SH1.BAY0      ok             off       -     0      -           -            -        -
SH1.BAY1      ok             off       -     1      -           -            -        -
SH1.BAY2      ok             off       -     2      -           -            -        -
SH1.BAY3      ok             off       -     3      -           -            -        -
SH1.BAY4      ok             off       -     4      -           -            -        -
SH1.BAY5      ok             off       -     5      -           -            -        -
SH1.BAY6      ok             off       -     6      -           -            -        -
SH1.BAY7      ok             off       -     7      -           -            -        -
SH1.BAY8      ok             off       -     8      -           -            -        -
SH1.BAY9      ok             off       -     9      -           -            -        -
SH1.BAY10     ok             off       -     10     -           -            -        -
SH1.BAY11     ok             off       -     11     -           -            -        -
SH1.BAY12     ok             off       -     12     -           -            -        -
SH1.BAY13     ok             off       -     13     -           -            -        -
SH1.BAY14     ok             off       -     14     -           -            -        -
SH1.BAY15     ok             off       -     15     -           -            -        -
SH1.BAY16     ok             off       -     16     -           -            -        -
SH1.BAY17     ok             off       -     17     -           -            -        -
SH1.BAY18     ok             off       -     18     -           -            -        -
SH1.BAY19     ok             off       -     19     -           -            -        -
SH1.BAY20     ok             off       -     20     -           -            -        -
SH1.BAY21     ok             off       -     21     -           -            -        -
SH1.BAY22     ok             off       -     22     -           -            -        -
SH1.BAY23     ok             off       -     23     -           -            -        -
SH1.FAN0      ok             -         -     0      -           -            -        -
SH1.FAN1      ok             -         -     1      -           -            -        -
SH1.FAN2      ok             -         -     2      -           -            -        -
SH1.FAN3      ok             -         -     3      -           -            -        -
SH1.IOM0      ok             off       0     0      -           -            -        -
SH1.IOM1      ok             off       1     1      -           -            -        -
SH1.PWR0      ok             -         -     0      -           -            -        -
SH1.PWR1      ok             -         -     1      -           -            -        -
SH1.SAS0      ok             -         0     0      48.00 Gb/s  -            -        -
SH1.SAS1      ok             -         0     1      0.00 b/s    -            -        -
SH1.SAS2      ok             -         0     2      48.00 Gb/s  -            -        -
SH1.SAS3      ok             -         1     3      48.00 Gb/s  -            -        -
SH1.SAS4      ok             -         1     4      0.00 b/s    -            -        -
SH1.SAS5      ok             -         1     5      48.00 Gb/s  -            -        -
SH1.TMP0      ok             -         -     0      -           23 C         -        -
SH1.TMP1      ok             -         -     1      -           28 C         -        -
SH1.TMP2      ok             -         -     2      -           28 C         -        -
SH1.TMP3      ok             -         -     3      -           32 C         -        -
SH1.TMP4      ok             -         -     4      -           28 C         -        -
SH1.TMP5      ok             -         -     5      -           32 C         -        -
SH1.TMP6      ok             -         -     6      -           36 C         -        -
SH1.TMP7      ok             -         -     7      -           33 C         -        -
SH2           ok             off       -     2      -           -            -        -
SH2.BAY0      ok             off       -     0      -           -            -        -
SH2.BAY1      ok             off       -     1      -           -            -        -
SH2.BAY2      ok             off       -     2      -           -            -        -
SH2.BAY3      ok             off       -     3      -           -            -        -
SH2.BAY4      ok             off       -     4      -           -            -        -
SH2.BAY5      ok             off       -     5      -           -            -        -
SH2.BAY6      ok             off       -     6      -           -            -        -
SH2.BAY7      ok             off       -     7      -           -            -        -
SH2.BAY8      ok             off       -     8      -           -            -        -
SH2.BAY9      ok             off       -     9      -           -            -        -
SH2.BAY10     ok             off       -     10     -           -            -        -
SH2.BAY11     ok             off       -     11     -           -            -        -
SH2.BAY12     not_installed  off       -     12     -           -            -        -
SH2.BAY13     not_installed  off       -     13     -           -            -        -
SH2.BAY14     not_installed  off       -     14     -           -            -        -
SH2.BAY15     not_installed  off       -     15     -           -            -        -
SH2.BAY16     not_installed  off       -     16     -           -            -        -
SH2.BAY17     not_installed  off       -     17     -           -            -        -
SH2.BAY18     not_installed  off       -     18     -           -            -        -
SH2.BAY19     not_installed  off       -     19     -           -            -        -
SH2.BAY20     not_installed  off       -     20     -           -            -        -
SH2.BAY21     not_installed  off       -     21     -           -            -        -
SH2.BAY22     not_installed  off       -     22     -           -            -        -
SH2.BAY23     not_installed  off       -     23     -           -            -        -
SH2.FAN0      ok             -         -     0      -           -            -        -
SH2.FAN1      ok             -         -     1      -           -            -        -
SH2.FAN2      ok             -         -     2      -           -            -        -
SH2.FAN3      ok             -         -     3      -           -            -        -
SH2.IOM0      ok             off       0     0      -           -            -        -
SH2.IOM1      ok             off       1     1      -           -            -        -
SH2.PWR0      ok             -         -     0      -           -            -        -
SH2.PWR1      ok             -         -     1      -           -            -        -
SH2.SAS0      ok             -         0     0      0.00 b/s    -            -        -
SH2.SAS1      ok             -         0     1      0.00 b/s    -            -        -
SH2.SAS2      ok             -         0     2      48.00 Gb/s  -            -        -
SH2.SAS3      ok             -         1     3      0.00 b/s    -            -        -
SH2.SAS4      ok             -         1     4      0.00 b/s    -            -        -
SH2.SAS5      ok             -         1     5      48.00 Gb/s  -            -        -
SH2.TMP0      ok             -         -     0      -           23 C         -        -
SH2.TMP1      ok             -         -     1      -           27 C         -        -
SH2.TMP2      ok             -         -     2      -           23 C         -        -
SH2.TMP3      ok             -         -     3      -           27 C         -        -
SH2.TMP4      ok             -         -     4      -           27 C         -        -
SH2.TMP5      ok             -         -     5      -           30 C         -        -
SH2.TMP6      ok             -         -     6      -           29 C         -        -
SH2.TMP7      ok             -         -     7      -           29 C         -        -
SH9           ok             off       -     9      -           23 C         -        -
SH9.BAY0      ok             off       -     0      -           -            -        -
SH9.BAY1      ok             off       -     1      -           -            -        -
SH9.BAY2      ok             off       -     2      -           -            -        -
SH9.BAY3      ok             off       -     3      -           -            -        -
SH9.BAY4      ok             off       -     4      -           -            -        -
SH9.BAY5      ok             off       -     5      -           -            -        -
SH9.BAY6      ok             off       -     6      -           -            -        -
SH9.BAY7      ok             off       -     7      -           -            -        -
SH9.BAY8      ok             off       -     8      -           -            -        -
SH9.BAY9      ok             off       -     9      -           -            -        -
SH9.BAY10     ok             off       -     10     -           -            -        -
SH9.BAY11     ok             off       -     11     -           -            -        -
SH9.BAY12     ok             off       -     12     -           -            -        -
SH9.BAY13     ok             off       -     13     -           -            -        -
SH9.BAY14     not_installed  off       -     14     -           -            -        -
SH9.BAY15     not_installed  off       -     15     -           -            -        -
SH9.BAY16     not_installed  off       -     16     -           -            -        -
SH9.BAY17     not_installed  off       -     17     -           -            -        -
SH9.BAY18     not_installed  off       -     18     -           -            -        -
SH9.BAY19     not_installed  off       -     19     -           -            -        -
SH9.BAY20     not_installed  off       -     20     -           -            -        -
SH9.BAY21     not_installed  off       -     21     -           -            -        -
SH9.BAY22     not_installed  off       -     22     -           -            -        -
SH9.BAY23     not_installed  off       -     23     -           -            -        -
SH9.BAY24     not_installed  off       -     24     -           -            -        -
SH9.BAY25     not_installed  off       -     25     -           -            -        -
SH9.BAY26     not_installed  off       -     26     -           -            -        -
SH9.BAY27     not_installed  off       -     27     -           -            -        -
SH9.PWR0      ok             -         -     0      -           -            206 V    -
SH9.PWR1      ok             -         -     1      -           -            208 V    -
SH9.SC0       ok             off       -     0      -           31 C         -        -
SH9.SC0.ETH0  ok             -         -     0      50.00 Gb/s  -            -        -
SH9.SC0.ETH1  ok             -         -     1      0.00 b/s    -            -        -
SH9.SC0.ETH2  ok             -         -     2      50.00 Gb/s  -            -        -
SH9.SC0.ETH3  ok             -         -     3      0.00 b/s    -            -        -
SH9.SC0.FAN0  ok             -         -     0      -           -            -        -
SH9.SC0.FAN1  ok             -         -     1      -           -            -        -
SH9.SC0.FAN2  ok             -         -     2      -           -            -        -
SH9.SC0.FAN3  ok             -         -     3      -           -            -        -
SH9.SC0.FAN4  ok             -         -     4      -           -            -        -
SH9.SC0.FAN5  ok             -         -     5      -           -            -        -
SH9.SC1       ok             off       -     1      -           31 C         -        -
SH9.SC1.ETH0  ok             -         -     0      50.00 Gb/s  -            -        -
SH9.SC1.ETH1  ok             -         -     1      0.00 b/s    -            -        -
SH9.SC1.ETH2  ok             -         -     2      50.00 Gb/s  -            -        -
SH9.SC1.ETH3  ok             -         -     3      0.00 b/s    -            -        -
SH9.SC1.FAN0  ok             -         -     0      -           -            -        -
SH9.SC1.FAN1  ok             -         -     1      -           -            -        -
SH9.SC1.FAN2  ok             -         -     2      -           -            -        -
SH9.SC1.FAN3  ok             -         -     3      -           -            -        -
SH9.SC1.FAN4  ok             -         -     4      -           -            -        -
SH9.SC1.FAN5  ok             -         -     5      -           -            -        -
puresetup@PCTFJ2512003A:~$ purestorage_view.py config
Start time: 2025-07-22 22:25:28

Command line: ['/opt/Purity/bin/storage_view.py', 'config']
Version: 0.999.1
ERROR: This tool needs to be executed as root.

End time: 2025-07-22 22:25:28
puresetup@PCTFJ2512003A:~$ sudo su
[sudo] password for puresetup: 
sudo: a password is required
puresetup@PCTFJ2512003A:~$ purenemessage list --open
puresetup@PCTFJ2512003A:~$ fcpureportlist=`pureport list --initiator | awk '/Tar get/,0' | cut -d. -f1 | awk '{print $1,$5}' | grep -v '-' | grep -v "Initiator" | uniq -c; echo`; fcpureportlistcount=`echo "$fcpureportlist" | awk '{total += $ 1} END {print total}'`; echo -e "$fcpureportlist\n\n"; echo -e "\tTotal FC connections: $fcpureportlistcount\n\n";
      1 10:00:1C:98:EC:09:FB:2E CT0
      1 10:00:1C:98:EC:09:FB:2E CT1
      1 10:00:1C:98:EC:09:FB:2F CT0
      1 10:00:1C:98:EC:09:FB:2F CT1
      1 10:00:94:57:A5:A7:C7:81 CT0
      1 10:00:94:57:A5:A7:C7:81 CT1
      1 10:00:94:57:A5:A8:23:39 CT0
      1 10:00:94:57:A5:A8:23:39 CT1
      1 10:00:D0:67:26:06:1B:A1 CT0
      1 10:00:D0:67:26:06:1B:A1 CT1
      1 10:00:D0:67:26:06:1B:A9 CT0
      1 10:00:D0:67:26:06:1B:A9 CT1
      1 10:00:D0:67:26:06:5B:01 CT0
      1 10:00:D0:67:26:06:5B:01 CT1
      1 10:00:D0:67:26:06:5B:09 CT0
      1 10:00:D0:67:26:06:5B:09 CT1
      1 10:00:D0:67:26:06:5B:91 CT0
      1 10:00:D0:67:26:06:5B:91 CT1
      1 10:00:D0:67:26:06:5B:99 CT0
      1 10:00:D0:67:26:06:5B:99 CT1
      1 10:00:D0:67:26:06:AB:B1 CT0
      1 10:00:D0:67:26:06:AB:B1 CT1
      1 10:00:D0:67:26:06:AB:B9 CT0
      1 10:00:D0:67:26:06:AB:B9 CT1
      1 10:00:D0:67:26:06:BF:21 CT0
      1 10:00:D0:67:26:06:BF:21 CT1
      1 10:00:D0:67:26:06:BF:29 CT0
      1 10:00:D0:67:26:06:BF:29 CT1
      1 10:00:D0:67:26:06:FB:41 CT0
      1 10:00:D0:67:26:06:FB:41 CT1
      1 10:00:D0:67:26:06:FB:49 CT0
      1 10:00:D0:67:26:06:FB:49 CT1
      1 10:00:EC:EB:B8:81:20:81 CT0
      1 10:00:EC:EB:B8:81:20:81 CT1
      1 10:00:EC:EB:B8:81:20:89 CT0
      1 10:00:EC:EB:B8:81:20:89 CT1
      1 10:00:EC:EB:B8:81:20:B1 CT0
      1 10:00:EC:EB:B8:81:20:B1 CT1
      1 10:00:EC:EB:B8:81:20:B9 CT0
      1 10:00:EC:EB:B8:81:20:B9 CT1
      1 10:00:EC:EB:B8:81:30:01 CT0
      1 10:00:EC:EB:B8:81:30:01 CT1
      1 10:00:EC:EB:B8:81:30:09 CT0
      1 10:00:EC:EB:B8:81:30:09 CT1
      1 10:00:EC:EB:B8:81:40:B1 CT0
      1 10:00:EC:EB:B8:81:40:B1 CT1
      1 10:00:EC:EB:B8:81:40:B9 CT0
      1 10:00:EC:EB:B8:81:40:B9 CT1
      1 10:00:EC:EB:B8:81:50:E1 CT0
      1 10:00:EC:EB:B8:81:50:E1 CT1
      1 10:00:EC:EB:B8:81:50:E9 CT0
      1 10:00:EC:EB:B8:81:50:E9 CT1
      1 10:00:EC:EB:B8:83:D6:91 CT0
      1 10:00:EC:EB:B8:83:D6:91 CT1
      1 10:00:EC:EB:B8:83:D6:99 CT0
      1 10:00:EC:EB:B8:83:D6:99 CT1


Total FC connections: 56


puresetup@PCTFJ2512003A:~$ iobalance puredrive list
Name       Type   Status   Capacity  Details
CH0.BAY0   SSD    healthy  1.86T     -
CH0.BAY1   SSD    healthy  1.86T     -
CH0.BAY2   SSD    healthy  1.86T     -
CH0.BAY3   SSD    healthy  1.86T     -
CH0.BAY4   SSD    healthy  1.86T     -
CH0.BAY5   SSD    healthy  1.86T     -
CH0.BAY6   SSD    healthy  1.86T     -
CH0.BAY7   SSD    healthy  1.86T     -
CH0.BAY8   SSD    healthy  1.86T     -
CH0.BAY9   SSD    healthy  1.86T     -
CH0.BAY10  SSD    healthy  1.86T     -
CH0.BAY11  SSD    healthy  1.86T     -
CH0.BAY12  SSD    healthy  1.86T     -
CH0.BAY13  SSD    healthy  1.86T     -
CH0.BAY14  SSD    healthy  1.86T     -
CH0.BAY15  SSD    healthy  1.86T     -
CH0.BAY16  SSD    healthy  1.86T     -
CH0.BAY17  SSD    healthy  1.86T     -
CH0.BAY18  SSD    healthy  1.86T     -
CH0.BAY19  SSD    healthy  1.86T     -
CH0.NVB0   NVRAM  healthy  7.00G     -
CH0.NVB1   NVRAM  healthy  7.00G     -
CH0.NVB2   NVRAM  unused   0.00      -
CH0.NVB3   NVRAM  unused   0.00      -
SH0.BAY0   SSD    healthy  893.34G   -
SH0.BAY1   SSD    healthy  893.34G   -
SH0.BAY2   SSD    healthy  893.34G   -
SH0.BAY3   SSD    healthy  893.34G   -
SH0.BAY4   SSD    healthy  893.34G   -
SH0.BAY5   SSD    healthy  893.34G   -
SH0.BAY6   SSD    healthy  893.34G   -
SH0.BAY7   SSD    healthy  893.34G   -
SH0.BAY8   SSD    healthy  893.34G   -
SH0.BAY9   SSD    healthy  893.34G   -
SH0.BAY10  SSD    healthy  893.34G   -
SH0.BAY11  SSD    healthy  893.34G   -
SH0.BAY12  SSD    healthy  1.74T     -
SH0.BAY13  SSD    healthy  1.74T     -
SH0.BAY14  SSD    healthy  1.74T     -
SH0.BAY15  SSD    healthy  1.74T     -
SH0.BAY16  SSD    healthy  1.74T     -
SH0.BAY17  SSD    healthy  1.74T     -
SH0.BAY18  SSD    healthy  1.74T     -
SH0.BAY19  SSD    healthy  1.74T     -
SH0.BAY20  SSD    healthy  1.74T     -
SH0.BAY21  SSD    healthy  1.74T     -
SH0.BAY22  SSD    healthy  1.74T     -
SH0.BAY23  SSD    healthy  1.74T     -
SH1.BAY0   SSD    healthy  3.49T     -
SH1.BAY1   SSD    healthy  3.49T     -
SH1.BAY2   SSD    healthy  3.49T     -
SH1.BAY3   SSD    healthy  3.49T     -
SH1.BAY4   SSD    healthy  3.49T     -
SH1.BAY5   SSD    healthy  3.49T     -
SH1.BAY6   SSD    healthy  3.49T     -
SH1.BAY7   SSD    healthy  3.49T     -
SH1.BAY8   SSD    healthy  3.49T     -
SH1.BAY9   SSD    healthy  3.49T     -
SH1.BAY10  SSD    healthy  3.49T     -
SH1.BAY11  SSD    healthy  3.49T     -
SH1.BAY12  SSD    healthy  1.74T     -
SH1.BAY13  SSD    healthy  1.74T     -
SH1.BAY14  SSD    healthy  1.74T     -
SH1.BAY15  SSD    healthy  1.74T     -
SH1.BAY16  SSD    healthy  1.74T     -
SH1.BAY17  SSD    healthy  1.74T     -
SH1.BAY18  SSD    healthy  1.74T     -
SH1.BAY19  SSD    healthy  1.74T     -
SH1.BAY20  SSD    healthy  1.74T     -
SH1.BAY21  SSD    healthy  1.74T     -
SH1.BAY22  SSD    healthy  1.74T     -
SH1.BAY23  SSD    healthy  1.74T     -
SH2.BAY0   SSD    healthy  952.91G   -
SH2.BAY1   SSD    healthy  952.91G   -
SH2.BAY2   SSD    healthy  952.91G   -
SH2.BAY3   SSD    healthy  952.91G   -
SH2.BAY4   SSD    healthy  952.91G   -
SH2.BAY5   SSD    healthy  952.91G   -
SH2.BAY6   SSD    healthy  952.91G   -
SH2.BAY7   SSD    healthy  952.91G   -
SH2.BAY8   SSD    healthy  952.91G   -
SH2.BAY9   SSD    healthy  952.91G   -
SH2.BAY10  SSD    healthy  952.91G   -
SH2.BAY11  SSD    healthy  952.91G   -
SH2.BAY12  -      unused   0.00      -
SH2.BAY13  -      unused   0.00      -
SH2.BAY14  -      unused   0.00      -
SH2.BAY15  -      unused   0.00      -
SH2.BAY16  -      unused   0.00      -
SH2.BAY17  -      unused   0.00      -
SH2.BAY18  -      unused   0.00      -
SH2.BAY19  -      unused   0.00      -
SH2.BAY20  -      unused   0.00      -
SH2.BAY21  -      unused   0.00      -
SH2.BAY22  -      unused   0.00      -
SH2.BAY23  -      unused   0.00      -
SH9.BAY0   SSD    healthy  1.92T     -
SH9.BAY1   SSD    healthy  1.92T     -
SH9.BAY2   SSD    healthy  1.92T     -
SH9.BAY3   SSD    healthy  1.92T     -
SH9.BAY4   SSD    healthy  1.92T     -
SH9.BAY5   SSD    healthy  1.92T     -
SH9.BAY6   SSD    healthy  1.92T     -
SH9.BAY7   SSD    healthy  1.92T     -
SH9.BAY8   SSD    healthy  1.92T     -
SH9.BAY9   SSD    healthy  1.92T     -
SH9.BAY10  SSD    healthy  1.92T     -
SH9.BAY11  SSD    healthy  1.92T     -
SH9.BAY12  SSD    healthy  1.92T     -
SH9.BAY13  SSD    healthy  1.92T     -
SH9.BAY14  -      unused   0.00      -
SH9.BAY15  -      unused   0.00      -
SH9.BAY16  -      unused   0.00      -
SH9.BAY17  -      unused   0.00      -
SH9.BAY18  -      unused   0.00      -
SH9.BAY19  -      unused   0.00      -
SH9.BAY20  -      unused   0.00      -
SH9.BAY21  -      unused   0.00      -
SH9.BAY22  -      unused   0.00      -
SH9.BAY23  -      unused   0.00      -
SH9.BAY24  -      unused   0.00      -
SH9.BAY25  -      unused   0.00      -
SH9.BAY26  -      unused   0.00      -
SH9.BAY27  -      unused   0.00      -
puresetup@PCTFJ2512003A:~$ puresetup timezone
##########################################
#   Welcome to the Purity Setup Wizard   #
##########################################
Name       Created                  Expires
puresetup  2025-07-22 22:26:10 UTC  2025-07-22 23:26:10 UTC
Changing the time zone will require a reboot on this controller.
Current time zone: Etc/UTC
Change time zone [requires reboot] (y/n):yChange time zone [requires reboot] (y/n): y
Configuring tzdata
------------------

Please select the geographic area in which you live. Subsequent configuration 
questions will narrow this down by presenting a list of cities, representing the
time zones in which they are located.

  1. Africa      4. Australia     7. Atlantic Ocean  10. Pacific Ocean
  2. America     5. Arctic Ocean  8. Europe          11. US
  3. Antarctica  6. Asia          9. Indian Ocean    12. None of the above

Geographic area: 2


Please select the city or region corresponding to your time zone.

  1. Adak                       80. Juneau
  2. Anchorage                  81. Louisville (Kentucky)
  3. Anguilla                   82. Monticello (Kentucky)
  4. Antigua                    83. Kralendijk
  5. Araguaina                  84. La Paz
  6. Buenos Aires (Argentina)   85. Lima
  7. Catamarca (Argentina)      86. Los Angeles
  8. Cordoba (Argentina)        87. Lower Princes
  9. Jujuy (Argentina)          88. Maceio
  10. La Rioja (Argentina)      89. Managua
  11. Mendoza (Argentina)       90. Manaus
  12. Rio Gallegos (Argentina)  91. Marigot
  13. Salta (Argentina)         92. Martinique
  14. San Juan (Argentina)      93. Matamoros
  15. San Luis (Argentina)      94. Mazatlan
  16. Tucuman (Argentina)       95. Menominee
  17. Ushuaia (Argentina)       96. Merida
  18. Aruba                     97. Metlakatla
[More] 

  19. Asuncion                  98. Mexico City
  20. Atikokan                  99. Miquelon
  21. Atka                      100. Moncton
  22. Bahia                     101. Monterrey
  23. Bahia Banderas            102. Montevideo
  24. Barbados                  103. Montreal
  25. Belem                     104. Montserrat
  26. Belize                    105. Nassau
  27. Blanc-Sablon              106. New York
  28. Boa Vista                 107. Nipigon
  29. Bogota                    108. Nome
  30. Boise                     109. Fernando de Noronha
  31. Cambridge Bay             110. Beulah (North Dakota)
  32. Campo Grande              111. Center (North Dakota)
  33. Cancun                    112. New Salem (North Dakota)
  34. Caracas                   113. Nuuk
  35. Cayenne                   114. Ojinaga
  36. Cayman                    115. Panama
  37. Chicago                   116. Pangnirtung
  38. Chihuahua                 117. Paramaribo
  39. Ciudad_Juarez             118. Phoenix
  40. Coral Harbour             119. Port-au-Prince
[More] 

  41. Costa Rica                120. Port of Spain
  42. Creston                   121. Porto Acre
  43. Cuiaba                    122. Porto Velho
  44. Curaçao                  123. Puerto Rico
  45. Danmarkshavn              124. Punta Arenas
  46. Dawson                    125. Rainy River
  47. Dawson Creek              126. Rankin Inlet
  48. Denver                    127. Recife
  49. Detroit                   128. Regina
  50. Dominica                  129. Resolute
  51. Edmonton                  130. Rio Branco
  52. Eirunepe                  131. Santa Isabel
  53. El Salvador               132. Santarém
  54. Ensenada                  133. Santiago
  55. Fort Nelson               134. Santo Domingo
  56. Fortaleza                 135. São Paulo
  57. Glace Bay                 136. Scoresbysund
  58. Godthab                   137. Shiprock
  59. Goose Bay                 138. Sitka
  60. Grand Turk                139. St Barthelemy
  61. Grenada                   140. St Johns
  62. Guadeloupe                141. St Kitts
[More] 

  63. Guatemala                 142. St Lucia
  64. Guayaquil                 143. St Thomas
  65. Guyana                    144. St Vincent
  66. Halifax                   145. Swift Current
  67. Havana                    146. Tegucigalpa
  68. Hermosillo                147. Thule
  69. Indianapolis (Indiana)    148. Thunder Bay
  70. Knox (Indiana)            149. Tijuana
  71. Marengo (Indiana)         150. Toronto
  72. Petersburg (Indiana)      151. Tortola
  73. Tell City (Indiana)       152. Vancouver
  74. Vevay (Indiana)           153. Virgin
  75. Vincennes (Indiana)       154. Whitehorse
  76. Winamac (Indiana)         155. Winnipeg
  77. Inuvik                    156. Yakutat
  78. Iqaluit                   157. Yellowknife
  79. Jamaica

Time zone: 196  06



Current default time zone: 'America/New_York'
Local time is now:      Tue Jul 22 18:26:28 EDT 2025.
Universal Time is now:  Tue Jul 22 22:26:28 UTC 2025.

'/cache/timezone/localtime' -> '/usr/share/zoneinfo/America/New_York'
Confirm time zone change from Etc/UTC to America/New_York
(y/N):y(y/N): y
Press ENTER to reboot

This controller will be online after reboot.
CONFIG_TASK_COMPLETED:CONFIG_TASK_PURESETUP_EXITED
puresetup@PCTFJ2512003A:~$  GNU GRUB  version 2.06

/----------------------------------------------------------------------------\||||||||||||||||||||||||||\----------------------------------------------------------------------------/     Use the ^ and v keys to select which entry is highlighted.          
      Press enter to boot the selected OS, `e' to edit the commands       
      before booting or `c' for a command-line.                            *Purity 6.5.8 (202408090136+b967c2f84655) with kernel 5.15.123+ (2024071402>
 Purity 6.5.5 (202404130351+34e2b1e66ad3) with kernel 5.15.123+ (2024031915>
                                                                                                                                                                                                                                                                                                                                                                                                                                                                                                                                                                                                                                                                                                                                                                                                                                                                        The highlighted entry will be executed automatically in 3s.                    The highlighted entry will be executed automatically in 2s.                    The highlighted entry will be executed automatically in 1s.                    The highlighted entry will be executed automatically in 0s.                 
WARNING! You agree that, by accessing this system, your actions may be monitored.

Unauthorized access to this system is forbidden and will be prosecuted to the fullest 

extent of the law, in the jurisdiction of Hamilton County, Ohio, United States of 

America.
apn4purstgp0101-ct0 login: pureeng
1) Authenticate via CloudAssist
2) Authenticate via command line
3) Restore challenge
Type the number corresponding to the authentication method you want to use.

Selection: 1

An email for identity verification will be sent once email is entered.
Please follow the authentication instructions provided there and return to this screen when finished or if email has not been received.


Enter an email address: fharris@purestorage.com
An error occurred with CloudAssist authentication!

1) Authenticate via CloudAssist
2) Authenticate via command line
3) Restore challenge
Type the number corresponding to the authentication method you want to use.

Selection: 1

An email for identity verification will be sent once email is entered.
Please follow the authentication instructions provided there and return to this screen when finished or if email has not been received.


Enter an email address: fharris@pureato   storage.com
Successfully authenticated

Tue Jul 22 18:28:32 2025
Welcome pureeng. This is Purity Version 6.5.8 on FlashArray apn4purstgp0101
http://www.purestorage.com/
pureeng@apn4purstgp0101-ct0:~$ pureh
pureeng@apn4purstgp0101-ct0:~$ puredrive list
Name       Type   Status   Capacity  Details
CH0.BAY0   SSD    healthy  1.86T     -
CH0.BAY1   SSD    healthy  1.86T     -
CH0.BAY2   SSD    healthy  1.86T     -
CH0.BAY3   SSD    healthy  1.86T     -
CH0.BAY4   SSD    healthy  1.86T     -
CH0.BAY5   SSD    healthy  1.86T     -
CH0.BAY6   SSD    healthy  1.86T     -
CH0.BAY7   SSD    healthy  1.86T     -
CH0.BAY8   SSD    healthy  1.86T     -
CH0.BAY9   SSD    healthy  1.86T     -
CH0.BAY10  SSD    healthy  1.86T     -
CH0.BAY11  SSD    healthy  1.86T     -
CH0.BAY12  SSD    healthy  1.86T     -
CH0.BAY13  SSD    healthy  1.86T     -
CH0.BAY14  SSD    healthy  1.86T     -
CH0.BAY15  SSD    healthy  1.86T     -
CH0.BAY16  SSD    healthy  1.86T     -
CH0.BAY17  SSD    healthy  1.86T     -
CH0.BAY18  SSD    healthy  1.86T     -
CH0.BAY19  SSD    healthy  1.86T     -
CH0.NVB0   NVRAM  healthy  7.00G     -
CH0.NVB1   NVRAM  healthy  7.00G     -
CH0.NVB2   NVRAM  unused   0.00      -
CH0.NVB3   NVRAM  unused   0.00      -
SH0.BAY0   SSD    healthy  893.34G   -
SH0.BAY1   SSD    healthy  893.34G   -
SH0.BAY2   SSD    healthy  893.34G   -
SH0.BAY3   SSD    healthy  893.34G   -
SH0.BAY4   SSD    healthy  893.34G   -
SH0.BAY5   SSD    healthy  893.34G   -
SH0.BAY6   SSD    healthy  893.34G   -
SH0.BAY7   SSD    healthy  893.34G   -
SH0.BAY8   SSD    healthy  893.34G   -
SH0.BAY9   SSD    healthy  893.34G   -
SH0.BAY10  SSD    healthy  893.34G   -
SH0.BAY11  SSD    healthy  893.34G   -
SH0.BAY12  SSD    healthy  1.74T     -
SH0.BAY13  SSD    healthy  1.74T     -
SH0.BAY14  SSD    healthy  1.74T     -
SH0.BAY15  SSD    healthy  1.74T     -
SH0.BAY16  SSD    healthy  1.74T     -
SH0.BAY17  SSD    healthy  1.74T     -
SH0.BAY18  SSD    healthy  1.74T     -
SH0.BAY19  SSD    healthy  1.74T     -
SH0.BAY20  SSD    healthy  1.74T     -
SH0.BAY21  SSD    healthy  1.74T     -
SH0.BAY22  SSD    healthy  1.74T     -
SH0.BAY23  SSD    healthy  1.74T     -
SH1.BAY0   SSD    healthy  3.49T     -
SH1.BAY1   SSD    healthy  3.49T     -
SH1.BAY2   SSD    healthy  3.49T     -
SH1.BAY3   SSD    healthy  3.49T     -
SH1.BAY4   SSD    healthy  3.49T     -
SH1.BAY5   SSD    healthy  3.49T     -
SH1.BAY6   SSD    healthy  3.49T     -
SH1.BAY7   SSD    healthy  3.49T     -
SH1.BAY8   SSD    healthy  3.49T     -
SH1.BAY9   SSD    healthy  3.49T     -
SH1.BAY10  SSD    healthy  3.49T     -
SH1.BAY11  SSD    healthy  3.49T     -
SH1.BAY12  SSD    healthy  1.74T     -
SH1.BAY13  SSD    healthy  1.74T     -
SH1.BAY14  SSD    healthy  1.74T     -
SH1.BAY15  SSD    healthy  1.74T     -
SH1.BAY16  SSD    healthy  1.74T     -
SH1.BAY17  SSD    healthy  1.74T     -
SH1.BAY18  SSD    healthy  1.74T     -
SH1.BAY19  SSD    healthy  1.74T     -
SH1.BAY20  SSD    healthy  1.74T     -
SH1.BAY21  SSD    healthy  1.74T     -
SH1.BAY22  SSD    healthy  1.74T     -
SH1.BAY23  SSD    healthy  1.74T     -
SH2.BAY0   SSD    healthy  952.91G   -
SH2.BAY1   SSD    healthy  952.91G   -
SH2.BAY2   SSD    healthy  952.91G   -
SH2.BAY3   SSD    healthy  952.91G   -
SH2.BAY4   SSD    healthy  952.91G   -
SH2.BAY5   SSD    healthy  952.91G   -
SH2.BAY6   SSD    healthy  952.91G   -
SH2.BAY7   SSD    healthy  952.91G   -
SH2.BAY8   SSD    healthy  952.91G   -
SH2.BAY9   SSD    healthy  952.91G   -
SH2.BAY10  SSD    healthy  952.91G   -
SH2.BAY11  SSD    healthy  952.91G   -
SH2.BAY12  -      unused   0.00      -
SH2.BAY13  -      unused   0.00      -
SH2.BAY14  -      unused   0.00      -
SH2.BAY15  -      unused   0.00      -
SH2.BAY16  -      unused   0.00      -
SH2.BAY17  -      unused   0.00      -
SH2.BAY18  -      unused   0.00      -
SH2.BAY19  -      unused   0.00      -
SH2.BAY20  -      unused   0.00      -
SH2.BAY21  -      unused   0.00      -
SH2.BAY22  -      unused   0.00      -
SH2.BAY23  -      unused   0.00      -
SH9.BAY0   SSD    healthy  1.92T     -
SH9.BAY1   SSD    healthy  1.92T     -
SH9.BAY2   SSD    healthy  1.92T     -
SH9.BAY3   SSD    healthy  1.92T     -
SH9.BAY4   SSD    healthy  1.92T     -
SH9.BAY5   SSD    healthy  1.92T     -
SH9.BAY6   SSD    healthy  1.92T     -
SH9.BAY7   SSD    healthy  1.92T     -
SH9.BAY8   SSD    healthy  1.92T     -
SH9.BAY9   SSD    healthy  1.92T     -
SH9.BAY10  SSD    healthy  1.92T     -
SH9.BAY11  SSD    healthy  1.92T     -
SH9.BAY12  SSD    healthy  1.92T     -
SH9.BAY13  SSD    healthy  1.92T     -
SH9.BAY14  -      unused   0.00      -
SH9.BAY15  -      unused   0.00      -
SH9.BAY16  -      unused   0.00      -
SH9.BAY17  -      unused   0.00      -
SH9.BAY18  -      unused   0.00      -
SH9.BAY19  -      unused   0.00      -
SH9.BAY20  -      unused   0.00      -
SH9.BAY21  -      unused   0.00      -
SH9.BAY22  -      unused   0.00      -
SH9.BAY23  -      unused   0.00      -
SH9.BAY24  -      unused   0.00      -
SH9.BAY25  -      unused   0.00      -
SH9.BAY26  -      unused   0.00      -
SH9.BAY27  -      unused   0.00      -
pureeng@apn4purstgp0101-ct0:~$ storage_view.py config
Start time: 2025-07-22 18:32:15

Command line: ['/opt/Purity/bin/storage_view.py', 'config']
Version: 0.999.1
ERROR: This tool needs to be executed as root.

End time: 2025-07-22 18:32:15
pureeng@apn4purstgp0101-ct0:~$ sudo su
     root@apn4purstgp0101-ct0:/var/home/pureeng# storage_view.py config
Start time: 2025-07-22 18:32:23

Command line: ['/opt/Purity/bin/storage_view.py', 'config']
Version: 0.999.1
Working at ct0 to look over cables between ct0 and shelves

Slot listing:
 CT    Slot#   Type     Vendor       Model        FW Rev       Tracer       Assembly    
----------------------------------------------------------------------------------------
 ct0    201     SAS   LSI Logic   SAS9305-16e  13.00.00.00   SPB0911544  03-25704-02007 
 ct0     6      SAS   LSI Logic   SAS_HGA-24i  14.00.03.00  PPPCFJ25100   PSO400085006  

Slot summary information:
-------------------------
ct0.201.0 ( 201 0)] <---> [SAS0 (A) SH00.0    B] <---> [SH02.0 (C) SH02.0    A]*
                              |                         \        B]*
                              \        C]*

ct0.201.2 ( 201 2)] <---> [SAS3 (C) SH00.1    B] <---> [SH02.1 (A) SH02.1    B]*
                              |                         \        C]*
                              \        A]*

ct0.201.3 ( 201 3)] <---> [SAS2 (C) SH01.0    B]*
                              \        A]*

ct0.201.1 ( 201 1)] <---> [SAS5 (A) SH01.1    B]*
                              \        C]*

ct0.eth0. (eth0 )] <---> [0.eth0 (eth0) SH9 .0     ]

ct0.eth1. (eth1 )] <---> [1.eth0 (eth0) SH9 .1     ]

Configuration status
--------------------
Configuration check started for FA-X50R4

WARNING: Topology highly available but not preferred.
Warnings:
WARNING: SH00.SAS0 should be connected to ct0.SAS2, currently connected to ct0.201.0
WARNING: SH01.SAS5 should be connected to ct0.SAS3, currently connected to ct0.201.1
WARNING: SH00.SAS3 should be connected to ct0.SAS0, currently connected to ct0.201.2
WARNING: SH01.SAS2 should be connected to ct0.SAS1, currently connected to ct0.201.3

End time: 2025-07-22 18:32:32
     root@apn4purstgp0101-ct0:/var/home/pureeng# storage_view.py config
Start time: 2025-07-22 18:32:59

Command line: ['/opt/Purity/bin/storage_view.py', 'config']
Version: 0.999.1
Working at ct0 to look over cables between ct0 and shelves

Slot listing:
 CT    Slot#   Type     Vendor       Model        FW Rev       Tracer       Assembly    
----------------------------------------------------------------------------------------
 ct0    201     SAS   LSI Logic   SAS9305-16e  13.00.00.00   SPB0911544  03-25704-02007 
 ct0     6      SAS   LSI Logic   SAS_HGA-24i  14.00.03.00  PPPCFJ25100   PSO400085006  

Slot summary information:
-------------------------
ct0.201.0 ( 201 0)] <---> [SAS0 (A) SH00.0    B] <---> [SH02.0 (C) SH02.0    A]*
                              |                         \        B]*
                              \        C]*

ct0.201.2 ( 201 2)] <---> [SAS3 (C) SH00.1    B] <---> [SH02.1 (A) SH02.1    B]*
                              |                         \        C]*
                              \        A]*

ct0.201.3 ( 201 3)] <---> [SAS2 (C) SH01.0    B]*
                              \        A]*

ct0.201.1 ( 201 1)] <---> [SAS5 (A) SH01.1    B]*
                              \        C]*

ct0.eth0. (eth0 )] <---> [0.eth0 (eth0) SH9 .0     ]

ct0.eth1. (eth1 )] <---> [1.eth0 (eth0) SH9 .1     ]

Configuration status
--------------------
Configuration check started for FA-X50R4

WARNING: Topology highly available but not preferred.
Warnings:
WARNING: SH00.SAS0 should be connected to ct0.SAS2, currently connected to ct0.201.0
WARNING: SH01.SAS5 should be connected to ct0.SAS3, currently connected to ct0.201.1
WARNING: SH00.SAS3 should be connected to ct0.SAS0, currently connected to ct0.201.2
WARNING: SH01.SAS2 should be connected to ct0.SAS1, currently connected to ct0.201.3

End time: 2025-07-22 18:33:09
     root@apn4purstgp0101-ct0:/var/home/pureeng# puredrive list
Name       Type   Status   Capacity  Details
CH0.BAY0   SSD    healthy  1.86T     -
CH0.BAY1   SSD    healthy  1.86T     -
CH0.BAY2   SSD    healthy  1.86T     -
CH0.BAY3   SSD    healthy  1.86T     -
CH0.BAY4   SSD    healthy  1.86T     -
CH0.BAY5   SSD    healthy  1.86T     -
CH0.BAY6   SSD    healthy  1.86T     -
CH0.BAY7   SSD    healthy  1.86T     -
CH0.BAY8   SSD    healthy  1.86T     -
CH0.BAY9   SSD    healthy  1.86T     -
CH0.BAY10  SSD    healthy  1.86T     -
CH0.BAY11  SSD    healthy  1.86T     -
CH0.BAY12  SSD    healthy  1.86T     -
CH0.BAY13  SSD    healthy  1.86T     -
CH0.BAY14  SSD    healthy  1.86T     -
CH0.BAY15  SSD    healthy  1.86T     -
CH0.BAY16  SSD    healthy  1.86T     -
CH0.BAY17  SSD    healthy  1.86T     -
CH0.BAY18  SSD    healthy  1.86T     -
CH0.BAY19  SSD    healthy  1.86T     -
CH0.NVB0   NVRAM  healthy  7.00G     -
CH0.NVB1   NVRAM  healthy  7.00G     -
CH0.NVB2   NVRAM  unused   0.00      -
CH0.NVB3   NVRAM  unused   0.00      -
SH0.BAY0   SSD    healthy  893.34G   -
SH0.BAY1   SSD    healthy  893.34G   -
SH0.BAY2   SSD    healthy  893.34G   -
SH0.BAY3   SSD    healthy  893.34G   -
SH0.BAY4   SSD    healthy  893.34G   -
SH0.BAY5   SSD    healthy  893.34G   -
SH0.BAY6   SSD    healthy  893.34G   -
SH0.BAY7   SSD    healthy  893.34G   -
SH0.BAY8   SSD    healthy  893.34G   -
SH0.BAY9   SSD    healthy  893.34G   -
SH0.BAY10  SSD    healthy  893.34G   -
SH0.BAY11  SSD    healthy  893.34G   -
SH0.BAY12  SSD    healthy  1.74T     -
SH0.BAY13  SSD    healthy  1.74T     -
SH0.BAY14  SSD    healthy  1.74T     -
SH0.BAY15  SSD    healthy  1.74T     -
SH0.BAY16  SSD    healthy  1.74T     -
SH0.BAY17  SSD    healthy  1.74T     -
SH0.BAY18  SSD    healthy  1.74T     -
SH0.BAY19  SSD    healthy  1.74T     -
SH0.BAY20  SSD    healthy  1.74T     -
SH0.BAY21  SSD    healthy  1.74T     -
SH0.BAY22  SSD    healthy  1.74T     -
SH0.BAY23  SSD    healthy  1.74T     -
SH1.BAY0   SSD    healthy  3.49T     -
SH1.BAY1   SSD    healthy  3.49T     -
SH1.BAY2   SSD    healthy  3.49T     -
SH1.BAY3   SSD    healthy  3.49T     -
SH1.BAY4   SSD    healthy  3.49T     -
SH1.BAY5   SSD    healthy  3.49T     -
SH1.BAY6   SSD    healthy  3.49T     -
SH1.BAY7   SSD    healthy  3.49T     -
SH1.BAY8   SSD    healthy  3.49T     -
SH1.BAY9   SSD    healthy  3.49T     -
SH1.BAY10  SSD    healthy  3.49T     -
SH1.BAY11  SSD    healthy  3.49T     -
SH1.BAY12  SSD    healthy  1.74T     -
SH1.BAY13  SSD    healthy  1.74T     -
SH1.BAY14  SSD    healthy  1.74T     -
SH1.BAY15  SSD    healthy  1.74T     -
SH1.BAY16  SSD    healthy  1.74T     -
SH1.BAY17  SSD    healthy  1.74T     -
SH1.BAY18  SSD    healthy  1.74T     -
SH1.BAY19  SSD    healthy  1.74T     -
SH1.BAY20  SSD    healthy  1.74T     -
SH1.BAY21  SSD    healthy  1.74T     -
SH1.BAY22  SSD    healthy  1.74T     -
SH1.BAY23  SSD    healthy  1.74T     -
SH2.BAY0   SSD    healthy  952.91G   -
SH2.BAY1   SSD    healthy  952.91G   -
SH2.BAY2   SSD    healthy  952.91G   -
SH2.BAY3   SSD    healthy  952.91G   -
SH2.BAY4   SSD    healthy  952.91G   -
SH2.BAY5   SSD    healthy  952.91G   -
SH2.BAY6   SSD    healthy  952.91G   -
SH2.BAY7   SSD    healthy  952.91G   -
SH2.BAY8   SSD    healthy  952.91G   -
SH2.BAY9   SSD    healthy  952.91G   -
SH2.BAY10  SSD    healthy  952.91G   -
SH2.BAY11  SSD    healthy  952.91G   -
SH2.BAY12  -      unused   0.00      -
SH2.BAY13  -      unused   0.00      -
SH2.BAY14  -      unused   0.00      -
SH2.BAY15  -      unused   0.00      -
SH2.BAY16  -      unused   0.00      -
SH2.BAY17  -      unused   0.00      -
SH2.BAY18  -      unused   0.00      -
SH2.BAY19  -      unused   0.00      -
SH2.BAY20  -      unused   0.00      -
SH2.BAY21  -      unused   0.00      -
SH2.BAY22  -      unused   0.00      -
SH2.BAY23  -      unused   0.00      -
SH9.BAY0   SSD    healthy  1.92T     -
SH9.BAY1   SSD    healthy  1.92T     -
SH9.BAY2   SSD    healthy  1.92T     -
SH9.BAY3   SSD    healthy  1.92T     -
SH9.BAY4   SSD    healthy  1.92T     -
SH9.BAY5   SSD    healthy  1.92T     -
SH9.BAY6   SSD    healthy  1.92T     -
SH9.BAY7   SSD    healthy  1.92T     -
SH9.BAY8   SSD    healthy  1.92T     -
SH9.BAY9   SSD    healthy  1.92T     -
SH9.BAY10  SSD    healthy  1.92T     -
SH9.BAY11  SSD    healthy  1.92T     -
SH9.BAY12  SSD    healthy  1.92T     -
SH9.BAY13  SSD    healthy  1.92T     -
SH9.BAY14  -      unused   0.00      -
SH9.BAY15  -      unused   0.00      -
SH9.BAY16  -      unused   0.00      -
SH9.BAY17  -      unused   0.00      -
SH9.BAY18  -      unused   0.00      -
SH9.BAY19  -      unused   0.00      -
SH9.BAY20  -      unused   0.00      -
SH9.BAY21  -      unused   0.00      -
SH9.BAY22  -      unused   0.00      -
SH9.BAY23  -      unused   0.00      -
SH9.BAY24  -      unused   0.00      -
SH9.BAY25  -      unused   0.00      -
SH9.BAY26  -      unused   0.00      -
SH9.BAY27  -      unused   0.00      -
     root@apn4purstgp0101-ct0:/var/home/pureeng# purehw list
Name          Status         Identify  Slot  Index  Speed       Temperature  Voltage  Details
CH0           ok             off       -     0      -           -            -        -
CH0.BAY0      ok             off       -     0      -           -            -        -
CH0.BAY1      ok             off       -     1      -           -            -        -
CH0.BAY2      ok             off       -     2      -           -            -        -
CH0.BAY3      ok             off       -     3      -           -            -        -
CH0.BAY4      ok             off       -     4      -           -            -        -
CH0.BAY5      ok             off       -     5      -           -            -        -
CH0.BAY6      ok             off       -     6      -           -            -        -
CH0.BAY7      ok             off       -     7      -           -            -        -
CH0.BAY8      ok             off       -     8      -           -            -        -
CH0.BAY9      ok             off       -     9      -           -            -        -
CH0.BAY10     ok             off       -     10     -           -            -        -
CH0.BAY11     ok             off       -     11     -           -            -        -
CH0.BAY12     ok             off       -     12     -           -            -        -
CH0.BAY13     ok             off       -     13     -           -            -        -
CH0.BAY14     ok             off       -     14     -           -            -        -
CH0.BAY15     ok             off       -     15     -           -            -        -
CH0.BAY16     ok             off       -     16     -           -            -        -
CH0.BAY17     ok             off       -     17     -           -            -        -
CH0.BAY18     ok             off       -     18     -           -            -        -
CH0.BAY19     ok             off       -     19     -           -            -        -
CH0.NVB0      ok             off       -     0      -           -            -        -
CH0.NVB1      ok             off       -     1      -           -            -        -
CH0.NVB2      not_installed  off       -     2      -           -            -        -
CH0.NVB3      not_installed  off       -     3      -           -            -        -
CH0.PWR0      ok             -         -     0      -           -            205 V    -
CH0.PWR1      ok             -         -     1      -           -            206 V    -
CH0.TMP0      ok             -         -     0      -           24 C         -        -
CT0           ok             off       -     0      -           -            -        -
CT0.ETH0      ok             -         -     0      50.00 Gb/s  -            -        -
CT0.ETH1      ok             -         -     1      50.00 Gb/s  -            -        -
CT0.ETH2      ok             -         -     2      10.00 Gb/s  -            -        -
CT0.ETH3      ok             -         -     3      10.00 Gb/s  -            -        -
CT0.ETH4      ok             -         -     4      1.00 Gb/s   -            -        -
CT0.ETH5      ok             -         -     5      0.00 b/s    -            -        -
CT0.FAN0      ok             -         -     0      -           -            -        -
CT0.FAN1      ok             -         -     1      -           -            -        -
CT0.FAN2      ok             -         -     2      -           -            -        -
CT0.FAN3      ok             -         -     3      -           -            -        -
CT0.FAN4      ok             -         -     4      -           -            -        -
CT0.FAN5      ok             -         -     5      -           -            -        -
CT0.FC12      ok             -         3     12     16.00 Gb/s  -            -        -
CT0.FC13      ok             -         3     13     0.00 b/s    -            -        -
CT0.FC14      ok             -         3     14     16.00 Gb/s  -            -        -
CT0.FC15      ok             -         3     15     0.00 b/s    -            -        -
CT0.SAS4      ok             -         1     4      48.00 Gb/s  -            -        -
CT0.SAS5      ok             -         1     5      48.00 Gb/s  -            -        -
CT0.SAS6      ok             -         1     6      48.00 Gb/s  -            -        -
CT0.SAS7      ok             -         1     7      48.00 Gb/s  -            -        -
CT0.TMP0      ok             -         -     0      -           39 C         -        -
CT0.TMP1      ok             -         -     1      -           42 C         -        -
CT0.TMP2      ok             -         -     2      -           55 C         -        -
CT0.TMP3      ok             -         -     3      -           58 C         -        -
CT0.TMP4      ok             -         -     4      -           45 C         -        -
CT0.TMP5      ok             -         -     5      -           45 C         -        -
CT0.TMP6      ok             -         -     6      -           30 C         -        -
CT0.TMP7      ok             -         -     7      -           29 C         -        -
CT0.TMP8      ok             -         -     8      -           53 C         -        -
CT0.TMP9      ok             -         -     9      -           38 C         -        -
CT0.TMP11     ok             -         -     11     -           37 C         -        -
CT0.TMP12     ok             -         -     12     -           36 C         -        -
CT0.TMP13     ok             -         -     13     -           38 C         -        -
CT0.TMP14     ok             -         -     14     -           38 C         -        -
CT0.TMP15     ok             -         -     15     -           37 C         -        -
CT0.TMP17     ok             -         -     17     -           38 C         -        -
CT0.TMP19     ok             -         -     19     -           37 C         -        -
CT0.TMP20     ok             -         -     20     -           37 C         -        -
CT0.TMP21     ok             -         -     21     -           41 C         -        -
CT0.TMP22     ok             -         -     22     -           40 C         -        -
CT0.TMP23     ok             -         -     23     -           39 C         -        -
CT1           ok             off       -     1      -           -            -        -
CT1.ETH0      ok             -         -     0      1.00 Gb/s   -            -        -
CT1.ETH1      ok             -         -     1      0.00 b/s    -            -        -
CT1.ETH2      ok             -         -     2      10.00 Gb/s  -            -        -
CT1.ETH3      ok             -         -     3      10.00 Gb/s  -            -        -
CT1.ETH4      ok             -         -     4      0.00 b/s    -            -        -
CT1.ETH5      ok             -         -     5      0.00 b/s    -            -        -
CT1.ETH6      ok             -         -     6      50.00 Gb/s  -            -        -
CT1.ETH7      ok             -         -     7      0.00 b/s    -            -        -
CT1.ETH8      ok             -         -     8      50.00 Gb/s  -            -        -
CT1.ETH9      ok             -         -     9      0.00 b/s    -            -        -
CT1.FAN0      ok             -         -     0      -           -            -        -
CT1.FAN1      ok             -         -     1      -           -            -        -
CT1.FAN2      ok             -         -     2      -           -            -        -
CT1.FAN3      ok             -         -     3      -           -            -        -
CT1.FAN4      ok             -         -     4      -           -            -        -
CT1.FAN5      ok             -         -     5      -           -            -        -
CT1.FC0       ok             -         0     0      16.00 Gb/s  -            -        -
CT1.FC1       ok             -         0     1      0.00 b/s    -            -        -
CT1.FC2       ok             -         0     2      16.00 Gb/s  -            -        -
CT1.FC3       ok             -         0     3      0.00 b/s    -            -        -
CT1.SAS4      ok             -         1     4      48.00 Gb/s  -            -        -
CT1.SAS5      ok             -         1     5      48.00 Gb/s  -            -        -
CT1.SAS6      ok             -         1     6      48.00 Gb/s  -            -        -
CT1.SAS7      ok             -         1     7      48.00 Gb/s  -            -        -
CT1.TMP0      ok             -         -     0      -           44 C         -        -
CT1.TMP1      ok             -         -     1      -           44 C         -        -
CT1.TMP2      ok             -         -     2      -           37 C         -        -
CT1.TMP3      ok             -         -     3      -           54 C         -        -
CT1.TMP4      ok             -         -     4      -           55 C         -        -
CT1.TMP5      ok             -         -     5      -           44 C         -        -
CT1.TMP6      ok             -         -     6      -           51 C         -        -
CT1.TMP7      ok             -         -     7      -           38 C         -        -
CT1.TMP8      ok             -         -     8      -           38 C         -        -
CT1.TMP9      ok             -         -     9      -           39 C         -        -
CT1.TMP10     ok             -         -     10     -           35 C         -        -
CT1.TMP11     ok             -         -     11     -           35 C         -        -
CT1.TMP12     ok             -         -     12     -           35 C         -        -
CT1.TMP13     ok             -         -     13     -           41 C         -        -
CT1.TMP14     ok             -         -     14     -           41 C         -        -
CT1.TMP15     ok             -         -     15     -           41 C         -        -
CT1.TMP16     ok             -         -     16     -           35 C         -        -
CT1.TMP17     ok             -         -     17     -           36 C         -        -
CT1.TMP18     ok             -         -     18     -           36 C         -        -
CT1.TMP19     ok             -         -     19     -           38 C         -        -
CT1.TMP20     ok             -         -     20     -           35 C         -        -
CT1.TMP21     ok             -         -     21     -           45 C         -        -
CT1.TMP22     ok             -         -     22     -           42 C         -        -
CT1.TMP23     ok             -         -     23     -           46 C         -        -
CT1.TMP24     ok             -         -     24     -           46 C         -        -
CT1.TMP25     ok             -         -     25     -           49 C         -        -
CT1.TMP26     ok             -         -     26     -           37 C         -        -
SH0           ok             off       -     0      -           -            -        -
SH0.BAY0      ok             off       -     0      -           -            -        -
SH0.BAY1      ok             off       -     1      -           -            -        -
SH0.BAY2      ok             off       -     2      -           -            -        -
SH0.BAY3      ok             off       -     3      -           -            -        -
SH0.BAY4      ok             off       -     4      -           -            -        -
SH0.BAY5      ok             off       -     5      -           -            -        -
SH0.BAY6      ok             off       -     6      -           -            -        -
SH0.BAY7      ok             off       -     7      -           -            -        -
SH0.BAY8      ok             off       -     8      -           -            -        -
SH0.BAY9      ok             off       -     9      -           -            -        -
SH0.BAY10     ok             off       -     10     -           -            -        -
SH0.BAY11     ok             off       -     11     -           -            -        -
SH0.BAY12     ok             off       -     12     -           -            -        -
SH0.BAY13     ok             off       -     13     -           -            -        -
SH0.BAY14     ok             off       -     14     -           -            -        -
SH0.BAY15     ok             off       -     15     -           -            -        -
SH0.BAY16     ok             off       -     16     -           -            -        -
SH0.BAY17     ok             off       -     17     -           -            -        -
SH0.BAY18     ok             off       -     18     -           -            -        -
SH0.BAY19     ok             off       -     19     -           -            -        -
SH0.BAY20     ok             off       -     20     -           -            -        -
SH0.BAY21     ok             off       -     21     -           -            -        -
SH0.BAY22     ok             off       -     22     -           -            -        -
SH0.BAY23     ok             off       -     23     -           -            -        -
SH0.FAN0      ok             -         -     0      -           -            -        -
SH0.FAN1      ok             -         -     1      -           -            -        -
SH0.FAN2      ok             -         -     2      -           -            -        -
SH0.FAN3      ok             -         -     3      -           -            -        -
SH0.IOM0      ok             off       0     0      -           -            -        -
SH0.IOM1      ok             off       1     1      -           -            -        -
SH0.PWR0      ok             -         -     0      -           -            -        -
SH0.PWR1      ok             -         -     1      -           -            -        -
SH0.SAS0      ok             -         0     0      48.00 Gb/s  -            -        -
SH0.SAS1      ok             -         0     1      48.00 Gb/s  -            -        -
SH0.SAS2      ok             -         0     2      48.00 Gb/s  -            -        -
SH0.SAS3      ok             -         1     3      48.00 Gb/s  -            -        -
SH0.SAS4      ok             -         1     4      48.00 Gb/s  -            -        -
SH0.SAS5      ok             -         1     5      48.00 Gb/s  -            -        -
SH0.TMP0      ok             -         -     0      -           22 C         -        -
SH0.TMP1      ok             -         -     1      -           26 C         -        -
SH0.TMP2      ok             -         -     2      -           27 C         -        -
SH0.TMP3      ok             -         -     3      -           32 C         -        -
SH0.TMP4      ok             -         -     4      -           28 C         -        -
SH0.TMP5      ok             -         -     5      -           32 C         -        -
SH0.TMP6      ok             -         -     6      -           37 C         -        -
SH0.TMP7      ok             -         -     7      -           32 C         -        -
SH1           ok             off       -     1      -           -            -        -
SH1.BAY0      ok             off       -     0      -           -            -        -
SH1.BAY1      ok             off       -     1      -           -            -        -
SH1.BAY2      ok             off       -     2      -           -            -        -
SH1.BAY3      ok             off       -     3      -           -            -        -
SH1.BAY4      ok             off       -     4      -           -            -        -
SH1.BAY5      ok             off       -     5      -           -            -        -
SH1.BAY6      ok             off       -     6      -           -            -        -
SH1.BAY7      ok             off       -     7      -           -            -        -
SH1.BAY8      ok             off       -     8      -           -            -        -
SH1.BAY9      ok             off       -     9      -           -            -        -
SH1.BAY10     ok             off       -     10     -           -            -        -
SH1.BAY11     ok             off       -     11     -           -            -        -
SH1.BAY12     ok             off       -     12     -           -            -        -
SH1.BAY13     ok             off       -     13     -           -            -        -
SH1.BAY14     ok             off       
 SH1.BAY15     ok             off       -     15     -           -            -        -
SH1.BAY16     ok             off       -     16     -           -            -        -
SH1.BAY17     ok             off       -     17     -           -            -        -
SH1.BAY18     ok             off       -     18     -           -            -        -
SH1.BAY19     ok             off       -     19     -           -            -        -
SH1.BAY20     ok             off       -     20     -           -            -        -
SH1.BAY21     ok             off       -     21     -           -            -        -
SH1.BAY22     ok             off       -     22     -           -            -        -
SH1.BAY23     ok             off       -     23     -           -            -        -
SH1.FAN0      ok             -         -     0      -           -            -        -
SH1.FAN1      ok             -         -     1      -           -            -        -
SH1.FAN2      ok             -         -     2      -           -            -        -
SH1.FAN3      ok             -         -     3      -           -            -        -
SH1.IOM0      ok             off       0     0      -           -            -        -
SH1.IOM1      ok             off       1     1      -           -            -        -
SH1.PWR0      ok             -         -     0      -           -            -        -
SH1.PWR1      ok             -         -     1      -           -            -        -
SH1.SAS0      ok             -         0     0      48.00 Gb/s  -            -        -
SH1.SAS1      ok             -         0     1      0.00 b/s    -            -        -
SH1.SAS2      ok             -         0     2      48.00 Gb/s  -            -        -
SH1.SAS3      ok             -         1     3      48.00 Gb/s  -            -        -
SH1.SAS4      ok             -         1     4      0.00 b/s    -            -        -
SH1.SAS5      ok             -         1     5      48.00 Gb/s  -            -        -
SH1.TMP0      ok             -         -     0      -           23 C         -        -
SH1.TMP1      ok             -         -     1      -           28 C         -        -
SH1.TMP2      ok             -         -     2      -           28 C         -        -
SH1.TMP3      ok             -         -     3      -           32 C         -        -
SH1.TMP4      ok             -         -     4      -           28 C         -        -
SH1.TMP5      ok             -         -     5      -           32 C         -        -
SH1.TMP6      ok             -         -     6      -           36 C         -        -
SH1.TMP7      ok             -         -     7      -           33 C         -        -
SH2           ok             off       -     2      -           -            -        -
SH2.BAY0      ok             off       -     0      -           -            -        -
SH2.BAY1      ok             off       -     1      -           -            -        -
SH2.BAY2      ok             off       -     2      -           -            -        -
SH2.BAY3      ok             off       -     3      -           -            -        -
SH2.BAY4      ok             off       -     4      -           -            -        -
SH2.BAY5      ok             off       -     5      -           -            -        -
SH2.BAY6      ok             off       -     6      -           -            -        -
SH2.BAY7      ok             off       -     7      -           -            -        -
SH2.BAY8      ok             off       -     8      -           -            -        -
SH2.BAY9      ok             off       -     9      -           -            -        -
SH2.BAY10     ok             off       -     10     -           -            -        -
SH2.BAY11     ok             off       -     11     -           -            -        -
SH2.BAY12     not_installed  off       -     12     -           -            -        -
SH2.BAY13     not_installed  off       -     13     -           -            -        -
SH2.BAY14     not_installed  off       -     14     -           -            -        -
SH2.BAY15     not_installed  off       -     15     -           -            -        -
SH2.BAY16     not_installed  off       -     16     -           -            -        -
SH2.BAY17     not_installed  off       -     17     -           -            -        -
SH2.BAY18     not_installed  off       -     18     -           -            -        -
SH2.BAY19     not_installed  off       -     19     -           -            -        -
SH2.BAY20     not_installed  off       -     20     -           -            -        -
SH2.BAY21     not_installed  off       -     21     -           -            -        -
SH2.BAY22     not_installed  off       -     22     -           -            -        -
SH2.BAY23     not_installed  off       -     23     -           -            -        -
SH2.FAN0      ok             -         -     0      -           -            -        -
SH2.FAN1      ok             -         -     1      -           -            -        -
SH2.FAN2      ok             -         -     2      -           -            -        -
SH2.FAN3      ok             -         -     3      -           -            -        -
SH2.IOM0      ok             off       0     0      -           -            -        -
SH2.IOM1      ok             off       1     1      -           -            -        -
SH2.PWR0      ok             -         -     0      -           -            -        -
SH2.PWR1      ok             -         -     1      -           -            -        -
SH2.SAS0      ok             -         0     0      0.00 b/s    -            -        -
SH2.SAS1      ok             -         0     1      0.00 b/s    -            -        -
SH2.SAS2      ok             -         0     2      48.00 Gb/s  -            -        -
SH2.SAS3      ok             -         1     3      0.00 b/s    -            -        -
SH2.SAS4      ok             -         1     4      0.00 b/s    -            -        -
SH2.SAS5      ok             -         1     5      48.00 Gb/s  -            -        -
SH2.TMP0      ok             -         -     0      -           22 C         -        -
SH2.TMP1      ok             -         -     1      -           27 C         -        -
SH2.TMP2      ok             -         -     2      -           23 C         -        -
SH2.TMP3      ok             -         -     3      -           27 C         -        -
SH2.TMP4      ok             -         -     4      -           27 C         -        -
SH2.TMP5      ok             -         -     5      -           30 C         -        -
SH2.TMP6      ok             -         -     6      -           29 C         -        -
SH2.TMP7      ok             -         -     7      -           29 C         -        -
SH9           ok             off       -     9      -           23 C         -        -
SH9.BAY0      ok             off       -     0      -           -            -        -
SH9.BAY1      ok             off       -     1      -           -            -        -
SH9.BAY2      ok             off       -     2      -           -            -        -
SH9.BAY3      ok             off       -     3      -           -            -        -
SH9.BAY4      ok             off       -     4      -           -            -        -
SH9.BAY5      ok             off       -     5      -           -            -        -
SH9.BAY6      ok             off       -     6      -           -            -        -
SH9.BAY7      ok             off       -     7      -           -            -        -
SH9.BAY8      ok             off       -     8      -           -            -        -
SH9.BAY9      ok             off       -     9      -           -            -        -
SH9.BAY10     ok             off       -     10     -           -            -        -
SH9.BAY11     ok             off       -     11     -           -            -        -
SH9.BAY12     ok             off       -     12     -           -            -        -
SH9.BAY13     ok             off       -     13     -           -            -        -
SH9.BAY14     not_installed  off       -     14     -           -            -        -
SH9.BAY15     not_installed  off       -     15     -           -            -        -
SH9.BAY16     not_installed  off       -     16     -           -            -        -
SH9.BAY17     not_installed  off       -     17     -           -            -        -
SH9.BAY18     not_installed  off       -     18     -           -            -        -
SH9.BAY19     not_installed  off       -     19     -           -            -        -
SH9.BAY20     not_installed  off       -     20     -           -            -        -
SH9.BAY21     not_installed  off       -     21     -           -            -        -
SH9.BAY22     not_installed  off       -     22     -           -            -        -
SH9.BAY23     not_installed  off       -     23     -           -            -        -
SH9.BAY24     not_installed  off       -     24     -           -            -        -
SH9.BAY25     not_installed  off       -     25     -           -            -        -
SH9.BAY26     not_installed  off       -     26     -           -            -        -
SH9.BAY27     not_installed  off       -     27     -           -            -        -
SH9.PWR0      ok             -         -     0      -           -            207 V    -
SH9.PWR1      ok             -         -     1      -           -            208 V    -
SH9.SC0       ok             off       -     0      -           31 C         -        -
SH9.SC0.ETH0  ok             -         -     0      50.00 Gb/s  -            -        -
SH9.SC0.ETH1  ok             -         -     1      0.00 b/s    -            -        -
SH9.SC0.ETH2  ok             -         -     2      50.00 Gb/s  -            -        -
SH9.SC0.ETH3  ok             -         -     3      0.00 b/s    -            -        -
SH9.SC0.FAN0  ok             -         -     0      -           -            -        -
SH9.SC0.FAN1  ok             -         -     1      -           -            -        -
SH9.SC0.FAN2  ok             -         -     2      -           -            -        -
SH9.SC0.FAN3  ok             -         -     3      -           -            -        -
SH9.SC0.FAN4  ok             -         -     4      -           -            -        -
SH9.SC0.FAN5  ok             -         -     5      -           -            -        -
SH9.SC1       ok             off       -     1      -           31 C         -        -
SH9.SC1.ETH0  ok             -         -     0      50.00 Gb/s  -            -        -
SH9.SC1.ETH1  ok             -         -     1      0.00 b/s    -            -        -
SH9.SC1.ETH2  ok             -         -     2      50.00 Gb/s  -            -        -
SH9.SC1.ETH3  ok             -         -     3      0.00 b/s    -            -        -
SH9.SC1.FAN0  ok             -         -     0      -           -            -        -
SH9.SC1.FAN1  ok             -         -     1      -           -            -        -
SH9.SC1.FAN2  ok             -         -     2      -           -            -        -
SH9.SC1.FAN3  ok             -         -     3      -           -            -        -
SH9.SC1.FAN4  ok             -         -     4      -           -            -        -
SH9.SC1.FAN5  ok             -         -     5      -           -            -        -
     root@apn4purstgp0101-ct0:/var/home/pureeng# purenetwork list
Name      Enabled  Speed       Services
CT0.FC12  True     32.00 Gb/s  scsi-fc
CT0.FC13  True     32.00 Gb/s  scsi-fc
CT0.FC14  True     32.00 Gb/s  scsi-fc
CT0.FC15  True     32.00 Gb/s  scsi-fc
CT1.FC0   True     16.00 Gb/s  scsi-fc
CT1.FC1   True     16.00 Gb/s  scsi-fc
CT1.FC2   True     16.00 Gb/s  scsi-fc
CT1.FC3   True     16.00 Gb/s  scsi-fc
ct0.eth4  True     1.00 Gb/s   management
ct0.eth5  False    1.00 Gb/s   management
ct1.eth0  True     1.00 Gb/s   management
ct1.eth1  False    1.00 Gb/s   management
ct1.eth4  False    25.00 Gb/s  iscsi
ct1.eth5  False    25.00 Gb/s  iscsi
ct1.eth7  False    50.00 Gb/s  -
ct1.eth9  False    50.00 Gb/s  -
replbond  True     25.00 Gb/s  replication
vir0      True     1.00 Gb/s   management
vir1      False    1.00 Gb/s   management
     root@apn4purstgp0101-ct0:/var/home/pureeng# fcpureportlist=`pureport list --initiator | awk '/Target/,0' | cut -d. -f1 | awk '{print $1,$5}' | grep -v '-' | grep -v "Initiator" | uniq -c; echo`; fcpureportlistcount=`echo "$fcpureportli st" | awk '{total += $1} END {print total}'`; echo -e "$fcpureportlist\n\n"; echo -e "\tTotal FC connections: $fcpureportlistcount\n\n";
      1 10:00:1C:98:EC:09:FB:2E CT0
      1 10:00:1C:98:EC:09:FB:2E CT1
      1 10:00:1C:98:EC:09:FB:2F CT0
      1 10:00:1C:98:EC:09:FB:2F CT1
      1 10:00:94:57:A5:A7:C7:81 CT0
      1 10:00:94:57:A5:A7:C7:81 CT1
      1 10:00:94:57:A5:A8:23:39 CT0
      1 10:00:94:57:A5:A8:23:39 CT1
      1 10:00:D0:67:26:06:1B:A1 CT0
      1 10:00:D0:67:26:06:1B:A1 CT1
      1 10:00:D0:67:26:06:1B:A9 CT0
      1 10:00:D0:67:26:06:1B:A9 CT1
      1 10:00:D0:67:26:06:5B:01 CT0
      1 10:00:D0:67:26:06:5B:01 CT1
      1 10:00:D0:67:26:06:5B:09 CT0
      1 10:00:D0:67:26:06:5B:09 CT1
      1 10:00:D0:67:26:06:5B:91 CT0
      1 10:00:D0:67:26:06:5B:91 CT1
      1 10:00:D0:67:26:06:5B:99 CT0
      1 10:00:D0:67:26:06:5B:99 CT1
      1 10:00:D0:67:26:06:AB:B1 CT0
      1 10:00:D0:67:26:06:AB:B1 CT1
      1 10:00:D0:67:26:06:AB:B9 CT0
      1 10:00:D0:67:26:06:AB:B9 CT1
      1 10:00:D0:67:26:06:BF:21 CT0
      1 10:00:D0:67:26:06:BF:21 CT1
      1 10:00:D0:67:26:06:BF:29 CT0
      1 10:00:D0:67:26:06:BF:29 CT1
      1 10:00:D0:67:26:06:FB:41 CT0
      1 10:00:D0:67:26:06:FB:41 CT1
      1 10:00:D0:67:26:06:FB:49 CT0
      1 10:00:D0:67:26:06:FB:49 CT1
      1 10:00:EC:EB:B8:81:20:81 CT0
      1 10:00:EC:EB:B8:81:20:81 CT1
      1 10:00:EC:EB:B8:81:20:89 CT0
      1 10:00:EC:EB:B8:81:20:89 CT1
      1 10:00:EC:EB:B8:81:20:B1 CT0
      1 10:00:EC:EB:B8:81:20:B1 CT1
      1 10:00:EC:EB:B8:81:20:B9 CT0
      1 10:00:EC:EB:B8:81:20:B9 CT1
      1 10:00:EC:EB:B8:81:30:01 CT0
      1 10:00:EC:EB:B8:81:30:01 CT1
      1 10:00:EC:EB:B8:81:30:09 CT0
      1 10:00:EC:EB:B8:81:30:09 CT1
      1 10:00:EC:EB:B8:81:40:B1 CT0
      1 10:00:EC:EB:B8:81:40:B1 CT1
      1 10:00:EC:EB:B8:81:40:B9 CT0
      1 10:00:EC:EB:B8:81:40:B9 CT1
      1 10:00:EC:EB:B8:81:50:E1 CT0
      1 10:00:EC:EB:B8:81:50:E1 CT1
      1 10:00:EC:EB:B8:81:50:E9 CT0
      1 10:00:EC:EB:B8:81:50:E9 CT1
      1 10:00:EC:EB:B8:83:D6:91 CT0
      1 10:00:EC:EB:B8:83:D6:91 CT1
      1 10:00:EC:EB:B8:83:D6:99 CT0
      1 10:00:EC:EB:B8:83:D6:99 CT1


Total FC connections: 56


     root@apn4purstgp0101-ct0:/var/home/pureeng# iobalance --sampeletime 10
sampling host I/O for 10 seconds...
                Host  CT0 I/O Count  CT1 I/O Count  
  SPC1HDGDBSP0201-DR        0.00        0.00  ? Host is idle
  SPC1NETDBSP0401-DR        0.00        0.00  ? Host is idle
     SPN4NICSQLP0101        0.00        0.00  ? Host is idle
     SPN4VMWHSTP0109       8.26K      11.40K  
     SPN4VMWHSTP0110       1.68K      15.41K  ! unbalanced I/O
     SPN4VMWHSTP2001      137.00      135.00  
     SPN4VMWHSTP2002       42.00       45.00  
     SPN4VMWHSTP2003        0.00        0.00  ? Host is idle
     SPN4VMWHSTP2004        0.00        0.00  ? Host is idle
     SPN4VMWHSTP2005        0.00        0.00  ? Host is idle
     SPN4VMWHSTP2006        0.00        0.00  ? Host is idle
     SPN4VMWHSTP2007        0.00        0.00  ? Host is idle
     SPN4VMWHSTP2008        0.00        0.00  ? Host is idle
     SPN4VMWHSTP2010        0.00        0.00  ? Host is idle
     SPN4VMWHSTP2011        0.00        0.00  ? Host is idle
     root@apn4purstgp0101-ct0:/var/home/pureeng# ssh peer
Last login: Tue Jul 22 17:18:39 2025 from fe80::26a9:37ff:fe40:772f%haeth0

Tue Jul 22 18:34:36 2025
Welcome root. This is Purity Version 6.5.8 on FlashArray apn4purstgp0101
http://www.purestorage.com/
     root@apn4purstgp0101-ct1:~# cat /etc/timezone 
America/New_York     root@apn4purstgp0101-ct1:~# exit
logout
     root@apn4purstgp0101-ct0:/var/home/pureeng# ssh peer
Last login: Tue Jul 22 18:34:35 2025 from fe80::26a9:37ff:fe63:8e46%haeth0

Tue Jul 22 18:34:47 2025
Welcome root. This is Purity Version 6.5.8 on FlashArray apn4purstgp0101
http://www.purestorage.com/
     root@apn4purstgp0101-ct1:~# puremessage lis t--t --open
     root@apn4purstgp0101-ct1:~# puremessage list --open --hidden
ID        Time                     Severity  Category  Code  Component   Name           Event                    Expected  Actual   Details
14155943  2025-07-22 17:36:15 EDT  hidden    array     24    enclosure   ct0            missing paths            8 paths   0 paths  
14155946  2025-07-22 17:36:15 EDT  hidden    array     23    drive       ct0.sh0.bay13  missing paths            2         1        
14155947  2025-07-22 17:36:15 EDT  hidden    array     23    drive       ct0.sh0.bay18  missing paths            2         1        
14155948  2025-07-22 17:36:15 EDT  hidden    array     23    drive       ct0.sh1.bay12  missing paths            2         1        
14155949  2025-07-22 17:36:15 EDT  hidden    array     23    drive       ct0.sh1.bay23  missing paths            2         1        
14155950  2025-07-22 17:36:15 EDT  hidden    array     23    drive       ct0.sh0.bay2   missing paths            2         1        
14155951  2025-07-22 17:36:15 EDT  hidden    array     23    drive       ct0.sh1.bay11  missing paths            2         1        
14155952  2025-07-22 17:36:15 EDT  hidden    array     23    drive       ct0.sh0.bay20  missing paths            2         1        
14155953  2025-07-22 17:36:15 EDT  hidden    array     23    drive       ct0.sh0.bay9   missing paths            2         1        
14155954  2025-07-22 17:36:15 EDT  hidden    array     23    drive       ct0.sh0.bay19  missing paths            2         1        
14155955  2025-07-22 17:36:15 EDT  hidden    array     23    drive       ct0.sh0.bay16  missing paths            2         1        
14155956  2025-07-22 17:36:15 EDT  hidden    array     23    drive       ct0.sh1.bay5   missing paths            2         1        
14155957  2025-07-22 17:36:15 EDT  hidden    array     23    drive       ct0.sh2.bay0   missing paths            2         1        
14155958  2025-07-22 17:36:15 EDT  hidden    array     23    drive       ct0.sh1.bay14  missing paths            2         1        
14155959  2025-07-22 17:36:15 EDT  hidden    array     23    drive       ct0.sh2.bay6   missing paths            2         1        
14155960  2025-07-22 17:36:15 EDT  hidden    array     23    drive       ct0.sh0.bay21  missing paths            2         1        
14155961  2025-07-22 17:36:15 EDT  hidden    array     23    drive       ct0.sh1.bay3   missing paths            2         1        
14155962  2025-07-22 17:36:15 EDT  hidden    array     23    drive       ct0.sh1.bay7   missing paths            2         1        
14155963  2025-07-22 17:36:15 EDT  hidden    array     23    drive       ct0.sh1.bay20  missing paths            2         1        
14155964  2025-07-22 17:36:15 EDT  hidden    array     23    drive       ct0.sh0.bay10  missing paths            2         1        
14155965  2025-07-22 17:36:15 EDT  hidden    array     23    drive       ct0.sh1.bay0   missing paths            2         1        
14155966  2025-07-22 17:36:15 EDT  hidden    array     23    drive       ct0.sh1.bay6   missing paths            2         1        
14155967  2025-07-22 17:36:15 EDT  hidden    array     23    drive       ct0.sh2.bay2   missing paths            2         1        
14155968  2025-07-22 17:36:15 EDT  hidden    array     23    drive       ct0.sh1.bay2   missing paths            2         1        
14155969  2025-07-22 17:36:15 EDT  hidden    array     23    drive       ct0.sh0.bay17  missing paths            2         1        
14155970  2025-07-22 17:36:15 EDT  hidden    array     23    drive       ct0.sh1.bay18  missing paths            2         1        
14155971  2025-07-22 17:36:15 EDT  hidden    array     23    drive       ct0.sh0.bay23  missing paths            2         1        
14155972  2025-07-22 17:36:15 EDT  hidden    array     23    drive       ct0.sh2.bay7   missing paths            2         1        
14155973  2025-07-22 17:36:15 EDT  hidden    array     23    drive       ct0.sh1.bay10  missing paths            2         1        
14155974  2025-07-22 17:36:15 EDT  hidden    array     23    drive       ct0.sh0.bay7   missing paths            2         1        
14155975  2025-07-22 17:36:15 EDT  hidden    array     23    drive       ct0.sh2.bay3   missing paths            2         1        
14155976  2025-07-22 17:36:15 EDT  hidden    array     23    drive       ct0.sh0.bay22  missing paths            2         1        
14155977  2025-07-22 17:36:15 EDT  hidden    array     23    drive       ct0.sh0.bay12  missing paths            2         1        
14155978  2025-07-22 17:36:15 EDT  hidden    array     23    drive       ct0.sh0.bay8   missing paths            2         1        
14155979  2025-07-22 17:36:15 EDT  hidden    array     23    drive       ct0.sh1.bay21  missing paths            2         1        
14155980  2025-07-22 17:36:15 EDT  hidden    array     23    drive       ct0.sh0.bay5   missing paths            2         1        
14155981  2025-07-22 17:36:15 EDT  hidden    array     23    drive       ct0.sh1.bay1   missing paths            2         1        
14155982  2025-07-22 17:36:15 EDT  hidden    array     23    drive       ct0.sh1.bay8   missing paths            2         1        
14155983  2025-07-22 17:36:15 EDT  hidden    array     23    drive       ct0.sh1.bay16  missing paths            2         1        
14155984  2025-07-22 17:36:15 EDT  hidden    array     23    drive       ct0.sh1.bay22  missing paths            2         1        
14155985  2025-07-22 17:36:15 EDT  hidden    array     23    drive       ct0.sh2.bay4   missing paths            2         1        
14155986  2025-07-22 17:36:15 EDT  hidden    array     23    drive       ct0.sh0.bay0   missing paths            2         1        
14155987  2025-07-22 17:36:15 EDT  hidden    array     23    drive       ct0.sh1.bay13  missing paths            2         1        
14155988  2025-07-22 17:36:15 EDT  hidden    array     23    drive       ct0.sh0.bay1   missing paths            2         1        
14155989  2025-07-22 17:36:15 EDT  hidden    array     23    drive       ct0.sh2.bay10  missing paths            2         1        
14155990  2025-07-22 17:36:15 EDT  hidden    array     23    drive       ct0.sh0.bay14  missing paths            2         1        
14155991  2025-07-22 17:36:15 EDT  hidden    array     23    drive       ct0.sh0.bay15  missing paths            2         1        
14155992  2025-07-22 17:36:15 EDT  hidden    array     23    drive       ct0.sh2.bay9   missing paths            2         1        
14155993  2025-07-22 17:36:15 EDT  hidden    array     23    drive       ct0.sh1.bay17  missing paths            2         1        
14155994  2025-07-22 17:36:16 EDT  hidden    array     23    drive       ct0.sh1.bay19  missing paths            2         1        
14155995  2025-07-22 17:36:16 EDT  hidden    array     23    drive       ct0.sh2.bay5   missing paths            2         1        
14155996  2025-07-22 17:36:16 EDT  hidden    array     23    drive       ct0.sh2.bay8   missing paths            2         1        
14155997  2025-07-22 17:36:16 EDT  hidden    array     23    drive       ct0.sh0.bay4   missing paths            2         1        
14155998  2025-07-22 17:36:16 EDT  hidden    array     23    drive       ct0.sh1.bay4   missing paths            2         1        
14155999  2025-07-22 17:36:16 EDT  hidden    array     23    drive       ct0.sh1.bay9   missing paths            2         1        
14156000  2025-07-22 17:36:16 EDT  hidden    array     23    drive       ct0.sh0.bay6   missing paths            2         1        
14156001  2025-07-22 17:36:16 EDT  hidden    array     23    drive       ct0.sh0.bay3   missing paths            2         1        
14156002  2025-07-22 17:36:16 EDT  hidden    array     23    drive       ct0.sh2.bay1   missing paths            2         1        
14156003  2025-07-22 17:36:16 EDT  hidden    array     23    drive       ct0.sh0.bay11  missing paths            2         1        
14156004  2025-07-22 17:36:16 EDT  hidden    array     23    drive       ct0.sh2.bay11  missing paths            2         1        
14156005  2025-07-22 17:36:16 EDT  hidden    array     23    drive       ct0.sh1.bay15  missing paths            2         1        
14156082  2025-07-22 17:37:10 EDT  hidden    array     31    controller  ct0            drive detection failure  -         -        
     root@apn4purstgp0101-ct1:~# puredb list drives
Name       Subslot  Type   Protocol  Status   Capacity  Pinned Space  Degraded  Device Id                                  Boot Aus Used  Main Aus Used
CH0.DRV0   1        SSD    SAS       healthy  952.91G   0.00          0.00      4375525321775006445:10960893671843493895   24/112         84573/121906
CH0.DRV0   2        SSD    SAS       healthy  952.91G   0.00          0.00      14193240578452506492:9869346591897237024   21/112         84580/121906
CH0.DRV1   1        SSD    SAS       healthy  952.91G   0.00          0.00      5355517763450520882:11397993329386983673   17/112         84488/121906
CH0.DRV1   2        SSD    SAS       healthy  952.91G   0.00          0.00      12963694273788267398:13090358053021009106  24/112         84525/121906
CH0.DRV2   1        SSD    SAS       healthy  952.91G   0.00          0.00      1249955666582586059:11364171777197472175   20/112         84564/121906
CH0.DRV2   2        SSD    SAS       healthy  952.91G   0.00          0.00      5922333390866565525:10143693104072313638   19/112         84848/121906
CH0.DRV3   1        SSD    SAS       healthy  952.91G   0.00          0.00      5094361095329238582:12142351266818973841   23/112         84624/121906
CH0.DRV3   2        SSD    SAS       healthy  952.91G   0.00          0.00      13079156598409937994:13021684843269870504  26/112         84602/121906
CH0.DRV4   1        SSD    SAS       healthy  952.91G   0.00          0.00      8783237733482381782:13380578043949289592   24/112         84999/121906
CH0.DRV4   2        SSD    SAS       healthy  952.91G   0.00          0.00      14755054761285470724:10847877780581969553  22/112         84565/121906
CH0.DRV5   1        SSD    SAS       healthy  952.91G   0.00          0.00      14101302032045460027:12027083750218641952  22/112         84441/121906
CH0.DRV5   2        SSD    SAS       healthy  952.91G   0.00          0.00      2374833939494422070:9266027038709055447    16/112         84866/121906
CH0.DRV6   1        SSD    SAS       healthy  952.91G   0.00          0.00      12300880515309521555:10263837974242748867  19/112         84600/121906
CH0.DRV6   2        SSD    SAS       healthy  952.91G   0.00          0.00      10625937405881959964:10535779030894764898  21/112         84708/121906
CH0.DRV7   1        SSD    SAS       healthy  952.91G   0.00          0.00      404232727709502690:11705865919815873186    24/112         84846/121906
CH0.DRV7   2        SSD    SAS       healthy  952.91G   0.00          0.00      16675935604900709858:11775740153211859248  25/112         84592/121906
CH0.DRV8   1        SSD    SAS       healthy  952.91G   0.00          0.00      13424510336800800886:11904036554363496312  22/112         84854/121906
CH0.DRV8   2        SSD    SAS       healthy  952.91G   0.00          0.00      17592477875894636281:13242374844986083258  20/112         84350/121906
CH0.DRV9   1        SSD    SAS       healthy  952.91G   0.00          0.00      974742222803781573:10397533468870317697    22/112         84568/121906
CH0.DRV9   2        SSD    SAS       healthy  952.91G   0.00          0.00      3750692968430781045:10350204275622335640   21/112         84690/121906
CH0.DRV10  1        SSD    SAS       healthy  952.91G   0.00          0.00      730175263899077044:9969309258387347473     16/112         84681/121906
CH0.DRV10  2        SSD    SAS       healthy  952.91G   0.00          0.00      8538406311544177109:11810143329679958850   17/112         84564/121906
CH0.DRV11  1        SSD    SAS       healthy  952.91G   0.00          0.00      17551681578938551760:12642240044393529619  17/112         84773/121906
CH0.DRV11  2        SSD    SAS       healthy  952.91G   0.00          0.00      8030889056544114455:12480399932623387579   17/112         84530/121906
CH0.DRV12  1        SSD    SAS       healthy  952.91G   0.00          0.00      11111362356712458393:13266790911216237141  25/112         84692/121906
CH0.DRV12  2        SSD    SAS       healthy  952.91G   0.00          0.00      12828157216746982548:13152892877267241082  22/112         84405/121906
CH0.DRV13  1        SSD    SAS       healthy  952.91G   0.00          0.00      14626034461603679461:10742747658173635695  16/112         84492/121906
CH0.DRV13  2        SSD    SAS       healthy  952.91G   0.00          0.00      8887906382727302493:12171156449497100839   19/112         84769/121906
CH0.DRV14  1        SSD    SAS       healthy  952.91G   0.00          0.00      10591642641703521860:10291337119054407767  18/112         84427/121906
CH0.DRV14  2        SSD    SAS       healthy  952.91G   0.00          0.00      9734100678021564901:13310329498241617480   20/112         84845/121906
CH0.DRV15  1        SSD    SAS       healthy  952.91G   0.00          0.00      17588245580952850103:11863679741317090362  21/112         84899/121906
CH0.DRV15  2        SSD    SAS       healthy  952.91G   0.00          0.00      14283684919403824455:11296272589183425516  19/112         84497/121906
CH0.DRV16  1        SSD    SAS       healthy  952.91G   0.00          0.00      6582414755100249672:9998168151752561858    22/112         84793/121906
CH0.DRV16  2        SSD    SAS       healthy  952.91G   0.00          0.00      13112578055971357313:11818218708541954170  19/112         84361/121906
CH0.DRV17  1        SSD    SAS       healthy  952.91G   0.00          0.00      2959674320493038275:13118129177187956917   19/112         84681/121906
CH0.DRV17  2        SSD    SAS       healthy  952.91G   0.00          0.00      3193093489809178858:9422149116493742543    14/112         84628/121906
CH0.DRV18  1        SSD    SAS       healthy  952.91G   0.00          0.00      8092172073006219375:13639233161492988253   19/112         84632/121906
CH0.DRV18  2        SSD    SAS       healthy  952.91G   0.00          0.00      4231237098307472971:10114049963162151685   17/112         84526/121906
CH0.DRV19  1        SSD    SAS       healthy  952.91G   0.00          0.00      9581661087082758847:12440447316055900297   20/112         84614/121906
CH0.DRV19  2        SSD    SAS       healthy  952.91G   0.00          0.00      17783356987383041656:10742118171910833603  23/112         84475/121906
CH0.NVR0   0        NVRAM  NVMe      healthy  7.00G     -             0.00      16865573770357589378:10297988126520856047  -              -
CH0.NVR1   0        NVRAM  NVMe      healthy  7.00G     -             0.00      15872490282914891349:9794517961953460501   -              -
SH0.DRV0   1        SSD    SAS       healthy  446.67G   0.00          0.00      8966679911711591221:13268910374356402496   10/47          39617/57108
SH0.DRV0   2        SSD    SAS       healthy  446.67G   0.00          0.00      5493378650731726106:11624084952691218543   13/47          39685/57108
SH0.DRV1   1        SSD    SAS       healthy  446.67G   0.00          0.00      7234245436068479239:12679005742981954956   11/47          39642/57108
SH0.DRV1   2        SSD    SAS       healthy  446.67G   0.00          0.00      16807479357826679464:11811671592436998623  15/47          39682/57108
SH0.DRV2   1        SSD    SAS       healthy  446.67G   0.00          0.00      10487030616953537839:12367983925905799535  10/47          39645/57108
SH0.DRV2   2        SSD    SAS       healthy  446.67G   0.00          0.00      13995276955094699026:11972234702779666558  13/47          39620/57108
SH0.DRV3   1        SSD    SAS       healthy  446.67G   0.00          0.00      7923451477190853399:9239973643019857647    11/47          39519/57108
SH0.DRV3   2        SSD    SAS       healthy  446.67G   0.00          0.00      5866721625857343819:13572764906511660935   11/47          39477/57108
SH0.DRV4   1        SSD    SAS       healthy  446.67G   0.00          0.00      17627612385916241728:10166519273781407399  15/47          39660/57108
SH0.DRV4   2        SSD    SAS       healthy  446.67G   0.00          0.00      16448896898379105344:10661830973992349246  13/47          39458/57108
SH0.DRV5   1        SSD    SAS       healthy  446.67G   0.00          0.00      8433098113884176605:13480752815807242185   9/47           39621/57108
SH0.DRV5   2        SSD    SAS       healthy  446.67G   0.00          0.00      4443269349067931898:12227393178521746768   15/47          39569/57108
SH0.DRV6   1        SSD    SAS       healthy  446.67G   0.00          0.00      16991634946670874240:11825192368136522721  12/47          39595/57108
SH0.DRV6   2        SSD    SAS       healthy  446.67G   0.00          0.00      3997722556637794214:10984346219683987017   13/47          39453/57108
SH0.DRV7   1        SSD    SAS       healthy  446.67G   0.00          0.00      5957341000740849355:13017694426874645429   12/47          39544/57108
SH0.DRV7   2        SSD    SAS       healthy  446.67G   0.00          0.00      17242880054289452438:10009211537066410201  14/47          39701/57108
SH0.DRV8   1        SSD    SAS       healthy  446.67G   0.00          0.00      17353734819250785311:10932401020199297898  13/47          39424/57108
SH0.DRV8   2        SSD    SAS       healthy  446.67G   0.00          0.00      14552721047657794384:12737263673751959584  9/47           39723/57108
SH0.DRV9   1        SSD    SAS       healthy  446.67G   0.00          0.00      3074131744959448085:13545964254780702398   14/47          39648/57108
SH0.DRV9   2        SSD    SAS       healthy  446.67G   0.00          0.00      14348237042804869175:9649116487126711235   15/47          39605/57108
SH0.DRV10  1        SSD    SAS       healthy  446.67G   0.00          0.00      7098181813763983680:13092945885278299445   15/47          39532/57108
SH0.DRV10  2        SSD    SAS       healthy  446.67G   0.00          0.00      10117193895463569382:13652885346287236521  11/47          39642/57108
SH0.DRV11  1        SSD    SAS       healthy  446.67G   0.00          0.00      17591568771261940325:10698069086699602433  11/47          39707/57108
SH0.DRV11  2        SSD    SAS       healthy  446.67G   0.00          0.00      7082270510618134774:11395980137589127234   13/47          39548/57108
SH0.DRV12  1        SSD    SAS       healthy  893.35G   0.00          0.00      6761534575184922012:9774482566829436807    19/104         79285/114283
SH0.DRV12  2        SSD    SAS       healthy  893.35G   0.00          0.00      10379224084584418399:9896722092060090120   22/104         79574/114283
SH0.DRV13  1        SSD    SAS       healthy  893.35G   0.00          0.00      16270387623420053205:12235815670726067629  22/104         79709/114283
SH0.DRV13  2        SSD    SAS       healthy  893.35G   0.00          0.00      12391872154141279894:9934870663807956680   14/104         79353/114283
SH0.DRV14  1        SSD    SAS       healthy  893.35G   0.00          0.00      17286569594307429759:13012757263540816655  18/104         79504/114283
SH0.DRV14  2        SSD    SAS       healthy  893.35G   0.00          0.00      3842876914113070012:11487847638732185001   16/104         79409/114283
SH0.DRV15  1        SSD    SAS       healthy  893.35G   0.00          0.00      2519992099848474134:12254670752344881096   30/104         79668/114283
SH0.DRV15  2        SSD    SAS       healthy  893.35G   0.00          0.00      4623186384103817697:11056441085280719708   14/104         79372/114283
SH0.DRV16  1        SSD    SAS       healthy  893.35G   0.00          0.00      10084083255075884927:11764218389703780300  22/104         79616/114283
SH0.DRV16  2        SSD    SAS       healthy  893.35G   0.00          0.00      5814343052178507620:11747457826588030601   16/104         79422/114283
SH0.DRV17  1        SSD    SAS       healthy  893.35G   0.00          0.00      13811306692044277404:9450179455966635575   20/104         79269/114283
SH0.DRV17  2        SSD    SAS       healthy  893.35G   0.00          0.00      11806772808350975243:9403947549172596274   21/104         79301/114283
SH0.DRV18  1        SSD    SAS       healthy  893.35G   0.00          0.00      5877195339445258308:9253595658940299241    22/104         78900/114283
SH0.DRV18  2        SSD    SAS       healthy  893.35G   0.00          0.00      7180902354772315281:10832287013861536449   16/104         78427/114283
SH0.DRV19  1        SSD    SAS       healthy  893.35G   0.00          0.00      12892185379322217982:12615672403895732812  20/104         79263/114283
SH0.DRV19  2        SSD    SAS       healthy  893.35G   0.00          0.00      2431699456078138755:9446877319843997716    26/104         79557/114283
SH0.DRV20  1        SSD    SAS       healthy  893.35G   0.00          0.00      17689243636572637652:12582650951297669030  18/104         79317/114283
SH0.DRV20  2        SSD    SAS       healthy  893.35G   0.00          0.00      4204628490773088146:12947375722373805278   26/104         79557/114283
SH0.DRV21  1        SSD    SAS       healthy  893.35G   0.00          0.00      13713924822383414016:12147602195394598498  20/104         75873/114283
SH0.DRV21  2        SSD    SAS       healthy  893.35G   0.00          0.00      9863445106577130469:10332683868234926979   22/104         76319/114283
SH0.DRV22  1        SSD    SAS       healthy  893.35G   0.00          0.00      15083557886619501476:12526843955454827307  27/104         79494/114283
SH0.DRV22  2        SSD    SAS       healthy  893.35G   0.00          0.00      12858187989355482968:9558577217769362916   16/104         79100/114283
SH0.DRV23  1        SSD    SAS       healthy  893.35G   0.00          0.00      4239718674293279427:9440882314965192489    15/104         79398/114283
SH0.DRV23  2        SSD    SAS       healthy  893.35G   0.00          0.00      18251292942243810429:11442868172722148420  18/104         79583/114283
SH1.DRV0   1        SSD    SAS       healthy  1.74T     0.00          0.00      16360668074264840881:12952510021993595474  36/218         146199/228632
SH1.DRV0   2        SSD    SAS       healthy  1.74T     0.00          0.00      9442589781375667244:10326642175040936343   40/218         145938/228632
SH1.DRV1   1        SSD    SAS       healthy  1.74T     0.00          0.00      9501009516945294579:13397376255354064749   34/218         146035/228632
SH1.DRV1   2        SSD    SAS       healthy  1.74T     0.00          0.00      13435649085972367419:10581426146791497870  33/218         146067/228632
SH1.DRV2   1        SSD    SAS       healthy  1.74T     0.00          0.00      9206656690754044005:10164280537221291221   36/218         146165/228632
SH1.DRV2   2        SSD    SAS       healthy  1.74T     0.00          0.00      5980763400217774031:10955383143931116101   29/218         146124/228632
SH1.DRV3   1        SSD    SAS       healthy  1.74T     0.00          0.00      15118369008715777464:13065411739010658055  33/218         145693/228632
SH1.DRV3   2        SSD    SAS       healthy  1.74T     0.00          0.00      8371377516021238769:10935418164986786903   33/218         145099/228632
SH1.DRV4   1        SSD    SAS       healthy  1.74T     0.00          0.00      2169948766257039012:13151939154965491766   35/218         145743/228632
SH1.DRV4   2        SSD    SAS       healthy  1.74T     0.00          0.00      12044002515405129119:10617601787310088075  28/218         146319/228632
SH1.DRV5   1        SSD    SAS       healthy  1.74T     0.00          0.00      2145488049563190600:9289891842808250653    32/218         145913/228632
SH1.DRV5   2        SSD    SAS       healthy  1.74T     0.00          0.00      1624940799665196419:13714750812757825009   34/218         146082/228632
SH1.DRV6   1        SSD    SAS       healthy  1.74T     0.00          0.00      11648854962485938468:12636550533376265789  37/218         145766/228632
SH1.DRV6   2        SSD    SAS       healthy  1.74T     0.00          0.00      17095124755495208233:13255827930340796961  36/218         146442/228632
SH1.DRV7   1        SSD    SAS       healthy  1.74T     0.00          0.00      10788183386053624080:10433701169398042934  36/218         146360/228632
SH1.DRV7   2        SSD    SAS       healthy  1.74T     0.00          0.00      10834111867305019400:13432024384187736305  41/218         146209/228632
SH1.DRV8   1        SSD    SAS       healthy  1.74T     0.00          0.00      11035022050677837231:9511234104415388977   35/218         146348/228632
SH1.DRV8   2        SSD    SAS       healthy  1.74T     0.00          0.00      5100201992587134376:12551882939089231938   42/218         145896/228632
SH1.DRV9   1        SSD    SAS       healthy  1.74T     0.00          0.00      3982035743936300659:13803615736546671130   38/218         145964/228632
SH1.DRV9   2        SSD    SAS       healthy  1.74T     0.00          0.00      70416352917406797:11718802454609547542     34/218         145980/228632
SH1.DRV10  1        SSD    SAS       healthy  1.74T     0.00          0.00      14858251824547578408:9835709308800188859   35/218         145939/228632
SH1.DRV10  2        SSD    SAS       healthy  1.74T     0.00          0.00      13063311761069524070:11862042733280158015  22/218         146526/228632
SH1.DRV11  1        SSD    SAS       healthy  1.74T     0.00          0.00      17262520971556899661:12494199901055507081  35/218         146139/228632
SH1.DRV11  2        SSD    SAS       healthy  1.74T     0.00          0.00      8463134202593560902:11563545250285841359   34/218         146370/228632
SH1.DRV12  1        SSD    SAS       healthy  893.35G   0.00          0.00      2065677330287774267:9707537445919275423    17/104         78155/114283
SH1.DRV12  2        SSD    SAS       healthy  893.35G   0.00          0.00      7051646934586182646:10409545476001472713   24/104         78030/114283
SH1.DRV13  1        SSD    SAS       healthy  893.35G   0.00          0.00      12388327000921162174:9652578342061380573   24/104         78095/114283
SH1.DRV13  2        SSD    SAS       healthy  893.35G   0.00          0.00      9622772399890581706:10468655488594484676   19/104         77967/114283
SH1.DRV14  1        SSD    SAS       healthy  893.35G   0.00          0.00      6089790232873681429:12615850758808624793   13/104         77870/114283
SH1.DRV14  2        SSD    SAS       healthy  893.35G   0.00          0.00      6237350346509141259:13031099410847400038   26/104         78068/114283
SH1.DRV15  1        SSD    SAS       healthy  893.35G   0.00          0.00      325658810312707904:11091667716673543304    18/104         78048/114283
SH1.DRV15  2        SSD    SAS       healthy  893.35G   0.00          0.00      18177097453746539085:12274208253969124395  21/104         78102/114283
SH1.DRV16  1        SSD    SAS       healthy  893.35G   0.00          0.00      13282883632558063629:12967253079747455228  28/104         78336/114283
SH1.DRV16  2        SSD    SAS       healthy  893.35G   0.00          0.00      541197011960415483:13100003182936349409    16/104         77849/114283
SH1.DRV17  1        SSD    SAS       healthy  893.35G   0.00          0.00      1593276676285549571:12193681384999291345   19/104         78013/114283
SH1.DRV17  2        SSD    SAS       healthy  893.35G   0.00          0.00      5372807592728415802:9463226660607242802    22/104         78123/114283
SH1.DRV18  1        SSD    SAS       healthy  893.35G   0.00          0.00      8358409040006693120:9687959391937544790    17/104         78062/114283
SH1.DRV18  2        SSD    SAS       healthy  893.35G   0.00          0.00      13947313212755431070:13309013350002869472  26/104         78152/114283
SH1.DRV19  1        SSD    SAS       healthy  893.35G   0.00          0.00      3397176052028620984:10813368031237412558   17/104         78225/114283
SH1.DRV19  2        SSD    SAS       healthy  893.35G   0.00          0.00      10670053330920817665:10488300611706538102  25/104         78134/114283
SH1.DRV20  1        SSD    SAS       healthy  893.35G   0.00          0.00      13774446458829750743:12249805679116011442  22/104         77947/114283
SH1.DRV20  2        SSD    SAS       healthy  893.35G   0.00          0.00      16080971856754459804:12206485291940755878  24/104         77958/114283
SH1.DRV21  1        SSD    SAS       healthy  893.35G   0.00          0.00      10651837064990050580:12233156789983341089  25/104         78144/114283
SH1.DRV21  2        SSD    SAS       healthy  893.35G   0.00          0.00      14987141605494967736:12886747907097160928  15/104         78016/114283
SH1.DRV22  1        SSD    SAS       healthy  893.35G   0.00          0.00      5128598956041718755:12105188533742928798   24/104         78144/114283
SH1.DRV22  2        SSD    SAS       healthy  893.35G   0.00          0.00      13251700168655979179:9684582834087468497   21/104         77974/114283
SH1.DRV23  1        SSD    SAS       healthy  893.35G   0.00          0.00      15401406232705780868:13605268130357074651  24/104         78051/114283
SH1.DRV23  2        SSD    SAS       healthy  893.35G   0.00          0.00      14154622012395701959:12438360167595614772  19/104         77971/114283
SH2.DRV0   1        SSD    SAS       healthy  476.45G   0.00          0.00      10111488495015183315:11187990644044833760  16/51          41445/60920
SH2.DRV0   2        SSD    SAS       healthy  476.45G   0.00          0.00      9394935714627538501:13455099931322151176   8/51           41635/60920
SH2.DRV1   1        SSD    SAS       healthy  476.45G   0.00          0.00      5787978510377896588:11194516253087427232   13/51          41484/60920
SH2.DRV1   2        SSD    SAS       healthy  476.45G   0.00          0.00      735875541681128970:12031306425275766220    11/51          41709/60920
SH2.DRV2   1        SSD    SAS       healthy  476.45G   0.00          0.00      15569169648527230602:13681729501223133520  13/51          41528/60920
SH2.DRV2   2        SSD    SAS       healthy  476.45G   0.00          0.00      15692019554942074921:10386783044086227713  8/51           41702/60920
SH2.DRV3   1        SSD    SAS       healthy  476.45G   0.00          0.00      8101953822780968653:12083738515087505450   13/51          41623/60920
SH2.DRV3   2        SSD    SAS       healthy  476.45G   0.00          0.00      3582307551021780276:10902489767082174636   14/51          41501/60920
SH2.DRV4   1        SSD    SAS       healthy  476.45G   0.00          0.00      11018556511324489675:10016625161294339308  9/51           41570/60920
SH2.DRV4   2        SSD    SAS       healthy  476.45G   0.00          0.00      18264555148243059733:12500681925095712295  15/51          41406/60920
SH2.DRV5   1        SSD    SAS       healthy  476.45G   0.00          0.00      1243458791526581499:9770638649685182777    9/51           41614/60920
SH2.DRV5   2        SSD    SAS       healthy  476.45G   0.00          0.00      6676123874697694106:13451159338982394586   12/51          41495/60920
SH2.DRV6   1        SSD    SAS       healthy  476.45G   0.00          0.00      7797715325373860468:10896088848578331804   18/51          41492/60920
SH2.DRV6   2        SSD    SAS       healthy  476.45G   0.00          0.00      12609054906448431579:13612725050691898934  14/51          41556/60920
SH2.DRV7   1        SSD    SAS       healthy  476.45G   0.00          0.00      1588886608666447206:11055217957046323063   15/51          41437/60920
SH2.DRV7   2        SSD    SAS       healthy  476.45G   0.00          0.00      14543310117479860572:13636684673119140039  12/51          41610/60920
SH2.DRV8   1        SSD    SAS       healthy  476.45G   0.00          0.00      14417796846434600057:12850527900016970551  14/51          41608/60920
SH2.DRV8   2        SSD    SAS       healthy  476.45G   0.00          0.00      5794917674504179680:12204080411720003505   10/51          41609/60920
SH2.DRV9   1        SSD    SAS       healthy  476.45G   0.00          0.00      12850167018899652867:9285551368162439374   8/51           41675/60920
SH2.DRV9   2        SSD    SAS       healthy  476.45G   0.00          0.00      15330962555789855825:10854146533580882972  15/51          41495/60920
SH2.DRV10  1        SSD    SAS       healthy  476.45G   0.00          0.00      16167309641885173243:12532965819219950657  15/51          41671/60920
SH2.DRV10  2        SSD    SAS       healthy  476.45G   0.00          0.00      7301197259162275253:12669030125571838653   16/51          41403/60920
SH2.DRV11  1        SSD    SAS       healthy  476.45G   0.00      8041/60966
SH9.DRV9   0        SSD    NVMe      healthy  1.92T     0.00          0.00      426769554867834335:11337579750141260637    9/51           8057/60963
SH9.DRV10  0        SSD    NVMe      healthy  1.92T     0.00          0.00      15818571815900564251:13171237289525095348  11/51          8041/60921
SH9.DRV11  0        SSD    NVMe      healthy  1.92T     0.00          0.00      9626496702151017125:13240435457470737643   12/51          8015/60857
SH9.DRV12  0        SSD    NVMe      healthy  1.92T     0.00          0.00      15909036592720331466:9658976512840974879   11/51          8083/60821
SH9.DRV13  0        SSD    NVMe      healthy  1.92T     0.00          0.00      17924961094815926696:11926734727833468191  13/51          7981/60919
     root@apn4purstgp0101-ct1:~# purearray list --aspace
Name             Capacity  Parity  Provisioned Size  Virtual  Thin Provisioning  Data Reduction  Total Reduction  Unique  Snapshots  Shared  System  Replication  Total
apn4purstgp0101  117.18T   100%    119577G           116.77T  0%                 2.6 to 1        7.7 to 1         6.94T   48.01T     6.14T   0.00    0.00         61.09T
     root@apn4purstgp0101-ct1:~# purearray list --spacedb list drives
Name       Subslot  Type   Protocol  Status   Capacity  Pinned Space  Degraded  Device Id                                  Boot Aus Used  Main Aus Used
CH0.DRV0   1        SSD    SAS       healthy  952.91G   0.00          0.00      4375525321775006445:10960893671843493895   24/112         84562/121906
CH0.DRV0   2        SSD    SAS       healthy  952.91G   0.00          0.00      14193240578452506492:9869346591897237024   21/112         84566/121906
CH0.DRV1   1        SSD    SAS       healthy  952.91G   0.00          0.00      5355517763450520882:11397993329386983673   17/112         84478/121906
CH0.DRV1   2        SSD    SAS       healthy  952.91G   0.00          0.00      12963694273788267398:13090358053021009106  24/112         84515/121906
CH0.DRV2   1        SSD    SAS       healthy  952.91G   0.00          0.00      1249955666582586059:11364171777197472175   20/112         84552/121906
CH0.DRV2   2        SSD    SAS       healthy  952.91G   0.00          0.00      5922333390866565525:10143693104072313638   19/112         84834/121906
CH0.DRV3   1        SSD    SAS       healthy  952.91G   0.00          0.00      5094361095329238582:12142351266818973841   23/112         84613/121906
CH0.DRV3   2        SSD    SAS       healthy  952.91G   0.00          0.00      13079156598409937994:13021684843269870504  26/112         84590/121906
CH0.DRV4   1        SSD    SAS       healthy  952.91G   0.00          0.00      8783237733482381782:13380578043949289592   24/112         84989/121906
CH0.DRV4   2        SSD    SAS       healthy  952.91G   0.00          0.00      14755054761285470724:10847877780581969553  22/112         84555/121906
CH0.DRV5   1        SSD    SAS       healthy  952.91G   0.00          0.00      14101302032045460027:12027083750218641952  22/112         84431/121906
CH0.DRV5   2        SSD    SAS       healthy  952.91G   0.00          0.00      2374833939494422070:9266027038709055447    16/112         84856/121906
CH0.DRV6   1        SSD    SAS       healthy  952.91G   0.00          0.00      12300880515309521555:10263837974242748867  19/112         84593/121906
CH0.DRV6   2        SSD    SAS       healthy  952.91G   0.00          0.00      10625937405881959964:10535779030894764898  21/112         84699/121906
CH0.DRV7   1        SSD    SAS       healthy  952.91G   0.00          0.00      404232727709502690:11705865919815873186    24/112         84835/121906
CH0.DRV7   2        SSD    SAS       healthy  952.91G   0.00          0.00      16675935604900709858:11775740153211859248  25/112         84578/121906
CH0.DRV8   1        SSD    SAS       healthy  952.91G   0.00          0.00      13424510336800800886:11904036554363496312  22/112         84846/121906
CH0.DRV8   2        SSD    SAS       healthy  952.91G   0.00          0.00      17592477875894636281:13242374844986083258  20/112         84338/121906
CH0.DRV9   1        SSD    SAS       healthy  952.91G   0.00          0.00      974742222803781573:10397533468870317697    22/112         84560/121906
CH0.DRV9   2        SSD    SAS       healthy  952.91G   0.00          0.00      3750692968430781045:10350204275622335640   21/112         84676/121906
CH0.DRV10  1        SSD    SAS       healthy  952.91G   0.00          0.00      730175263899077044:9969309258387347473     16/112         84671/121906
CH0.DRV10  2        SSD    SAS       healthy  952.91G   0.00          0.00      8538406311544177109:11810143329679958850   17/112         84546/121906
CH0.DRV11  1        SSD    SAS       healthy  952.91G   0.00          0.00      17551681578938551760:12642240044393529619  17/112         84760/121906
CH0.DRV11  2        SSD    SAS       healthy  952.91G   0.00          0.00      8030889056544114455:12480399932623387579   17/112         84512/121906
CH0.DRV12  1        SSD    SAS       healthy  952.91G   0.00          0.00      11111362356712458393:13266790911216237141  25/112         84676/121906
CH0.DRV12  2        SSD    SAS       healthy  952.91G   0.00          0.00      12828157216746982548:13152892877267241082  22/112         84396/121906
CH0.DRV13  1        SSD    SAS       healthy  952.91G   0.00          0.00      14626034461603679461:10742747658173635695  16/112         84476/121906
CH0.DRV13  2        SSD    SAS       healthy  952.91G   0.00          0.00      8887906382727302493:12171156449497100839   19/112         84756/121906
CH0.DRV14  1        SSD    SAS       healthy  952.91G   0.00          0.00      10591642641703521860:10291337119054407767  18/112         84408/121906
CH0.DRV14  2        SSD    SAS       healthy  952.91G   0.00          0.00      9734100678021564901:13310329498241617480   20/112         84834/121906
CH0.DRV15  1        SSD    SAS       healthy  952.91G   0.00          0.00      17588245580952850103:11863679741317090362  21/112         84888/121906
CH0.DRV15  2        SSD    SAS       healthy  952.91G   0.00          0.00      14283684919403824455:11296272589183425516  19/112         84484/121906
CH0.DRV16  1        SSD    SAS       healthy  952.91G   0.00          0.00      6582414755100249672:9998168151752561858    22/112         84782/121906
CH0.DRV16  2        SSD    SAS       healthy  952.91G   0.00          0.00      13112578055971357313:11818218708541954170  19/112         84347/121906
CH0.DRV17  1        SSD    SAS       healthy  952.91G   0.00          0.00      2959674320493038275:13118129177187956917   19/112         84670/121906
CH0.DRV17  2        SSD    SAS       healthy  952.91G   0.00          0.00      3193093489809178858:9422149116493742543    14/112         84619/121906
CH0.DRV18  1        SSD    SAS       healthy  952.91G   0.00          0.00      8092172073006219375:13639233161492988253   19/112         84619/121906
CH0.DRV18  2        SSD    SAS       healthy  952.91G   0.00          0.00      4231237098307472971:10114049963162151685   17/112         84513/121906
CH0.DRV19  1        SSD    SAS       healthy  952.91G   0.00          0.00      9581661087082758847:12440447316055900297   20/112         84602/121906
CH0.DRV19  2        SSD    SAS       healthy  952.91G   0.00          0.00      17783356987383041656:10742118171910833603  23/112         84458/121906
CH0.NVR0   0        NVRAM  NVMe      healthy  7.00G     -             0.00      16865573770357589378:10297988126520856047  -              -
CH0.NVR1   0        NVRAM  NVMe      healthy  7.00G     -             0.00      15872490282914891349:9794517961953460501   -              -
SH0.DRV0   1        SSD    SAS       healthy  446.67G   0.00          0.00      8966679911711591221:13268910374356402496   10/47          39611/57108
SH0.DRV0   2        SSD    SAS       healthy  446.67G   0.00          0.00      5493378650731726106:11624084952691218543   13/47          39673/57108
SH0.DRV1   1        SSD    SAS       healthy  446.67G   0.00          0.00      7234245436068479239:12679005742981954956   11/47          39638/57108
SH0.DRV1   2        SSD    SAS       healthy  446.67G   0.00          0.00      16807479357826679464:11811671592436998623  15/47          39674/57108
SH0.DRV2   1        SSD    SAS       healthy  446.67G   0.00          0.00      10487030616953537839:12367983925905799535  10/47          39638/57108
SH0.DRV2   2        SSD    SAS       healthy  446.67G   0.00          0.00      13995276955094699026:11972234702779666558  13/47          39611/57108
SH0.DRV3   1        SSD    SAS       healthy  446.67G   0.00          0.00      7923451477190853399:9239973643019857647    11/47          39511/57108
SH0.DRV3   2        SSD    SAS       healthy  446.67G   0.00          0.00      5866721625857343819:13572764906511660935   11/47          39471/57108
SH0.DRV4   1        SSD    SAS       healthy  446.67G   0.00          0.00      17627612385916241728:10166519273781407399  15/47          39649/57108
SH0.DRV4   2        SSD    SAS       healthy  446.67G   0.00          0.00      16448896898379105344:10661830973992349246  13/47          39456/57108
SH0.DRV5   1        SSD    SAS       healthy  446.67G   0.00          0.00      8433098113884176605:13480752815807242185   9/47           39617/57108
SH0.DRV5   2        SSD    SAS       healthy  446.67G   0.00          0.00      4443269349067931898:12227393178521746768   15/47          39561/57108
SH0.DRV6   1        SSD    SAS       healthy  446.67G   0.00          0.00      16991634946670874240:11825192368136522721  12/47          39584/57108
SH0.DRV6   2        SSD    SAS       healthy  446.67G   0.00          0.00      3997722556637794214:10984346219683987017   13/47          39447/57108
0H.DRV14  2        SSD    SAS       healthy  893.35G   0.00          0.00      3842876914113070012:11487847638732185001   16/104         79390/114283
SH0.DRV15  1        SSD    SAS       healthy  893.35G   0.00          0.00      2519992099848474134:12254670752344881096   30/104         79657/114283
SH0.DRV15  2        SSD    SAS       healthy  893.35G   0.00          0.00      4623186384103817697:11056441085280719708   14/104         79354/114283
SH0.DRV16  1        SSD    SAS       healthy  893.35G   0.00          0.00      10084083255075884927:11764218389703780300  22/104         79608/114283
SH0.DRV16  2        SSD    SAS       healthy  893.35G   0.00          0.00      5814343052178507620:11747457826588030601   16/104         79406/114283
SH0.DRV17  1        SSD    SAS       healthy  893.35G   0.00          0.00      13811306692044277404:9450179455966635575   20/104         79254/114283
SH0.DRV17  2        SSD    SAS       healthy  893.35G   0.00          0.00      11806772808350975243:9403947549172596274   21/104         79293/114283
SH0.DRV18  1        SSD    SAS       healthy  893.35G   0.00          0.00      5877195339445258308:9253595658940299241    22/104         78895/114283
SH0.DRV18  2        SSD    SAS       healthy  893.35G   0.00          0.00      7180902354772315281:10832287013861536449   16/104         78414/114283
SH0.DRV19  1        SSD    SAS       healthy  893.35G   0.00          0.00      12892185379322217982:12615672403895732812  20/104         79251/114283
SH0.DRV19  2        SSD    SAS       healthy  893.35G   0.00          0.00      2431699456078138755:9446877319843997716    26/104         79551/114283
SH0.DRV20  1        SSD    SAS       healthy  893.35G   0.00          0.00      17689243636572637652:12582650951297669030  18/104         79304/114283
SH0.DRV20  2        SSD    SAS       healthy  893.35G   0.00          0.00      4204628490773088146:12947375722373805278   26/104         79547/114283
SH0.DRV21  1        SSD    SAS       healthy  893.35G   0.00          0.00      13713924822383414016:12147602195394598498  20/104         75857/114283
SH0.DRV21  2        SSD    SAS       healthy  893.35G   0.00          0.00      9863445106577130469:10332683868234926979   22/104         76310/114283
SH0.DRV22  1        SSD    SAS       healthy  893.35G   0.00          0.00      15083557886619501476:12526843955454827307  27/104         79486/114283
SH0.DRV22  2        SSD    SAS       healthy  893.35G   0.00          0.00      12858187989355482968:9558577217769362916   16/104         79085/114283
SH0.DRV23  1        SSD    SAS       healthy  893.35G   0.00          0.00      4239718674293279427:9440882314965192489    15/104         79380/114283
SH0.DRV23  2        SSD    SAS       healthy  893.35G   0.00          0.00      18251292942243810429:11442868172722148420  18/104         79572/114283
SH1.DRV0   1        SSD    SAS       healthy  1.74T     0.00          0.00      16360668074264840881:12952510021993595474  36/218         146179/228632
SH1.DRV0   2        SSD    SAS       healthy  1.74T     0.00          0.00      9442589781375667244:10326642175040936343   40/218         145915/228632
SH1.DRV1   1        SSD    SAS       healthy  1.74T     0.00          0.00      9501009516945294579:13397376255354064749   34/218         146011/228632
SH1.DRV1   2        SSD    SAS       healthy  1.74T     0.00          0.00      13435649085972367419:10581426146791497870  33/218         146039/228632
SH1.DRV2   1        SSD    SAS       healthy  1.74T     0.00          0.00      9206656690754044005:10164280537221291221   36/218         146142/228632
SH1.DRV2   2        SSD    SAS       healthy  1.74T     0.00          0.00      5980763400217774031:10955383143931116101   29/218         146099/228632
SH1.DRV3   1        SSD    SAS       healthy  1.74T     0.00          0.00      15118369008715777464:13065411739010658055  33/218         145666/228632
SH1.DRV3   2        SSD    SAS       healthy  1.74T     0.00          0.00      8371377516021238769:10935418164986786903   33/218         145074/228632
SH1.DRV4   1        SSD    SAS       healthy  1.74T     0.00          0.00      2169948766257039012:13151939154965491766   35/218         145721/228632
SH1.DRV4   2        SSD    SAS       healthy  1.74T     0.00          0.00      12044002515405129119:10617601787310088075  28/218         146292/228632
SH1.DRV5   1        SSD    SAS       healthy  1.74T     0.00          0.00      2145488049563190600:9289891842808250653    32/218         145894/228632
SH1.DRV5   2        SSD    SAS       healthy  1.74T     0.00          0.00      1624940799665196419:13714750812757825009   34/218         146059/228632
SH1.DRV6   1        SSD    SAS       healthy  1.74T     0.00          0.00      11648854962485938468:12636550533376265789  37/218         145744/228632
SH1.DRV6   2        SSD    SAS       healthy  1.74T     0.00          0.00      17095124755495208233:13255827930340796961  36/218         146416/228632
SH1.DRV7   1        SSD    SAS       healthy  1.74T     0.00          0.00      10788183386053624080:10433701169398042934  36/218         146330/228632
SH1.DRV7   2        SSD    SAS       healthy  1.74T     0.00          0.00      10834111867305019400:13432024384187736305  41/218         146181/228632
SH1.DRV8   1        SSD    SAS       healthy  1.74T     0.00          0.00      11035022050677837231:9511234104415388977   35/218         146315/228632
SH1.DRV8   2        SSD    SAS       healthy  1.74T     0.00          0.00      5100201992587134376:12551882939089231938   42/218         145869/228632
SH1.DRV9   1        SSD    SAS       healthy  1.74T     0.00          0.00      3982035743936300659:13803615736546671130   38/218         145941/228632
SH1.DRV9   2        SSD    SAS       healthy  1.74T     0.00          0.00      70416352917406797:11718802454609547542     34/218         145956/228632
SH1.DRV10  1        SSD    SAS       healthy  1.74T     0.00          0.00      14858251824547578408:9835709308800188859   35/218         145908/228632
SH1.DRV10  2        SSD    SAS       healthy  1.74T     0.00          0.00      13063311761069524070:11862042733280158015  22/218         146500/228632
SH1.DRV11  1        SSD    SAS       healthy  1.74T     0.00          0.00      17262520971556899661:12494199901055507081  35/218         146112/228632
SH1.DRV11  2        SSD    SAS       healthy  1.74T     0.00          0.00      8463134202593560902:11563545250285841359   34/218         146339/228632
SH1.DRV12  1        SSD    SAS       healthy  893.35G   0.00          0.00      2065677330287774267:9707537445919275423    17/104         78146/114283
SH1.DRV12  2        SSD    SAS       healthy  893.35G   0.00          0.00      7051646934586182646:10409545476001472713   24/104         78026/114283
SH1.DRV13  1        SSD    SAS       healthy  893.35G   0.00          0.00      12388327000921162174:9652578342061380573   24/104         78092/114283
SH1.DRV13  2        SSD    SAS       healthy  893.35G   0.00          0.00      9622772399890581706:10468655488594484676   19/104         77957/114283
SH1.DRV14  1        SSD    SAS       healthy  893.35G   0.00          0.00      6089790232873681429:12615850758808624793   13/104         77862/114283
SH1.DRV14  2        SSD    SAS       healthy  893.35G   0.00          0.00      6237350346509141259:13031099410847400038   26/104         78066/114283
SH1.DRV15  1        SSD    SAS       healthy  893.35G   0.00          0.00      325658810312707904:11091667716673543304    18/104         78039/114283
SH1.DRV15  2        SSD    SAS       healthy  893.35G   0.00          0.00      18177097453746539085:12274208253969124395  21/104         78101/114283
SH1.DRV16  1        SSD    SAS       healthy  893.35G   0.00          0.00      13282883632558063629:12967253079747455228  28/104         78335/114283
SH1.DRV16   893.35G   0.00          0.00      8358409040006693120:9687959391937544790    17/104         78053/114283
SH1.DRV18  2        SSD    SAS       healthy  893.35G   0.00          0.00      13947313212755431070:13309013350002869472  26/104         78150/114283
SH1.DRV19  1        SSD    SAS       healthy  893.35G   0.00          0.00      3397176052028620984:10813368031237412558   17/104         78215/114283
SH1.DRV19  2        SSD    SAS       healthy  893.35G   0.00          0.00      10670053330920817665:10488300611706538102  25/104         78133/114283
SH1.DRV20  1        SSD    SAS       healthy  893.35G   0.00          0.00      13774446458829750743:12249805679116011442  22/104         77944/114283
SH1.DRV20  2        SSD    SAS       healthy  893.35G   0.00          0.00      16080971856754459804:12206485291940755878  24/104         77947/114283
SH1.DRV21  1        SSD    SAS       healthy  893.35G   0.00          0.00      10651837064990050580:12233156789983341089  25/104         78140/114283
SH1.DRV21  2        SSD    SAS       healthy  893.35G   0.00          0.00      14987141605494967736:12886747907097160928  15/104         78008/114283
SH1.DRV22  1        SSD    SAS       healthy  893.35G   0.00          0.00      5128598956041718755:12105188533742928798   24/104         78140/114283
SH1.DRV22  2        SSD    SAS       healthy  893.35G   0.00          0.00      13251700168655979179:9684582834087468497   21/104         77967/114283
SH1.DRV23  1        SSD    SAS       healthy  893.35G   0.00          0.00      15401406232705780868:13605268130357074651  24/104         78046/114283
SH1.DRV23  2        SSD    SAS       healthy  893.35G   0.00          0.00      14154622012395701959:12438360167595614772  19/104         77962/114283
SH2.DRV0   1        SSD    SAS       healthy  476.45G   0.00          0.00      10111488495015183315:11187990644044833760  16/51          41444/60920
SH2.DRV0   2        SSD    SAS       healthy  476.45G   0.00          0.00      9394935714627538501:13455099931322151176   8/51           41632/60920
SH2.DRV1   1        SSD    SAS       healthy  476.45G   0.00          0.00      5787978510377896588:11194516253087427232   13/51          41484/60920
SH2.DRV1   2        SSD    SAS       healthy  476.45G   0.00          0.00      735875541681128970:12031306425275766220    11/51          41705/60920
SH2.DRV2   1        SSD    SAS       healthy  476.45G   0.00          0.00      15569169648527230602:13681729501223133520  13/51          41527/60920
SH2.DRV2   2        SSD    SAS       healthy  476.45G   0.00          0.00      15692019554942074921:10386783044086227713  8/51           41698/60920
SH2.DRV3   1        SSD    SAS       healthy  476.45G   0.00          0.00      8101953822780968653:12083738515087505450   13/51          41617/60920
SH2.DRV3   2        SSD    SAS       healthy  476.45G   0.00          0.00      3582307551021780276:10902489767082174636   14/51          41501/60920
SH2.DRV4   1        SSD    SAS       healthy  476.45G   0.00          0.00      11018556511324489675:10016625161294339308  9/51           41565/60920
SH2.DRV4   2        SSD    SAS       healthy  476.45G   0.00          0.00      18264555148243059733:12500681925095712295  15/51          41404/60920
SH2.DRV5   1        SSD    SAS       healthy  476.45G   0.00          0.00      1243458791526581499:9770638649685182777    9/51           41609/60920
SH2.DRV5   2        SSD    SAS       healthy  476.45G   0.00          0.00      6676123874697694106:13451159338982394586   12/51          41496/60920
SH2.DRV6   1        SSD    SAS       healthy  476.45G   0.00          0.00      7797715325373860468:10896088848578331804   18/51          41492/60920
SH2.DRV6   2        SSD    SAS       healthy  476.45G   0.00          0.00      12609054906448431579:13612725050691898934  14/51          41553/60920
SH2.DRV7   1        SSD    SAS       healthy  476.45G   0.00          0.00      1588886608666447206:11055217957046323063   15/51          41437/60920
SH2.DRV7   2        SSD    SAS       healthy  476.45G   0.00          0.00      14543310117479860572:13636684673119140039  12/51          41608/60920
SH2.DRV8   1        SSD    SAS       healthy  476.45G   0.00          0.00      14417796846434600057:12850527900016970551  14/51          41606/60920
SH2.DRV8   2        SSD    SAS       healthy  476.45G   0.00          0.00      5794917674504179680:12204080411720003505   10/51          41603/60920
SH2.DRV9   1        SSD    SAS       healthy  476.45G   0.00          0.00      12850167018899652867:9285551368162439374   8/51           41670/60920
SH2.DRV9   2        SSD    SAS       healthy  476.45G   0.00          0.00      15330962555789855825:10854146533580882972  15/51          41493/60920
SH2.DRV10  1        SSD    SAS       healthy  476.45G   0.00          0.00      16167309641885173243:12532965819219950657  15/51          41668/60920
SH2.DRV10  2        SSD    SAS       healthy  476.45G   0.00          0.00      7301197259162275253:12669030125571838653   16/51          41402/60920
SH2.DRV11  1        SSD    SAS       healthy  476.45G   0.00          0.00      7200129595045462871:11994367379755644923   16/51          41534/60920
SH2.DRV11  2        SSD    SAS       healthy  476.45G   0.00          0.00      11743955876571531265:13477754474371399640  10/51          41548/60920
SH9.DRV0   0        SSD    NVMe      healthy  1.92T     0.00          0.00      3702095073099661675:12374331158217794298   11/51          8029/60853
SH9.DRV1   0        SSD    NVMe      healthy  1.92T     0.00          0.00      8694370018987560326:13641692896884923397   9/51           8101/61013
SH9.DRV2   0        SSD    NVMe      healthy  1.92T     0.00          0.00      8605462478271169710:11998142727965610194   10/51          7969/60924
SH9.DRV3   0        SSD    NVMe      healthy  1.92T     0.00          0.00      4047622864378678878:12944671802630462340   10/51          8055/60952
SH9.DRV4   0        SSD    NVMe      healthy  1.92T     0.00          0.00      9094058444480200781:9757876755720144435    12/51          8081/60945
SH9.DRV5   0        SSD    NVMe      healthy  1.92T     0.00          0.00      17756159938932526911:10519991250835069745  10/51          8055/60995
SH9.DRV6   0        SSD    NVMe      healthy  1.92T     0.00          0.00      16946326697730130129:12855588025478849629  10/51          8054/60862
SH9.DRV7   0        SSD    NVMe      healthy  1.92T     0.00          0.00      2565136010938107429:10790723973975663408   12/51          8079/60951
SH9.DRV8   0        SSD    NVMe      healthy  1.92T     0.00          0.00      2356166553098209012:11017553903095039262   12/51          8036/60966
SH9.DRV9   0        SSD    NVMe      healthy  1.92T     0.00          0.00      426769554867834335:11337579750141260637    9/51           8052/60963
SH9.DRV10  0        SSD    NVMe      healthy  1.92T     0.00          0.00      15818571815900564251:13171237289525095348  11/51          8038/60921
SH9.DRV11  0        SSD    NVMe      healthy  1.92T     0.00          0.00      9626496702151017125:13240435457470737643   12/51          8012/60857
SH9.DRV12  0        SSD    NVMe      healthy  1.92T     0.00          0.00      15909036592720331466:9658976512840974879   11/51          8078/60821
SH9.DRV13  0        SSD    NVMe      healthy  1.92T     0.00          0.00      17924961094815926696:11926734727833468191  13/51          7977/60919
     root@apn4purstgp0101-ct1:~# puredb list drivesarray list --space
Name             Capacity  Parity  Provisioned Size  Virtual  Thin Provisioning  Data Reduction  Total Reduction  Unique  Snapshots  Shared  System  Replication  Total
apn4purstgp0101  117.18T   100%    119577G           116.77T  0%                 2.6 to 1        7.7 to 1         6.94T   48.01T     6.14T   0.00    0.00         61.09T
     root@apn4purstgp0101-ct1:~# purehw list
Name          Status         Identify  Slot  Index  Speed       Temperature  Voltage  Details
CH0           ok             off       -     0      -           -            -        -
CH0.BAY0      ok             off       -     0      -           -            -        -
CH0.BAY1      ok             off       -     1      -           -            -        -
CH0.BAY2      ok             off       -     2      -           -            -        -
CH0.BAY3      ok             off       -     3      -           -            -        -
CH0.BAY4      ok             off       -     4      -           -            -        -
CH0.BAY5      ok             off       -     5      -           -            -        -
CH0.BAY6      ok             off       -     6      -           -            -        -
CH0.BAY7      ok             off       -     7      -           -            -        -
CH0.BAY8      ok             off       -     8      -           -            -        -
CH0.BAY9      ok             off       -     9      -           -            -        -
CH0.BAY10     ok             off       -     10     -           -            -        -
CH0.BAY11     ok             off       -     11     -           -            -        -
CH0.BAY12     ok             off       -     12     -           -            -        -
CH0.BAY13     ok             off       -     13     -           -            -        -
CH0.BAY14     ok             off       -     14     -           -            -        -
CH0.BAY15     ok             off       -     15     -           -            -        -
CH0.BAY16     ok             off       -     16     -           -            -        -
CH0.BAY17     ok             off       -     17     -           -            -        -
CH0.BAY18     ok             off       -     18     -           -            -        -
CH0.BAY19     ok             off       -     19     -           -            -        -
CH0.NVB0      ok             off       -     0      -           -            -        -
CH0.NVB1      ok             off       -     1      -           -            -        -
CH0.NVB2      not_installed  off       -     2      -           -            -        -
CH0.NVB3      not_installed  off       -     3      -           -            -        -
CH0.PWR0      ok             -         -     0      -           -            205 V    -
CH0.PWR1      ok             -         -     1      -           -            206 V    -
CH0.TMP0      ok             -         -     0      -           24 C         -        -
CT0           ok             off       -     0      -           -            -        -
CT0.ETH0      ok             -         -     0      50.00 Gb/s  -            -        -
CT0.ETH1      ok             -         -     1      50.00 Gb/s  -            -        -
CT0.ETH2      ok             -         -     2      10.00 Gb/s  -            -        -
CT0.ETH3      ok             -         -     3      10.00 Gb/s  -            -        -
CT0.ETH4      ok             -         -     4      1.00 Gb/s   -            -        -
CT0.ETH5      ok             -         -     5      0.00 b/s    -            -        -
CT0.FAN0      ok             -         -     0      -           -            -        -
CT0.FAN1      ok             -         -     1      -           -            -        -
CT0.FAN2      ok             -         -     2      -           -            -        -
CT0.FAN3      ok             -         -     3      -           -            -        -
CT0.FAN4      ok             -         -     4      -           -            -        -
CT0.FAN5      ok             -         -     5      -           -            -        -
CT0.FC12      ok             -         3     12     16.00 Gb/s  -            -        -
CT0.FC13      ok             -         3     13     0.00 b/s    -            -        -
CT0.FC14      ok             -         3     14     16.00 Gb/s  -            -        -
CT0.FC15      ok             -         3     15     0.00 b/s    -            -        -
CT0.SAS4      ok             -         1     4      48.00 Gb/s  -            -        -
CT0.SAS5      ok             -         1     5      48.00 Gb/s  -            -        -
CT0.SAS6      ok             -         1     6      48.00 Gb/s  -            -        -
CT0.SAS7      ok             -         1     7      48.00 Gb/s  -            -        -
CT0.TMP0      ok             -         -     0      -           39 C         -        -
CT0.TMP1      ok             -         -     1      -           42 C         -        -
CT0.TMP2      ok             -         -     2      -           51 C         -        -
CT0.TMP3      ok             -         -     3      -           57 C         -        -
CT0.TMP4      ok             -         -     4      -           45 C         -        -
CT0.TMP5      ok             -         -     5      -           46 C         -        -
CT0.TMP6      ok             -         -     6      -           30 C         -        -
CT0.TMP7      ok             -         -     7      -           30 C         -        -
CT0.TMP8      ok             -         -     8      -           54 C         -        -
CT0.TMP9      ok             -         -     9      -           37 C         -        -
CT0.TMP11     ok             -         -     11     -           36 C         -        -
CT0.TMP12     ok             -         -     12     -           35 C         -        -
CT0.TMP13     ok             -         -     13     -           38 C         -        -
CT0.TMP14     ok             -         -     14     -           37 C         -        -
CT0.TMP15     ok             -         -     15     -           37 C         -        -
CT0.TMP17     ok             -         -     17     -           38 C         -        -
CT0.TMP19     ok             -         -     19     -           37 C         -        -
CT0.TMP20     ok             -         -     20     -           37 C         -        -
CT0.TMP21     ok             -         -     21     -           41 C         -        -
CT0.TMP22     ok             -         -     22     -           40 C         -        -
CT0.TMP23     ok             -         -     23     -           39 C         -        -
CT1           ok             off       -     1      -           -            -        -
CT1.ETH0      ok             -         -     0      1.00 Gb/s   -            -        -
CT1.ETH1      ok             -         -     1      0.00 b/s    -            -        -
CT1.ETH2      ok             -         -     2      10.00 Gb/s  -            -        -
CT1.ETH3      ok             -         -     3      10.00 Gb/s  -            -        -
CT1.ETH4      ok             -         -     4      0.00 b/s    -            -        -
CT1.ETH5      ok             -         -     5      0.00 b/s    -            -        -
CT1.ETH6      ok             -         -     6      50.00 Gb/s  -            -        -
CT1.ETH7      ok             -         -     7      0.00 b/s    -            -        -
CT1.ETH8      ok             -         -     8      50.00 Gb/s  -            -        -
CT1.ETH9      ok             -         -     9      0.00 b/s    -            -        -
CT1.FAN0      ok             -         -     0      -           -            -        -
CT1.FAN1      ok             -         -     1      -           -            -        -
CT1.FAN2      ok             -         -     2      -           -            -        -
CT1.FAN3      ok             -         -     3      -           -            -        -
CT1.FAN4      ok             -         -     4      -           -            -        -
CT1.FAN5      ok             -         -     5      -           -            -        -
CT1.FC0       ok             -         0     0      16.00 Gb/s  -            -        -
CT1.FC1       ok             -         0     1      0.00 b/s    -            -        -
CT1.FC2       ok             -         0     2      16.00 Gb/s  -            -        -
CT1.FC3       ok             -         0     3      0.00 b/s    -            -        -
CT1.SAS4      ok             -         1     4      48.00 Gb/s  -            -        -
CT1.SAS5      ok             -         1     5      48.00 Gb/s  -            -        -
CT1.SAS6      ok             -         1     6      48.00 Gb/s  -            -        -
CT1.SAS7      ok             -         1     7      48.00 Gb/s  -            -        -
CT1.TMP0      ok             -         -     0      -           44 C         -        -
CT1.TMP1      ok             -         -     1      -           44 C         -        -
CT1.TMP2      ok             -         -     2      -           37 C         -        -
CT1.TMP3      ok             -         -     3      -           54 C         -        -
CT1.TMP4      ok             -         -     4      -           56 C         -        -
CT1.TMP5      ok             -         -     5      -           44 C         -        -
CT1.TMP6      ok             -         -     6      -           51 C         -        -
CT1.TMP7      ok             -         -     7      -           38 C         -        -
CT1.TMP8      ok             -         -     8      -           38 C         -        -
CT1.TMP9      ok             -         -     9      -           39 C         -        -
CT1.TMP10     ok             -         -     10     -           35 C         -        -
CT1.TMP11     ok             -         -     11     -           35 C         -        -
CT1.TMP12     ok             -         -     12     -           35 C         -        -
CT1.TMP13     ok             -         -     13     -           42 C         -        -
CT1.TMP14     ok             -         -     14     -           41 C         -        -
CT1.TMP15     ok             -         -     15     -           41 C         -        -
CT1.TMP16     ok             -         -     16     -           35 C         -        -
CT1.TMP17     ok             -         -     17     -           36 C         -        -
CT1.TMP18     ok             -         -     18     -           36 C         -        -
CT1.TMP19     ok             -         -     19     -           38 C         -        -
CT1.TMP20     ok             -         -     20     -           35 C         -        -
CT1.TMP21     ok             -         -     21     -           45 C         -        -
CT1.TMP22     ok             -         -     22     -           42 C         -        -
CT1.TMP23     ok             -         -     23     -           46 C         -        -
CT1.TMP24     ok             -         -     24     -           46 C         -        -
CT1.TMP25     ok             -         -     25     -           49 C         -        -
CT1.TMP26     ok             -         -     26     -           37 C         -        -
SH0           ok             off       -     0      -           -            -        -
SH0.BAY0      ok             off       -     0      -           -            -        -
SH0.BAY1      ok             off       -     1      -           -            -        -
SH0.BAY2      ok             off       -     2      -           -            -        -
SH0.BAY3      ok             off       -     3      -           -            -        -
SH0.BAY4      ok             off       -     4      -           -            -        -
SH0.BAY5      ok             off       -     5      -           -            -        -
SH0.BAY6      ok             off       -     6      -           -            -        -
SH0.BAY7      ok             off       -     7      -           -            -        -
SH0.BAY8      ok             off       -     8      -           -            -        -
SH0.BAY9      ok             off       -     9      -           -            -        -
SH0.BAY10     ok             off       -     10     -           -            -        -
SH0.BAY11     ok             off       -     11     -           -            -        -
SH0.BAY12     ok             off       -     12     -           -            -        -
SH0.BAY13     ok             off       -     13     -           -            -        -
SH0.BAY14     ok             off       -     14     -           -            -        -
SH0.BAY15     ok             off       -     15     -           -            -        -
SH0.BAY16     ok             off       -     16     -           -            -        -
SH0.BAY17     ok             off       -     17     -           -            -        -
SH0.BAY18     ok             off       -     18     -           -            -        -
SH0.BAY19     ok             off       -     19     -           -            -        -
SH0.BAY20     ok             off       -     20     -           -            -        -
SH0.BAY21     ok             off       -     21     -           -            -        -
SH0.BAY22     ok             off       -     22     -           -            -        -
SH0.BAY23     ok             off       -     23     -           -            -        -
SH0.FAN0      ok             -         -     0      -           -            -        -
SH0.FAN1      ok             -         -     1      -           -            -        -
SH0.FAN2      ok             -         -     2      -           -            -        -
SH0.FAN3      ok             -         -     3      -           -            -        -
SH0.IOM0      ok             off       0     0      -           -            -        -
SH0.IOM1      ok             off       1     1      -           -            -        -
SH0.PWR0      ok             -         -     0      -           -            -        -
SH0.PWR1      ok             -         -     1      -           -            -        -
SH0.SAS0      ok             -         0     0      48.00 Gb/s  -            -        -
SH0.SAS1      ok             -         0     1      48.00 Gb/s  -            -        -
SH0.SAS2      ok             -         0     2      48.00 Gb/s  -            -        -
SH0.SAS3      ok             -         1     3      48.00 Gb/s  -            -        -
SH0.SAS4      ok             -         1     4      48.00 Gb/s  -            -        -
SH0.SAS5      ok             -         1     5      48.00 Gb/s  -            -        -
SH0.TMP0      ok             -         -     0      -           22 C         -        -
SH0.TMP1      ok             -         -     1      -           26 C         -        -
SH0.TMP2      ok             -         -     2      -           27 C         -        -
SH0.TMP3      ok             -         -     3      -           32 C         -        -
SH0.TMP4      ok             -         -     4      -           28 C         -        -
SH0.TMP5      ok             -         -     5      -           32 C         -        -
SH0.TMP6      ok             -         -     6      -           37 C         -        -
SH0.TMP7      ok             -         -     7      -           32 C         -        -
SH1           ok             off       -     1      -           -            -        -
SH1.BAY0      ok             off       -     0      -           -            -        -
SH1.BAY1      ok             off       -     1      -           -            -        -
SH1.BAY2      ok             off       -     2      -           -            -        -
SH1.BAY3      ok             off       -     3      -           -            -        -
SH1.BAY4      ok             off       -     4      -           -            -        -
SH1.BAY5      ok             off       -     5      -           -            -        -
SH1.BAY6      ok             off       -     6      -           -            -        -
SH1.BAY7      ok             off       -     7      -           -            -        -
SH1.BAY8      ok             off       -     8      -           -            -        -
SH1.BAY9      ok             off       -     9      -           -            -        -
SH1.BAY10     ok             off       -     10     -           -            -        -
SH1.BAY11     ok             off       -     11     -           -            -        -
SH1.BAY12     ok             off       -     12     -           -            -        -
SH1.BAY13     ok             off       -     13     -           -            -        -
SH1.BAY14     ok             off       -     14     -           -            -        -
SH1.BAY15     ok             off       -     15     -           -            -        -
SH1.BAY16     ok             off       -     16     -           -            -        -
SH1.BAY17     ok             off       -     17     -           -            -        -
SH1.BAY18     ok             off       -     18     -           -            -        -
SH1.BAY19     ok             off       -     19     -           -            -        -
SH1.BAY20     ok             off       -     20     -           -            -        -
SH1.BAY21     ok             off       -     21     -           -            -        -
SH1.BAY22     ok             off       -     22     -           -            -        -
SH1.BAY23     ok             off       -     23     -           -            -        -
SH1.FAN0      ok             -         -     0      -           -            -        -
SH1.FAN1      ok             -         -     1      -           -            -        -
SH1.FAN2      ok             -         -     2      -           -            -        -
SH1.FAN3      ok             -         -     3      -           -            -        -
SH1.IOM0      ok             off       0     0      -           -            -        -
SH1.IOM1      ok             off       1     1      -           -            -        -
SH1.PWR0      ok             -         -     0      -           -            -        -
SH1.PWR1      ok             -         -     1      -           -            -        -
SH1.SAS0      ok             -         0     0      48.00 Gb/s  -            -        -
SH1.SAS1      ok             -         0     1      0.00 b/s    -            -        -
SH1.SAS2      ok             -         0     2      48.00 Gb/s  -            -        -
SH1.SAS3      ok             -         1     3      48.00 Gb/s  -            -        -
SH1.SAS4      ok             -         1     4      0.00 b/s    -            -        -
SH1.SAS5      ok             -         1     5      48.00 Gb/s  -            -        -
SH1.TMP0      ok             -         -     0      -           23 C         -        -
SH1.TMP1      ok             -         -     1      -           28 C         -        -
SH1.TMP2      ok             -         -     2      -           28 C         -        -
SH1.TMP3      ok             -         -     3      -           32 C         -        -
SH1.TMP4      ok             -         -     4      -           28 C         -        -
SH1.TMP5      ok             -         -     5      -           32 C         -        -
SH1.TMP6      ok             -         -     6      -           36 C         -        -
SH1.TMP7      ok             -         -     7      -           33 C         -        -
SH2           ok             off       -     2      -           -            -        -
SH2.BAY0      ok             off       -     0      -           -            -        -
SH2.BAY1      ok             off       -     1      -           -            -        -
SH2.BAY2      ok             off       -     2      -           -            -        -
SH2.BAY3      ok             off       -     3      -           -            -        -
SH2.BAY4      ok             off       -     4      -           -            -        -
SH2.BAY5      ok             off       -     5      -           -            -        -
SH2.BAY6      ok             off       -     6      -           -            -        -
SH2.BAY7      ok             off       -     7      -           -            -        -
SH2.BAY8      ok             off       -     8      -           -            -        -
SH2.BAY9      ok             off       -     9      -           -            -        -
SH2.BAY10     ok             off       -     10     -           -            -        -
SH2.BAY11     ok             off       -     11     -           -            -        -
SH2.BAY12     not_installed  off       -     12     -           -            -        -
SH2.BAY13     not_installed  off       -     13     -           -            -        -
SH2.BAY14     not_installed  off       -     14     -           -            -        -
SH2.BAY15     not_installed  off       -     15     -           -            -        -
SH2.BAY16     not_installed  off       -     16     -           -            -        -
SH2.BAY17     not_installed  off       -     17     -           -            -        -
SH2.BAY18     not_installed  off       -     18     -           -            -        -
SH2.BAY19     not_installed  off       -     19     -           -            -        -
SH2.BAY20     not_installed  off       -     20     -           -            -        -
SH2.BAY21     not_installed  off       -     21     -           -            -        -
SH2.BAY22     not_installed  off       -     22     -           -            -        -
SH2.BAY23     not_installed  off       -     23     -           -            -        -
SH2.FAN0      ok             -         -     0      -           -            -        -
SH2.FAN1      ok             -         -     1      -           -            -        -
SH2.FAN2      ok             -         -     2      -           -            -        -
SH2.FAN3      ok             -         -     3      -           -            -        -
SH2.IOM0      ok             off       0     0      -           -            -        -
SH2.IOM1      ok             off       1     1      -           -            -        -
SH2.PWR0      ok             -         -     0      -           -            -        -
SH2.PWR1      ok             -         -     1      -           -            -        -
SH2.SAS0      ok             -         0     0      0.00 b/s    -            -        -
SH2.SAS1      ok             -         0     1      0.00 b/s    -            -        -
SH2.SAS2      ok             -         0     2      48.00 Gb/s  -            -        -
SH2.SAS3      ok             -         1     3      0.00 b/s    -            -        -
SH2.SAS4      ok             -         1     4      0.00 b/s    -            -        -
SH2.SAS5      ok             -         1     5      48.00 Gb/s  -            -        -
SH2.TMP0      ok             -         -     0      -           23 C         -        -
SH2.TMP1      ok             -         -     1      -           27 C         -        -
SH2.TMP2      ok             -         -     2      -           23 C         -        -
SH2.TMP3      ok             -         -     3      -           27 C         -        -
SH2.TMP4      ok             -         -     4      -           27 C         -        -
SH2.TMP5      ok             -         -     5      -           30 C         -        -
SH2.TMP6      ok             -         -     6      -           29 C         -        -
SH2.TMP7      ok             -         -     7      -           29 C         -        -
SH9           ok             off       -     9      -           23 C         -        -
SH9.BAY0      ok             off       -     0      -           -            -        -
SH9.BAY1      ok             off       -     1      -           -            -        -
SH9.BAY2      ok             off       -     2      -           -            -        -
SH9.BAY3      ok             off       -     3      -           -            -        -
SH9.BAY4      ok             off       -     4      -           -            -        -
SH9.BAY5      ok             off       -     5      -           -            -        -
SH9.BAY6      ok             off       -     6      -           -            -        -
SH9.BAY7      ok             off       -     7      -           -            -        -
SH9.BAY8      ok             off       -     8      -           -            -        -
SH9.BAY9      ok             off       -     9      -             off       -     11     -           -            -        -
SH9.BAY12     ok             off       -     12     -           -            -        -
SH9.BAY13     ok             off       -     13     -           -            -        -
SH9.BAY14     not_installed  off       -     14     -           -            -        -
SH9.BAY15     not_installed  off       -     15     -           -            -        -
SH9.BAY16     not_installed  off       -     16     -           -            -        -
SH9.BAY17     not_installed  off       -     17     -           -            -        -
SH9.BAY18     not_installed  off       -     18     -           -            -        -
SH9.BAY19     not_installed  off       -     19     -           -            -        -
SH9.BAY20     not_installed  off       -     20     -           -            -        -
SH9.BAY21     not_installed  off       -     21     -           -            -        -
SH9.BAY22     not_installed  off       -     22     -           -            -        -
SH9.BAY23     not_installed  off       -     23     -           -            -        -
SH9.BAY24     not_installed  off       -     24     -           -            -        -
SH9.BAY25     not_installed  off       -     25     -           -            -        -
SH9.BAY26     not_installed  off       -     26     -           -            -        -
SH9.BAY27     not_installed  off       -     27     -           -            -        -
SH9.PWR0      ok             -         -     0      -           -            207 V    -
SH9.PWR1      ok             -         -     1      -           -            208 V    -
SH9.SC0       ok             off       -     0      -           31 C         -        -
SH9.SC0.ETH0  ok             -         -     0      50.00 Gb/s  -            -        -
SH9.SC0.ETH1  ok             -         -     1      0.00 b/s    -            -        -
SH9.SC0.ETH2  ok             -         -     2      50.00 Gb/s  -            -        -
SH9.SC0.ETH3  ok             -         -     3      0.00 b/s    -            -        -
SH9.SC0.FAN0  ok             -         -     0      -           -            -        -
SH9.SC0.FAN1  ok             -         -     1      -           -            -        -
SH9.SC0.FAN2  ok             -         -     2      -           -            -        -
SH9.SC0.FAN3  ok             -         -     3      -           -            -        -
SH9.SC0.FAN4  ok             -         -     4      -           -            -        -
SH9.SC0.FAN5  ok             -         -     5      -           -            -        -
SH9.SC1       ok             off       -     1      -           31 C         -        -
SH9.SC1.ETH0  ok             -         -     0      50.00 Gb/s  -            -        -
SH9.SC1.ETH1  ok             -         -     1      0.00 b/s    -            -        -
SH9.SC1.ETH2  ok             -         -     2      50.00 Gb/s  -            -        -
SH9.SC1.ETH3  ok             -         -     3      0.00 b/s    -            -        -
SH9.SC1.FAN0  ok             -         -     0      -           -            -        -
SH9.SC1.FAN1  ok             -         -     1      -           -            -        -
SH9.SC1.FAN2  ok             -         -     2      -           -            -        -
SH9.SC1.FAN3  ok             -         -     3      -           -            -        -
SH9.SC1.FAN4  ok             -         -     4      -           -            -        -
SH9.SC1.FAN5  ok             -         -     5      -           -            -        -
     root@apn4purstgp0101-ct1:~# purehw list --all
Name          Status         Identify  Slot  Index  Model            Part Number  Serial           Speed       Temperature  Voltage  Type              Handle                                                       Parent
CH0           ok             off       -     0      M_SERIES         84-0004-04   PCHFL1634000E    -           -            -        chassis           M_SERIES_PCHFL1634000E                                       hwroot
CH0.BAY0      ok             off       -     0      -                83-0040-04   76AS10YUTGUW     -           -            -        drive_bay         M_SERIES_PCHFL1634000E_ch_fm_bay0                            M_SERIES_PCHFL1634000E
CH0.BAY1      ok             off       -     1      -                83-0040-04   769S10QITGUW     -           -            -        drive_bay         M_SERIES_PCHFL1634000E_ch_fm_bay1                            M_SERIES_PCHFL1634000E
CH0.BAY2      ok             off       -     2      -                83-0040-04   76AS10WDTGUW     -           -            -        drive_bay         M_SERIES_PCHFL1634000E_ch_fm_bay2                            M_SERIES_PCHFL1634000E
CH0.BAY3      ok             off       -     3      -                83-0040-04   769S10GNTGUW     -           -            -        drive_bay         M_SERIES_PCHFL1634000E_ch_fm_bay3                            M_SERIES_PCHFL1634000E
CH0.BAY4      ok             off       -     4      -                83-0040-04   76AS10SETGUW     -           -            -        drive_bay         M_SERIES_PCHFL1634000E_ch_fm_bay4                            M_SERIES_PCHFL1634000E
CH0.BAY5      ok             off       -     5      -                83-0040-04   76AS115TTGUW     -           -            -        drive_bay         M_SERIES_PCHFL1634000E_ch_fm_bay5                            M_SERIES_PCHFL1634000E
CH0.BAY6      ok             off       -     6      -                83-0040-04   76AS1162TGUW     -           -            -        drive_bay         M_SERIES_PCHFL1634000E_ch_fm_bay6                            M_SERIES_PCHFL1634000E
CH0.BAY7      ok             off       -     7      -                83-0040-04   76AS10VWTGUW     -           -            -        drive_bay         M_SERIES_PCHFL1634000E_ch_fm_bay7                            M_SERIES_PCHFL1634000E
CH0.BAY8      ok             off       -     8      -                83-0040-04   76AS10YZTGUW     -           -            -        drive_bay         M_SERIES_PCHFL1634000E_ch_fm_bay8                            M_SERIES_PCHFL1634000E
CH0.BAY9      ok             off       -     9      -                83-0040-04   76BS109XTGUW     -           -            -        drive_bay         M_SERIES_PCHFL1634000E_ch_fm_bay9                            M_SERIES_PCHFL1634000E
CH0.BAY10     ok             off       -     10     -                83-0040-04   76BS10DOTGUW     -           -            -        drive_bay         M_SERIES_PCHFL1634000E_ch_fm_bay10                           M_SERIES_PCHFL1634000E
CH0.BAY11     ok             off       -     11     -                83-0040-04   76BS109RTGUW     -           -            -        drive_bay         M_SERIES_PCHFL1634000E_ch_fm_bay11                           M_SERIES_PCHFL1634000E
CH0.BAY12     ok             off       -     12     -                83-0040-04   76BS10ABTGUW     -           -            -        drive_bay         M_SERIES_PCHFL1634000E_ch_fm_bay12                           M_SERIES_PCHFL1634000E
CH0.BAY13     ok             off       -     13     -                83-0040-04   76BS10AITGUW     -           -            -        drive_bay         M_SERIES_PCHFL1634000E_ch_fm_bay13                           M_SERIES_PCHFL1634000E
CH0.BAY14     ok             off       -     14     -                83-0040-04   76CS10DXTGUW     -           -            -        drive_bay         M_SERIES_PCHFL1634000E_ch_fm_bay14                           M_SERIES_PCHFL1634000E
CH0.BAY15     ok             off       -     15     -                83-0040-04   76BS109MTGUW     -           -            -        drive_bay         M_SERIES_PCHFL1634000E_ch_fm_bay15                           M_SERIES_PCHFL1634000E
CH0.BAY16     ok             off       -     16     -                83-0040-04   76BS10ARTGUW     -           -            -        drive_bay         M_SERIES_PCHFL1634000E_ch_fm_bay16                           M_SERIES_PCHFL1634000E
CH0.BAY17     ok             off       -     17     -                83-0040-04   76BS10B1TGUW     -           -            -        drive_bay         M_SERIES_PCHFL1634000E_ch_fm_bay17                           M_SERIES_PCHFL1634000E
CH0.BAY18     ok             off       -     18     -                83-0040-04   76BS10A7TGUW     -           -            -        drive_bay         M_SERIES_PCHFL1634000E_ch_fm_bay18                           M_SERIES_PCHFL1634000E
CH0.BAY19     ok             off       -     19     -                83-0040-04   769S10G8TGUW     -           -            -        drive_bay         M_SERIES_PCHFL1634000E_ch_fm_bay19                           M_SERIES_PCHFL1634000E
CH0.NVB0      ok             off       -     0      -                -            -                -           -            -        nvram_bay         M_SERIES_PCHFL1634000E_nvme_nvram_bay0                       M_SERIES_PCHFL1634000E
CH0.NVB1      ok             off       -     1      -                -            -                -           -            -        nvram_bay         M_SERIES_PCHFL1634000E_nvme_nvram_bay1                       M_SERIES_PCHFL1634000E
CH0.NVB2      not_installed  off       -     2      -                -            -                -           -            -        nvram_bay         M_SERIES_PCHFL1634000E_nvme_nvram_bay2                       M_SERIES_PCHFL1634000E
CH0.NVB3      not_installed  off       -     3      -                -            -                -           -            -        nvram_bay         M_SERIES_PCHFL1634000E_nvme_nvram_bay3                       M_SERIES_PCHFL1634000E
CH0.PWR0      ok             -         -     0      DPS-1600AB-52 B  -            LICD2429013077   -           -            205 V    power_supply      M_SERIES_PCHFL1634000E_psu0                                  M_SERIES_PCHFL1634000E
CH0.PWR1      ok             -         -     1      DPS-1600AB-52 B  -            LICD2429014078   -           -            206 V    power_supply      M_SERIES_PCHFL1634000E_psu1                                  M_SERIES_PCHFL1634000E
CH0.TMP0      ok             -         -     0      -                -            -                -           24 C         -        temp_sensor       M_SERIES_PCHFL1634000E_inlet_temp0                           M_SERIES_PCHFL1634000E
CT0           ok             off       -     0      FA-X50R4         83-0565-01   PCTFJ2512003A    -           -            -        controller        COBALTSASA_PCTFJ2512003A                                     M_SERIES_PCHFL1634000E
CT0.ETH0      ok             -         -     0      -                -            -                50.00 Gb/s  -            -        eth_port          COBALTSASA_PCTFJ2512003A_0000:2a:00.0_p0                     COBALTSASA_PCTFJ2512003A
CT0.ETH1      ok             -         -     1      -                -            -                50.00 Gb/s  -            -        eth_port          COBALTSASA_PCTFJ2512003A_0000:2a:00.1_p1                     COBALTSASA_PCTFJ2512003A
CT0.ETH2      ok             -         -     2      -                -            -                10.00 Gb/s  -            -        eth_port          COBALTSASA_PCTFJ2512003A_0000:ac:00.0_p2                     COBALTSASA_PCTFJ2512003A
CT0.ETH3      ok             -         -     3      -                -            -                10.00 Gb/s  -            -        eth_port          COBALTSASA_PCTFJ2512003A_0000:ac:00.1_p3                     COBALTSASA_PCTFJ2512003A
CT0.ETH4      ok             -         -     4      -                -            -                1.00 Gb/s   -            -        eth_port          COBALTSASA_PCTFJ2512003A_0000:03:00.0_p4                     COBALTSASA_PCTFJ2512003A
CT0.ETH5      ok             -         -     5      -                -            -                0.00 b/s    -            -        eth_port          COBALTSASA_PCTFJ2512003A_0000:05:00.0_p5                     COBALTSASA_PCTFJ2512003A
CT0.FAN0      ok             -         -     0      -                80-1792-00   -               A-S4      ok             -         1     4      -                -            -                48.00 Gb/s  -            -        sas_port          COBALTSASA_PCTFJ2512003A_0000:3d:00.0_p4                     COBALTSASA_PCTFJ2512003A
CT0.SAS5      ok             -         1     5      -                -            -                48.00 Gb/s  -            -        sas_port          COBALTSASA_PCTFJ2512003A_0000:3d:00.0_p5                     COBALTSASA_PCTFJ2512003A
CT0.SAS6      ok             -         1     6      -                -            -                48.00 Gb/s  -            -        sas_port          COBALTSASA_PCTFJ2512003A_0000:3d:00.0_p6                     COBALTSASA_PCTFJ2512003A
CT0.SAS7      ok             -         1     7      -                -            -                48.00 Gb/s  -            -        sas_port          COBALTSASA_PCTFJ2512003A_0000:3d:00.0_p7                     COBALTSASA_PCTFJ2512003A
CT0.TMP0      ok             -         -     0      -                -            -                -           39 C         -        temp_sensor       COBALTSASA_PCTFJ2512003A_sens60                              COBALTSASA_PCTFJ2512003A
CT0.TMP1      ok             -         -     1      -                -            -                -           42 C         -        temp_sensor       COBALTSASA_PCTFJ2512003A_sens61                              COBALTSASA_PCTFJ2512003A
CT0.TMP2      ok             -         -     2      -                -            -                -           51 C         -        temp_sensor       COBALTSASA_PCTFJ2512003A_sens64                              COBALTSASA_PCTFJ2512003A
CT0.TMP3      ok             -         -     3      -                -            -                -           57 C         -        temp_sensor       COBALTSASA_PCTFJ2512003A_sens65                              COBALTSASA_PCTFJ2512003A
CT0.TMP4      ok             -         -     4      -                -            -                -           45 C         -        temp_sensor       COBALTSASA_PCTFJ2512003A_sens72                              COBALTSASA_PCTFJ2512003A
CT0.TMP5      ok             -         -     5      -                -            -                -           46 C         -        temp_sensor       COBALTSASA_PCTFJ2512003A_sens73                              COBALTSASA_PCTFJ2512003A
CT0.TMP6      ok             -         -     6      -                -            -                -           30 C         -        temp_sensor       COBALTSASA_PCTFJ2512003A_sens74                              COBALTSASA_PCTFJ2512003A
CT0.TMP7      ok             -         -     7      -                -            -                -           30 C         -        temp_sensor       COBALTSASA_PCTFJ2512003A_sens75                              COBALTSASA_PCTFJ2512003A
CT0.TMP8      ok             -         -     8      -                -            -                -           53 C         -        temp_sensor       COBALTSASA_PCTFJ2512003A_sens76                              COBALTSASA_PCTFJ2512003A
CT0.TMP9      ok             -         -     9      -                -            -                -           37 C         -        temp_sensor       COBALTSASA_PCTFJ2512003A_sens77                              COBALTSASA_PCTFJ2512003A
CT0.TMP11     ok             -         -     11     -                -            -                -           36 C         -        temp_sensor       COBALTSASA_PCTFJ2512003A_sens79                              COBALTSASA_PCTFJ2512003A
CT0.TMP12     ok             -         -     12     -                -            -                -           35 C         -        temp_sensor       COBALTSASA_PCTFJ2512003A_sens80                              COBALTSASA_PCTFJ2512003A
CT0.TMP13     ok             -         -     13     -                -            -                -           38 C         -        temp_sensor       COBALTSASA_PCTFJ2512003A_sens81                              COBALTSASA_PCTFJ2512003A
CT0.TMP14     ok             -         -     14     -                -            -                -           37 C         -        temp_sensor       COBALTSASA_PCTFJ2512003A_sens82                              COBALTSASA_PCTFJ2512003A
CT0.TMP15     ok             -         -     15     -                -            -                -           37 C         -        temp_sensor       COBALTSASA_PCTFJ2512003A_sens83                              COBALTSASA_PCTFJ2512003A
CT0.TMP17     ok             -         -     17     -                -            -                -           38 C         -        temp_sensor       COBALTSASA_PCTFJ2512003A_sens85                              COBALTSASA_PCTFJ2512003A
CT0.TMP19     ok             -         -     19     -                -            -                -           37 C         -        temp_sensor       COBALTSASA_PCTFJ2512003A_sens87                              COBALTSASA_PCTFJ2512003A
CT0.TMP20     ok             -         -     20     -                -            -                -           37 C         -        temp_sensor       COBALTSASA_PCTFJ2512003A_sens88                              COBALTSASA_PCTFJ2512003A
CT0.TMP21     ok             -         -     21     -                -            -                -           41 C         -        temp_sensor       COBALTSASA_PCTFJ2512003A_sens89                              COBALTSASA_PCTFJ2512003A
CT0.TMP22     ok             -         -     22     -                -            -                -           40 C         -        temp_sensor       COBALTSASA_PCTFJ2512003A_sens90                              COBALTSASA_PCTFJ2512003A
CT0.TMP23     ok             -         -     23     -                -            -                -           39 C         -        temp_sensor       COBALTSASA_PCTFJ2512003A_sens91                              COBALTSASA_PCTFJ2512003A
CT1           ok             off       -     1      FA-X50R3         83-0352-00   PCTFL204800FF    -           -            -        controller        MERCURYB_PCTFL204800FF                                       M_SERIES_PCHFL1634000E
CT1.ETH0      ok             -         -     0      -                -            -                1.00 Gb/s   -            -        eth_port          MERCURYB_PCTFL204800FF_0000:05:00.0_p0                       MERCURYB_PCTFL204800FF
CT1.ETH1      ok             -         -     1      -                -            -                0.00 b/s    -            -        eth_port          MERCURYB_PCTFL204800FF_0000:06:00.0_p1                       MERCURYB_PCTFL204800FF
CT1.ETH2      ok             -         -     2      -                -            -                10.00 Gb/s  -            -        eth_port          MERCURYB_PCTFL204800FF_0000:d8:00.1_p2                       MERCURYB_PCTFL204800FF
CT1.ETH3      ok             -         -     3      -                -            -                10.00 Gb/s  -            -        eth_port          MERCURYB_PCTFL204800FF_0000:d8:00.0_p3                       MERCURYB_PCTFL204800FF
CT1.ETH4      ok             -         -     4      -                -            -                0.00 b/s    -            -        eth_port          MERCURYB_PCTFL204800FF_0000:d8:00.3_p4                       MERCURYB_PCTFL204800FF
CT1.ETH5      ok             -         -     5      -                -            -                0.00 b/s    -            -        eth_port          MERCURYB_PCTFL204800FF_0000:d8:00.2_p5                       MERCURYB_PCTFL204800FF
CT1.ETH6      ok             -         -     6      -                -            -                50.00 Gb/s  -            -        eth_port          MERCURYB_PCTFL204800FF_0000:5e:00.1_p6                       MERCURYB_PCTFL204800FF
CT1.ETH7      ok             -         -     7      -                -            -                0.00 b/s    -            -        eth_port          MERCURYB_PCTFL204800FF_0000:5e:00.0_p7                       MERCURYB_PCTFL204800FF
CT1.ETH8      ok             -         -     8      -                -            -                50.00 Gb/s  -            -        eth_port          MERCURYB_PCTFL204800FF_0000:5f:00.1_p8                       MERCURYB_PCTFL204800FF
CT1.ETH9      ok             -         -     9      -                -            -                0.00 b/s    -            -        eth_port          MERCURYB_PCTFL204800FF_0000:5f:00.0_p9                       MERCURYB_PCTFL204800FF
CT1.FAN0      ok             -         -     0      -                -            -                -           -            -        cooling           MERCURYB_PCTFL204800FF_sens96                                MERCURYB_PCTFL204800FF
CT1.FAN1      ok             -         -     1      -                -            -                -           -            -        cooling           MERCURYB_PCTFL204800FF_sens99                                MERCURYB_PCTFL204800FF
CT1.FAN2      ok             -         -     2      -                -            -                -           -            -        cooling           MERCURYB_PCTFL204800FF_sens101                               MERCURYB_PCTFL204800FF
CT1.FAN3      ok             -         -     3      -                -            -                -           -            -        cooling           MERCURYB_PCTFL204800FF_sens102                               MERCURYB_PCTFL204800FF
CT1.FAN4      ok             -         -     4      -                -            -                -           -            -        cooling           MERCURYB_PCTFL204800FF_sens104                               MERCURYB_PCTFL204800FF
CT1.FAN5      ok             -         -     5      -                -            -                -           -            -        cooling           MERCURYB_PCTFL204800FF_sens107                               MERCURYB_PCTFL204800FF
CT1.FC0       ok             -         0     0      -                -            -                16.00 Gb/s  -            -        fc_port           MERCURYB_PCTFL204800FF_0000:3f:00.1_p0                       MERCURYB_PCTFL204800FF
CT1.FC1       ok             -         0     1      -                -            -                0.00 b/s    -            -        fc_port           MERCURYB_PCTFL204800FF_0000:3f:00.0_p1                       MERCURYB_PCTFL204800FF
CT1.FC2       ok             -         0     2      -                -            -                16.00 Gb/s  -            -        fc_port           MERCURYB_PCTFL204800FF_0000:3e:00.1_p2                       MERCURYB_PCTFL204800FF
CT1.FC3       ok             -         0     3      -                -            -                0.00 b/s    -            -        fc_port           MERCURYB_PCTFL204800FF_0000:3e:00.0_p3                       MERCURYB_PCTFL204800FF
CT1.SAS4      ok             -         1     4      -                -            -                48.00 Gb/s  -            -        sas_port          MERCURYB_PCTFL204800FF_0000:3b:00.0_p4                       MERCURYB_PCTFL204800FF
CT1.SAS5      ok             -         1     5      -                -            -                48.00 Gb/s  -            -        sas_port          MERCURYB_PCTFL204800FF_0000:3b:00.0_p5                       MERCURYB_PCTFL204800FF
CT1.SAS6      ok             -         1     6      -                -            -                48.00 Gb/s  -            -        sas_port          MERCURYB_PCTFL204800FF_0000:3b:00.0_p6                       MERCURYB_PCTFL204800FF
CT1.SAS7      ok             -         1     7      -                -            -                48.00 Gb/s  -            -        sas_port          MERCURYB_PCTFL204800FF_0000:3b:00.0_p7                       MERCURYB_PCTFL204800FF
CT1.TMP0      ok             -         -     0      -                -            -                -           44 C         -        temp_sensor       MERCURYB_PCTFL204800FF_sens73                                MERCURYB_PCTFL204800FF
CT1.TMP1      ok             -         -     1      -                -            -                -           44 C         -        temp_sensor       MERCURYB_PCTFL204800FF_sens74                                MERCURYB_PCTFL204800FF
CT1.TMP2      ok             -         -     2      -                -            -                -           37 C         -        temp_sensor       MERCURYB_PCTFL204800FF_sens67                                MERCURYB_PCTFL204800FF
CT1.TMP3      ok             -         -     3      -                -            -                -           54 C         -        temp_sensor       MERCURYB_PCTFL204800FF_sens64                                MERCURYB_PCTFL204800FF
CT1.TMP4      ok             -         -     4      -                -            -                -           56 C         -        temp_sensor       MERCURYB_PCTFL204800FF_sens65                                MERCURYB_PCTFL204800FF
CT1.TMP5      ok             -         -     5      -                -            -                -           44 C         -        temp_sensor       MERCURYB_PCTFL204800FF_sens70                                MERCURYB_PCTFL204800FF
CT1.TMP6      ok             -         -     6      -                -            -                -           51 C         -        temp_sensor       MERCURYB_PCTFL204800FF_sens72                                MERCURYB_PCTFL204800FF
CT1.TMP7      ok             -         -     7      -                -            -                -           38 C         -        temp_sensor       MERCURYB_PCTFL204800FF_sens77                                MERCURYB_PCTFL204800FF
CT1.TMP8      ok             -         -     8      -                -            -                -           38 C         -        temp_sensor       MERCURYB_PCTFL204800FF_sens78                                MERCURYB_PCTFL204800FF
CT1.TMP9      ok             -         -     9      -                -            -                -           39 C         -        temp_sensor       MERCURYB_PCTFL204800FF_sens79                                MERCURYB_PCTFL204800FF
CT1.TMP10     ok             -         -     10     -                -            -                -           35 C         -        temp_sensor       MERCURYB_PCTFL204800FF_sens80                                MERCURYB_PCTFL204800FF
CT1.TMP11     ok             -         -     11     -                -            -                -           35 C         -        temp_sensor       MERCURYB_PCTFL204800FF_sens81                                MERCURYB_PCTFL204800FF
CT1.TMP12     ok             -         -     12     -                -            -                -           35 C         -        temp_sensor       MERCURYB_PCTFL204800FF_sens82                                MERCURYB_PCTFL204800FF
CT1.TMP13     ok             -         -     13     -                -            -                -           42 C         -        temp_sensor       MERCURYB_PCTFL204800FF_sens83                                MERCURYB_PCTFL204800FF
CT1.TMP14     ok             -         -     14     -                -            -                -           41 C         -        temp_sensor       MERCURYB_PCTFL204800FF_sens84                                MERCURYB_PCTFL204800FF
CT1.TMP15     ok             -         -     15     -                -            -                -           41 C         -        temp_sensor       MERCURYB_PCTFL204800FF_sens85                                MERCURYB_PCTFL204800FF
CT1.TMP16     ok             -         -     16     -                -            -                -           35 C         -        temp_sensor       MERCURYB_PCTFL204800FF_sens86                                MERCURYB_PCTFL204800FF
CT1.TMP17     ok             -         -     17     -                -            -                -           36 C         -        temp_sensor       MERCURYB_PCTFL204800FF_sens87                                MERCURYB_PCTFL204800FF
CT1.TMP18     ok             -         -     18     -                -            -                -           36 C         -        temp_sensor       MERCURYB_PCTFL204800FF_sens88                                MERCURYB_PCTFL204800FF
CT1.TMP19     ok             -         -     19     -                -            -                -           38 C         -        temp_sensor       MERCURYB_PCTFL204800FF_sens150                               MERCURYB_PCTFL204800FF
CT1.TMP20     ok             -         -     20     -                -            -                -           35 C         -        temp_sensor       MERCURYB_PCTFL204800FF_sens149                               MERCURYB_PCTFL204800FF
CT1.TMP21     ok             -         -     21     -                -            -                -           45 C         -        temp_sensor       MERCURYB_PCTFL204800FF_sens151                               MERCURYB_PCTFL204800FF
CT1.TMP22     ok             -         -     22     -                -            -                -           42 C         -        temp_sensor       MERCURYB_PCTFL204800FF_sens152                               MERCURYB_PCTFL204800FF
CT1.TMP23     ok             -         -     23     -                -            -                -           46 C         -        temp_sensor       MERCURYB_PCTFL204800FF_sens153                               MERCURYB_PCTFL204800FF
CT1.TMP24     ok             -         -     24     -                -            -                -           47 C         -        temp_sensor       MERCURYB_PCTFL204800FF_sens154                               MERCURYB_PCTFL204800FF
CT1.TMP25     ok             -         -     25     -                -            -                -           49 C         -        temp_sensor       MERCURYB_PCTFL204800FF_sens71                                MERCURYB_PCTFL204800FF
CT1.TMP26     ok             -         -     26     -                -            -                -           37 C         -        temp_sensor       MERCURYB_PCTFL204800FF_sens66                                MERCURYB_PCTFL204800FF
SH0           ok             off       -     0      EB-2425-E12EBD   -            SHT1019220G0PN8  -           -            -        storage_shelf     EB-2425-E12EBD_SHT1019220G0PN8                               hwroot
SH0.BAY0      ok             off       -     0      -                83-0187-00   77IS107JTHWT     -           -            -        drive_bay         EB-2425-E12EBD_SHT1019220G0PN8_bay0                          EB-2425-E12EBD_SHT1019220G0PN8
SH0.BAY1      ok             off       -     1      -                83-0187-00   77IS107MTHWT     -           -            -        drive_bay         EB-2425-E12EBD_SHT1019220G0PN8_bay1                          EB-2425-E12EBD_SHT1019220G0PN8
SH0.BAY2      ok             off       -     2      -                83-0187-00   77VS1066THWT     -           -            -        drive_bay         EB-2425-E12EBD_SHT1019220G0PN8_bay2                          EB-2425-E12EBD_SHT1019220G0PN8
SH0.BAY3      ok             off       -     3      -                83-0187-00   77IS10B6THWT     -           -            -        drive_bay         EB-2425-E12EBD_SHT1019220G0PN8_bay3                          EB-2425-E12EBD_SHT1019220G0PN8
SH0.BAY4      ok             off       -     4      -                83-0187-00   77VS108ZTHWT     -           -            -        drive_bay         EB-2425-E12EBD_SHT1019220G0PN8_bay4                          EB-2425-E12EBD_SHT1019220G0PN8
SH0.BAY5      ok             off       -     5      -                83-0187-00   77IS1077THWT     -           -            -        drive_bay         EB-2425-E12EBD_SHT1019220G0PN8_bay5                          EB-2425-E12EBD_SHT1019220G0PN8
SH0.BAY6      ok             off       -     6      -                83-0187-00   77VS107ZTHWT     -           -            -        drive_bay         EB-2425-E12EBD_SHT1019220G0PN8_bay6                          EB-2425-E12EBD_SHT1019220G0PN8
SH0.BAY7      ok             off       -     7      -                83-0187-00   77IS104WTHWT     -           -            -        drive_bay         EB-2425-E12EBD_SHT1019220G0PN8_bay7                          EB-2425-E12EBD_SHT1019220G0PN8
SH0.BAY8      ok             off       -     8      -                83-0187-00   77IS10GNTHWT     -           -            -        drive_bay         EB-2425-E12EBD_SHT1019220G0PN8_bay8                          EB-2425-E12EBD_SHT1019220G0PN8
SH0.BAY9      ok             off       -     9      -                83-0187-00   77IS10GBTHWT     -           -            -        drive_bay         EB-2425-E12EBD_SHT1019220G0PN8_bay9                          EB-2425-E12EBD_SHT1019220G0PN8
SH0.BAY10     ok             off       -     10     -                83-0187-00   676S1001THWT     -           -            -        drive_bay         EB-2425-E12EBD_SHT1019220G0PN8_bay10                         EB-2425-E12EBD_SHT1019220G0PN8
SH0.BAY11     ok             off       -     11     -                83-0187-00   77IS10AKTHWT     -           -            -        drive_bay         EB-2425-E12EBD_SHT1019220G0PN8_bay11                         EB-2425-E12EBD_SHT1019220G0PN8
SH0.BAY12     ok             off       -     12     -                83-0181-00   86KS10MDTB1V     -           -            -        drive_bay         EB-2425-E12EBD_SHT1019220G0PN8_bay12                         EB-2425-E12EBD_SHT1019220G0PN8
SH0.BAY13     ok             off       -     13     -                83-0181-00   86JS10XETB1V     -           -            -        drive_bay         EB-2425-E12EBD_SHT1019220G0PN8_bay13                         EB-2425-E12EBD_SHT1019220G0PN8
SH0.BAY14     ok             off       -     14     -                83-0181-00   86KS10M7TB1V     -           -            -        drive_bay         EB-2425-E12EBD_SHT1019220G0PN8_bay14                         EB-2425-E12EBD_SHT1019220G0PN8
SH0.BAY15     ok             off       -     15     -                83-0181-00   86KS10M8TB1V     -           -            -        drive_bay         EB-2425-E12EBD_SHT1019220G0PN8_bay15                         EB-2425-E12EBD_SHT1019220G0PN8
SH0.BAY16     ok             off       -     16     -                83-0181-00   86KS10MVTB1V     -           -            -        drive_bay         EB-2425-E12EBD_SHT1019220G0PN8_bay16                         EB-2425-E12EBD_SHT1019220G0PN8
SH0.BAY17     ok             off       -     17     -                83-0181-00   86KS10M2TB1V     -           -            -        drive_bay         EB-2425-E12EBD_SHT1019220G0PN8_bay17                         EB-2425-E12EBD_SHT1019220G0PN8
SH0.BAY18     ok             off       -     18     -                -            70IS100LT5LM     -           -            -        drive_bay         EB-2425-E12EBD_SHT1019220G0PN8_bay18                         EB-2425-E12EBD_SHT1019220G0PN8
SH0.BAY19     ok             off       -     19     -                83-0181-00   86JS10WOTB1V     -           -            -        drive_bay         EB-2425-E12EBD_SHT1019220G0PN8_bay19                         EB-2425-E12EBD_SHT1019220G0PN8
SH0.BAY20     ok             off       -     20     -                83-0181-00   86KS10LXTB1V     -           -            -        drive_bay         EB-2425-E12EBD_SHT1019220G0PN8_bay20                         EB-2425-E12EBD_SHT1019220G0PN8
SH0.BAY21     ok             off       -     21     -                83-0158-00   S2TZNX0HB02597   -           -            -        drive_bay         EB-2425-E12EBD_SHT1019220G0PN8_bay21                         EB-2425-E12EBD_SHT1019220G0PN8
SH0.BAY22     ok             off       -     22     -                83-0181-00   86JS10WFTB1V     -           -            -        drive_bay         EB-2425-E12EBD_SHT1019220G0PN8_bay22                         EB-2425-E12EBD_SHT1019220G0PN8
SH0.BAY23     ok             off       -     23     -                83-0181-00   86JS10YQTB1V     -           -            -        drive_bay         EB-2425-E12EBD_SHT1019220G0PN8_bay23                         EB-2425-E12EBD_SHT1019220G0PN8
SH0.FAN0      ok             -         -     0      -                -            -                -           -            -        cooling           EB-2425-E12EBD_SHT1019220G0PN8_fan0                          EB-2425-E12EBD_SHT1019220G0PN8_psu0
SH0.FAN1      ok             -         -     1      -                -            -                -           -            -        cooling           EB-2425-E12EBD_SHT1019220G0PN8_fan1                          EB-2425-E12EBD_SHT1019220G0PN8_psu0
SH0.FAN2      ok             -         -     2      -                -            -                -           -            -        cooling           EB-2425-E12EBD_SHT1019220G0PN8_fan2                          EB-2425-E12EBD_SHT1019220G0PN8_psu1
SH0.FAN3      ok             -         -     3      -                -            -                -           -            -        cooling           EB-2425-E12EBD_SHT1019220G0PN8_fan3                          EB-2425-E12EBD_SHT1019220G0PN8_psu1
SH0.IOM0      ok             off       0     0      -                -            -                -           -            -        sas_module        EB-2425-E12EBD_SHT1019220G0PN8_sasexp0                       EB-2425-E12EBD_SHT1019220G0PN8
SH0.IOM1      ok             off       1     1      -                -            -                -           -            -        sas_module        EB-2425-E12EBD_SHT1019220G0PN8_sasexp1                       EB-2425-E12EBD_SHT1019220G0PN8
SH0.PWR0      ok             -         -     0      -                -            -                -           -            -        power_supply      EB-2425-E12EBD_SHT1019220G0PN8_psu0                          EB-2425-E12EBD_SHT1019220G0PN8
SH0.PWR1      ok             -         -     1      -                -            -                -           -            -        power_supply      EB-2425-E12EBD_SHT1019220G0PN8_psu1                          EB-2425-E12EBD_SHT1019220G0PN8
SH0.SAS0      ok             -         0     0      -                -            -                48.00 Gb/s  -            -        sas_port          EB-2425-E12EBD_SHT1019220G0PN8_port0                         EB-2425-E12EBD_SHT1019220G0PN8
SH0.SAS1      ok             -         0     1      -                -            -                48.00 Gb/s  -            -        sas_port          EB-2425-E12EBD_SHT1019220G0PN8_port1                         EB-2425-E12EBD_SHT1019220G0PN8
SH0.SAS2      ok             -         0     2      -                -            -                48.00 Gb/s  -            -        sas_port          EB-2425-E12EBD_SHT1019220G0PN8_port2                         EB-2425-E12EBD_SHT1019220G0PN8
SH0.SAS3      ok             -         1     3      -                -            -                48.00 Gb/s  -            -        sas_port          EB-2425-E12EBD_SHT1019220G0PN8_port3                         EB-2425-E12EBD_SHT1019220G0PN8
SH0.SAS4      ok             -         1     4      -                -            -                48.00 Gb/s  -            -        sas_port          EB-2425-E12EBD_SHT1019220G0PN8_port4                         EB-2425-E12EBD_SHT1019220G0PN8
SH0.SAS5      ok             -         1     5      -                -            -                48.00 Gb/s  -            -        sas_port          EB-2425-E12EBD_SHT1019220G0PN8_port5                         EB-2425-E12EBD_SHT1019220G0PN8
SH0.TMP0      ok             -         -     0      -                -            -                -           22 C         -        temp_sensor       EB-2425-E12EBD_SHT1019220G0PN8_temp0                         EB-2425-E12EBD_SHT1019220G0PN8
SH0.TMP1      ok             -         -     1      -                -            -                -           26 C         -        temp_sensor       EB-2425-E12EBD_SHT1019220G0PN8_temp1                         EB-2425-E12EBD_SHT1019220G0PN8
SH0.TMP2      ok             -         -     2      -                -            -                -           27 C         -        temp_sensor       EB-2425-E12EBD_SHT1019220G0PN8_temp2                         EB-2425-E12EBD_SHT1019220G0PN8
SH0.TMP3      ok             -         -     3      -                -            -                -           32 C         -        temp_sensor       EB-2425-E12EBD_SHT1019220G0PN8_temp3                         EB-2425-E12EBD_SHT1019220G0PN8
SH0.TMP4      ok             -         -     4      -                -            -                -           28 C         -        temp_sensor       EB-2425-E12EBD_SHT1019220G0PN8_temp4                         EB-2425-E12EBD_SHT1019220G0PN8
SH0.TMP5      ok             -         -     5      -                -            -                -           32 C         -        temp_sensor       EB-2425-E12EBD_SHT1019220G0PN8_temp5                         EB-2425-E12EBD_SHT1019220G0PN8
SH0.TMP6      ok             -         -     6      -                -            -                -           37 C         -        temp_sensor       EB-2425-E12EBD_SHT1019220G0PN8_temp6                         EB-2425-E12EBD_SHT1019220G0PN8
SH0.TMP7      ok             -         -     7      -                -            -                -           32 C         -        temp_sensor       EB-2425-E12EBD_SHT1019220G0PN8_temp7                         EB-2425-E12EBD_SHT1019220G0PN8
SH1           ok             off       -     1      EB-2425-E12EBD   -            SHT1019220GB1P5  -           -            -        storage_shelf     EB-2425-E12EBD_SHT1019220GB1P5                               hwroot
SH1.BAY0      ok             off       -     0      -                83-0159-00   S2TVNX0M414674   -           -            -        drive_bay         EB-2425-E12EBD_SHT1019220GB1P5_bay0                          EB-2425-E12EBD_SHT1019220GB1P5
SH1.BAY1      ok             off       -     1      -                83-0159-00   S2TVNX0M414685   -           -            -        drive_bay         EB-2425-E12EBD_SHT1019220GB1P5_bay1                          EB-2425-E12EBD_SHT1019220GB1P5
SH1.BAY2      ok             off       -     2      -                83-0159-00   S2TVNX0M411701   -           -            -        drive_bay         EB-2425-E12EBD_SHT1019220GB1P5_bay2                          EB-2425-E12EBD_SHT1019220GB1P5
SH1.BAY3      ok             off       -     3      -                83-0316-00   202638D04021     -           -            -        drive_bay         EB-2425-E12EBD_SHT1019220GB1P5_bay3                          EB-2425-E12EBD_SHT1019220GB1P5
SH1.BAY4      ok             off       -     4      -                83-0159-00   S2TVNX0M410858   -           -            -        drive_bay         EB-2425-E12EBD_SHT1019220GB1P5_bay4                          EB-2425-E12EBD_SHT1019220GB1P5
SH1.BAY5      ok             off       -     5      -                83-0159-00   S2TVNX0M414643   -           -            -        drive_bay         EB-2425-E12EBD_SHT1019220GB1P5_bay5                          EB-2425-E12EBD_SHT1019220GB1P5
SH1.BAY6      ok             off       -     6      -                83-0159-00   S2TVNX0M410972   -           -            -        drive_bay         EB-2425-E12EBD_SHT1019220GB1P5_bay6                          EB-2425-E12EBD_SHT1019220GB1P5
SH1.BAY7      ok             off       -     7      -                -            50US1058T5NM     -           -            -        drive_bay         EB-2425-E12EBD_SHT1019220GB1P5_bay7                          EB-2425-E12EBD_SHT1019220GB1P5
SH1.BAY8      ok             off       -     8      -                83-0159-00   S2TVNX0M414682   -           -            -        drive_bay         EB-2425-E12EBD_SHT1019220GB1P5_bay8                          EB-2425-E12EBD_SHT1019220GB1P5
SH1.BAY9      ok             off       -     9      -                83-0159-00   S2TVNX0M411695   -           -            -        drive_bay         EB-2425-E12EBD_SHT1019220GB1P5_bay9                          EB-2425-E12EBD_SHT1019220GB1P5
SH1.BAY10     ok             off       -     10     -                83-0159-00   S2TVNX0M414679   -           -            -        drive_bay         EB-2425-E12EBD_SHT1019220GB1P5_bay10                         EB-2425-E12EBD_SHT1019220GB1P5
SH1.BAY11     ok             off       -     11     -                83-0159-00   S2TVNX0M410969   -           -            -        drive_bay         EB-2425-E12EBD_SHT1019220GB1P5_bay11                         EB-2425-E12EBD_SHT1019220GB1P5
SH1.BAY12     ok             off       -     12     -                83-0158-00   S2TZNX0K708404   -           -            -        drive_bay         EB-2425-E12EBD_SHT1019220GB1P5_bay12                         EB-2425-E12EBD_SHT1019220GB1P5
SH1.BAY13     ok             off       -     13     -                83-0158-00   S2TZNX0K707614   -           -            -        drive_bay         EB-2425-E12EBD_SHT1019220GB1P5_bay13                         EB-2425-E12EBD_SHT1019220GB1P5
SH1.BAY14     ok             off       -     14     -                83-0158-00   S2TZNX0K707613   -           -            -        drive_bay         EB-2425-E12EBD_SHT1019220GB1P5_bay14                         EB-2425-E12EBD_SHT1019220GB1P5
SH1.BAY15     ok             off       -     15     -                83-0158-00   S2TZNX0K707610   -           -            -        drive_bay         EB-2425-E12EBD_SHT1019220GB1P5_bay15                         EB-2425-E12EBD_SHT1019220GB1P5
SH1.BAY16     ok             off       -     16     -                83-0158-00   S2TZNX0K708712   -           -            -        drive_bay         EB-2425-E12EBD_SHT1019220GB1P5_bay16                         EB-2425-E12EBD_SHT1019220GB1P5
SH1.BAY17     ok             off       -     17     -                83-0158-00   S2TZNX0K708749   -           -            -        drive_bay         EB-2425-E12EBD_SHT1019220GB1P5_bay17                         EB-2425-E12EBD_SHT1019220GB1P5
SH1.BAY18     ok             off       -     18     -                83-0158-00   S2TZNX0K708126   -           -            -        drive_bay         EB-2425-E12EBD_SHT1019220GB1P5_bay18                         EB-2425-E12EBD_SHT1019220GB1P5
SH1.BAY19     ok             off       -     19     -                83-0158-00   S2TZNX0K708413   -           -            -        drive_bay         EB-2425-E12EBD_SHT1019220GB1P5_bay19                         EB-2425-E12EBD_SHT1019220GB1P5
SH1.BAY20     ok             off       -     20     -                -            104S1051T5LM     -           -            -        drive_bay         EB-2425-E12EBD_SHT1019220GB1P5_bay20                         EB-2425-E12EBD_SHT1019220GB1P5
SH1.BAY21     ok             off       -     21     -                83-0158-00   S2TZNX0K708353   -           -            -        drive_bay         EB-2425-E12EBD_SHT1019220GB1P5_bay21                         EB-2425-E12EBD_SHT1019220GB1P5
SH1.BAY22     ok             off       -     22     -                83-0158-00   S2TZNX0K708337   -           -            -        drive_bay         EB-2425-E12EBD_SHT1019220GB1P5_bay22                         EB-2425-E12EBD_SHT1019220GB1P5
SH1.BAY23     ok             off       -     23     -                83-0158-00   S2TZNX0K708339   -           -            -        drive_bay         EB-2425-E12EBD_SHT1019220GB1P5_bay23                         EB-2425-E12EBD_SHT1019220GB1P5
SH1.FAN0      ok             -         -     0      -                -            -                -           -            -        cooling           EB-2425-E12EBD_SHT1019220GB1P5_fan0                          EB-2425-E12EBD_SHT1019220GB1P5_psu0
SH1.FAN1      ok             -         -     1      -                -            -                -           -            -        cooling           EB-2425-E12EBD_SHT1019220GB1P5_fan1                          EB-2425-E12EBD_SHT1019220GB1P5_psu0
SH1.FAN2      ok             -         -     2      -                -            -                -           -            -        cooling           EB-2425-E12EBD_SHT1019220GB1P5_fan2                          EB-2425-E12EBD_SHT1019220GB1P5_psu1
SH1.FAN3      ok             -         -     3      -                -            -                -           -            -        cooling           EB-2425-E12EBD_SHT1019220GB1P5_fan3                          EB-2425-E12EBD_SHT1019220GB1P5_psu1
SH1.IOM0      ok             off       0     0      -                -            -                -           -            -        sas_module        EB-2425-E12EBD_SHT1019220GB1P5_sasexp0                       EB-2425-E12EBD_SHT1019220GB1P5
SH1.IOM1      ok             off       1     1      -                -            -                -           -            -        sas_module        EB-2425-E12EBD_SHT1019220GB1P5_sasexp1                       EB-2425-E12EBD_SHT1019220GB1P5
SH1.PWR0      ok             -         -     0      -                -            -                -           -            -        power_supply      EB-2425-E12EBD_SHT1019220GB1P5_psu0                          EB-2425-E12EBD_SHT1019220GB1P5
SH1.PWR1      ok             -         -     1      -                -            -                -           -            -        power_supply      EB-2425-E12EBD_SHT1019220GB1P5_psu1                          EB-2425-E12EBD_SHT1019220GB1P5
SH1.SAS0      ok             -         0     0      -                -            -                48.00 Gb/s  -            -        sas_port          EB-2425-E12EBD_SHT1019220GB1P5_port0                         EB-2425-E12EBD_SHT1019220GB1P5
SH1.SAS1      ok             -         0     1      -                -            -                0.00 b/s    -            -        sas_port          EB-2425-E12EBD_SHT1019220GB1P5_port1                         EB-2425-E12EBD_SHT1019220GB1P5
SH1.SAS2      ok             -         0     2      -                -            -                48.00 Gb/s  -            -        sas_port          EB-2425-E12EBD_SHT1019220GB1P5_port2                         EB-2425-E12EBD_SHT1019220GB1P5
SH1.SAS3      ok             -         1     3      -                -            -                48.00 Gb/s  -            -        sas_port          EB-2425-E12EBD_SHT1019220GB1P5_port3                         EB-2425-E12EBD_SHT1019220GB1P5
SH1.SAS4      ok             -         1     4      -                -            -                0.00 b/s    -            -        sas_port          EB-2425-E12EBD_SHT1019220GB1P5_port4                         EB-2425-E12EBD_SHT1019220GB1P5
SH1.SAS5      ok             -         1     5      -                -            -                48.00 Gb/s  -            -        sas_port          EB-2425-E12EBD_SHT1019220GB1P5_port5                         EB-2425-E12EBD_SHT1019220GB1P5
SH1.TMP0      ok             -         -     0      -                -            -                -           23 C         -        temp_sensor       EB-2425-E12EBD_SHT1019220GB1P5_temp0                         EB-2425-E12EBD_SHT1019220GB1P5
SH1.TMP1      ok             -         -     1      -                -            -                -           28 C         -        temp_sensor       EB-2425-E12EBD_SHT1019220GB1P5_temp1                         EB-2425-E12EBD_SHT1019220GB1P5
SH1.TMP2      ok             -         -     2      -                -            -                -           28 C         -        temp_sensor       EB-2425-E12EBD_SHT1019220GB1P5_temp2                         EB-2425-E12EBD_SHT1019220GB1P5
SH1.TMP3      ok             -         -     3      -                -            -                -           32 C         -        temp_sensor       EB-2425-E12EBD_SHT1019220GB1P5_temp3                         EB-2425-E12EBD_SHT1019220GB1P5
SH1.TMP4      ok             -         -     4      -                -            -                -           28 C         -        temp_sensor       EB-2425-E12EBD_SHT1019220GB1P5_temp4                         EB-2425-E12EBD_SHT1019220GB1P5
SH1.TMP5      ok             -         -     5      -                -            -                -           32 C         -        temp_sensor       EB-2425-E12EBD_SHT1019220GB1P5_temp5                         EB-2425-E12EBD_SHT1019220GB1P5
SH1.TMP6      ok             -         -     6      -                -            -                -           36 C         -        temp_sensor       EB-2425-E12EBD_SHT1019220GB1P5_temp6                         EB-2425-E12EBD_SHT1019220GB1P5
SH1.TMP7      ok             -         -     7      -                -            -                -           33 C         -        temp_sensor       EB-2425-E12EBD_SHT1019220GB1P5_temp7                         EB-2425-E12EBD_SHT1019220GB1P5
SH2           ok             off       -     2      EB-2425-E12EBD   -            SHT1019220GB1NT  -           -            -        storage_shelf     EB-2425-E12EBD_SHT1019220GB1NT                               hwroot
SH2.BAY0      ok             off       -     0      -                83-0137-00   57GS10U3TV4V     -           -            -        drive_bay         EB-2425-E12EBD_SHT1019220GB1NT_bay0                          EB-2425-E12EBD_SHT1019220GB1NT
SH2.BAY1      ok             off       -     1      -                83-0137-00   679S104XTV4V     -           -            -        drive_bay         EB-2425-E12EBD_SHT1019220GB1NT_bay1                          EB-2425-E12EBD_SHT1019220GB1NT
SH2.BAY2      ok             off       -     2      -                83-0041-04   65FS107LTGTW     -           -            -        drive_bay         EB-2425-E12EBD_SHT1019220GB1NT_bay2                          EB-2425-E12EBD_SHT1019220GB1NT
SH2.BAY3      ok             off       -     3      -                83-0041-04   65FS10CWTGTW     -           -            -        drive_bay         EB-2425-E12EBD_SHT1019220GB1NT_bay3                          EB-2425-E12EBD_SHT1019220GB1NT
SH2.BAY4      ok             off       -     4      -                83-0137-00   677S106ITV4V     -           -            -        drive_bay         EB-2425-E12EBD_SHT1019220GB1NT_bay4                          EB-2425-E12EBD_SHT1019220GB1NT
SH2.BAY5      ok             off       -     5      -                83-0137-00   27HS10NUTV4V     -           -            -        drive_bay         EB-2425-E12EBD_SHT1019220GB1NT_bay5                          EB-2425-E12EBD_SHT1019220GB1NT
SH2.BAY6      ok             off       -     6      -                83-0137-00   678S107RTV4V     -           -            -        drive_bay         EB-2425-E12EBD_SHT1019220GB1NT_bay6                          EB-2425-E12EBD_SHT1019220GB1NT
SH2.BAY7      ok             off       -     7      -                83-0137-00   677S103UTV4V     -           -            -        drive_bay         EB-2425-E12EBD_SHT1019220GB1NT_bay7                          EB-2425-E12EBD_SHT1019220GB1NT
SH2.BAY8      ok             off       -     8      -                83-0137-00   678S1004TV4V     -           -            -        drive_bay         EB-2425-E12EBD_SHT1019220GB1NT_bay8                          EB-2425-E12EBD_SHT1019220GB1NT
SH2.BAY9      ok             off       -     9      -                83-0137-00   677S106XTV4V     -           -            -        drive_bay         EB-2425-E12EBD_SHT1019220GB1NT_bay9                          EB-2425-E12EBD_SHT1019220GB1NT
SH2.BAY10     ok             off       -     10     -                83-0137-00   678S100OTV4V     -           -            -        drive_bay         EB-2425-E12EBD_SHT1019220GB1NT_bay10                         EB-2425-E12EBD_SHT1019220GB1NT
SH2.BAY11     ok             off       -     11     -                83-0137-00   678S10GUTV4V     -           -            -        drive_bay         EB-2425-E12EBD_SHT1019220GB1NT_bay11                         EB-2425-E12EBD_SHT1019220GB1NT
SH2.BAY12     not_installed  off       -     12     -                -            -                -           -            -        drive_bay         EB-2425-E12EBD_SHT1019220GB1NT_bay12                         EB-2425-E12EBD_SHT1019220GB1NT
SH2.BAY13     not_installed  off       -     13     -                -            -                -           -            -        drive_bay         EB-2425-E12EBD_SHT1019220GB1NT_bay13                         EB-2425-E12EBD_SHT1019220GB1NT
SH2.BAY14     not_installed  off       -     14     -                -            -                -           -            -        drive_bay         EB-2425-E12EBD_SHT1019220GB1NT_bay14                         EB-2425-E12EBD_SHT1019220GB1NT
SH2.BAY15     not_installed  off       -     15     -                -            -                -           -            -        drive_bay         EB-2425-E12EBD_SHT1019220GB1NT_bay15                         EB-2425-E12EBD_SHT1019220GB1NT
SH2.BAY16     not_installed  off       -     16     -                -            -                -           -            -        drive_bay         EB-2425-E12EBD_SHT1019220GB1NT_bay16                         EB-2425-E12EBD_SHT1019220GB1NT
SH2.BAY17     not_installed  off       -     17     -                -            -                -           -            -        drive_bay         EB-2425-E12EBD_SHT1019220GB1NT_bay17                         EB-2425-E12EBD_SHT1019220GB1NT
SH2.BAY18     not_installed  off       -     18     -                -            -                -           -            -        drive_bay         EB-2425-E12EBD_SHT1019220GB1NT_bay18                         EB-2425-E12EBD_SHT1019220GB1NT
SH2.BAY19     not_installed  off       -     19     -                -            -                -           -            -        drive_bay         EB-2425-E12EBD_SHT1019220GB1NT_bay19                         EB-2425-E12EBD_SHT1019220GB1NT
SH2.BAY20     not_installed  off       -     20     -                -            -                -           -            -        drive_bay         EB-2425-E12EBD_SHT1019220GB1NT_bay20                         EB-2425-E12EBD_SHT1019220GB1NT
SH2.BAY21     not_installed  off       -     21     -                -            -                -           -            -        drive_bay         EB-2425-E12EBD_SHT1019220GB1NT_bay21                         EB-2425-E12EBD_SHT1019220GB1NT
SH2.BAY22     not_installed  off       -     22     -                -            -                -           -            -        drive_bay         EB-2425-E12EBD_SHT1019220GB1NT_bay22                         EB-2425-E12EBD_SHT1019220GB1NT
SH2.BAY23     not_installed  off       -     23     -                -            -                -           -            -        drive_bay         EB-2425-E12EBD_SHT1019220GB1NT_bay23                         EB-2425-E12EBD_SHT1019220GB1NT
SH2.FAN0      ok             -         -     0      -                -            -                -           -            -        cooling           EB-2425-E12EBD_SHT1019220GB1NT_fan0                          EB-2425-E12EBD_SHT1019220GB1NT_psu0
SH2.FAN1      ok             -         -     1      -                -            -                -           -            -        cooling           EB-2425-E12EBD_SHT1019220GB1NT_fan1                          EB-2425-E12EBD_SHT1019220GB1NT_psu0
SH2.FAN2      ok             -         -     2      -                -            -                -           -            -        cooling           EB-2425-E12EBD_SHT1019220GB1NT_fan2                          EB-2425-E12EBD_SHT1019220GB1NT_psu1
SH2.FAN3      ok             -         -     3      -                -            -                -           -            -        cooling           EB-2425-E12EBD_SHT1019220GB1NT_fan3                          EB-2425-E12EBD_SHT1019220GB1NT_psu1
SH2.IOM0      ok             off       0     0      -                -            -                -           -            -        sas_module        EB-2425-E12EBD_SHT1019220GB1NT_sasexp0                       EB-2425-E12EBD_SHT1019220GB1NT
SH2.IOM1      ok             off       1     1      -                -            -                -           -            -        sas_module        EB-2425-E12EBD_SHT1019220GB1NT_sasexp1                       EB-2425-E12EBD_SHT1019220GB1NT
SH2.PWR0      ok             -         -     0      -                -            -                -           -            -        power_supply      EB-2425-E12EBD_SHT1019220GB1NT_psu0                          EB-2425-E12EBD_SHT1019220GB1NT
SH2.PWR1      ok             -         -     1      -                -            -                -           -            -        power_supply      EB-2425-E12EBD_SHT1019220GB1NT_psu1                          EB-2425-E12EBD_SHT1019220GB1NT
SH2.SAS0      ok             -         0     0      -                -            -                0.00 b/s    -            -        sas_port          EB-2425-E12EBD_SHT1019220GB1NT_port0                         EB-2425-E12EBD_SHT1019220GB1NT
SH2.SAS1      ok             -         0     1      -                -            -                0.00 b/s    -            -        sas_port          EB-2425-E12EBD_SHT1019220GB1NT_port1                         EB-2425-E12EBD_SHT1019220GB1NT
SH2.SAS2      ok             -         0     2      -                -            -                48.00 Gb/s  -            -        sas_port          EB-2425-E12EBD_SHT1019220GB1NT_port2                         EB-2425-E12EBD_SHT1019220GB1NT
SH2.SAS3      ok             -         1     3      -                -            -                0.00 b/s    -            -        sas_port          EB-2425-E12EBD_SHT1019220GB1NT_port3                         EB-2425-E12EBD_SHT1019220GB1NT
SH2.SAS4      ok             -         1     4      -                -            -                0.00 b/s    -            -        sas_port          EB-2425-E12EBD_SHT1019220GB1NT_port4                         EB-2425-E12EBD_SHT1019220GB1NT
SH2.SAS5      ok             -         1     5      -                -            -                48.00 Gb/s  -            -        sas_port          EB-2425-E12EBD_SHT1019220GB1NT_port5                         EB-2425-E12EBD_SHT1019220GB1NT
SH2.TMP0      ok             -         -     0      -                -            -                -           23 C         -        temp_sensor       EB-2425-E12EBD_SHT1019220GB1NT_temp0                         EB-2425-E12EBD_SHT1019220GB1NT
SH2.TMP1      ok             -         -     1      -                -            -                -           26 C         -        temp_sensor       EB-2425-E12EBD_SHT1019220GB1NT_temp1                         EB-2425-E12EBD_SHT1019220GB1NT
SH2.TMP2      ok             -         -     2      -                -            -                -           23 C         -        temp_sensor       EB-2425-E12EBD_SHT1019220GB1NT_temp2                         EB-2425-E12EBD_SHT1019220GB1NT
SH2.TMP3      ok             -         -     3      -                -            -                -           27 C         -        temp_sensor       EB-2425-E12EBD_SHT1019220GB1NT_temp3                         EB-2425-E12EBD_SHT1019220GB1NT
SH2.TMP4      ok             -         -     4      -                -            -                -           27 C         -        temp_sensor       EB-2425-E12EBD_SHT1019220GB1NT_temp4                         EB-2425-E12EBD_SHT1019220GB1NT
SH2.TMP5      ok             -         -     5      -                -            -                -           30 C         -        temp_sensor       EB-2425-E12EBD_SHT1019220GB1NT_temp5                         EB-2425-E12EBD_SHT1019220GB1NT
SH2.TMP6      ok             -         -     6      -                -            -                -           29 C         -        temp_sensor       EB-2425-E12EBD_SHT1019220GB1NT_temp6                         EB-2425-E12EBD_SHT1019220GB1NT
SH2.TMP7      ok             -         -     7      -                -            -                -           29 C         -        temp_sensor       EB-2425-E12EBD_SHT1019220GB1NT_temp7                         EB-2425-E12EBD_SHT1019220GB1NT
SH9           ok             off       -     9      DFS1             84-0058-02   PCHFJ2214001E    -           23 C         -        storage_shelf     PURE_84-0058-02_PCHFJ2214001E                                hwroot
SH9.BAY0      ok             off       -     0      -                83-0344-00   PFMUH204203B4    -           -            -        drive_bay         PURE_84-0058-02_PCHFJ2214001E_bay0                           PURE_84-0058-02_PCHFJ2214001E
SH9.BAY1      ok             off       -     1      -                83-0344-00   PFMUH20420450    -           -            -        drive_bay         PURE_84-0058-02_PCHFJ2214001E_bay1                           PURE_84-0058-02_PCHFJ2214001E
SH9.BAY2      ok             off       -     2      -                83-0344-00   PFMUH204204B2    -           -            -        drive_bay         PURE_84-0058-02_PCHFJ2214001E_bay2                           PURE_84-0058-02_PCHFJ2214001E
SH9.BAY3      ok             off       -     3      -                83-0344-00   PFMUH204204F8    -           -            -        drive_bay         PURE_84-0058-02_PCHFJ2214001E_bay3                           PURE_84-0058-02_PCHFJ2214001E
SH9.BAY4      ok             off       -     4      -                83-0344-00   PFMUH204204D0    -           -            -        drive_bay         PURE_84-0058-02_PCHFJ2214001E_bay4                           PURE_84-0058-02_PCHFJ2214001E
SH9.BAY5      ok             off       -     5      -                83-0344-00   PFMUH204204DF    -           -            -        drive_bay         PURE_84-0058-02_PCHFJ2214001E_bay5                           PURE_84-0058-02_PCHFJ2214001E
SH9.BAY6      ok             off       -     6      -                83-0344-00   PFMUH2042045F    -           -            -        drive_bay         PURE_84-0058-02_PCHFJ2214001E_bay6                           PURE_84-0058-02_PCHFJ2214001E
SH9.BAY7      ok             off       -     7      -                83-0344-00   PFMUH204203AE    -           -            -        drive_bay         PURE_84-0058-02_PCHFJ2214001E_bay7                           PURE_84-0058-02_PCHFJ2214001E
SH9.BAY8      ok             off       -     8      -                83-0344-00   PFMUH20420603    -           -            -        drive_bay         PURE_84-0058-02_PCHFJ2214001E_bay8                           PURE_84-0058-02_PCHFJ2214001E
SH9.BAY9      ok             off       -     9      -                83-0344-00   PFMUH20420457    -           -            -        drive_bay         PURE_84-0058-02_PCHFJ2214001E_bay9                           PURE_84-0058-02_PCHFJ2214001E
SH9.BAY10     ok             off       -     10     -                83-0344-00   PFMUH204204D1    -           -            -        drive_bay         PURE_84-0058-02_PCHFJ2214001E_bay10                          PURE_84-0058-02_PCHFJ2214001E
SH9.BAY11     ok             off       -     11     -                83-0344-00   PFMUH204203BA    -           -            -        drive_bay         PURE_84-0058-02_PCHFJ2214001E_bay11                          PURE_84-0058-02_PCHFJ2214001E
SH9.BAY12     ok             off       -     12     -                83-0344-00   PFMUH20420528    -           -            -        drive_bay         PURE_84-0058-02_PCHFJ2214001E_bay12                          PURE_84-0058-02_PCHFJ2214001E
SH9.BAY13     ok             off       -     13     -                83-0344-00   PFMUH20420452    -           -            -        drive_bay         PURE_84-0058-02_PCHFJ2214001E_bay13                          PURE_84-0058-02_PCHFJ2214001E
SH9.BAY14     not_installed  off       -     14     -                -            -                -           -            -        drive_bay         PURE_84-0058-02_PCHFJ2214001E_bay14                          PURE_84-0058-02_PCHFJ2214001E
SH9.BAY15     not_installed  off       -     15     -                -            -                -           -            -        drive_bay         PURE_84-0058-02_PCHFJ2214001E_bay15                          PURE_84-0058-02_PCHFJ2214001E
SH9.BAY16     not_installed  off       -     16     -                -            -                -           -            -        drive_bay         PURE_84-0058-02_PCHFJ2214001E_bay16                          PURE_84-0058-02_PCHFJ2214001E
SH9.BAY17     not_installed  off       -     17     -                -            -                -           -            -        drive_bay         PURE_84-0058-02_PCHFJ2214001E_bay17                          PURE_84-0058-02_PCHFJ2214001E
SH9.BAY18     not_installed  off       -     18     -                -            -                -           -            -        drive_bay         PURE_84-0058-02_PCHFJ2214001E_bay18                          PURE_84-0058-02_PCHFJ2214001E
SH9.BAY19     not_installed  off       -     19     -                -            -                -           -            -        drive_bay         PURE_84-0058-02_PCHFJ2214001E_bay19                          PURE_84-0058-02_PCHFJ2214001E
SH9.BAY20     not_installed  off       -     20     -                -            -                -           -            -        drive_bay         PURE_84-0058-02_PCHFJ2214001E_bay20                          PURE_84-0058-02_PCHFJ2214001E
SH9.BAY21     not_installed  off       -     21     -                -            -                -           -            -        drive_bay         PURE_84-0058-02_PCHFJ2214001E_bay21                          PURE_84-0058-02_PCHFJ2214001E
SH9.BAY22     not_installed  off       -     22     -                -            -                -           -            -        drive_bay         PURE_84-0058-02_PCHFJ2214001E_bay22                          PURE_84-0058-02_PCHFJ2214001E
SH9.BAY23     not_installed  off       -     23     -                -            -                -           -            -        drive_bay         PURE_84-0058-02_PCHFJ2214001E_bay23                          PURE_84-0058-02_PCHFJ2214001E
SH9.BAY24     not_installed  off       -     24     -                -            -                -           -            -        drive_bay         PURE_84-0058-02_PCHFJ2214001E_bay24                          PURE_84-0058-02_PCHFJ2214001E
SH9.BAY25     not_installed  off       -     25     -                -            -                -           -            -        drive_bay         PURE_84-0058-02_PCHFJ2214001E_bay25                          PURE_84-0058-02_PCHFJ2214001E
SH9.BAY26     not_installed  off       -     26     -                -            -                -           -            -        drive_bay         PURE_84-0058-02_PCHFJ2214001E_bay26                          PURE_84-0058-02_PCHFJ2214001E
SH9.BAY27     not_installed  off       -     27     -                -            -                -           -            -        drive_bay         PURE_84-0058-02_PCHFJ2214001E_bay27                          PURE_84-0058-02_PCHFJ2214001E
SH9.PWR0      ok             -         -     0      DPS-1300AB-6 U   -            JKLD2202000558   -           -            207 V    power_supply      PURE_84-0058-02_PCHFJ2214001E_psu0                           PURE_84-0058-02_PCHFJ2214001E
SH9.PWR1      ok             -         -     1      DPS-1300AB-6 U   -            JKLD2202000715   -           -            208 V    power_supply      PURE_84-0058-02_PCHFJ2214001E_psu1                           PURE_84-0058-02_PCHFJ2214001E
SH9.SC0       ok             off       -     0      DFSC1            83-0250-00   PSMFJ22140061    -           31 C         -        shelf_controller  PURE_84-0058-02_PCHFJ2214001E_controller0                    PURE_84-0058-02_PCHFJ2214001E
SH9.SC0.ETH0  ok             -         -     0      -                -            -                50.00 Gb/s  -            -        eth_port          PURE_84-0058-02_PCHFJ2214001E_controller0_eth_dev_eth_port0  PURE_84-0058-02_PCHFJ2214001E_controller0
SH9.SC0.ETH1  ok             -         -     1      -                -            -                0.00 b/s    -            -        eth_port          PURE_84-0058-02_PCHFJ2214001E_controller0_eth_dev_eth_port1  PURE_84-0058-02_PCHFJ2214001E_controller0
SH9.SC0.ETH2  ok             -         -     2      -                -            -                50.00 Gb/s  -            -        eth_port          PURE_84-0058-02_PCHFJ2214001E_controller0_eth_dev_eth_port2  PURE_84-0058-02_PCHFJ2214001E_controller0
SH9.SC0.ETH3  ok             -         -     3      -                -            -                0.00 b/s    -            -        eth_port          PURE_84-0058-02_PCHFJ2214001E_controller0_eth_dev_eth_port3  PURE_84-0058-02_PCHFJ2214001E_controller0
SH9.SC0.FAN0  ok             -         -     0      -                -            -                -           -            -        cooling           PURE_84-0058-02_PCHFJ2214001E_controller0_fan0               PURE_84-0058-02_PCHFJ2214001E_controller0
SH9.SC0.FAN1  ok             -         -     1      -                -            -                -           -            -        cooling           PURE_84-0058-02_PCHFJ2214001E_controller0_fan1               PURE_84-0058-02_PCHFJ2214001E_controller0
SH9.SC0.FAN2  ok             -         -     2      -                -            -                -           -            -        cooling           PURE_84-0058-02_PCHFJ2214001E_controller0_fan2               PURE_84-0058-02_PCHFJ2214001E_controller0
SH9.SC0.FAN3  ok             -         -     3      -                -            -                -           -            -        cooling           PURE_84-0058-02_PCHFJ2214001E_controller0_fan3               PURE_84-0058-02_PCHFJ2214001E_controller0
SH9.SC0.FAN4  ok             -         -     4      -                -            -                -           -            -        cooling           PURE_84-0058-02_PCHFJ2214001E_controller0_fan4               PURE_84-0058-02_PCHFJ2214001E_controller0
SH9.SC0.FAN5  ok             -         -     5      -                -            -                -           -            -        cooling           PURE_84-0058-02_PCHFJ2214001E_controller0_fan5               PURE_84-0058-02_PCHFJ2214001E_controller0
SH9.SC1       ok             off       -     1      DFSC1            83-0250-00   PSMFJ22140054    -           31 C         -        shelf_controller  PURE_84-0058-02_PCHFJ2214001E_controller1                    PURE_84-0058-02_PCHFJ2214001E
SH9.SC1.ETH0  ok             -         -     0      -                -            -                50.00 Gb/s  -            -        eth_port          PURE_84-0058-02_PCHFJ2214001E_controller1_eth_dev_eth_port4  PURE_84-0058-02_PCHFJ2214001E_controller1
SH9.SC1.ETH1  ok             -         -     1      -                -            -                0.00 b/s    -            -        eth_port          PURE_84-0058-02_PCHFJ2214001E_controller1_eth_dev_eth_port5  PURE_84-0058-02_PCHFJ2214001E_controller1
SH9.SC1.ETH2  ok             -         -     2      -                -            -                50.00 Gb/s  -            -        eth_port          PURE_84-0058-02_PCHFJ2214001E_controller1_eth_dev_eth_port6  PURE_84-0058-02_PCHFJ2214001E_controller1
SH9.SC1.ETH3  ok             -         -     3      -                -            -                0.00 b/s    -            -        eth_port          PURE_84-0058-02_PCHFJ2214001E_controller1_eth_dev_eth_port7  PURE_84-0058-02_PCHFJ2214001E_controller1
SH9.SC1.FAN0  ok             -         -     0      -                -            -                -           -            -        cooling           PURE_84-0058-02_PCHFJ2214001E_controller1_fan6               PURE_84-0058-02_PCHFJ2214001E_controller1
SH9.SC1.FAN1  ok             -         -     1      -                -            -                -           -            -        cooling           PURE_84-0058-02_PCHFJ2214001E_controller1_fan7               PURE_84-0058-02_PCHFJ2214001E_controller1
SH9.SC1.FAN2  ok             -         -     2      -                -            -                -           -            -        cooling           PURE_84-0058-02_PCHFJ2214001E_controller1_fan8               PURE_84-0058-02_PCHFJ2214001E_controller1
SH9.SC1.FAN3  ok             -         -     3      -                -            -                -           -            -        cooling           PURE_84-0058-02_PCHFJ2214001E_controller1_fan9               PURE_84-0058-02_PCHFJ2214001E_controller1
SH9.SC1.FAN4  ok             -         -     4      -                -            -                -           -            -        cooling           PURE_84-0058-02_PCHFJ2214001E_controller1_fan10              PURE_84-0058-02_PCHFJ2214001E_controller1
SH9.SC1.FAN5  ok             -         -     5      -                -            -                -           -            -        cooling           PURE_84-0058-02_PCHFJ2214001E_controller1_fan11              PURE_84-0058-02_PCHFJ2214001E_controller1
     root@apn4purstgp0101-ct1:~# 
     root@apn4purstgp0101-ct1:~# purewes controller setattr --verify-array apn4purstgp0101 ct1 --mode secondary;date
Run checks before making changes ...

Check peer purity status...... SUCCESS
Check pureport list........... 
==========    FC connections    ==========

CT      NumOfPort  PortId                                  
CT1     1          10:00:D0:67:26:06:FB:41                 
CT1     1          10:00:1C:98:EC:09:FB:2E                 
CT1     1          10:00:EC:EB:B8:81:50:E9                 
CT1     1          10:00:EC:EB:B8:81:20:B1                 
CT1     1          10:00:EC:EB:B8:83:D6:91                 
CT1     1          10:00:D0:67:26:06:5B:01                 
CT1     1          10:00:D0:67:26:06:AB:B1                 
CT1     1          10:00:EC:EB:B8:81:30:01                 
CT1     1          10:00:EC:EB:B8:81:20:89                 
CT1     1          10:00:D0:67:26:06:BF:29                 
CT1     1          10:00:D0:67:26:06:1B:A9                 
CT1     1          10:00:D0:67:26:06:5B:99                 
CT1     1          10:00:EC:EB:B8:81:40:B1                 
CT1     1          10:00:EC:EB:B8:81:40:B9                 
CT1     1          10:00:D0:67:26:06:5B:91                 
CT1     1          10:00:D0:67:26:06:1B:A1                 
CT1     1          10:00:D0:67:26:06:BF:21                 
CT1     1          10:00:EC:EB:B8:81:20:81                 
CT1     1          10:00:94:57:A5:A7:C7:81                 
CT1     1          10:00:1C:98:EC:09:FB:2F                 
CT1     1          10:00:EC:EB:B8:81:30:09                 
CT1     1          10:00:D0:67:26:06:AB:B9                 
CT1     1          10:00:94:57:A5:A8:23:39                 
CT1     1          10:00:D0:67:26:06:5B:09                 
CT1     1          10:00:EC:EB:B8:83:D6:99                 
CT1     1          10:00:EC:EB:B8:81:20:B9                 
CT1     1          10:00:EC:EB:B8:81:50:E1                 
CT1     1          10:00:D0:67:26:06:FB:49                 
CT0     1          10:00:EC:EB:B8:81:40:B1                 
CT0     1          10:00:EC:EB:B8:81:50:E9                 
CT0     1          10:00:D0:67:26:06:1B:A9                 
CT0     1          10:00:EC:EB:B8:83:D6:91                 
CT0     1          10:00:EC:EB:B8:81:20:B1                 
CT0     1          10:00:D0:67:26:06:FB:41                 
CT0     1          10:00:1C:98:EC:09:FB:2E                 
CT0     1          10:00:D0:67:26:06:5B:99                 
CT0     1          10:00:EC:EB:B8:81:20:89                 
CT0     1          10:00:EC:EB:B8:81:30:01                 
CT0     1          10:00:D0:67:26:06:AB:B1                 
CT0     1          10:00:D0:67:26:06:5B:01                 
CT0     1          10:00:D0:67:26:06:BF:29                 
CT0     1          10:00:94:57:A5:A8:23:39                 
CT0     1          10:00:94:57:A5:A7:C7:81                 
CT0     1          10:00:EC:EB:B8:81:40:B9                 
CT0     1          10:00:EC:EB:B8:81:50:E1                 
CT0     1          10:00:EC:EB:B8:81:20:B9                 
CT0     1          10:00:EC:EB:B8:83:D6:99                 
CT0     1          10:00:D0:67:26:06:1B:A1                 
CT0     1          10:00:D0:67:26:06:5B:91                 
CT0     1          10:00:D0:67:26:06:FB:49                 
CT0     1          10:00:EC:EB:B8:81:20:81                 
CT0     1          10:00:EC:EB:B8:81:30:09                 
CT0     1          10:00:1C:98:EC:09:FB:2F                 
CT0     1          10:00:D0:67:26:06:5B:09                 
CT0     1          10:00:D0:67:26:06:AB:B9                 
CT0     1          10:00:D0:67:26:06:BF:21                 

Total FC connections: 56

==========    iSCSI connections    ==========

CT     NumOfPort  PortId                                  

Total iSCSI connections: 0

==========    NVMe-RoCE connections    ==========

CT     NumOfPort  PortId                                  

Total NVMe-RoCE connections: 0

SUCCESS
Check IO balance.............. Checking iobalance before proceeding, sampling for 30 seconds, retrying 3 times, adding 30 seconds with each retry
Try 1/4: Sampling I/O for 30 seconds
Sampling finished, I/O is not yet balanced
Try 2/4: Sampling I/O for 60 seconds
Sampling finished, I/O is not yet balanced
Try 3/4: Sampling I/O for 90 seconds
Sampling finished, I/O is not yet balanced
Try 4/4: Sampling I/O for 120 seconds
Sampling finished, I/O is not yet balanced
I/O is not balanced after 4 run(s).
iobalance reports the following: 
sampling host I/O for 120 seconds...
                Host  CT0 I/O Count  CT1 I/O Count  
  SPC1HDGDBSP0201-DR       20.00       14.00  
  SPC1NETDBSP0401-DR       42.00        5.00  ! unbalanced I/O
     SPN4NICSQLP0101        0.00        0.00  ? Host is idle
     SPN4VMWHSTP0109      62.75K      73.70K  
     SPN4VMWHSTP0110      95.87K      41.39K  ! unbalanced I/O
     SPN4VMWHSTP2001       2.47K       2.44K  
     SPN4VMWHSTP2002      730.00      703.00  
     SPN4VMWHSTP2003        0.00        0.00  ? Host is idle
     SPN4VMWHSTP2004        0.00        0.00  ? Host is idle
     SPN4VMWHSTP2005        0.00        0.00  ? Host is idle
     SPN4VMWHSTP2006       15.00       12.00  
     SPN4VMWHSTP2007        0.00        0.00  ? Host is idle
     SPN4VMWHSTP2008        0.00        0.00  ? Host is idle
     SPN4VMWHSTP2010        0.00        0.00  ? Host is idle
     SPN4VMWHSTP2011        0.00        0.00  ? Host is idle

Would you like to ignore this check?
WARNING: Unless the workload you are running is known to be imbalanced, ignoring this check could result in an outage and is NOT recommended.
Ignore anyway? (y/n): y
Overriding iobalance check based on user input
SUCCESS
Tue Jul 22 06:44:14 PM EDT 2025
     root@apn4purstgp0101-ct1:~# fcpureportlist=`pureport list --initiator | awk '/Target/,0' | cut -d. -f1 | awk '{print $1,$5}' | grep -v '-' | grep -v "Initiator" | uniq -c; echo`; fcpureportlistcount=`echo "$fcpureportlist" | awk '{total += $1} END {print total}'`; echo -e "$fcpureportlist\n\n"; echo -e "\tTotal FC connections: $fcpureportlistcount\n\n";
      1 10:00:1C:98:EC:09:FB:2E CT0
      1 10:00:1C:98:EC:09:FB:2F CT0
      1 10:00:94:57:A5:A7:C7:81 CT0
      1 10:00:94:57:A5:A8:23:39 CT0
      1 10:00:D0:67:26:06:1B:A1 CT0
      1 10:00:D0:67:26:06:1B:A9 CT0
      1 10:00:D0:67:26:06:5B:01 CT0
      1 10:00:D0:67:26:06:5B:09 CT0
      1 10:00:D0:67:26:06:5B:91 CT0
      1 10:00:D0:67:26:06:5B:99 CT0
      1 10:00:D0:67:26:06:AB:B1 CT0
      1 10:00:D0:67:26:06:AB:B9 CT0
      1 10:00:D0:67:26:06:BF:21 CT0
      1 10:00:D0:67:26:06:BF:29 CT0
      1 10:00:D0:67:26:06:FB:41 CT0
      1 10:00:D0:67:26:06:FB:49 CT0
      1 10:00:EC:EB:B8:81:20:81 CT0
      1 10:00:EC:EB:B8:81:20:89 CT0
      1 10:00:EC:EB:B8:81:20:B1 CT0
      1 10:00:EC:EB:B8:81:20:B9 CT0
      1 10:00:EC:EB:B8:81:30:01 CT0
      1 10:00:EC:EB:B8:81:30:09 CT0
      1 10:00:EC:EB:B8:81:40:B1 CT0
      1 10:00:EC:EB:B8:81:40:B9 CT0
      1 10:00:EC:EB:B8:81:50:E1 CT0
      1 10:00:EC:EB:B8:81:50:E9 CT0
      1 10:00:EC:EB:B8:83:D6:91 CT0
      1 10:00:EC:EB:B8:83:D6:99 CT0


Total FC connections: 28


     root@apn4purstgp0101-ct1:~# fcpureportlist=`pureport list --initiator | awk '/Target/,0' | cut -d. -f1 | awk '{print $1,$5}' | grep -v '-' | grep -v "Initiator" | uniq -c; echo`; fcpureportlistcount=`echo "$fcpureportlist" | awk '{total += $1} END {print total}'`; echo -e "$fcpureportlist\n\n"; echo -e "\tTotal FC  connections: $fcpureportlistcount\n\n";
      1 10:00:1C:98:EC:09:FB:2E CT0
      1 10:00:1C:98:EC:09:FB:2F CT0
      1 10:00:94:57:A5:A7:C7:81 CT0
      1 10:00:94:57:A5:A8:23:39 CT0
      1 10:00:D0:67:26:06:1B:A1 CT0
      1 10:00:D0:67:26:06:1B:A9 CT0
      1 10:00:D0:67:26:06:5B:01 CT0
      1 10:00:D0:67:26:06:5B:09 CT0
      1 10:00:D0:67:26:06:5B:91 CT0
      1 10:00:D0:67:26:06:5B:99 CT0
      1 10:00:D0:67:26:06:AB:B1 CT0
      1 10:00:D0:67:26:06:AB:B9 CT0
      1 10:00:D0:67:26:06:BF:21 CT0
      1 10:00:D0:67:26:06:BF:29 CT0
      1 10:00:D0:67:26:06:FB:41 CT0
      1 10:00:D0:67:26:06:FB:49 CT0
      1 10:00:EC:EB:B8:81:20:81 CT0
      1 10:00:EC:EB:B8:81:20:89 CT0
      1 10:00:EC:EB:B8:81:20:B1 CT0
      1 10:00:EC:EB:B8:81:20:B9 CT0
      1 10:00:EC:EB:B8:81:30:01 CT0
      1 10:00:EC:EB:B8:81:30:09 CT0
      1 10:00:EC:EB:B8:81:40:B1 CT0
      1 10:00:EC:EB:B8:81:40:B9 CT0
      1 10:00:EC:EB:B8:81:50:E1 CT0
      1 10:00:EC:EB:B8:81:50:E9 CT0
      1 10:00:EC:EB:B8:83:D6:91 CT0
      1 10:00:EC:EB:B8:83:D6:99 CT0


Total FC connections: 28


     root@apn4purstgp0101-ct1:~# fcpureportlist=`pureport list --initiator | awk '/Target/,0' | cut -d. -f1 | awk '{print $1,$5}' | grep -v '-' | grep -v "Initiator" | uniq -c; echo`; fcpureportlistcount=`echo "$fcpureportlist" | awk '{total += $1} END {print total}'`; echo -e "$fcpureportlist\n\n"; echo -e "\tTotal FC connections: $fcpureportlistcount\n\n";
      1 10:00:1C:98:EC:09:FB:2E CT0
      1 10:00:1C:98:EC:09:FB:2F CT0
      1 10:00:94:57:A5:A7:C7:81 CT0
      1 10:00:94:57:A5:A8:23:39 CT0
      1 10:00:D0:67:26:06:1B:A1 CT0
      1 10:00:D0:67:26:06:1B:A9 CT0
      1 10:00:D0:67:26:06:5B:01 CT0
      1 10:00:D0:67:26:06:5B:09 CT0
      1 10:00:D0:67:26:06:5B:91 CT0
      1 10:00:D0:67:26:06:5B:99 CT0
      1 10:00:D0:67:26:06:AB:B1 CT0
      1 10:00:D0:67:26:06:AB:B9 CT0
      1 10:00:D0:67:26:06:BF:21 CT0
      1 10:00:D0:67:26:06:BF:29 CT0
      1 10:00:D0:67:26:06:FB:41 CT0
      1 10:00:D0:67:26:06:FB:49 CT0
      1 10:00:EC:EB:B8:81:20:81 CT0
      1 10:00:EC:EB:B8:81:20:89 CT0
      1 10:00:EC:EB:B8:81:20:B1 CT0
      1 10:00:EC:EB:B8:81:20:B9 CT0
      1 10:00:EC:EB:B8:81:30:01 CT0
      1 10:00:EC:EB:B8:81:30:09 CT0
      1 10:00:EC:EB:B8:81:40:B1 CT0
      1 10:00:EC:EB:B8:81:40:B9 CT0
      1 10:00:EC:EB:B8:81:50:E1 CT0
      1 10:00:EC:EB:B8:81:50:E9 CT0
      1 10:00:EC:EB:B8:83:D6:91 CT0
      1 10:00:EC:EB:B8:83:D6:99 CT0


Total FC connections: 28


     root@apn4purstgp0101-ct1:~# fcpureportlist=`pureport list --initiator | awk '/Target/,0' | cut -d. -f1 | awk '{print $1,$5}' | grep -v '-' | grep -v "Initiator" | uniq -c; echo`; fcpureportlistcount=`echo "$fcpureportlist" | awk '{total += $1} END {print total}'`; echo -e "$fcpureportlist\n\n"; echo -e "\tTotal FC connections: $fcpureportlistcount\n\n";
      1 10:00:1C:98:EC:09:FB:2E CT0
      1 10:00:1C:98:EC:09:FB:2E CT1
      1 10:00:1C:98:EC:09:FB:2F CT0
      1 10:00:1C:98:EC:09:FB:2F CT1
      1 10:00:94:57:A5:A7:C7:81 CT0
      1 10:00:94:57:A5:A7:C7:81 CT1
      1 10:00:94:57:A5:A8:23:39 CT0
      1 10:00:94:57:A5:A8:23:39 CT1
      1 10:00:D0:67:26:06:1B:A1 CT0
      1 10:00:D0:67:26:06:1B:A1 CT1
      1 10:00:D0:67:26:06:1B:A9 CT0
      1 10:00:D0:67:26:06:1B:A9 CT1
      1 10:00:D0:67:26:06:5B:01 CT0
      1 10:00:D0:67:26:06:5B:01 CT1
      1 10:00:D0:67:26:06:5B:09 CT0
      1 10:00:D0:67:26:06:5B:09 CT1
      1 10:00:D0:67:26:06:5B:91 CT0
      1 10:00:D0:67:26:06:5B:91 CT1
      1 10:00:D0:67:26:06:5B:99 CT0
      1 10:00:D0:67:26:06:5B:99 CT1
      1 10:00:D0:67:26:06:AB:B1 CT0
      1 10:00:D0:67:26:06:AB:B1 CT1
      1 10:00:D0:67:26:06:AB:B9 CT0
      1 10:00:D0:67:26:06:AB:B9 CT1
      1 10:00:D0:67:26:06:BF:21 CT0
      1 10:00:D0:67:26:06:BF:21 CT1
      1 10:00:D0:67:26:06:BF:29 CT0
      1 10:00:D0:67:26:06:BF:29 CT1
      1 10:00:D0:67:26:06:FB:41 CT0
      1 10:00:D0:67:26:06:FB:41 CT1
      1 10:00:D0:67:26:06:FB:49 CT0
      1 10:00:D0:67:26:06:FB:49 CT1
      1 10:00:EC:EB:B8:81:20:81 CT0
      1 10:00:EC:EB:B8:81:20:81 CT1
      1 10:00:EC:EB:B8:81:20:89 CT0
      1 10:00:EC:EB:B8:81:20:89 CT1
      1 10:00:EC:EB:B8:81:20:B1 CT0
      1 10:00:EC:EB:B8:81:20:B1 CT1
      1 10:00:EC:EB:B8:81:20:B9 CT0
      1 10:00:EC:EB:B8:81:20:B9 CT1
      1 10:00:EC:EB:B8:81:30:01 CT0
      1 10:00:EC:EB:B8:81:30:01 CT1
      1 10:00:EC:EB:B8:81:30:09 CT0
      1 10:00:EC:EB:B8:81:30:09 CT1
      1 10:00:EC:EB:B8:81:40:B1 CT0
      1 10:00:EC:EB:B8:81:40:B1 CT1
      1 10:00:EC:EB:B8:81:40:B9 CT0
      1 10:00:EC:EB:B8:81:40:B9 CT1
      1 10:00:EC:EB:B8:81:50:E1 CT0
      1 10:00:EC:EB:B8:81:50:E1 CT1
      1 10:00:EC:EB:B8:81:50:E9 CT0
      1 10:00:EC:EB:B8:81:50:E9 CT1
      1 10:00:EC:EB:B8:83:D6:91 CT0
      1 10:00:EC:EB:B8:83:D6:91 CT1
      1 10:00:EC:EB:B8:83:D6:99 CT0
      1 10:00:EC:EB:B8:83:D6:99 CT1


Total FC connections: 56


     root@apn4purstgp0101-ct1:~# iobalanc e--e --sampletime 10
sampling host I/O for 10 seconds...
                Host  CT0 I/O Count  CT1 I/O Count  
  SPC1HDGDBSP0201-DR        0.00        0.00  ? Host is idle
  SPC1NETDBSP0401-DR        0.00        0.00  ? Host is idle
     SPN4NICSQLP0101        0.00        0.00  ? Host is idle
     SPN4VMWHSTP0109      494.00       3.36K  ! unbalanced I/O
     SPN4VMWHSTP0110       1.96K      10.34K  ! unbalanced I/O
     SPN4VMWHSTP2001       66.00       59.00  
     SPN4VMWHSTP2002       42.00       37.00  
     SPN4VMWHSTP2003        0.00        0.00  ? Host is idle
     SPN4VMWHSTP2004        0.00        0.00  ? Host is idle
     SPN4VMWHSTP2005        0.00        0.00  ? Host is idle
     SPN4VMWHSTP2006        0.00        0.00  ? Host is idle
     SPN4VMWHSTP2007        0.00        0.00  ? Host is idle
     SPN4VMWHSTP2008        0.00        0.00  ? Host is idle
     SPN4VMWHSTP2010        0.00        0.00  ? Host is idle
     SPN4VMWHSTP2011        0.00        0.00  ? Host is idle
     root@apn4purstgp0101-ct1:~# puredrive list
Name       Type   Status   Capacity  Details
CH0.BAY0   SSD    healthy  1.86T     -
CH0.BAY1   SSD    healthy  1.86T     -
CH0.BAY2   SSD    healthy  1.86T     -
CH0.BAY3   SSD    healthy  1.86T     -
CH0.BAY4   SSD    healthy  1.86T     -
CH0.BAY5   SSD    healthy  1.86T     -
CH0.BAY6   SSD    healthy  1.86T     -
CH0.BAY7   SSD    healthy  1.86T     -
CH0.BAY8   SSD    healthy  1.86T     -
CH0.BAY9   SSD    healthy  1.86T     -
CH0.BAY10  SSD    healthy  1.86T     -
CH0.BAY11  SSD    healthy  1.86T     -
CH0.BAY12  SSD    healthy  1.86T     -
CH0.BAY13  SSD    healthy  1.86T     -
CH0.BAY14  SSD    healthy  1.86T     -
CH0.BAY15  SSD    healthy  1.86T     -
CH0.BAY16  SSD    healthy  1.86T     -
CH0.BAY17  SSD    healthy  1.86T     -
CH0.BAY18  SSD    healthy  1.86T     -
CH0.BAY19  SSD    healthy  1.86T     -
CH0.NVB0   NVRAM  healthy  7.00G     -
CH0.NVB1   NVRAM  healthy  7.00G     -
CH0.NVB2   NVRAM  unused   0.00      -
CH0.NVB3   NVRAM  unused   0.00      -
SH0.BAY0   SSD    healthy  893.34G   -
SH0.BAY1   SSD    healthy  893.34G   -
SH0.BAY2   SSD    healthy  893.34G   -
SH0.BAY3   SSD    healthy  893.34G   -
SH0.BAY4   SSD    healthy  893.34G   -
SH0.BAY5   SSD    healthy  893.34G   -
SH0.BAY6   SSD    healthy  893.34G   -
SH0.BAY7   SSD    healthy  893.34G   -
SH0.BAY8   SSD    healthy  893.34G   -
SH0.BAY9   SSD    healthy  893.34G   -
SH0.BAY10  SSD    healthy  893.34G   -
SH0.BAY11  SSD    healthy  893.34G   -
SH0.BAY12  SSD    healthy  1.74T     -
SH0.BAY13  SSD    healthy  1.74T     -
SH0.BAY14  SSD    healthy  1.74T     -
SH0.BAY15  SSD    healthy  1.74T     -
SH0.BAY16  SSD    healthy  1.74T     -
SH0.BAY17  SSD    healthy  1.74T     -
SH0.BAY18  SSD    healthy  1.74T     -
SH0.BAY19  SSD    healthy  1.74T     -
SH0.BAY20  SSD    healthy  1.74T     -
SH0.BAY21  SSD    healthy  1.74T     -
SH0.BAY22  SSD    healthy  1.74T     -
SH0.BAY23  SSD    healthy  1.74T     -
SH1.BAY0   SSD    healthy  3.49T     -
SH1.BAY1   SSD    healthy  3.49T     -
SH1.BAY2   SSD    healthy  3.49T     -
SH1.BAY3   SSD    healthy  3.49T     -
SH1.BAY4   SSD    healthy  3.49T     -
SH1.BAY5   SSD    healthy  3.49T     -
SH1.BAY6   SSD    healthy  3.49T     -
SH1.BAY7   SSD    healthy  3.49T     -
SH1.BAY8   SSD    healthy  3.49T     -
SH1.BAY9   SSD    healthy  3.49T     -
SH1.BAY10  SSD    healthy  3.49T     -
SH1.BAY11  SSD    healthy  3.49T     -
SH1.BAY12  SSD    healthy  1.74T     -
SH1.BAY13  SSD    healthy  1.74T     -
SH1.BAY14  SSD    healthy  1.74T     -
SH1.BAY15  SSD    healthy  1.74T     -
SH1.BAY16  SSD    healthy  1.74T     -
SH1.BAY17  SSD    healthy  1.74T     -
SH1.BAY18  SSD    healthy  1.74T     -
SH1.BAY19  SSD    healthy  1.74T     -
SH1.BAY20  SSD    healthy  1.74T     -
SH1.BAY21  SSD    healthy  1.74T     -
SH1.BAY22  SSD    healthy  1.74T     -
SH1.BAY23  SSD    healthy  1.74T     -
SH2.BAY0   SSD    healthy  952.91G   -
SH2.BAY1   SSD    healthy  952.91G   -
SH2.BAY2   SSD    healthy  952.91G   -
SH2.BAY3   SSD    healthy  952.91G   -
SH2.BAY4   SSD    healthy  952.91G   -
SH2.BAY5   SSD    healthy  952.91G   -
SH2.BAY6   SSD    healthy  952.91G   -
SH2.BAY7   SSD    healthy  952.91G   -
SH2.BAY8   SSD    healthy  952.91G   -
SH2.BAY9   SSD    healthy  952.91G   -
SH2.BAY10  SSD    healthy  952.91G   -
SH2.BAY11  SSD    healthy  952.91G   -
SH2.BAY12  -      unused   0.00      -
SH2.BAY13  -      unused   0.00      -
SH2.BAY14  -      unused   0.00      -
SH2.BAY15  -      unused   0.00      -
SH2.BAY16  -      unused   0.00      -
SH2.BAY17  -      unused   0.00      -
SH2.BAY18  -      unused   0.00      -
SH2.BAY19  -      unused   0.00      -
SH2.BAY20  -      unused   0.00      -
SH2.BAY21  -      unused   0.00      -
SH2.BAY22  -      unused   0.00      -
SH2.BAY23  -      unused   0.00      -
SH9.BAY0   SSD    healthy  1.92T     -
SH9.BAY1   SSD    healthy  1.92T     -
SH9.BAY2   SSD    healthy  1.92T     -
SH9.BAY3   SSD    healthy  1.92T     -
SH9.BAY4   SSD    healthy  1.92T     -
SH9.BAY5   SSD    healthy  1.92T     -
SH9.BAY6   SSD    healthy  1.92T     -
SH9.BAY7   SSD    healthy  1.92T     -
SH9.BAY8   SSD    healthy  1.92T     -
SH9.BAY9   SSD    healthy  1.92T     -
SH9.BAY10  SSD    healthy  1.92T     -
SH9.BAY11  SSD    healthy  1.92T     -
SH9.BAY12  SSD    healthy  1.92T     -
SH9.BAY13  SSD    healthy  1.92T     -
SH9.BAY14  -      unused   0.00      -
SH9.BAY15  -      unused   0.00      -
SH9.BAY16  -      unused   0.00      -
SH9.BAY17  -      unused   0.00      -
SH9.BAY18  -      unused   0.00      -
SH9.BAY19  -      unused   0.00      -
SH9.BAY20  -      unused   0.00      -
SH9.BAY21  -      unused   0.00      -
SH9.BAY22  -      unused   0.00      -
SH9.BAY23  -      unused   0.00      -
SH9.BAY24  -      unused   0.00      -
SH9.BAY25  -      unused   0.00      -
SH9.BAY26  -      unused   0.00      -
SH9.BAY27  -      unused   0.00      -
     root@apn4purstgp0101-ct1:~# purearray list --controller
Name     Type              Mode       Model     Version  Status  Internal Details
CT0      array_controller  primary    FA-X50R4  6.5.8    ready   
CT1      array_controller  secondary  FA-X50R3  6.5.8    ready   
SH9.SC0  shelf_controller  -          DFSC1     2.2.1    -       -
SH9.SC1  shelf_controller  -          DFSC1     2.2.1    -       -
     root@apn4purstgp0101-ct1:~# 
PCTFJ25120050 login: 
PCTFJ25120050 login: puresetup
Password: 
<fw_update_tool>
===================================================================
=                            NOTICE                               =
===================================================================
=                                                                 =
=    Firmware is currently being checked and/or updated           =
=    on this controller.                                          =
=                                                                 =
=    If updates are necessary they will be applied automatically, =
=    and one or more automatic reboots may occur as a result.     =
=    A completion notice will be provided when done.              =
=                                                                 =
=    DO NOT RESTART OR REMOVE POWER WHILE UPDATE IS IN PROGRESS   =
=                                                                 =
===================================================================
<fw_update_tool>

Tue Jul 22 22:52:58 2025
Welcome puresetup. This is Purity Version 6.5.5 on FlashArray PCTFJ25120050
http://www.purestorage.com/
puresetup@PCTFJ25120050:~$ mount /dev/sdb1 /mnt
puresetup@PCTFJ25120050:~$ cp /mnt/6.5.8/* .
puresetup@PCTFJ25120050:~$                                                                                
Broadcast message from root@PCTFJ25120050 (somewhere) (Tue Jul 22 22:54:36 2025
                                                                               
===================================================================            
=                   UPDATE AND/OR CHECK COMPLETE                  =            
=                                                                 =            
=    The firmware checks/updates on this system are now complete. =            
=    No further action is required, and the controller will       =            
=    continue running as usual                                    =            
=                                                                 =            
===================================================================            
                                                                               
                                                                               

puresetup@PCTFJ25120050:~$ pureinstall purity_6.5.8_202408090136+b967c2f84655.ppkg
Installing Purity on alternate partition labeled second.
Erasing Purity software image from alternate partition second to prepare for installation.
WARNING: Do not interrupt this process!!
Unpacking new Purity software.
................................................................................................................................................................................................................................................................................................................................................................................................................................................................................................................................................................................................................................................................................................................................................................................................................................................................................................................................................................................................................................................................................................................................................................................................................................................................................................
Verifying package...

Finalizing installation. This may take several minutes.
Executing /altroot/opt/purextras/bin/finish-install.sh
Executing /altroot/opt/purextras/bin/finish-install.azure-propagate.sh
Executing /altroot/opt/purextras/bin/finish-install.cbs.sh
Executing /altroot/opt/purextras/bin/finish-install.cdu-pureinstall-lib.sh
Executing /altroot/opt/purextras/bin/finish-install.fix-dpkg.sh
Purity installed.
Installation complete. The new Purity version will load at next reboot.

Important!
The first boot of a new Purity version may take longer if the new version includes controller firmware updates.
DO NOT REBOOT THE CONTROLLER DURING THE FIRMWARE UPDATE.

Refer to http://community.purestorage.com for more information about the Purity upgrade process and firmware updates.
puresetup@PCTFJ25120050:~$ pureboot reboot --offline
[Errno 111] Connection refused
 GNU GRUB  version 2.06

/----------------------------------------------------------------------------\||||||||||||||||||||||||||\----------------------------------------------------------------------------/     Use the ^ and v keys to select which entry is highlighted.          
      Press enter to boot the selected OS, `e' to edit the commands       
      before booting or `c' for a command-line.                             Purity 6.5.5 (202404130351+34e2b1e66ad3) with kernel 5.15.123+ (2024031915>
*Purity 6.5.8 (202408090136+b967c2f84655) with kernel 5.15.123+ (2024071402>
                                                                                                                                                                                                                                                                                                                                                                                                                                                                                                                                                                                                                                                                                                                                                                                                                                                                        The highlighted entry will be executed automatically in 3s.                    The highlighted entry will be executed automatically in 2s.                    The highlighted entry will be executed automatically in 1s.                    The highlighted entry will be executed automatically in 0s.                 
Purity

PCTFJ25120050 login: puresetup
Password: 
<fw_update_tool>
===================================================================
=                            NOTICE                               =
===================================================================
=                                                                 =
=    Firmware is currently being checked and/or updated           =
=    on this controller.                                          =
=                                                                 =
=    If updates are necessary they will be applied automatically, =
=    and one or more automatic reboots may occur as a result.     =
=    A completion notice will be provided when done.              =
=                                                                 =
=    DO NOT RESTART OR REMOVE POWER WHILE UPDATE IS IN PROGRESS   =
=                                                                 =
===================================================================
<fw_update_tool>
Last login: Tue Jul 22 22:52:58 UTC 2025 on ttyS0

Tue Jul 22 22:58:29 2025
Welcome puresetup. This is Purity Version 6.5.8 on FlashArray PCTFJ25120050
http://www.purestorage.com/
puresetup@PCTFJ25120050:~$ pureboot list
===================================================================
=                            NOTICE                               =
===================================================================
=                                                                 =
=    Firmware is currently being checked and/or updated           =
=    on this controller.                                          =
=                                                                 =
=    If updates are necessary they will be applied automatically, =
=    and one or more automatic reboots may occur as a result.     =
=    A completion notice will be provided when done.              =
=                                                                 =
=    DO NOT RESTART OR REMOVE POWER WHILE UPDATE IS IN PROGRESS   =
=                                                                 =
===================================================================


Marked entry (*) is currently running
Marked entry (-->) will run at next reboot
    0. Purity 6.5.5 (202404130351+34e2b1e66ad3) with kernel 5.15.123+ (202403191505+d9f0e688c788) on first (/dev/sda3)
*-->1. Purity 6.5.8 (202408090136+b967c2f84655) with kernel 5.15.123+ (202407140227+e4052619b975) on second (/dev/sda4)
puresetup@PCTFJ25120050:~$  GNU GRUB  version 2.06

/----------------------------------------------------------------------------\||||||||||||||||||||||||||\----------------------------------------------------------------------------/     Use the ^ and v keys to select which entry is highlighted.          
      Press enter to boot the selected OS, `e' to edit the commands       
      before booting or `c' for a command-line.                             Purity 6.5.5 (202404130351+34e2b1e66ad3) with kernel 5.15.123+ (2024031915>
*Purity 6.5.8 (202408090136+b967c2f84655) with kernel 5.15.123+ (2024071402>
                                                                                                                                                                                                                                                                                                                                                                                                                                                                                                                                                                                                                                                                                                                                                                                                                                                                        The highlighted entry will be executed automatically in 3s.                    The highlighted entry will be executed automatically in 2s.                    The highlighted entry will be executed automatically in 1s.                    The highlighted entry will be executed automatically in 0s.                 
Purity

PCTFJ25120050 login: puresetup
Password: 
<fw_update_tool>
===================================================================
=                            NOTICE                               =
===================================================================
=                                                                 =
=    Firmware is currently being checked and/or updated           =
=    on this controller.                                          =
=                                                                 =
=    If updates are necessary they will be applied automatically, =
=    and one or more automatic reboots may occur as a result.     =
=    A completion notice will be provided when done.              =
=                                                                 =
=    DO NOT RESTART OR REMOVE POWER WHILE UPDATE IS IN PROGRESS   =
=                                                                 =
===================================================================
<fw_update_tool>
Last login: Tue Jul 22 22:58:29 UTC 2025 on ttyS0

Tue Jul 22 23:08:16 2025
Welcome puresetup. This is Purity Version 6.5.8 on FlashArray PCTFJ25120050
http://www.purestorage.com/
puresetup@PCTFJ25120050:~$                                                                                
Broadcast message from root@PCTFJ25120050 (somewhere) (Tue Jul 22 23:08:50 2025
                                                                               
===================================================================            
=                   UPDATE AND/OR CHECK COMPLETE                  =            
=                                                                 =            
=    The firmware checks/updates on this system are now complete. =            
=    No further action is required, and the controller will       =            
=    continue running as usual                                    =            
=                                                                 =            
===================================================================            
                                                                               
                                                                               

puresetup@PCTFJ25120050:~$ puresetup replace --from-controller FA-X50R3 
##########################################
#   Welcome to the Purity Setup Wizard   #
##########################################
Controller hardware model is compatible with the controller purity version
[Errno 111] Connection refused
Local controller model is FA-X50R4.
Drive detected storage type is X.
FA-X50R3 found to be replaced by FA-X50R4 has storage type X.
Controller type supports multiple storage types, detecting type of storage installed...
Detected storage type X
Pre-existing storage type X was found on the device
Successfully configured storage type X for array controller
Check Cobalt NDU controllers.. OK
Check RDL..................... OK
Check shelf cabling........... OK
Check controller link......... OK
Check power supply............ OK
Check PCIE AER errors......... OK
Check io card pci id's........ OK
Check LOM MAC addresses....... OK
Getting local controller type. Local controller type is cobalt_sas_a.
Getting local controller variant. Not a generic controller, Exiting.
Checking peer controller for tunables

Apply PS_DEVICE_REKEY_FLUSH_MS = 0 # ES-74838
 (y/n):y
Apply PS_DEVICE_REKEY_FLUSH_MS = 0 # ES-74838
 (y/n): y
Tunable parameter set: PS_DEVICE_REKEY_FLUSH_MS=0

Apply ATOM_5177 = DEF # CLOUD-113977
 (y/n):y
Apply ATOM_5177 = DEF # CLOUD-113977
 (y/n): y
Tunable parameter set: ATOM_5177=DEF

Apply ATOM_SECURITY_BUNDLE_FA_2024_01_15 = PCTFL204800FF,PCTFL20480119,6.1.25 #
 (y/n):y
Apply ATOM_SECURITY_BUNDLE_FA_2024_01_15 = PCTFL204800FF,PCTFL20480119,6.1.25 #
 (y/n): y
Tunable parameter set: ATOM_SECURITY_BUNDLE_FA_2024_01_15=PCTFL204800FF,PCTFL20480119,6.1.25

Apply PS_FILEGW_SMB_HIDE_DOT_SNAPSHOT = 0 # Set during upgrade to 6.3.18 - CLOUD
 (y/n):y
Apply PS_FILEGW_SMB_HIDE_DOT_SNAPSHOT = 0 # Set during upgrade to 6.3.18 - CLOUD
 (y/n): y
Tunable parameter set: PS_FILEGW_SMB_HIDE_DOT_SNAPSHOT=0

Apply ATOM_10072 = GH # CLOUD-152371
 (y/n):y
Apply ATOM_10072 = GH # CLOUD-152371
 (y/n): y
Tunable parameter set: ATOM_10072=GH

Apply ATOM_SECURITY_PATCH_FA_2025_A = PCTFL204800FF,PCTFL20480119,6.5.8 # CLOUD-
 (y/n):y
Apply ATOM_SECURITY_PATCH_FA_2025_A = PCTFL204800FF,PCTFL20480119,6.5.8 # CLOUD-
 (y/n): y
Tunable parameter set: ATOM_SECURITY_PATCH_FA_2025_A=PCTFL204800FF,PCTFL20480119,6.5.8

Apply PS_DISABLE_ERADICATION = 1 # CS1004830
 (y/n):y
Apply PS_DISABLE_ERADICATION = 1 # CS1004830
 (y/n): y
Tunable parameter set: PS_DISABLE_ERADICATION=1
Stopping purity to ensure tunables are properly loaded.
Press ENTER to reboot
y 
Please run puresetup again after reboot.
[Errno 111] Connection refused
 GNU GRUB  version 2.06

/----------------------------------------------------------------------------\||||||||||||||||||||||||||\----------------------------------------------------------------------------/     Use the ^ and v keys to select which entry is highlighted.          
      Press enter to boot the selected OS, `e' to edit the commands       
      before booting or `c' for a command-line.                             Purity 6.5.5 (202404130351+34e2b1e66ad3) with kernel 5.15.123+ (2024031915>
*Purity 6.5.8 (202408090136+b967c2f84655) with kernel 5.15.123+ (2024071402>
                                                                                                                                                                                                                                                                                                                                                                                                                                                                                                                                                                                                                                                                                                                                                                                                                                                                        The highlighted entry will be executed automatically in 3s.                    The highlighted entry will be executed automatically in 2s.                    The highlighted entry will be executed automatically in 1s.                    The highlighted entry will be executed automatically in 0s.                 
Purity

PCTFJ25120050 login: pureseutp
Password: 

Login incorrect
PCTFJ25120050 login: puresetup
Password: 
<fw_update_tool>
===================================================================
=                            NOTICE                               =
===================================================================
=                                                                 =
=    Firmware is currently being checked and/or updated           =
=    on this controller.                                          =
=                                                                 =
=    If updates are necessary they will be applied automatically, =
=    and one or more automatic reboots may occur as a result.     =
=    A completion notice will be provided when done.              =
=                                                                 =
=    DO NOT RESTART OR REMOVE POWER WHILE UPDATE IS IN PROGRESS   =
=                                                                 =
===================================================================
<fw_update_tool>
Last login: Tue Jul 22 23:08:16 UTC 2025 on ttyS0

Tue Jul 22 23:13:51 2025
Welcome puresetup. This is Purity Version 6.5.8 on FlashArray PCTFJ25120050
http://www.purestorage.com/
puresetup@PCTFJ25120050:~$                                                                                
Broadcast message from root@PCTFJ25120050 (somewhere) (Tue Jul 22 23:14:07 2025
                                                                               
===================================================================            
=                   UPDATE AND/OR CHECK COMPLETE                  =            
=                                                                 =            
=    The firmware checks/updates on this system are now complete. =            
=    No further action is required, and the controller will       =            
=    continue running as usual                                    =            
=                                                                 =            
===================================================================            
                                                                               
                                                                               

puresetup@PCTFJ25120050:~$ puresetup replace --from-controller FA-X50R3
##########################################
#   Welcome to the Purity Setup Wizard   #
##########################################
Controller hardware model is compatible with the controller purity version
[Errno 111] Connection refused
Local controller model is FA-X50R4.
Drive detected storage type is X.
FA-X50R3 found to be replaced by FA-X50R4 has storage type X.
Controller type supports multiple storage types, detecting type of storage installed...
Detected storage type X
Pre-existing storage type X was found on the device
Successfully configured storage type X for array controller
Check Cobalt NDU controllers.. OK
Check RDL..................... OK
Check shelf cabling........... OK
Check controller link......... OK
Check power supply............ OK
Check PCIE AER errors......... OK
Check io card pci id's........ OK
Check LOM MAC addresses....... OK
Getting local controller type. Local controller type is cobalt_sas_a.
Getting local controller variant. Not a generic controller, Exiting.
Checking peer controller for tunables
purity.service stablized: done
purity start/running
platform: ..done
foed: .done
gui: ....done
rest: done
platform_env: 0.done
quorum: ..............done
foed_env: 1.1.1.1.1.1.1.1.1.1.1.1.1.1.1.1.1.1.1.1.1.1.1.1.1.1.1.1.1.1.1.1.1.1.1.1.1.1.1.1.1.1.1.1.1.0.done
foed_ready: done
remote_patch: done
driver: done
san: Skip waiting for san during HW NDU
[FA-X50R3.CT1.ETH1] does not need to be migrated since it has no configuration and is not a subinterface.
[FA-X50R3.CT1.ETH4] does not need to be migrated since it has no configuration and is not a subinterface.
[FA-X50R3.CT1.ETH5] does not need to be migrated since it has no configuration and is not a subinterface.
[FA-X50R3.CT1.ETH6] does not need to be migrated since it has no configuration and is not a subinterface.
[FA-X50R3.CT1.ETH7] does not need to be migrated since it has no configuration and is not a subinterface.
[FA-X50R3.CT1.ETH8] does not need to be migrated since it has no configuration and is not a subinterface.
[FA-X50R3.CT1.ETH9] does not need to be migrated since it has no configuration and is not a subinterface.
Please move ports as shown below:
[FA-X50R3.CT1.ETH0] ====>> [FA-X50R4.CT1.ETH4](Slot: LOM)
[FA-X50R3.CT1.ETH2] ====>> [FA-X50R4.CT1.ETH2](Slot: LOM)
Press Enter to show more lines...
[FA-X50R3.CT1.ETH3] ====>> [FA-X50R4.CT1.ETH3](Slot: LOM)
[FA-X50R3.CT1.FC0] ====>> [FA-X50R4.CT1.FC12](Slot:3)
[FA-X50R3.CT1.FC1] ====>> [FA-X50R4.CT1.FC13](Slot:3)
[FA-X50R3.CT1.FC2] ====>> [FA-X50R4.CT1.FC14](Slot:3)
[FA-X50R3.CT1.FC3] ====>> [FA-X50R4.CT1.FC15](Slot:3)

After the cables have been moved, type "CONTINUE": continue
Configuring network ports...
Perform ping test on port ETH4 ....... OK
Checking SAN connectivity.SAN is not ready. Please contact Pure Storage Support.
CONFIG_TASK_COMPLETED:CONFIG_TASK_PURESETUP_EXITED
puresetup@PCTFJ25120050:~$                                                                                
Broadcast message from root@apn4purstgp0101-ct1 (somewhere) (Tue Jul 22 23:19:1
                                                                               
                                                                               
Purity//FA Information System Status                                           
====================================                                           
Purity//FA has successfully started for                                        
the first time after an install                                                
or upgrade. Purity//FA 6.5.8 (202408090136+b967c2f84655-65x)                   
is now set to be the default.                                                  
                                                                               

puresetup@PCTFJ25120050:~$ fcpureportlist=`pureport list --initiator | awk '/Target/,0' | cut -d. -f1 | awk '{print $1,$5}' | grep -v '-' | grep -v "Initiator" | uniq -c; echo`; fcpureportlistcount=`echo "$fcpureportlist" | awk '{total += $1} END {print total}'`; echo -e "$fcpureportlist\n\n"; echo -e "\tTotal FC connections: $fcpureportlistcount\n\n";
      1 10:00:1C:98:EC:09:FB:2E CT0
      1 10:00:1C:98:EC:09:FB:2F CT0
      1 10:00:94:57:A5:A7:C7:81 CT0
      1 10:00:94:57:A5:A8:23:39 CT0
      1 10:00:D0:67:26:06:1B:A1 CT0
      1 10:00:D0:67:26:06:1B:A9 CT0
      1 10:00:D0:67:26:06:5B:01 CT0
      1 10:00:D0:67:26:06:5B:09 CT0
      1 10:00:D0:67:26:06:5B:91 CT0
      1 10:00:D0:67:26:06:5B:99 CT0
      1 10:00:D0:67:26:06:AB:B1 CT0
      1 10:00:D0:67:26:06:AB:B9 CT0
      1 10:00:D0:67:26:06:BF:21 CT0
      1 10:00:D0:67:26:06:BF:29 CT0
      1 10:00:D0:67:26:06:FB:41 CT0
      1 10:00:D0:67:26:06:FB:49 CT0
      1 10:00:EC:EB:B8:81:20:81 CT0
      1 10:00:EC:EB:B8:81:20:89 CT0
      1 10:00:EC:EB:B8:81:20:B1 CT0
      1 10:00:EC:EB:B8:81:20:B9 CT0
      1 10:00:EC:EB:B8:81:30:01 CT0
      1 10:00:EC:EB:B8:81:30:09 CT0
      1 10:00:EC:EB:B8:81:40:B1 CT0
      1 10:00:EC:EB:B8:81:40:B9 CT0
      1 10:00:EC:EB:B8:81:50:E1 CT0
      1 10:00:EC:EB:B8:81:50:E9 CT0
      1 10:00:EC:EB:B8:83:D6:91 CT0
      1 10:00:EC:EB:B8:83:D6:99 CT0


Total FC connections: 28


puresetup@PCTFJ25120050:~$ fcpureportlist=`pureport list --initiator | awk '/Target/,0' | cut -d. -f1 | awk '{print $1,$5}' | grep -v '-' | grep -v "Initiator" | uniq -c; echo`; fcpureportlistcount=`echo "$fcpureportlist" | awk '{total += $1} END {print total}'`; echo -e "$fcpureportlist\n\n"; echo -e "\tTotal FC connections: $fcpureportlistcount\n\n";puresetup replace --from-controller FA-X50R3




##########################################
#   Welcome to the Purity Setup Wizard   #
##########################################
Controller hardware model is compatible with the controller purity version
Name       Created                  Expires
puresetup  2025-07-22 23:19:36 UTC  2025-07-23 00:19:36 UTC
Local controller model is FA-X50R4.
Drive detected storage type is X.
FA-X50R3 found to be replaced by FA-X50R4 has storage type X.
Controller type supports multiple storage types, detecting type of storage installed...
Detected storage type X
Pre-existing storage type X was found on the device
Successfully configured storage type X for array controller
Check Cobalt NDU controllers.. OK
Check RDL..................... OK
Check shelf cabling........... OK
Check controller link......... OK
Check power supply............ OK
Check PCIE AER errors......... OK
Check io card pci id's........ OK
Check LOM MAC addresses....... OK
Getting local controller type. Local controller type is cobalt_sas_a.
Getting local controller variant. Not a generic controller, Exiting.
Checking peer controller for tunables
purity.service stablized: done
platform: done
foed: done
gui: done
rest: done
platform_env: 0.done
quorum: done
foed_env: 0.done
foed_ready: done
remote_patch: done
driver: done
san: done
health: done
lio-drv: done
middleware-db: done
middleware: done
vasa: done
Pure Storage is online.

No HW NDU detected, Running in non-HW-NDU mode.

Waiting for Software Check:.Checking iobalance before proceeding, sampling for 30 seconds, retrying 1 times, adding 30 seconds with each retry
Try 1/2: Sampling I/O for 30 seconds
^C
Exit without saving changes.
CONFIG_TASK_COMPLETED:CONFIG_TASK_PURESETUP_EXITED
puresetup@PCTFJ25120050:~$ fcpureportlist=`pureport list --initiator | awk '/Target/,0' | cut -d. -f1 | awk '{print $1,$5}' | grep -v '-' | grep -v "Initiator" | uniq -c; echo`; fcpureportlistcount=`echo "$fcpureportlist" | awk '{total += $1} END {print total}'`; echo -e "$fcpureportlist\n\n"; echo -e "\tTotal FC connections: $fcpureportlistcount\n\n";
      1 10:00:1C:98:EC:09:FB:2E CT0
      1 10:00:1C:98:EC:09:FB:2E CT1
      1 10:00:1C:98:EC:09:FB:2F CT0
      1 10:00:1C:98:EC:09:FB:2F CT1
      1 10:00:94:57:A5:A7:C7:81 CT0
      1 10:00:94:57:A5:A7:C7:81 CT1
      1 10:00:94:57:A5:A8:23:39 CT0
      1 10:00:94:57:A5:A8:23:39 CT1
      1 10:00:D0:67:26:06:1B:A1 CT0
      1 10:00:D0:67:26:06:1B:A1 CT1
      1 10:00:D0:67:26:06:1B:A9 CT0
      1 10:00:D0:67:26:06:1B:A9 CT1
      1 10:00:D0:67:26:06:5B:01 CT0
      1 10:00:D0:67:26:06:5B:01 CT1
      1 10:00:D0:67:26:06:5B:09 CT0
      1 10:00:D0:67:26:06:5B:09 CT1
      1 10:00:D0:67:26:06:5B:91 CT0
      1 10:00:D0:67:26:06:5B:91 CT1
      1 10:00:D0:67:26:06:5B:99 CT0
      1 10:00:D0:67:26:06:5B:99 CT1
      1 10:00:D0:67:26:06:AB:B1 CT0
      1 10:00:D0:67:26:06:AB:B1 CT1
      1 10:00:D0:67:26:06:AB:B9 CT0
      1 10:00:D0:67:26:06:AB:B9 CT1
      1 10:00:D0:67:26:06:BF:21 CT0
      1 10:00:D0:67:26:06:BF:21 CT1
      1 10:00:D0:67:26:06:BF:29 CT0
      1 10:00:D0:67:26:06:BF:29 CT1
      1 10:00:D0:67:26:06:FB:41 CT0
      1 10:00:D0:67:26:06:FB:41 CT1
      1 10:00:D0:67:26:06:FB:49 CT0
      1 10:00:D0:67:26:06:FB:49 CT1
      1 10:00:EC:EB:B8:81:20:81 CT0
      1 10:00:EC:EB:B8:81:20:81 CT1
      1 10:00:EC:EB:B8:81:20:89 CT0
      1 10:00:EC:EB:B8:81:20:89 CT1
      1 10:00:EC:EB:B8:81:20:B1 CT0
      1 10:00:EC:EB:B8:81:20:B1 CT1
      1 10:00:EC:EB:B8:81:20:B9 CT0
      1 10:00:EC:EB:B8:81:20:B9 CT1
      1 10:00:EC:EB:B8:81:30:01 CT0
      1 10:00:EC:EB:B8:81:30:01 CT1
      1 10:00:EC:EB:B8:81:30:09 CT0
      1 10:00:EC:EB:B8:81:30:09 CT1
      1 10:00:EC:EB:B8:81:40:B1 CT0
      1 10:00:EC:EB:B8:81:40:B1 CT1
      1 10:00:EC:EB:B8:81:40:B9 CT0
      1 10:00:EC:EB:B8:81:40:B9 CT1
      1 10:00:EC:EB:B8:81:50:E1 CT0
      1 10:00:EC:EB:B8:81:50:E1 CT1
      1 10:00:EC:EB:B8:81:50:E9 CT0
      1 10:00:EC:EB:B8:81:50:E9 CT1
      1 10:00:EC:EB:B8:83:D6:91 CT0
      1 10:00:EC:EB:B8:83:D6:91 CT1
      1 10:00:EC:EB:B8:83:D6:99 CT0
      1 10:00:EC:EB:B8:83:D6:99 CT1


Total FC connections: 56


puresetup@PCTFJ25120050:~$ puresetup timezone
##########################################
#   Welcome to the Purity Setup Wizard   #
##########################################
Name       Created                  Expires
puresetup  2025-07-22 23:20:52 UTC  2025-07-23 00:20:52 UTC
Changing the time zone will require a reboot on this controller.
Current time zone: Etc/UTC
Change time zone [requires reboot] (y/n):yChange time zone [requires reboot] (y/n): y
Configuring tzdata
------------------

Please select the geographic area in which you live. Subsequent configuration 
questions will narrow this down by presenting a list of cities, representing the
time zones in which they are located.

  1. Africa      4. Australia     7. Atlantic Ocean  10. Pacific Ocean
  2. America     5. Arctic Ocean  8. Europe          11. US
  3. Antarctica  6. Asia          9. Indian Ocean    12. None of the above

Geographic area: 2


Please select the city or region corresponding to your time zone.

  1. Adak                       80. Juneau
  2. Anchorage                  81. Louisville (Kentucky)
  3. Anguilla                   82. Monticello (Kentucky)
  4. Antigua                    83. Kralendijk
  5. Araguaina                  84. La Paz
  6. Buenos Aires (Argentina)   85. Lima
  7. Catamarca (Argentina)      86. Los Angeles
  8. Cordoba (Argentina)        87. Lower Princes
  9. Jujuy (Argentina)          88. Maceio
  10. La Rioja (Argentina)      89. Managua
  11. Mendoza (Argentina)       90. Manaus
  12. Rio Gallegos (Argentina)  91. Marigot
  13. Salta (Argentina)         92. Martinique
  14. San Juan (Argentina)      93. Matamoros
  15. San Luis (Argentina)      94. Mazatlan
  16. Tucuman (Argentina)       95. Menominee
  17. Ushuaia (Argentina)       96. Merida
  18. Aruba                     97. Metlakatla
[More] 

  19. Asuncion                  98. Mexico City
  20. Atikokan                  99. Miquelon
  21. Atka                      100. Moncton
  22. Bahia                     101. Monterrey
  23. Bahia Banderas            102. Montevideo
  24. Barbados                  103. Montreal
  25. Belem                     104. Montserrat
  26. Belize                    105. Nassau
  27. Blanc-Sablon              106. New York
  28. Boa Vista                 107. Nipigon
  29. Bogota                    108. Nome
  30. Boise                     109. Fernando de Noronha
  31. Cambridge Bay             110. Beulah (North Dakota)
  32. Campo Grande              111. Center (North Dakota)
  33. Cancun                    112. New Salem (North Dakota)
  34. Caracas                   113. Nuuk
  35. Cayenne                   114. Ojinaga
  36. Cayman                    115. Panama
  37. Chicago                   116. Pangnirtung
  38. Chihuahua                 117. Paramaribo
  39. Ciudad_Juarez             118. Phoenix
  40. Coral Harbour             119. Port-au-Prince
[More] 

  41. Costa Rica                120. Port of Spain
  42. Creston                   121. Porto Acre
  43. Cuiaba                    122. Porto Velho
  44. Curaçao                  123. Puerto Rico
  45. Danmarkshavn              124. Punta Arenas
  46. Dawson                    125. Rainy River
  47. Dawson Creek              126. Rankin Inlet
  48. Denver                    127. Recife
  49. Detroit                   128. Regina
  50. Dominica                  129. Resolute
  51. Edmonton                  130. Rio Branco
  52. Eirunepe                  131. Santa Isabel
  53. El Salvador               132. Santarém
  54. Ensenada                  133. Santiago
  55. Fort Nelson               134. Santo Domingo
  56. Fortaleza                 135. São Paulo
  57. Glace Bay                 136. Scoresbysund
  58. Godthab                   137. Shiprock
  59. Goose Bay                 138. Sitka
  60. Grand Turk                139. St Barthelemy
  61. Grenada                   140. St Johns
  62. Guadeloupe                141. St Kitts
[More] 

  63. Guatemala                 142. St Lucia
  64. Guayaquil                 143. St Thomas
  65. Guyana                    144. St Vincent
  66. Halifax                   145. Swift Current
  67. Havana                    146. Tegucigalpa
  68. Hermosillo                147. Thule
  69. Indianapolis (Indiana)    148. Thunder Bay
  70. Knox (Indiana)            149. Tijuana
  71. Marengo (Indiana)         150. Toronto
  72. Petersburg (Indiana)      151. Tortola
  73. Tell City (Indiana)       152. Vancouver
  74. Vevay (Indiana)           153. Virgin
  75. Vincennes (Indiana)       154. Whitehorse
  76. Winamac (Indiana)         155. Winnipeg
  77. Inuvik                    156. Yakutat
  78. Iqaluit                   157. Yellowknife
  79. Jamaica

Time zone: 106



Current default time zone: 'America/New_York'
Local time is now:      Tue Jul 22 19:20:58 EDT 2025.
Universal Time is now:  Tue Jul 22 23:20:58 UTC 2025.

'/cache/timezone/localtime' -> '/usr/share/zoneinfo/America/New_York'
Confirm time zone change from Etc/UTC to America/New_York
(y/N):y(y/N): y
Press ENTER to reboot

This controller will be online after reboot.
CONFIG_TASK_COMPLETED:CONFIG_TASK_PURESETUP_EXITED
puresetup@PCTFJ25120050:~$  GNU GRUB  version 2.06

/----------------------------------------------------------------------------\||||||||||||||||||||||||||\----------------------------------------------------------------------------/     Use the ^ and v keys to select which entry is highlighted.          
      Press enter to boot the selected OS, `e' to edit the commands       
      before booting or `c' for a command-line.                            *Purity 6.5.8 (202408090136+b967c2f84655) with kernel 5.15.123+ (2024071402>
 Purity 6.5.5 (202404130351+34e2b1e66ad3) with kernel 5.15.123+ (2024031915>
                                                                                                                                                                                                                                                                                                                                                                                                                                                                                                                                                                                                                                                                                                                                                                                                                                                                        The highlighted entry will be executed automatically in 3s.                    The highlighted entry will be executed automatically in 2s.                    The highlighted entry will be executed automatically in 1s.                    The highlighted entry will be executed automatically in 0s.                 
WARNING! You agree that, by accessing this system, your actions may be monitored.

Unauthorized access to this system is forbidden and will be prosecuted to the fullest 

extent of the law, in the jurisdiction of Hamilton County, Ohio, United States of 

America.
apn4purstgp0101-ct1 login: pureeng
1) Authenticate via CloudAssist
2) Authenticate via command line
3) Restore challenge
Type the number corresponding to the authentication method you want to use.

Selection: 1

An email for identity verification will be sent once email is entered.
Please follow the authentication instructions provided there and return to this screen when finished or if email has not been received.


Enter an email address: fharris@purestorage.com
Successfully authenticated

Tue Jul 22 19:25:48 2025
Welcome pureeng. This is Purity Version 6.5.8 on FlashArray apn4purstgp0101
http://www.purestorage.com/
pureeng@apn4purstgp0101-ct1:~$ fcpureportlist=`pureport list --initiator | awk '/Target/,0' | cut -d. -f1 | awk '{print $1,$5}' | grep -v '-' | grep -v "Initiator" | uniq -c; echo`; fcpureportlistcount=`echo "$fcpureportlist" | awk '{total += $1} END {print total}'`; echo -e "$fcpureportlist\n\n"; echo -e "\tTotal FC connections: $fcpureportlistcount\n\n";
      1 10:00:1C:98:EC:09:FB:2E CT0
      1 10:00:1C:98:EC:09:FB:2E CT1
      1 10:00:1C:98:EC:09:FB:2F CT0
      1 10:00:1C:98:EC:09:FB:2F CT1
      1 10:00:94:57:A5:A7:C7:81 CT0
      1 10:00:94:57:A5:A7:C7:81 CT1
      1 10:00:94:57:A5:A8:23:39 CT0
      1 10:00:94:57:A5:A8:23:39 CT1
      1 10:00:D0:67:26:06:1B:A1 CT0
      1 10:00:D0:67:26:06:1B:A1 CT1
      1 10:00:D0:67:26:06:1B:A9 CT0
      1 10:00:D0:67:26:06:1B:A9 CT1
      1 10:00:D0:67:26:06:5B:01 CT0
      1 10:00:D0:67:26:06:5B:01 CT1
      1 10:00:D0:67:26:06:5B:09 CT0
      1 10:00:D0:67:26:06:5B:09 CT1
      1 10:00:D0:67:26:06:5B:91 CT0
      1 10:00:D0:67:26:06:5B:91 CT1
      1 10:00:D0:67:26:06:5B:99 CT0
      1 10:00:D0:67:26:06:5B:99 CT1
      1 10:00:D0:67:26:06:AB:B1 CT0
      1 10:00:D0:67:26:06:AB:B1 CT1
      1 10:00:D0:67:26:06:AB:B9 CT0
      1 10:00:D0:67:26:06:AB:B9 CT1
      1 10:00:D0:67:26:06:BF:21 CT0
      1 10:00:D0:67:26:06:BF:21 CT1
      1 10:00:D0:67:26:06:BF:29 CT0
      1 10:00:D0:67:26:06:BF:29 CT1
      1 10:00:D0:67:26:06:FB:41 CT0
      1 10:00:D0:67:26:06:FB:41 CT1
      1 10:00:D0:67:26:06:FB:49 CT0
      1 10:00:D0:67:26:06:FB:49 CT1
      1 10:00:EC:EB:B8:81:20:81 CT0
      1 10:00:EC:EB:B8:81:20:81 CT1
      1 10:00:EC:EB:B8:81:20:89 CT0
      1 10:00:EC:EB:B8:81:20:89 CT1
      1 10:00:EC:EB:B8:81:20:B1 CT0
      1 10:00:EC:EB:B8:81:20:B1 CT1
      1 10:00:EC:EB:B8:81:20:B9 CT0
      1 10:00:EC:EB:B8:81:20:B9 CT1
      1 10:00:EC:EB:B8:81:30:01 CT0
      1 10:00:EC:EB:B8:81:30:01 CT1
      1 10:00:EC:EB:B8:81:30:09 CT0
      1 10:00:EC:EB:B8:81:30:09 CT1
      1 10:00:EC:EB:B8:81:40:B1 CT0
      1 10:00:EC:EB:B8:81:40:B1 CT1
      1 10:00:EC:EB:B8:81:40:B9 CT0
      1 10:00:EC:EB:B8:81:40:B9 CT1
      1 10:00:EC:EB:B8:81:50:E1 CT0
      1 10:00:EC:EB:B8:81:50:E1 CT1
      1 10:00:EC:EB:B8:81:50:E9 CT0
      1 10:00:EC:EB:B8:81:50:E9 CT1
      1 10:00:EC:EB:B8:83:D6:91 CT0
      1 10:00:EC:EB:B8:83:D6:91 CT1
      1 10:00:EC:EB:B8:83:D6:99 CT0
      1 10:00:EC:EB:B8:83:D6:99 CT1


Total FC connections: 56


pureeng@apn4purstgp0101-ct1:~$ iobalance --saqmplempletime 10
sampling host I/O for 10 seconds...
                Host  CT0 I/O Count  CT1 I/O Count  
  SPC1HDGDBSP0201-DR        2.00        0.00  ! no I/O to CT1
  SPC1NETDBSP0401-DR       12.00        0.00  ! no I/O to CT1
     SPN4NICSQLP0101        0.00        0.00  ? Host is idle
     SPN4VMWHSTP0109      48.85K      40.70K  
     SPN4VMWHSTP0110       3.64K      19.89K  ! unbalanced I/O
     SPN4VMWHSTP2001       90.00       62.00  
     SPN4VMWHSTP2002       49.00       44.00  
     SPN4VMWHSTP2003        0.00        0.00  ? Host is idle
     SPN4VMWHSTP2004        0.00        0.00  ? Host is idle
     SPN4VMWHSTP2005        0.00        0.00  ? Host is idle
     SPN4VMWHSTP2006        0.00        0.00  ? Host is idle
     SPN4VMWHSTP2007        0.00        0.00  ? Host is idle
     SPN4VMWHSTP2008        0.00        0.00  ? Host is idle
     SPN4VMWHSTP2010        0.00        0.00  ? Host is idle
     SPN4VMWHSTP2011        0.00        0.00  ? Host is idle
pureeng@apn4purstgp0101-ct1:~$ sudo su
     root@apn4purstgp0101-ct1:/var/home/pureeng# purenetwork list
Name      Enabled  Speed       Services
CT0.FC12  True     32.00 Gb/s  scsi-fc
CT0.FC13  True     32.00 Gb/s  scsi-fc
CT0.FC14  True     32.00 Gb/s  scsi-fc
CT0.FC15  True     32.00 Gb/s  scsi-fc
CT1.FC12  True     32.00 Gb/s  scsi-fc
CT1.FC13  True     32.00 Gb/s  scsi-fc
CT1.FC14  True     32.00 Gb/s  scsi-fc
CT1.FC15  True     32.00 Gb/s  scsi-fc
ct0.eth4  True     1.00 Gb/s   management
ct0.eth5  False    1.00 Gb/s   management
ct1.eth4  True     1.00 Gb/s   management
ct1.eth5  False    1.00 Gb/s   management
replbond  True     25.00 Gb/s  replication
vir4      True     1.00 Gb/s   management
vir5      False    1.00 Gb/s   management
     root@apn4purstgp0101-ct1:/var/home/pureeng# purearray list --controleler
Name     Type              Mode       Model     Version  Status  Internal Details
CT0      array_controller  primary    FA-X50R4  6.5.8    ready   
CT1      array_controller  secondary  FA-X50R4  6.5.8    ready   
SH9.SC0  shelf_controller  -          DFSC1     2.2.1    -       -
SH9.SC1  shelf_controller  -          DFSC1     2.2.1    -       -
     root@apn4purstgp0101-ct1:/var/home/pureeng# puremehw list
Name          Status         Identify  Slot  Index  Speed       Temperature  Voltage  Details
CH0           ok             off       -     0      -           -            -        -
CH0.BAY0      ok             off       -     0      -           -            -        -
CH0.BAY1      ok             off       -     1      -           -            -        -
CH0.BAY2      ok             off       -     2      -           -            -        -
CH0.BAY3      ok             off       -     3      -           -            -        -
CH0.BAY4      ok             off       -     4      -           -            -        -
CH0.BAY5      ok             off       -     5      -           -            -        -
CH0.BAY6      ok             off       -     6      -           -            -        -
CH0.BAY7      ok             off       -     7      -           -            -        -
CH0.BAY8      ok             off       -     8      -           -            -        -
CH0.BAY9      ok             off       -     9      -           -            -        -
CH0.BAY10     ok             off       -     10     -           -            -        -
CH0.BAY11     ok             off       -     11     -           -            -        -
CH0.BAY12     ok             off       -     12     -           -            -        -
CH0.BAY13     ok             off       -     13     -           -            -        -
CH0.BAY14     ok             off       -     14     -           -            -        -
CH0.BAY15     ok             off       -     15     -           -            -        -
CH0.BAY16     ok             off       -     16     -           -            -        -
CH0.BAY17     ok             off       -     17     -           -            -        -
CH0.BAY18     ok             off       -     18     -           -            -        -
CH0.BAY19     ok             off       -     19     -           -            -        -
CH0.NVB0      ok             off       -     0      -           -            -        -
CH0.NVB1      ok             off       -     1      -           -            -        -
CH0.NVB2      not_installed  off       -     2      -           -            -        -
CH0.NVB3      not_installed  off       -     3      -           -            -        -
CH0.PWR0      ok             -         -     0      -           -            205 V    -
CH0.PWR1      ok             -         -     1      -           -            206 V    -
CH0.TMP0      ok             -         -     0      -           24 C         -        -
CT0           ok             off       -     0      -           -            -        -
CT0.ETH0      ok             -         -     0      50.00 Gb/s  -            -        -
CT0.ETH1      ok             -         -     1      50.00 Gb/s  -            -        -
CT0.ETH2      ok             -         -     2      10.00 Gb/s  -            -        -
CT0.ETH3      ok             -         -     3      10.00 Gb/s  -            -        -
CT0.ETH4      ok             -         -     4      1.00 Gb/s   -            -        -
CT0.ETH5      ok             -         -     5      0.00 b/s    -            -        -
CT0.FAN0      ok             -         -     0      -           -            -        -
CT0.FAN1      ok             -         -     1      -           -            -        -
CT0.FAN2      ok             -         -     2      -           -            -        -
CT0.FAN3      ok             -         -     3      -           -            -        -
CT0.FAN4      ok             -         -     4      -           -            -        -
CT0.FAN5      ok             -         -     5      -           -            -        -
CT0.FC12      ok             -         3     12     16.00 Gb/s  -            -        -
CT0.FC13      ok             -         3     13     0.00 b/s    -            -        -
CT0.FC14      ok             -         3     14     16.00 Gb/s  -            -        -
CT0.FC15      ok             -         3     15     0.00 b/s    -            -        -
CT0.SAS4      ok             -         1     4      48.00 Gb/s  -            -        -
CT0.SAS5      ok             -         1     5      48.00 Gb/s  -            -        -
CT0.SAS6      ok             -         1     6      48.00 Gb/s  -            -        -
CT0.SAS7      ok             -         1     7      48.00 Gb/s  -            -        -
CT0.TMP0      ok             -         -     0      -           41 C         -        -
CT0.TMP1      ok             -         -     1      -           44 C         -        -
CT0.TMP2      ok             -         -     2      -           65 C         -        -
CT0.TMP3      ok             -         -     3      -           68 C         -        -
CT0.TMP4      ok             -         -     4      -           50 C         -        -
CT0.TMP5      ok             -         -     5      -           50 C         -        -
CT0.TMP6      ok             -         -     6      -           31 C         -        -
CT0.TMP7      ok             -         -     7      -           30 C         -        -
CT0.TMP8      ok             -         -     8      -           59 C         -        -
CT0.TMP9      ok             -         -     9      -           44 C         -        -
CT0.TMP11     ok             -         -     11     -           43 C         -        -
CT0.TMP12     ok             -         -     12     -           41 C         -        -
CT0.TMP13     ok             -         -     13     -           45 C         -        -
CT0.TMP14     ok             -         -     14     -           44 C         -        -
CT0.TMP15     ok             -         -     15     -           43 C         -        -
CT0.TMP17     ok             -         -     17     -           46 C         -        -
CT0.TMP19     ok             -         -     19     -           45 C         -        -
CT0.TMP20     ok             -         -     20     -           45 C         -        -
CT0.TMP21     ok             -         -     21     -           50 C         -        -
CT0.TMP22     ok             -         -     22     -           49 C         -        -
CT0.TMP23     ok             -         -     23     -           47 C         -        -
CT1           ok             off       -     1      -           -            -        -
CT1.ETH0      ok             -         -     0      50.00 Gb/s  -            -        -
CT1.ETH1      ok             -         -     1      50.00 Gb/s  -            -        -
CT1.ETH2      ok             -         -     2      10.00 Gb/s  -            -        -
CT1.ETH3      ok             -         -     3      10.00 Gb/s  -            -        -
CT1.ETH4      ok             -         -     4      1.00 Gb/s   -            -        -
CT1.ETH5      ok             -         -     5      0.00 b/s    -            -        -
CT1.FAN0      ok             -         -     0      -           -            -        -
CT1.FAN1      ok             -         -     1      -           -            -        -
CT1.FAN2      ok             -         -     2      -           -            -        -
CT1.FAN3      ok             -         -     3      -           -            -        -
CT1.FAN4      ok             -         -     4      -           -            -        -
CT1.FAN5      ok             -         -     5      -           -            -        -
CT1.FC12      ok             -         3     12     16.00 Gb/s  -            -        -
CT1.FC13      ok             -         3     13     0.00 b/s    -            -        -
CT1.FC14      ok             -         3     14     16.00 Gb/s  -            -        -
CT1.FC15      ok             -         3     15     0.00 b/s    -            -        -
CT1.SAS4      ok             -         1     4      48.00 Gb/s  -            -        -
CT1.SAS5      ok             -         1     5      48.00 Gb/s  -            -        -
CT1.SAS6      ok             -         1     6      48.00 Gb/s  -            -        -
CT1.SAS7      ok             -         1     7      48.00 Gb/s  -            -        -
CT1.TMP0      ok             -         -     0      -           42 C         -        -
CT1.TMP1      ok             -         -     1      -           42 C         -        -
CT1.TMP2      ok             -         -     2      -           58 C         -        -
CT1.TMP3      ok             -         -     3      -           54 C         -        -
CT1.TMP4      ok               off       -     12     -           -            -        -
SH0.BAY13     ok             off       -     13     -           -            -        -
SH0.BAY14     ok             off       -     14     -           -            -        -
SH0.BAY15     ok             off       -     15     -           -            -        -
SH0.BAY16     ok             off       -     16     -           -            -        -
SH0.BAY17     ok             off       -     17     -           -            -        -
SH0.BAY18     ok             off       -     18     -           -            -        -
SH0.BAY19     ok             off       -     19     -           -            -        -
SH0.BAY20     ok             off       -     20     -           -            -        -
SH0.BAY21     ok             off       -     21     -           -            -        -
SH0.BAY22     ok             off       -     22     -           -            -        -
SH0.BAY23     ok             off       -     23     -           -            -        -
SH0.FAN0      ok             -         -     0      -           -            -        -
SH0.FAN1      ok             -         -     1      -           -            -        -
SH0.FAN2      ok             -         -     2      -           -            -        -
SH0.FAN3      ok             -         -     3      -           -            -        -
SH0.IOM0      ok             off       0     0      -           -            -        -
SH0.IOM1      ok             off       1     1      -           -            -        -
SH0.PWR0      ok             -         -     0      -           -            -        -
SH0.PWR1      ok             -         -     1      -           -            -        -
SH0.SAS0      ok             -         0     0      48.00 Gb/s  -            -        -
SH0.SAS1      ok             -         0     1      48.00 Gb/s  -            -        -
SH0.SAS2      ok             -         0     2      48.00 Gb/s  -            -        -
SH0.SAS3      ok             -         1     3      48.00 Gb/s  -            -        -
SH0.SAS4      ok             -         1     4      48.00 Gb/s  -            -        -
SH0.SAS5      ok             -         1     5      48.00 Gb/s  -            -        -
SH0.TMP0      ok             -         -     0      -           22 C         -        -
SH0.TMP1      ok             -         -     1      -           26 C         -        -
SH0.TMP2      ok             -         -     2      -           27 C         -        -
SH0.TMP3      ok             -         -     3      -           32 C         -        -
SH0.TMP4      ok             -         -     4      -           28 C         -        -
SH0.TMP5      ok             -         -     5      -           32 C         -        -
SH0.TMP6      ok             -         -     6      -           37 C         -        -
SH0.TMP7      ok             -         -     7      -           32 C         -        -
SH1           ok             off       -     1      -           -            -        -
SH1.BAY0      ok             off       -     0      -           -            -        -
SH1.BAY1      ok             off       -     1      -           -            -        -
SH1.BAY2      ok             off       -     2      -           -            -        -
SH1.BAY3      ok             off       -     3      -           -            -        -
SH1.BAY4      ok             off       -     4      -           -            -        -
SH1.BAY5      ok             off       -     5      -           -            -        -
SH1.BAY6      ok             off       -     6      -           -            -        -
SH1.BAY7      ok             off       -     7      -           -            -        -
SH1.BAY8      ok             off       -     8      -           -            -        -
SH1.BAY9      ok             off       -     9      -           -            -        -
SH1.BAY10     ok             off       -     10     -           -            -        -
SH1.BAY11     ok             off       -     11     -           -            -        -
SH1.BAY12     ok             off       -     12     -           -            -        -
SH1.BAY13     ok             off       -     13     -           -            -        -
SH1.BAY14     ok             off       -     14     -           -            -        -
SH1.BAY15     ok             off       -     15     -           -            -        -
SH1.BAY16     ok             off       -     16     -           -            -        -
SH1.BAY17     ok             off       -     17     -           -            -        -
SH1.BAY18     ok             off       -     18     -           -            -        -
SH1.BAY19     ok             off       -     19     -           -            -        -
SH1.BAY20     ok             off       -     20     -           -            -        -
SH1.BAY21     ok             off       -     21     -           -            -        -
SH1.BAY22     ok             off       -     22     -           -            -        -
SH1.BAY23     ok             off       -     23     -           -            -        -
SH1.FAN0      ok             -         -     0      -           -            -        -
SH1.FAN1      ok             -         -     1      -           -            -        -
SH1.FAN2      ok             -         -     2      -           -            -        -
SH1.FAN3      ok             -         -     3      -           -            -        -
SH1.IOM0      ok             off       0     0      -           -            -        -
SH1.IOM1      ok             off       1     1      -           -            -        -
SH1.PWR0      ok             -         -     0      -           -            -        -
SH1.PWR1      ok             -         -     1      -           -            -        -
SH1.SAS0      ok             -         0     0      48.00 Gb/s  -            -        -
SH1.SAS1      ok             -         0     1      0.00 b/s    -            -        -
SH1.SAS2      ok             -         0     2      48.00 Gb/s  -            -        -
SH1.SAS3      ok             -         1     3      48.00 Gb/s  -            -        -
SH1.SAS4      ok             -         1     4      0.00 b/s    -            -        -
SH1.SAS5      ok             -         1     5      48.00 Gb/s  -            -        -
SH1.TMP0      ok             -         -     0      -           23 C         -        -
SH1.TMP1      ok             -         -     1      -           28 C         -        -
SH1.TMP2      ok             -         -     2      -           28 C         -        -
SH1.TMP3      ok             -         -     3      -           32 C         -        -
SH1.TMP4      ok             -         -     4      -           28 C         -        -
SH1.TMP5      ok             -         -     5      -           32 C         -        -
SH1.TMP6      ok             -         -     6      -           36 C         -        -
SH1.TMP7      ok             -         -     7      -           33 C         -        -
SH2           ok             off       -     2      -           -            -        -
SH2.BAY0      ok             off       -     0      -           -            -        -
SH2.BAY1      ok             off       -     1      -           -            -        -
SH2.BAY2      ok             off       -     2      -           -            -        -
SH2.BAY3      ok             off       -     3      -           -            -        -
SH2.BAY4      ok             off       -     4      -           -            -        -
SH2.BAY5      ok             off       -     5      -           -            -        -
SH2.BAY6      ok             off       -     6      -           -            -        -
SH2.BAY7      ok             off       -     7      -           -            -        -
SH2.BAY8      ok             off       -     8      -           -            -        -
SH2.BAY9      ok             off       -     9      -           -            -        -
SH2.BAY10     ok             off       -     10     -           -            -        -
SH2.BAY11     ok             off       -     11     -           -            -        -
SH2.BAY12     not_installed  off       -     12     -           -            -        -
SH2.BAY13     not_installed  off       -     13     -           -            -        -
SH2.BAY14     not_installed  off       -     14     -           -            -        -
SH2.BAY15     not_installed  off       -     15     -           -            -        -
SH2.BAY16     not_installed  off       -     16     -           -            -        -
SH2.BAY17     not_installed  off       -     17     -           -            -        -
SH2.BAY18     not_installed  off       -     18     -           -            -        -
SH2.BAY19     not_installed  off       -     19     -           -            -        -
SH2.BAY20     not_installed  off       -     20     -           -            -        -
SH2.BAY21     not_installed  off       -     21     -           -            -        -
SH2.BAY22     not_installed  off       -     22     -           -            -        -
SH2.BAY23     not_installed  off       -     23     -           -            -        -
SH2.FAN0      ok             -         -     0      -           -            -        -
SH2.FAN1      ok             -         -     1      -           -            -        -
SH2.FAN2      ok             -         -     2      -           -            -        -
SH2.FAN3      ok             -         -     3      -           -            -        -
SH2.IOM0      ok             off       0     0      -           -            -        -
SH2.IOM1      ok             off       1     1      -           -            -        -
SH2.PWR0      ok             -         -     0      -           -            -        -
SH2.PWR1      ok             -         -     1      -           -            -        -
SH2.SAS0      ok             -         0     0      0.00 b/s    -            -        -
SH2.SAS1      ok             -         0     1      0.00 b/s    -            -        -
SH2.SAS2      ok             -         0     2      48.00 Gb/s  -            -        -
SH2.SAS3      ok             -         1     3      0.00 b/s    -            -        -
SH2.SAS4      ok             -         1     4      0.00 b/s    -            -        -
SH2.SAS5      ok             -         1     5      48.00 Gb/s  -            -        -
SH2.TMP0      ok             -         -     0      -           23 C         -        -
SH2.TMP1      ok             -         -     1      -           27 C         -        -
SH2.TMP2      ok             -         -     2      -           23 C         -        -
SH2.TMP3      ok             -         -     3      -           27 C         -        -
SH2.TMP4      ok             -         -     4      -           27 C         -        -
SH2.TMP5      ok             -         -     5      -           30 C         -        -
SH2.TMP6      ok             -         -     6      -           30 C         -        -
SH2.TMP7      ok             -         -     7      -           29 C         -        -
SH9           ok             off       -     9      -           23 C         -        -
SH9.BAY0      ok             off       -     0      -           -            -        -
SH9.BAY1      ok             off       -     1      -           -            -        -
SH9.BAY2      ok             off       -     2      -           -            -        -
SH9.BAY3      ok             off       -     3      -           -            -        -
SH9.BAY4      ok             off       -     4      -           -            -        -
SH9.BAY5      ok             off       -     5      -           -            -        -
SH9.BAY6      ok             off       -     6      -           -            -        -
SH9.BAY7      ok             off       -     7      -           -            -        -
SH9.BAY8      ok             off       -     8      -           -            -        -
SH9.BAY9      ok             off       -     9      -           -            -        -
SH9.BAY10     ok             off       -     10     -           -            -        -
SH9.BAY11     ok             off       -     11     -           -            -        -
SH9.BAY12     ok             off       -     12     -           -            -        -
SH9.BAY13     ok             off       -     13     -           -            -        -
SH9.BAY14     not_installed  off       -     14     -           -            -        -
SH9.BAY15     not_installed  off       -     15     -           -            -        -
SH9.BAY16     not_installed  off       -     16     -           -            -        -
SH9.BAY17     not_installed  off       -     17     -           -            -        -
SH9.BAY18     not_installed  off       -     18     -           -            -        -
SH9.BAY19     not_installed  off       -     19     -           -            -        -
SH9.BAY20     not_installed  off       -     20     -           -            -        -
SH9.BAY21     not_installed  off       -     21     -           -            -        -
SH9.BAY22     not_installed  off       -     22     -           -            -        -
SH9.BAY23     not_installed  off       -     23     -           -            -        -
SH9.BAY24     not_installed  off       -     24     -           -            -        -
SH9.BAY25     not_installed  off       -     25     -           -            -        -
SH9.BAY26     not_installed  off       -     26     -           -            -        -
SH9.BAY27     not_installed  off       -     27     -           -            -        -
SH9.PWR0      ok             -         -     0      -           -            206 V    -
SH9.PWR1      ok             -         -     1      -           -            208 V    -
SH9.SC0       ok             off       -     0      -           31 C         -        -
SH9.SC0.ETH0  ok             -         -     0      50.00 Gb/s  -            -        -
SH9.SC0.ETH1  ok             -         -     1      0.00 b/s    -            -        -
SH9.SC0.ETH2  ok             -         -     2      50.00 Gb/s  -            -        -
SH9.SC0.ETH3  ok             -         -     3      0.00 b/s    -            -        -
SH9.SC0.FAN0  ok             -         -     0      -           -            -        -
SH9.SC0.FAN1  ok             -         -     1      -           -            -        -
SH9.SC0.FAN2  ok             -         -     2      -           -            -        -
SH9.SC0.FAN3  ok             -         -     3      -           -            -        -
SH9.SC0.FAN4  ok             -         -     4      -           -            -        -
SH9.SC0.FAN5  ok             -         -     5      -           -            -        -
SH9.SC1       ok             off       -     1      -           32 C         -        -
SH9.SC1.ETH0  ok             -         -     0      50.00 Gb/s  -            -        -
SH9.SC1.ETH1  ok             -         -     1      0.00 b/s    -            -        -
SH9.SC1.ETH2  ok             -         -     2      50.00 Gb/s  -            -        -
SH9.SC1.ETH3  ok             -         -     3      0.00 b/s    -            -        -
SH9.SC1.FAN0  ok             -         -     0      -           -            -        -
SH9.SC1.FAN1  ok             -         -     1      -           -            -        -
SH9.SC1.FAN2  ok             -         -     2      -           -            -        -
SH9.SC1.FAN3  ok             -         -     3      -           -            -        -
SH9.SC1.FAN4  ok             -         -     4      -           -            -        -
SH9.SC1.FAN5  ok             -         -     5      -           -            -        -
     root@apn4purstgp0101-ct1:/var/home/pureeng# storage_view.py config
Start time: 2025-07-22 19:26:49

Command line: ['/opt/Purity/bin/storage_view.py', 'config']
Version: 0.999.1
Working at ct1 to look over cables between ct1 and shelves

Slot listing:
 CT    Slot#   Type     Vendor       Model        FW Rev       Tracer       Assembly    
----------------------------------------------------------------------------------------
 ct1    201     SAS   LSI Logic   SAS9305-16e  13.00.00.00   SPB0421631  03-25704-02007 
 ct1     6      SAS   LSI Logic   SAS_HGA-24i  14.00.03.00  PPPCFJ25100   PSO400085006  

Slot summary information:
-------------------------
ct1.201.3 ( 201 3)] <---> [SAS2 (C) SH00.0    B] <---> [SH02.0 (C) SH02.0    A]*
                              |                         \        B]*
                              \        A]*

ct1.201.1 ( 201 1)] <---> [SAS5 (A) SH00.1    B] <---> [SH02.1 (A) SH02.1    B]*
                              |                         \        C]*
                              \        C]*

ct1.201.0 ( 201 0)] <---> [SAS0 (A) SH01.0    B]*
                              \        C]*

ct1.201.2 ( 201 2)] <---> [SAS3 (C) SH01.1    B]*
                              \        A]*

ct1.eth0. (eth0 )] <---> [0.eth2 (eth2) SH9 .0     ]

ct1.eth1. (eth1 )] <---> [1.eth2 (eth2) SH9 .1     ]

Configuration status
--------------------
Configuration check started for FA-X50R4

WARNING: Topology highly available but not preferred.
Warnings:
WARNING: SH01.SAS0 should be connected to ct1.SAS2, currently connected to ct1.201.0
WARNING: SH00.SAS5 should be connected to ct1.SAS3, currently connected to ct1.201.1
WARNING: SH01.SAS3 should be connected to ct1.SAS0, currently connected to ct1.201.2
WARNING: SH00.SAS2 should be connected to ct1.SAS1, currently connected to ct1.201.3

End time: 2025-07-22 19:26:58
     root@apn4purstgp0101-ct1:/var/home/pureeng# puredrive list
Name       Type   Status   Capacity  Details
CH0.BAY0   SSD    healthy  1.86T     -
CH0.BAY1   SSD    healthy  1.86T     -
CH0.BAY2   SSD    healthy  1.86T     -
CH0.BAY3   SSD    healthy  1.86T     -
CH0.BAY4   SSD    healthy  1.86T     -
CH0.BAY5   SSD    healthy  1.86T     -
CH0.BAY6   SSD    healthy  1.86T     -
CH0.BAY7   SSD    healthy  1.86T     -
CH0.BAY8   SSD    healthy  1.86T     -
CH0.BAY9   SSD    healthy  1.86T     -
CH0.BAY10  SSD    healthy  1.86T     -
CH0.BAY11  SSD    healthy  1.86T     -
CH0.BAY12  SSD    healthy  1.86T     -
CH0.BAY13  SSD    healthy  1.86T     -
CH0.BAY14  SSD    healthy  1.86T     -
CH0.BAY15  SSD    healthy  1.86T     -
CH0.BAY16  SSD    healthy  1.86T     -
CH0.BAY17  SSD    healthy  1.86T     -
CH0.BAY18  SSD    healthy  1.86T     -
CH0.BAY19  SSD    healthy  1.86T     -
CH0.NVB0   NVRAM  healthy  7.00G     -
CH0.NVB1   NVRAM  healthy  7.00G     -
CH0.NVB2   NVRAM  unused   0.00      -
CH0.NVB3   NVRAM  unused   0.00      -
SH0.BAY0   SSD    healthy  893.34G   -
SH0.BAY1   SSD    healthy  893.34G   -
SH0.BAY2   SSD    healthy  893.34G   -
SH0.BAY3   SSD    healthy  893.34G   -
SH0.BAY4   SSD    healthy  893.34G   -
SH0.BAY5   SSD    healthy  893.34G   -
SH0.BAY6   SSD    healthy  893.34G   -
SH0.BAY7   SSD    healthy  893.34G   -
SH0.BAY8   SSD    healthy  893.34G   -
SH0.BAY9   SSD    healthy  893.34G   -
SH0.BAY10  SSD    healthy  893.34G   -
SH0.BAY11  SSD    healthy  893.34G   -
SH0.BAY12  SSD    healthy  1.74T     -
SH0.BAY13  SSD    healthy  1.74T     -
SH0.BAY14  SSD    healthy  1.74T     -
SH0.BAY15  SSD    healthy  1.74T     -
SH0.BAY16  SSD    healthy  1.74T     -
SH0.BAY17  SSD    healthy  1.74T     -
SH0.BAY18  SSD    healthy  1.74T     -
SH0.BAY19  SSD    healthy  1.74T     -
SH0.BAY20  SSD    healthy  1.74T     -
SH0.BAY21  SSD    healthy  1.74T     -
SH0.BAY22  SSD    healthy  1.74T     -
SH0.BAY23  SSD    healthy  1.74T     -
SH1.BAY0   SSD    healthy  3.49T     -
SH1.BAY1   SSD    healthy  3.49T     -
SH1.BAY2   SSD    healthy  3.49T     -
SH1.BAY3   SSD    healthy  3.49T     -
SH1.BAY4   SSD    healthy  3.49T     -
SH1.BAY5   SSD    healthy  3.49T     -
SH1.BAY6   SSD    healthy  3.49T     -
SH1.BAY7   SSD    healthy  3.49T     -
SH1.BAY8   SSD    healthy  3.49T     -
SH1.BAY9   SSD    healthy  3.49T     -
SH1.BAY10  SSD    healthy  3.49T     -
SH1.BAY11  SSD    healthy  3.49T     -
SH1.BAY12  SSD    healthy  1.74T     -
SH1.BAY13  SSD    healthy  1.74T     -
SH1.BAY14  SSD    healthy  1.74T     -
SH1.BAY15  SSD    healthy  1.74T     -
SH1.BAY16  SSD    healthy  1.74T     -
SH1.BAY17  SSD    healthy  1.74T     -
SH1.BAY18  SSD    healthy  1.74T     -
SH1.BAY19  SSD    healthy  1.74T     -
SH1.BAY20  SSD    healthy  1.74T     -
SH1.BAY21  SSD    healthy  1.74T     -
SH1.BAY22  SSD    healthy  1.74T     -
SH1.BAY23  SSD    healthy  1.74T     -
SH2.BAY0   SSD    healthy  952.91G   -
SH2.BAY1   SSD    healthy  952.91G   -
SH2.BAY2   SSD    healthy  952.91G   -
SH2.BAY3   SSD    healthy  952.91G   -
SH2.BAY4   SSD    healthy  952.91G   -
SH2.BAY5   SSD    healthy  952.91G   -
SH2.BAY6   SSD    healthy  952.91G   -
SH2.BAY7   SSD    healthy  952.91G   -
SH2.BAY8   SSD    healthy  952.91G   -
SH2.BAY9   SSD    healthy  952.91G   -
SH2.BAY10  SSD    healthy  952.91G   -
SH2.BAY11  SSD    healthy  952.91G   -
SH2.BAY12  -      unused   0.00      -
SH2.BAY13  -      unused   0.00      -
SH2.BAY14  -      unused   0.00      -
SH2.BAY15  -      unused   0.00      -
SH2.BAY16  -      unused   0.00      -
SH2.BAY17  -      unused   0.00      -
SH2.BAY18  -      unused   0.00      -
SH2.BAY19  -      unused   0.00      -
SH2.BAY20  -      unused   0.00      -
SH2.BAY21  -      unused   0.00      -
SH2.BAY22  -      unused   0.00      -
SH2.BAY23  -      unused   0.00      -
SH9.BAY0   SSD    healthy  1.92T     -
SH9.BAY1   SSD    healthy  1.92T     -
SH9.BAY2   SSD    healthy  1.92T     -
SH9.BAY3   SSD    healthy  1.92T     -
SH9.BAY4   SSD    healthy  1.92T     -
SH9.BAY5   SSD    healthy  1.92T     -
SH9.BAY6   SSD    healthy  1.92T     -
SH9.BAY7   SSD    healthy  1.92T     -
SH9.BAY8   SSD    healthy  1.92T     -
SH9.BAY9   SSD    healthy  1.92T     -
SH9.BAY10  SSD    healthy  1.92T     -
SH9.BAY11  SSD    healthy  1.92T     -
SH9.BAY12  SSD    healthy  1.92T     -
SH9.BAY13  SSD    healthy  1.92T     -
SH9.BAY14  -      unused   0.00      -
SH9.BAY15  -      unused   0.00      -
SH9.BAY16  -      unused   0.00      -
SH9.BAY17  -      unused   0.00      -
SH9.BAY18  -      unused   0.00      -
SH9.BAY19  -      unused   0.00      -
SH9.BAY20  -      unused   0.00      -
SH9.BAY21  -      unused   0.00      -
SH9.BAY22  -      unused   0.00      -
SH9.BAY23  -      unused   0.00      -
SH9.BAY24  -      unused   0.00      -
SH9.BAY25  -      unused   0.00      -
SH9.BAY26  -      unused   0.00      -
SH9.BAY27  -      unused   0.00      -
     root@apn4purstgp0101-ct1:/var/home/pureeng# purebdb list drives
Name       Subslot  Type   Protocol  Status   Capacity  Pinned Space  Degraded  Device Id                                  Boot Aus Used  Main Aus Used
CH0.DRV0   1        SSD    SAS       healthy  952.91G   0.00          0.00      4375525321775006445:10960893671843493895   8/112          84631/121906
CH0.DRV0   2        SSD    SAS       healthy  952.91G   0.00          0.00      14193240578452506492:9869346591897237024   1/112          84669/121906
CH0.DRV1   1        SSD    SAS       healthy  952.91G   0.00          0.00      5355517763450520882:11397993329386983673   3/112          84551/121906
CH0.DRV1   2        SSD    SAS       healthy  952.91G   0.00          0.00      12963694273788267398:13090358053021009106  3/112          84620/121906
CH0.DRV2   1        SSD    SAS       healthy  952.91G   0.00          0.00      1249955666582586059:11364171777197472175   5/112          84623/121906
CH0.DRV2   2        SSD    SAS       healthy  952.91G   0.00          0.00      5922333390866565525:10143693104072313638   2/112          84932/121906
CH0.DRV3   1        SSD    SAS       healthy  952.91G   0.00          0.00      5094361095329238582:12142351266818973841   5/112          84714/121906
CH0.DRV3   2        SSD    SAS       healthy  952.91G   0.00          0.00      13079156598409937994:13021684843269870504  3/112          84702/121906
CH0.DRV4   1        SSD    SAS       healthy  952.91G   0.00          0.00      8783237733482381782:13380578043949289592   6/112          85072/121906
CH0.DRV4   2        SSD    SAS       healthy  952.91G   0.00          0.00      14755054761285470724:10847877780581969553  2/112          84663/121906
CH0.DRV5   1        SSD    SAS       healthy  952.91G   0.00          0.00      14101302032045460027:12027083750218641952  1/112          84529/121906
CH0.DRV5   2        SSD    SAS       healthy  952.91G   0.00          0.00      2374833939494422070:9266027038709055447    4/112          84970/121906
CH0.DRV6   1        SSD    SAS       healthy  952.91G   0.00          0.00      12300880515309521555:10263837974242748867  5/112          84668/121906
CH0.DRV6   2        SSD    SAS       healthy  952.91G   0.00          0.00      10625937405881959964:10535779030894764898  3/112          84786/121906
CH0.DRV7   1        SSD    SAS       healthy  952.91G   0.00          0.00      404232727709502690:11705865919815873186    4/112          84916/121906
CH0.DRV7   2        SSD    SAS       healthy  952.91G   0.00          0.00      16675935604900709858:11775740153211859248  3/112          84657/121906
CH0.DRV8   1        SSD    SAS       healthy  952.91G   0.00          0.00      13424510336800800886:11904036554363496312  4/112          84956/121906
CH0.DRV8   2        SSD    SAS       healthy  952.91G   0.00          0.00      17592477875894636281:13242374844986083258  1/112          84415/121906
CH0.DRV9   1        SSD    SAS       healthy  952.91G   0.00          0.00      974742222803781573:10397533468870317697    5/112          84640/121906
CH0.DRV9   2        SSD    SAS       healthy  952.91G   0.00          0.00      3750692968430781045:10350204275622335640   1/112          84767/121906
CH0.DRV10  1        SSD    SAS       healthy  952.91G   0.00          0.00      730175263899077044:9969309258387347473     4/112          84796/121906
CH0.DRV10  2        SSD    SAS       healthy  952.91G   0.00          0.00      8538406311544177109:11810143329679958850   2/112          84641/121906
CH0.DRV11  1        SSD    SAS       healthy  952.91G   0.00          0.00      17551681578938551760:12642240044393529619  4/112          84875/121906
CH0.DRV11  2        SSD    SAS       healthy  952.91G   0.00          0.00      8030889056544114455:12480399932623387579   2/112          84607/121906
CH0.DRV12  1        SSD    SAS       healthy  952.91G   0.00          0.00      11111362356712458393:13266790911216237141  2/112          84773/121906
CH0.DRV12  2        SSD    SAS       healthy  952.91G   0.00          0.00      12828157216746982548:13152892877267241082  6/112          84477/121906
CH0.DRV13  1        SSD    SAS       healthy  952.91G   0.00          0.00      14626034461603679461:10742747658173635695  2/112          84572/121906
CH0.DRV13  2        SSD    SAS       healthy  952.91G   0.00          0.00      8887906382727302493:12171156449497100839   4/112          84854/121906
CH0.DRV14  1        SSD    SAS       healthy  952.91G   0.00          0.00      10591642641703521860:10291337119054407767  1/112          84481/121906
CH0.DRV14  2        SSD    SAS       healthy  952.91G   0.00          0.00      9734100678021564901:13310329498241617480   4/112          84931/121906
CH0.DRV15  1        SSD    SAS       healthy  952.91G   0.00          0.00      17588245580952850103:11863679741317090362  3/112          85022/121906
CH0.DRV15  2        SSD    SAS       healthy  952.91G   0.00          0.00      14283684919403824455:11296272589183425516  1/112          84563/121906
CH0.DRV16  1        SSD    SAS       healthy  952.91G   0.00          0.00      6582414755100249672:9998168151752561858    4/112          84868/121906
CH0.DRV16  2        SSD    SAS       healthy  952.91G   0.00          0.00      13112578055971357313:11818218708541954170  2/112          84444/121906
CH0.DRV17  1        SSD    SAS       healthy  952.91G   0.00          0.00      2959674320493038275:13118129177187956917   5/112          84752/121906
CH0.DRV17  2        SSD    SAS       healthy  952.91G   0.00          0.00      3193093489809178858:9422149116493742543    2/112          84721/121906
CH0.DRV18  1        SSD    SAS       healthy  952.91G   0.00          0.00      8092172073006219375:13639233161492988253   4/112          84722/121906
CH0.DRV18  2        SSD    SAS       healthy  952.91G   0.00          0.00      4231237098307472971:10114049963162151685   2/112          84608/121906
CH0.DRV19  1        SSD    SAS       healthy  952.91G   0.00          0.00      9581661087082758847:12440447316055900297   4/112          84719/121906
CH0.DRV19  2        SSD    SAS       healthy  952.91G   0.00          0.00      17783356987383041656:10742118171910833603  2/112          84526/121906
CH0.NVR0   0        NVRAM  NVMe      healthy  7.00G     -             0.00      16865573770357589378:10297988126520856047  -              -
CH0.NVR1   0        NVRAM  NVMe      healthy  7.00G     -             0.00      15872490282914891349:9794517961953460501   -              -
SH0.DRV0   1        SSD    SAS       healthy  446.67G   0.00          0.00      8966679911711591221:13268910374356402496   2/47           39640/57108
SH0.DRV0   2        SSD    SAS       healthy  446.67G   0.00          0.00      5493378650731726106:11624084952691218543   1/47           39696/57108
SH0.DRV1   1        SSD    SAS       healthy  446.67G   0.00          0.00      7234245436068479239:12679005742981954956   2/47           39682/57108
SH0.DRV1   2        SSD    SAS       healthy  446.67G   0.00          0.00      16807479357826679464:11811671592436998623  1/47           39699/57108
SH0.DRV2   1        SSD    SAS       healthy  446.67G   0.00          0.00      10487030616953537839:12367983925905799535  1/47           39668/57108
SH0.DRV2   2        SSD    SAS       healthy  446.67G   0.00          0.00      13995276955094699026:11972234702779666558  1/47           39633/57108
SH0.DRV3   1        SSD    SAS       healthy  446.67G   0.00          0.00      7923451477190853399:9239973643019857647    1/47           39554/57108
SH0.DRV3   2        SSD    SAS       healthy  446.67G   0.00          0.00      5866721625857343819:13572764906511660935   1/47           39519/57108
SH0.DRV4   1        SSD    SAS       healthy  446.67G   0.00          0.00      17627612385916241728:10166519273781407399  1/47           39695/57108
SH0.DRV4   2        SSD    SAS       healthy  446.67G   0.00          0.00      16448896898379105344:10661830973992349246  2/47           39496/57108
SH0.DRV5   1        SSD    SAS       healthy  446.67G   0.00          0.00      8433098113884176605:13480752815807242185   1/47           39650/57108
SH0.DRV5   2        SSD    SAS       healthy  446.67G   0.00          0.00      4443269349067931898:12227393178521746768   1/47           39588/57108
SH0.DRV6   1        SSD    SAS       healthy  446.67G   0.00          0.00      16991634946670874240:11825192368136522721  1/47           39622/57108
SH0.DRV6   2        SSD    SAS       healthy  446.67G   0.00          0.00      3997722556637794214:10984346219683987017   2/47           39502/57108
SH0.DRV7   1        SSD    SAS       healthy  446.67G   0.00          0.00      5957341000740849355:13017694426874645429   1/47           39577/57108
SH0.DRV7   2        SSD    SAS       healthy  446.67G   0.00          0.00      17242880054289452438:10009211537066410201  1/47           39714/57108
SH0.DRV8   1        SSD    SAS       healthy  446.67G   0.00          0.00      17353734819250785311:10932401020199297898  1/47           39434/57108
SH0.DRV8   2        SSD    SAS       healthy  446.67G   0.00          0.00      14552721047657794384:12737263673751959584  2/47           39754/57108
SH0.DRV9   1        SSD    SAS       healthy  446.67G   0.00          0.00      3074131744959448085:13545964254780702398   1/47           39679/57108
SH0.DRV9   2        SSD    SAS       healthy  446.67G   0.00          0.00      14348237042804869175:9649116487126711235   1/47           39629/57108
SH0.DRV10  1        SSD    SAS       healthy  446.67G   0.00          0.00      7098181813763983680:13092945885278299445   1/47           39566/57108
SH0.DRV10  2        SSD    SAS       healthy  446.67G   0.00          0.00      10117193895463569382:13652885346287236521  2/47           39683/57108
SH0.DRV11  1        SSD    SAS       healthy  446.67G   0.00          0.00      17591568771261940325:10698069086699602433  1/47           39736/57108
SH0.DRV11  2        SSD    SAS       healthy  446.67G   0.00          0.00      7082270510618134774:11395980137589127234   1/47           39570/57108
SH0.DRV12  1        SSD    SAS       healthy  893.35G   0.00          0.00      6761534575184922012:9774482566829436807    3/104          79347/114283
SH0.DRV12  2        SSD    SAS       healthy  893.35G   0.00          0.00      10379224084584418399:9896722092060090120   1/104          79672/114283
SH0.DRV13  1        SSD    SAS       healthy  893.35G   0.00          0.00      16270387623420053205:12235815670726067629  2/104          79791/114283
SH0.DRV13  2        SSD    SAS       healthy  893.35G   0.00          0.00      12391872154141279894:9934870663807956680   2/104          79417/114283
SH0.DRV14  1        SSD    SAS       healthy  893.35G   0.00          0.00      17286569594307429759:13012757263540816655  1/104          79593/114283
SH0.DRV14  2        SSD    SAS       healthy  893.35G   0.00          0.00      3842876914113070012:11487847638732185001   2/104          79480/114283
SH0.DRV15  1        SSD    SAS       healthy  893.35G   0.00          0.00      2519992099848474134:12254670752344881096   1/104          79770/114283
SH0.DRV15  2        SSD    SAS       healthy  893.35G   0.00          0.00      4623186384103817697:11056441085280719708   1/104          79442/114283
SH0.DRV16  1        SSD    SAS       healthy  893.35G   0.00          0.00      10084083255075884927:11764218389703780300  1/104          79702/114283
SH0.DRV16  2        SSD    SAS       healthy  893.35G   0.00          0.00      5814343052178507620:11747457826588030601   2/104          79497/114283
SH0.DRV17  1        SSD    SAS       healthy  893.35G   0.00          0.00      13811306692044277404:9450179455966635575   3/104          79328/114283
SH0.DRV17  2        SSD    SAS       healthy  893.35G   0.00          0.00      11806772808350975243:9403947549172596274   2/104          79387/114283
SH0.DRV18  1        SSD    SAS       healthy  893.35G   0.00          0.00      5877195339445258308:9253595658940299241    2/104          78988/114283
SH0.DRV18  2        SSD    SAS       healthy  893.35G   0.00          0.00      7180902354772315281:10832287013861536449   1/104          78506/114283
SH0.DRV19  1        SSD    SAS       healthy  893.35G   0.00          0.00      12892185379322217982:12615672403895732812  2/104          79323/114283
SH0.DRV19  2        SSD    SAS       healthy  893.35G   0.00          0.00      2431699456078138755:9446877319843997716    2/104          79657/114283
SH0.DRV20  1        SSD    SAS       healthy  893.35G   0.00          0.00      17689243636572637652:12582650951297669030  3/104          79397/114283
SH0.DRV20  2        SSD    SAS       healthy  893.35G   0.00          0.00      4204628490773088146:12947375722373805278   2/104          79642/114283
SH0.DRV21  1        SSD    SAS       healthy  893.35G   0.00          0.00      13713924822383414016:12147602195394598498  2/104          75931/114283
SH0.DRV21  2        SSD    SAS       healthy  893.35G   0.00          0.00      9863445106577130469:10332683868234926979   1/104          76406/114283
SH0.DRV22  1        SSD    SAS       healthy  893.35G   0.00          0.00      15083557886619501476:12526843955454827307  1/104          79602/114283
SH0.DRV22  2        SSD    SAS       healthy  893.35G   0.00          0.00      12858187989355482968:9558577217769362916   1/104          79164/114283
SH0.DRV23  1        SSD    SAS       healthy  893.35G   0.00          0.00      4239718674293279427:9440882314965192489    2/104          79474/114283
SH0.DRV23  2        SSD    SAS       healthy  893.35G   0.00          0.00      18251292942243810429:11442868172722148420  2/104          79656/114283
SH1.DRV0   1        SSD    SAS       healthy  1.74T     0.00          0.00      16360668074264840881:12952510021993595474  7/218          146314/228632
SH1.DRV0   2        SSD    SAS       healthy  1.74T     0.00          0.00      9442589781375667244:10326642175040936343   4/218          146047/228632
SH1.DRV1   1        SSD    SAS       healthy  1.74T     0.00          0.00      9501009516945294579:13397376255354064749   5/218          146130/228632
SH1.DRV1   2        SSD    SAS       healthy  1.74T     0.00          0.00      13435649085972367419:10581426146791497870  6/218          146150/228632
SH1.DRV2   1        SSD    SAS       healthy  1.74T     0.00          0.00      9206656690754044005:10164280537221291221   4/218          146265/228632
SH1.DRV2   2        SSD    SAS       healthy  1.74T     0.00          0.00      5980763400217774031:10955383143931116101   4/218          146201/228632
SH1.DRV3   1        SSD    SAS       healthy  1.74T     0.00          0.00      15118369008715777464:13065411739010658055  6/218          145785/228632
SH1.DRV3   2        SSD    SAS       healthy  1.74T     0.00          0.00      8371377516021238769:10935418164986786903   4/218          145214/228632
SH1.DRV4   1        SSD    SAS       healthy  1.74T     0.00          0.00      2169948766257039012:13151939154965491766   5/218          145818/228632
SH1.DRV4   2        SSD    SAS       healthy  1.74T     0.00          0.00      12044002515405129119:10617601787310088075  3/218          146402/228632
SH1.DRV5   1        SSD    SAS       healthy  1.74T     0.00          0.00      2145488049563190600:9289891842808250653    3/218          146022/228632
SH1.DRV5   2        SSD    SAS       healthy  1.74T     0.00          0.00      1624940799665196419:13714750812757825009   8/218          146148/228632
SH1.DRV6   1        SSD    SAS       healthy  1.74T     0.00          0.00      11648854962485938468:12636550533376265789  4/218          145874/228632
SH1.DRV6   2        SSD    SAS       healthy  1.74T     0.00          0.00      17095124755495208233:13255827930340796961  8/218          146552/228632
SH1.DRV7   1        SSD    SAS       healthy  1.74T     0.00          0.00      10788183386053624080:10433701169398042934  7/218          146463/228632
SH1.DRV7   2        SSD    SAS       healthy  1.74T     0.00          0.00      10834111867305019400:13432024384187736305  5/218          146296/228632
SH1.DRV8   1        SSD    SAS       healthy  1.74T     0.00          0.00      11035022050677837231:9511234104415388977   5/218          146439/228632
SH1.DRV8   2        SSD    SAS       healthy  1.74T     0.00          0.00      5100201992587134376:12551882939089231938   4/218          146011/228632
SH1.DRV9   1        SSD    SAS       healthy  1.74T     0.00          0.00      3982035743936300659:13803615736546671130   4/218          146074/228632
SH1.DRV9   2        SSD    SAS       healthy  1.74T     0.00          0.00      70416352917406797:11718802454609547542     3/218          146075/228632
SH1.DRV10  1        SSD    SAS       healthy  1.74T     0.00          0.00      14858251824547578408:9835709308800188859   4/218          146065/228632
SH1.DRV10  2        SSD    SAS       healthy  1.74T     0.00          0.00      13063311761069524070:11862042733280158015  6/218          146609/228632
SH1.DRV11  1        SSD    SAS       healthy  1.74T     0.00          0.00      17262520971556899661:12494199901055507081  2/218          146224/228632
SH1.DRV11  2        SSD    SAS       healthy  1.74T     0.00          0.00      8463134202593560902:11563545250285841359   3/218          146464/228632
SH1.DRV12  1        SSD    SAS       healthy  893.35G   0.00          0.00      2065677330287774267:9707537445919275423    3/104          78243/114283
SH1.DRV12  2        SSD    SAS       healthy  893.35G   0.00          0.00      7051646934586182646:10409545476001472713   2/104          78080/114283
SH1.DRV13  1        SSD    SAS       healthy  893.35G   0.00          0.00      12388327000921162174:9652578342061380573   4/104          78145/114283
SH1.DRV13  2        SSD    SAS       healthy  893.35G   0.00          0.00      9622772399890581706:10468655488594484676   4/104          78056/114283
SH1.DRV14  1        SSD    SAS       healthy  893.35G   0.00          0.00      6089790232873681429:12615850758808624793   5/104          77954/114283
SH1.DRV14  2        SSD    SAS       healthy  893.35G   0.00          0.00      6237350346509141259:13031099410847400038   2/104          78141/114283
SH1.DRV15  1        SSD    SAS       healthy  893.35G   0.00          0.00      325658810312707904:11091667716673543304    5/104          78137/114283
SH1.DRV15  2        SSD    SAS       healthy  893.35G   0.00          0.00      18177097453746539085:12274208253969124395  3/104          78151/114283
SH1.DRV16  1        SSD    SAS       healthy  893.35G   0.00          0.00      13282883632558063629:12967253079747455228  3/104          78395/114283
SH1.DRV16  2        SSD    SAS       healthy  893.35G   0.00          0.00      541197011960415483:13100003182936349409    4/104          77933/114283
SH1.DRV17  1        SSD    SAS       healthy  893.35G   0.00          0.00      1593276676285549571:12193681384999291345   4/104          78112/114283
SH1.DRV17  2        SSD    SAS       healthy  893.35G   0.00          0.00      5372807592728415802:9463226660607242802    3/104          78173/114283
SH1.DRV18  1        SSD    SAS       healthy  893.35G   0.00          0.00      8358409040006693120:9687959391937544790    5/104          78155/114283
SH1.DRV18  2        SSD    SAS       healthy  893.35G   0.00          0.00      13947313212755431070:13309013350002869472  3/104          78203/114283
SH1.DRV19  1        SSD    SAS       healthy  893.35G   0.00          0.00      3397176052028620984:10813368031237412558   6/104          78307/114283
SH1.DRV19  2        SSD    SAS       healthy  893.35G   0.00          0.00      10670053330920817665:10488300611706538102  5/104          78176/114283
SH1.DRV20  1        SSD    SAS       healthy  893.35G   0.00          0.00      13774446458829750743:12249805679116011442  2/104          78005/114283
SH1.DRV20  2        SSD    SAS       healthy  893.35G   0.00          0.00      16080971856754459804:12206485291940755878  4/104          78050/114283
SH1.DRV21  1        SSD    SAS       healthy  893.35G   0.00          0.00      10651837064990050580:12233156789983341089  2/104          78195/114283
SH1.DRV21  2        SSD    SAS       healthy  893.35G   0.00          0.00      14987141605494967736:12886747907097160928  5/104          78106/114283
SH1.DRV22  1        SSD    SAS       healthy  893.35G   0.00          0.00      5128598956041718755:12105188533742928798   3/104          78198/114283
SH1.DRV22  2        SSD    SAS       healthy  893.35G   0.00          0.00      13251700168655979179:9684582834087468497   5/104          78062/114283
SH1.DRV23  1        SSD    SAS       healthy  893.35G   0.00          0.00      15401406232705780868:13605268130357074651  4/104          78078/114283
SH1.DRV23  2        SSD    SAS       healthy  893.35G   0.00          0.00      14154622012395701959:12438360167595614772  4/104          78047/114283
SH2.DRV0   1        SSD    SAS       healthy  476.45G   0.00          0.00      10111488495015183315:11187990644044833760  1/51           41450/60920
SH2.DRV0   2        SSD    SAS       healthy  476.45G   0.00          0.00      9394935714627538501:13455099931322151176   1/51           41671/60920
SH2.DRV1   1        SSD    SAS       healthy  476.45G   0.00          0.00      5787978510377896588:11194516253087427232   1/51           41491/60920
SH2.DRV1   2        SSD    SAS       healthy  476.45G   0.00          0.00      735875541681128970:12031306425275766220    2/51           41750/60920
SH2.DRV2   1        SSD    SAS       healthy  476.45G   0.00          0.00      15569169648527230602:13681729501223133520  2/51           41541/60920
SH2.DRV2   2        SSD    SAS       healthy  476.45G   0.00          0.00      15692019554942074921:10386783044086227713  1/51           41728/60920
SH2.DRV3   1        SSD    SAS       healthy  476.45G   0.00          0.00      8101953822780968653:12083738515087505450   1/51           41655/60920
SH2.DRV3   2        SSD    SAS       healthy  476.45G   0.00          0.00      3582307551021780276:10902489767082174636   2/51           41516/60920
SH2.DRV4   1        SSD    SAS       healthy  476.45G   0.00          0.00      11018556511324489675:10016625161294339308  2/51           41601/60920
SH2.DRV4   2        SSD    SAS       healthy  476.45G   0.00          0.00      18264555148243059733:12500681925095712295  1/51           41421/60920
SH2.DRV5   1        SSD    SAS       healthy  476.45G   0.00          0.00      1243458791526581499:9770638649685182777    1/51           41631/60920
SH2.DRV5   2        SSD    SAS       healthy  476.45G   0.00          0.00      6676123874697694106:13451159338982394586   1/51           41501/60920
SH2.DRV6   1        SSD    SAS       healthy  476.45G   0.00          0.00      7797715325373860468:10896088848578331804   1/51           41515/60920
SH2.DRV6   2        SSD    SAS       healthy  476.45G   0.00          0.00      12609054906448431579:13612725050691898934  2/51           41589/60920
SH2.DRV7   1        SSD    SAS       healthy  476.45G   0.00          0.00      1588886608666447206:11055217957046323063   1/51           41454/60920
SH2.DRV7   2        SSD    SAS       healthy  476.45G   0.00          0.00      14543310117479860572:13636684673119140039  1/51           41641/60920
SH2.DRV8   1        SSD    SAS       healthy  476.45G   0.00          0.00      14417796846434600057:12850527900016970551  2/51           41623/60920
SH2.DRV8   2        SSD    SAS       healthy  476.45G   0.00          0.00      5794917674504179680:12204080411720003505   2/51           41629/60920
SH2.DRV9   1        SSD    SAS       healthy  476.45G   0.00          0.00      12850167018899652867:9285551368162439374   2/51           41698/60920
SH2.DRV9   2        SSD    SAS       healthy  476.45G   0.00          0.00      15330962555789855825:10854146533580882972  2/51           41508/60920
SH2.DRV10  1        SSD    SAS       healthy  476.45G   0.00          0.00      16167309641885173243:12532965819219950657  1/51           41696/60920
SH2.DRV10  2        SSD    SAS       healthy  476.45G   0.00          0.00      7301197259162275253:12669030125571838653   2/51           41411/60920
SH2.DRV11  1        SSD    SAS       healthy  476.45G   0.00          0.00      7200129595045462871:11994367379755644923   2/51           41545/60920
SH2.DRV11  2        SSD    SAS       healthy  476.45G   0.00          0.00      11743955876571531265:13477754474371399640  2/51           41593/60920
SH9.DRV0   0        SSD    NVMe      healthy  1.92T     0.00          0.00      3702095073099661675:12374331158217794298   4/51           8040/60853
SH9.DRV1   0        SSD    NVMe      healthy  1.92T     0.00          0.00      8694370018987560326:13641692896884923397   5/51           8111/61013
SH9.DRV2   0        SSD    NVMe      healthy  1.92T     0.00          0.00      8605462478271169710:11998142727965610194   4/51           7975/60924
SH9.DRV3   0        SSD    NVMe      healthy  1.92T     0.00          0.00      4047622864378678878:12944671802630462340   3/51           8059/60952
SH9.DRV4   0        SSD    NVMe      healthy  1.92T     0.00          0.00      9094058444480200781:9757876755720144435    7/51           8086/60945
SH9.DRV5   0        SSD    NVMe      healthy  1.92T     0.00          0.00      17756159938932526911:10519991250835069745  3/51           8063/60995
SH9.DRV6   0        SSD    NVMe      healthy  1.92T     0.00          0.00      16946326697730130129:12855588025478849629  2/51           8063/60862
SH9.DRV7   0        SSD    NVMe      healthy  1.92T     0.00          0.00      2565136010938107429:10790723973975663408   3/51           8090/60951
SH9.DRV8   0        SSD    NVMe      healthy  1.92T     0.00          0.00      2356166553098209012:11017553903095039262   3/51           8047/60966
SH9.DRV9   0        SSD    NVMe      healthy  1.92T     0.00          0.00      426769554867834335:11337579750141260637    4/51           8058/60963
SH9.DRV10  0        SSD    NVMe      healthy  1.92T     0.00          0.00      15818571815900564251:13171237289525095348  5/51           8045/60921
SH9.DRV11  0        SSD    NVMe      healthy  1.92T     0.00          0.00      9626496702151017125:13240435457470737643   2/51           8028/60857
SH9.DRV12  0        SSD    NVMe      healthy  1.92T     0.00          0.00      15909036592720331466:9658976512840974879   3/51           8087/60821
SH9.DRV13  0        SSD    NVMe      healthy  1.92T     0.00          0.00      17924961094815926696:11926734727833468191  2/51           7990/60919
     root@apn4purstgp0101-ct1:/var/home/pureeng# purearray list --space
Name             Capacity  Parity  Provisioned Size  Virtual  Thin Provisioning  Data Reduction  Total Reduction  Unique  Snapshots  Shared  System  Replication  Total
apn4purstgp0101  117.18T   100%    119577G           116.77T  0%                 2.6 to 1        7.6 to 1         7.21T   48.01T     6.13T   0.00    0.00         61.35T
     root@apn4purstgp0101-ct1:/var/home/pureeng# pureemessage list --aopenopen
     root@apn4purstgp0101-ct1:/var/home/pureeng# puremessage list --open --hidde n
ID        Time                     Severity  Category  Code  Component   Name                     Event                    Expected  Actual   Details
14156085  2025-07-22 17:49:57 EDT  hidden    array     30    service     array.directory_service  pureds test failure      -         -        
14156148  2025-07-22 18:49:12 EDT  hidden    array     24    enclosure   ct1                      missing paths            8 paths   0 paths  
14156151  2025-07-22 18:49:12 EDT  hidden    array     23    drive       ct1.sh-999.bay22         missing paths            2         1        
14156152  2025-07-22 18:49:12 EDT  hidden    array     23    drive       ct1.sh-999.bay19         missing paths            2         1        
14156153  2025-07-22 18:49:13 EDT  hidden    array     23    drive       ct1.sh-999.bay21         missing paths            2         1        
14156154  2025-07-22 18:49:13 EDT  hidden    array     23    drive       ct1.sh-999.bay1          missing paths            2         1        
14156155  2025-07-22 18:49:13 EDT  hidden    array     23    drive       ct1.sh-999.bay16         missing paths            2         1        
14156156  2025-07-22 18:49:13 EDT  hidden    array     23    drive       ct1.sh-999.bay23         missing paths            2         1        
14156157  2025-07-22 18:49:13 EDT  hidden    array     23    drive       ct1.sh-999.bay17         missing paths            2         1        
14156158  2025-07-22 18:49:13 EDT  hidden    array     23    drive       ct1.sh-999.bay18         missing paths            2         1        
14156159  2025-07-22 18:49:13 EDT  hidden    array     23    drive       ct1.sh-999.bay0          missing paths            2         1        
14156160  2025-07-22 18:49:13 EDT  hidden    array     23    drive       ct1.sh-999.bay2          missing paths            2         1        
14156161  2025-07-22 18:49:13 EDT  hidden    array     23    drive       ct1.sh-999.bay20         missing paths            2         1        
14156163  2025-07-22 18:49:43 EDT  hidden    array     31    controller  ct1                      drive detection failure  -         -        
     root@apn4purstgp0101-ct1:/var/home/pureeng# purehw list
Name          Status         Identify  Slot  Index  Speed       Temperature  Voltage  Details
CH0           ok             off       -     0      -           -            -        -
CH0.BAY0      ok             off       -     0      -           -            -        -
CH0.BAY1      ok             off       -     1      -           -            -        -
CH0.BAY2      ok             off       -     2      -           -            -        -
CH0.BAY3      ok             off       -     3      -           -            -        -
CH0.BAY4      ok             off       -     4      -           -            -        -
CH0.BAY5      ok             off       -     5      -           -            -        -
CH0.BAY6      ok             off       -     6      -           -            -        -
CH0.BAY7      ok             off       -     7      -           -            -        -
CH0.BAY8      ok             off       -     8      -           -            -        -
CH0.BAY9      ok             off       -     9      -           -            -        -
CH0.BAY10     ok             off       -     10     -           -            -        -
CH0.BAY11     ok             off       -     11     -           -            -        -
CH0.BAY12     ok             off       -     12     -           -            -        -
CH0.BAY13     ok             off       -     13     -           -            -        -
CH0.BAY14     ok             off       -     14     -           -            -        -
CH0.BAY15     ok             off       -     15     -           -            -        -
CH0.BAY16     ok             off       -     16     -           -            -        -
CH0.BAY17     ok             off       -     17     -           -            -        -
CH0.BAY18     ok             off       -     18     -           -            -        -
CH0.BAY19     ok             off       -     19     -           -            -        -
CH0.NVB0      ok             off       -     0      -           -            -        -
CH0.NVB1      ok             off       -     1      -           -            -        -
CH0.NVB2      not_installed  off       -     2      -           -            -        -
CH0.NVB3      not_installed  off       -     3      -           -            -        -
CH0.PWR0      ok             -         -     0      -           -            205 V    -
CH0.PWR1      ok             -         -     1      -           -            206 V    -
CH0.TMP0      ok             -         -     0      -           24 C         -        -
CT0           ok             off       -     0      -           -            -        -
CT0.ETH0      ok             -         -     0      50.00 Gb/s  -            -        -
CT0.ETH1      ok             -         -     1      50.00 Gb/s  -            -        -
CT0.ETH2      ok             -         -     2      10.00 Gb/s  -            -        -
CT0.ETH3      ok             -         -     3      10.00 Gb/s  -            -        -
CT0.ETH4      ok             -         -     4      1.00 Gb/s   -            -        -
CT0.ETH5      ok             -         -     5      0.00 b/s    -            -        -
CT0.FAN0      ok             -         -     0      -           -            -        -
CT0.FAN1      ok             -         -     1      -           -            -        -
CT0.FAN2      ok             -         -     2      -           -            -        -
CT0.FAN3      ok             -         -     3      -           -            -        -
CT0.FAN4      ok             -         -     4      -           -            -        -
CT0.FAN5      ok             -         -     5      -           -            -        -
CT0.FC12      ok             -         3     12     16.00 Gb/s  -            -        -
CT0.FC13      ok             -         3     13     0.00 b/s    -            -        -
CT0.FC14      ok             -         3     14     16.00 Gb/s  -            -        -
CT0.FC15      ok             -         3     15     0.00 b/s    -            -        -
CT0.SAS4      ok             -         1     4      48.00 Gb/s  -            -        -
CT0.SAS5      ok             -         1     5      48.00 Gb/s  -            -        -
CT0.SAS6      ok             -         1     6      48.00 Gb/s  -            -        -
CT0.SAS7      ok             -         1     7      48.00 Gb/s  -            -        -
CT0.TMP0      ok             -         -     0      -           41 C         -        -
CT0.TMP1      ok             -         -     1      -           44 C         -        -
CT0.TMP2      ok             -         -     2      -           63 C         -        -
CT0.TMP3      ok             -         -     3      -           67 C         -        -
CT0.TMP4      ok             -         -     4      -           49 C         -        -
CT0.TMP5      ok             -         -     5      -           50 C         -        -
CT0.TMP6      ok             -         -     6      -           31 C         -        -
CT0.TMP7      ok             -         -     7      -           30 C         -        -
CT0.TMP8      ok             -         -     8      -           59 C         -        -
CT0.TMP9      ok             -         -     9      -           44 C         -        -
CT0.TMP11     ok             -         -     11     -           43 C         -        -
CT0.TMP12     ok             -         -     12     -           41 C         -        -
CT0.TMP13     ok             -         -     13     -           44 C         -        -
CT0.TMP14     ok             -         -     14     -           44 C         -        -
CT0.TMP15     ok             -         -     15     -           43 C         -        -
CT0.TMP17     ok             -         -     17     -           45 C         -        -
CT0.TMP19     ok             -         -     19     -           45 C         -        -
CT0.TMP20     ok             -         -     20     -           44 C         -        -
CT0.TMP21     ok             -         -     21     -           49 C         -        -
CT0.TMP22     ok             -         -     22     -           48 C         -        -
CT0.TMP23     ok             -         -     23     -           47 C         -        -
CT1           ok             off       -     1      -           -            -        -
CT1.ETH0      ok             -         -     0      50.00 Gb/s  -            -        -
CT1.ETH1      ok             -         -     1      50.00 Gb/s  -            -        -
CT1.ETH2      ok             -         -     2      10.00 Gb/s  -            -        -
CT1.ETH3      ok             -         -     3      10.00 Gb/s  -            -        -
CT1.ETH4      ok             -         -     4      1.00 Gb/s   -            -        -
CT1.ETH5      ok             -         -     5      0.00 b/s    -            -        -
CT1.FAN0      ok             -         -     0      -           -            -        -
CT1.FAN1      ok             -         -     1      -           -            -        -
CT1.FAN2      ok             -         -     2      -           -            -        -
CT1.FAN3      ok             -         -     3      -           -            -        -
CT1.FAN4      ok             -         -     4      -           -            -        -
CT1.FAN5      ok             -         -     5      -           -            -        -
CT1.FC12      ok             -         3     12     16.00 Gb/s  -            -        -
CT1.FC13      ok             -         3     13     0.00 b/s    -            -        -
CT1.FC14      ok             -         3     14     16.00 Gb/s  -            -        -
CT1.FC15      ok             -         3     15     0.00 b/s    -            -        -
CT1.SAS4      ok             -         1     4      48.00 Gb/s  -            -        -
CT1.SAS5      ok             -         1     5      48.00 Gb/s  -            -        -
CT1.SAS6      ok             -         1     6      48.00 Gb/s  -            -        -
CT1.SAS7      ok             -         1     7      48.00 Gb/s  -            -        -
CT1.TMP0      ok             -         -     0      -           42 C         -        -
CT1.TMP1      ok             -         -     1      -           42 C         -        -
CT1.TMP2      ok             -         -     2      -           56 C         -        -
CT1.TMP3      ok             -         -     3      -           52 C         -        -
CT1.TMP4      ok          -            -        -
SH0.BAY2      ok             off       -     2      -           -            -        -
SH0.BAY3      ok             off       -     3      -           -            -        -
SH0.BAY4      ok             off       -     4      -           -            -        -
SH0.BAY5      ok             off       -     5      -           -            -        -
SH0.BAY6      ok             off       -     6      -           -            -        -
SH0.BAY7      ok             off       -     7      -           -            -        -
SH0.BAY8      ok             off       -     8      -           -            -        -
SH0.BAY9      ok             off       -     9      -           -            -        -
SH0.BAY10     ok             off       -     10     -           -            -        -
SH0.BAY11     ok             off       -     11     -           -            -        -
SH0.BAY12     ok             off       -     12     -           -            -        -
SH0.BAY13     ok             off       -     13     -           -            -        -
SH0.BAY14     ok             off       -     14     -           -            -        -
SH0.BAY15     ok             off       -     15     -           -            -        -
SH0.BAY16     ok             off       -     16     -           -            -        -
SH0.BAY17     ok             off       -     17     -           -            -        -
SH0.BAY18     ok             off       -     18     -           -            -        -
SH0.BAY19     ok             off       -     19     -           -            -        -
SH0.BAY20     ok             off       -     20     -           -            -        -
SH0.BAY21     ok             off       -     21     -           -            -        -
SH0.BAY22     ok             off       -     22     -           -            -        -
SH0.BAY23     ok             off       -     23     -           -            -        -
SH0.FAN0      ok             -         -     0      -           -            -        -
SH0.FAN1      ok             -         -     1      -           -            -        -
SH0.FAN2      ok             -         -     2      -           -            -        -
SH0.FAN3      ok             -         -     3      -           -            -        -
SH0.IOM0      ok             off       0     0      -           -            -        -
SH0.IOM1      ok             off       1     1      -           -            -        -
SH0.PWR0      ok             -         -     0      -           -            -        -
SH0.PWR1      ok             -         -     1      -           -            -        -
SH0.SAS0      ok             -         0     0      48.00 Gb/s  -            -        -
SH0.SAS1      ok             -         0     1      48.00 Gb/s  -            -        -
SH0.SAS2      ok             -         0     2      48.00 Gb/s  -            -        -
SH0.SAS3      ok             -         1     3      48.00 Gb/s  -            -        -
SH0.SAS4      ok             -         1     4      48.00 Gb/s  -            -        -
SH0.SAS5      ok             -         1     5      48.00 Gb/s  -            -        -
SH0.TMP0      ok             -         -     0      -           22 C         -        -
SH0.TMP1      ok             -         -     1      -           26 C         -        -
SH0.TMP2      ok             -         -     2      -           27 C         -        -
SH0.TMP3      ok             -         -     3      -           32 C         -        -
SH0.TMP4      ok             -         -     4      -           28 C         -        -
SH0.TMP5      ok             -         -     5      -           32 C         -        -
SH0.TMP6      ok             -         -     6      -           37 C         -        -
SH0.TMP7      ok             -         -     7      -           32 C         -        -
SH1           ok             -           -            -        -
SH1.BAY2      ok             off       -     2      -           -            -        -
SH1.BAY3      ok             off       -     3      -           -            -        -
SH1.BAY4      ok             off       -     4      -           -            -        -
SH1.BAY5      ok             off       -     5      -           -            -        -
SH1.BAY6      ok             off       -     6      -           -            -        -
SH1.BAY7      ok             off       -     7      -           -            -        -
SH1.BAY8      ok             off       -     8      -           -            -        -
SH1.BAY9      ok             off       -     9      -           -            -        -
SH1.BAY10     ok             off       -     10     -           -            -        -
SH1.BAY11     ok             off       -     11     -           -            -        -
SH1.BAY12     ok             off       -     12     -           -            -        -
SH1.BAY13     ok             off       -     13     -           -            -        -
SH1.BAY14     ok             off       -     14     -           -            -        -
SH1.BAY15     ok             off       -     15     -           -            -        -
SH1.BAY16     ok             off       -     16     -           -            -        -
SH1.BAY17     ok             off       -     17     -           -            -        -
SH1.BAY18     ok             off       -     18     -           -            -        -
SH1.BAY19     ok             off       -     19     -           -            -        -
SH1.BAY20     ok             off       -     20     -           -            -        -
SH1.BAY21     ok             off       -     21     -           -            -        -
SH1.BAY22     ok             off       -     22     -           -            -        -
SH1.BAY23     ok             off       -     23     -           -            -        -
SH1.FAN0      ok             -         -     0      -           -            -        -
SH1.FAN1      ok             -         -     1      -           -            -        -
SH1.FAN2      ok             -         -     2      -           -            -        -
SH1.FAN3      ok             -         -     3      -           -            -        -
SH1.IOM0      ok             off       0     0      -           -            -        -
SH1.IOM1      ok             off       1     1      -           -            -        -
SH1.PWR0      ok             -         -     0      -           -            -        -
SH1.PWR1      ok             -         -     1      -           -            -        -
SH1.SAS0      ok             -         0     0      48.00 Gb/s  -            -        -
SH1.SAS1      ok             -         0     1      0.00 b/s    -            -        -
SH1.SAS2      ok             -         0     2      48.00 Gb/s  -            -        -
SH1.SAS3      ok             -         1     3      48.00 Gb/s  -            -        -
SH1.SAS4      ok             -         1     4      0.00 b/s    -            -        -
SH1.SAS5      ok             -         1     5      48.00 Gb/s  -            -        -
SH1.TMP0      ok             -         -     0      -           23 C         -        -
SH1.TMP1      ok             -         -     1      -           29 C         -        -
SH1.TMP2      ok             -         -     2      -           28 C         -        -
SH1.TMP3      ok             -         -     3      -           32 C         -        -
SH1.TMP4      ok             -         -     4      -           28 C         -        -
SH1.TMP5      ok             -         -     5      -           32 C         -        -
SH1.TMP6      ok             -         -     6      -           36 C         -        -
SH1.TMP7      ok             -         -     7      -           33 C         -        -
SH2           ok             off       -     2      -           -            -        -
SH2.BAY0      ok             off       -     0      -           -            -        -
SH2.BAY1      ok             off       -     1      -           -            -        -
SH2.BAY2      ok             off       -     2      -           -            -        -
SH2.BAY3      ok             off       -     3      -           -            -        -
SH2.BAY4      ok             off       -     4      -           -            -        -
SH2.BAY5      ok             off       -     5      -           -            -        -
SH2.BAY6      ok             off       -     6      -           -            -        -
SH2.BAY7      ok             off       -     7      -           -            -        -
SH2.BAY8      ok             off       -     8      -           -            -        -
SH2.BAY9      ok             off       -     9      -           -            -        -
SH2.BAY10     ok             off       -     10     -           -            -        -
SH2.BAY11     ok             off       -     11     -           -            -        -
SH2.BAY12     not_installed  off       -     12     -           -            -        -
SH2.BAY13     not_installed  off       -     13     -           -            -        -
SH2.BAY14     not_installed  off       -     14     -           -            -        -
SH2.BAY15     not_installed  off       -     15     -           -            -        -
SH2.BAY16     not_installed  off       -     16     -           -            -        -
SH2.BAY17     not_installed  off       -     17     -           -            -        -
SH2.BAY18     not_installed  off       -     18     -           -            -        -
SH2.BAY19     not_installed  off       -     19     -           -            -        -
SH2.BAY20     not_installed  off       -     20     -           -            -        -
SH2.BAY21     not_installed  off       -     21     -           -            -        -
SH2.BAY22     not_installed  off       -     22     -           -            -        -
SH2.BAY23     not_installed  off       -     23     -           -            -        -
SH2.FAN0      ok             -         -     0      -           -            -        -
SH2.FAN1      ok             -         -     1      -           -            -        -
SH2.FAN2      ok             -         -     2      -           -            -        -
SH2.FAN3      ok             -         -     3      -           -            -        -
SH2.IOM0      ok             off       0     0      -           -            -        -
SH2.IOM1      ok             off       1     1      -           -            -        -
SH2.PWR0      ok             -         -     0      -           -            -        -
SH2.PWR1      ok             -         -     1      -           -            -        -
SH2.SAS0      ok             -         0     0      0.00 b/s    -            -        -
SH2.SAS1      ok             -         0     1      0.00 b/s    -            -        -
SH2.SAS2      ok             -         0     2      48.00 Gb/s  -            -        -
SH2.SAS3      ok             -         1     3      0.00 b/s    -            -        -
SH2.SAS4      ok             -         1     4      0.00 b/s    -            -        -
SH2.SAS5      ok             -         1     5      48.00 Gb/s  -            -        -
SH2.TMP0      ok             -         -     0      -           23 C         -        -
SH2.TMP1      ok             -         -     1      -           27 C         -        -
SH2.TMP2      ok             -         -     2      -           23 C         -        -
SH2.TMP3      ok             -         -     3      -           27 C         -        -
SH2.TMP4      ok             -         -     4      -           27 C         -        -
SH2.TMP5      ok             -         -     5      -           30 C         -        -
SH2.TMP6      ok             -         -     6      -           30 C         -        -
SH2.TMP7      ok             -         -     7      -           29 C         -        -
SH9           ok             off       -     9      -           23 C         -        -
SH9.BAY0      ok             off       -     0      -           -            -        -
SH9.BAY1      ok             off       -     1      -           -            -        -
SH9.BAY2      ok             off       -     2      -           -            -        -
SH9.BAY3      ok             off       -     3      -           -            -        -
SH9.BAY4      ok             off       -     4      -           -            -        -
SH9.BAY5      ok             off       -     5      -           -            -        -
SH9.BAY6      ok             off       -     6      -           -            -        -
SH9.BAY7      ok             off       -     7      -           -            -        -
SH9.BAY8      ok             off       -     8      -           -            -        -
SH9.BAY9      ok             off       -     9      -           -            -        -
SH9.BAY10     ok             off       -     10     -           -            -        -
SH9.BAY11     ok             off       -     11     -           -            -        -
SH9.BAY12     ok             off       -     12     -           -            -        -
SH9.BAY13     ok             off       -     13     -           -            -        -
SH9.BAY14     not_installed  off       -     14     -           -            -        -
SH9.BAY15     not_installed  off       -     15     -           -            -        -
SH9.BAY16     not_installed  off       -     16     -           -            -        -
SH9.BAY17     not_installed  off       -     17     -           -            -        -
SH9.BAY18     not_installed  off       -     18     -           -            -        -
SH9.BAY19     not_installed  off       -     19     -           -            -        -
SH9.BAY20     not_installed  off       -     20     -           -            -        -
SH9.BAY21     not_installed  off       -     21     -           -            -        -
SH9.BAY22     not_installed  off       -     22     -           -            -        -
SH9.BAY23     not_installed  off       -     23     -           -            -        -
SH9.BAY24     not_installed  off       -     24     -           -            -        -
SH9.BAY25     not_installed  off       -     25     -           -            -        -
SH9.BAY26     not_installed  off       -     26     -           -            -        -
SH9.BAY27     not_installed  off       -     27     -           -            -        -
SH9.PWR0      ok             -         -     0      -           -            206 V    -
SH9.PWR1      ok             -         -     1      -           -            208 V    -
SH9.SC0       ok             off       -     0      -           31 C         -        -
SH9.SC0.ETH0  ok             -         -     0      50.00 Gb/s  -            -        -
SH9.SC0.ETH1  ok             -         -     1      0.00 b/s    -            -        -
SH9.SC0.ETH2  ok             -         -     2      50.00 Gb/s  -            -        -
SH9.SC0.ETH3  ok             -         -     3      0.00 b/s    -            -        -
SH9.SC0.FAN0  ok             -         -     0      -           -            -        -
SH9.SC0.FAN1  ok             -         -     1      -           -            -        -
SH9.SC0.FAN2  ok             -         -     2      -           -            -        -
SH9.SC0.FAN3  ok             -         -     3      -           -            -        -
SH9.SC0.FAN4  ok             -         -     4      -           -            -        -
SH9.SC0.FAN5  ok             -         -     5      -           -            -        -
SH9.SC1       ok            #storage_view.py enclosures && ssh peer storage_view.py enclosures
     root@apn4purstgp0101-ct1:/var/home/pureeng# #storage_view.py enclosures && ssh peer storage_view.py enclosures
     root@apn4purstgp0101-ct1:/var/home/pureeng# #storage_view.py enclosures && ssh peer storage_view.py enclosures
storage_view.py enclosures && ssh peer storage_view.py enclosures
Start time: 2025-07-22 19:28:54

Command line: ['/opt/Purity/bin/storage_view.py', 'enclosures']
Version: 0.999.1

Enclosure listing:
Type ID Model             Serial #         Logical ID          
---------------------------------------------------------------
SH   00 EB-2425-E12EBD    SHT1019220G0PN8  0x50050cc1062370bb  
INT  00 Internal SH       PCHFL1634000E    0x524a937000892c6c  
SH   01 EB-2425-E12EBD    SHT1019220GB1P5  0x50050cc106245cc0  
SH   02 EB-2425-E12EBD    SHT1019220GB1NT  0x50050cc106245c55  
SH   09 DF_SHELF          PCHFJ2214001E                        

SUCCESS: No errors detected.

End time: 2025-07-22 19:29:02
Start time: 2025-07-22 19:29:03

Command line: ['/opt/Purity/bin/storage_view.py', 'enclosures']
Version: 0.999.1

Enclosure listing:
Type ID Model             Serial #         Logical ID          
---------------------------------------------------------------
SH   00 EB-2425-E12EBD    SHT1019220G0PN8  0x50050cc1062370bb  
INT  00 Internal SH       PCHFL1634000E    0x524a9370008929ac  
SH   01 EB-2425-E12EBD    SHT1019220GB1P5  0x50050cc106245cc0  
SH   02 EB-2425-E12EBD    SHT1019220GB1NT  0x50050cc106245c55  
SH   09 DF_SHELF          PCHFJ2214001E                        

SUCCESS: No errors detected.

End time: 2025-07-22 19:29:15
     root@apn4purstgp0101-ct1:/var/home/pureeng# pureadm status && ssh peer pureadm status
Process status:
purity start/running
lio-drv start/running
foed start/running, process 12068
platform start/running, process 12018
gui start/running, process 11990
rest start/running, process 21101
monitor start/running, process 12004
iostat start/running, process 26550
statistics start/running, process 12045
middleware start/running, process 23246
vasa start/running, process 23061
platform working
foed working
gui working
platform_env working
quorum working
foed_env working
foed_ready working
remote_patch working
driver working
san working
health working
lio-drv working
middleware-db working
middleware working
vasa working
Process status:
purity start/running
lio-drv start/running
foed start/running, process 12131
platform start/running, process 12059
gui start/running, process 12022
rest start/running, process 20865
monitor start/running, process 12042
iostat start/running, process 27096
statistics start/running, process 12095
middleware start/running, process 23167
vasa start/running, process 23122
platform working
foed working
gui working
platform_env working
quorum working
foed_env working
foed_ready working
remote_patch working
driver working
san working
health working
lio-drv working
middleware-db working
middleware working
vasa working
     root@apn4purstgp0101-ct1:/var/home/pureeng# purealert untag --maintenance
Name
maintenance
     root@apn4purstgp0101-ct1:/var/home/pureeng# purearray phonehome --send-today && ssh peer purearray phonehome --send-today
Status   Action
running  send_today
phonehome is already running
Status   Action
running  send_today
     root@apn4purstgp0101-ct1:/var/home/pureeng# 