=~=~=~=~=~=~=~=~=~=~=~= PuTTY log 2025.05.16 20:50:33 =~=~=~=~=~=~=~=~=~=~=~=

HOK-21SAN-ct0 login: pureeng
1) Authenticate via CloudAssist
2) Authenticate via command line
3) Restore challenge
Type the number corresponding to the authentication method you want to use.

Selection: 1

An email for identity verification will be sent once email is entered.
Please follow the authentication instructions provided there and return to this screen when finished or if email has not been received.


Enter an email address: fharris@purestorage.com
Successfully authenticated
Last login: Tue Feb  4 15:50:37 CST 2025 from fe80::26a9:37ff:fe45:df41%haeth0 on pts/1

Fri May 16 19:51:33 2025
Welcome pureeng. This is Purity Version 6.7.3 on FlashArray HOK-21SAN
http://www.purestorage.com/
pureeng@HOK-21SAN-ct0:~$ pusudo su
     root@HOK-21SAN-ct0:/var/home/pureeng# purearray list  remoteassist --status
Name           Status        Opened  Expires
HOK-21SAN-ct0  disconnected  -       -
     root@HOK-21SAN-ct0:/var/home/pureeng# ssh peer
Last login: Tue Feb  4 22:27:48 2025 from fe80::26a9:37ff:fe45:db2d%haeth0

Fri May 16 19:51:51 2025
Welcome root. This is Purity Version 6.7.3 on FlashArray HOK-21SAN
http://www.purestorage.com/
     root@HOK-21SAN-ct1:~# purearray remotesassist --status
Name           Status        Opened  Expires
HOK-21SAN-ct1  disconnected  -       -
     root@HOK-21SAN-ct1:~# purearray remoteassist --connect
Name           Status      Opened                   Expires
HOK-21SAN-ct1  connecting  2025-05-16 19:53:38 CDT  2025-05-18 19:53:38 CDT
     root@HOK-21SAN-ct1:~# purearray remoteassist --connectstatus
Name           Status      Opened                   Expires
HOK-21SAN-ct1  connecting  2025-05-16 19:53:38 CDT  2025-05-18 19:53:38 CDT
     root@HOK-21SAN-ct1:~# purearray remoteassist --status
Name           Status      Opened                   Expires
HOK-21SAN-ct1  connecting  2025-05-16 19:53:38 CDT  2025-05-18 19:53:38 CDT
     root@HOK-21SAN-ct1:~# purearray remoteassist --status
Name           Status      Opened                   Expires
HOK-21SAN-ct1  connecting  2025-05-16 19:53:38 CDT  2025-05-18 19:53:38 CDT
     root@HOK-21SAN-ct1:~# purearray remoteassist --status
Name           Status      Opened                   Expires
HOK-21SAN-ct1  connecting  2025-05-16 19:53:38 CDT  2025-05-18 19:53:38 CDT
     root@HOK-21SAN-ct1:~# purearray remoteassist --status
Name           Status     Opened                   Expires
HOK-21SAN-ct1  connected  2025-05-16 19:53:38 CDT  2025-05-18 19:53:38 CDT
     root@HOK-21SAN-ct1:~# exit
logout
     root@HOK-21SAN-ct0:/var/home/pureeng# purearray list --controller
Name     Type              Mode       Model     Version  Status  Current Mode Since       Internal Details
CT0      array_controller  primary    FA-X50R3  6.7.3    ready   2025-05-02 22:56:12 CDT  
CT1      array_controller  secondary  FA-X50R3  6.7.3    ready   2025-05-02 23:11:03 CDT  
SH9.SC0  shelf_controller  -          DFSC1     2.2.2    -       -                        -
SH9.SC1  shelf_controller  -          DFSC1     2.2.2    -       -                        -
     root@HOK-21SAN-ct0:/var/home/pureeng# puredrive list
Name       Type   Status   Capacity  Details
CH0.BAY0   SSD    healthy  2.25T     -
CH0.BAY1   SSD    healthy  2.25T     -
CH0.BAY2   SSD    healthy  2.25T     -
CH0.BAY3   SSD    healthy  2.25T     -
CH0.BAY4   SSD    healthy  2.25T     -
CH0.BAY5   SSD    healthy  2.25T     -
CH0.BAY6   SSD    healthy  2.25T     -
CH0.BAY7   SSD    healthy  2.25T     -
CH0.BAY8   SSD    healthy  2.25T     -
CH0.BAY9   SSD    healthy  2.25T     -
CH0.BAY10  SSD    healthy  2.25T     -
CH0.BAY11  SSD    healthy  2.25T     -
CH0.BAY12  SSD    healthy  2.25T     -
CH0.BAY13  SSD    healthy  2.25T     -
CH0.BAY14  SSD    healthy  2.25T     -
CH0.BAY15  SSD    healthy  2.25T     -
CH0.BAY16  SSD    healthy  2.25T     -
CH0.BAY17  SSD    healthy  2.25T     -
CH0.BAY18  SSD    healthy  2.25T     -
CH0.BAY19  SSD    healthy  2.25T     -
CH0.NVB0   NVRAM  healthy  7.52G     -
CH0.NVB1   NVRAM  healthy  7.52G     -
CH0.NVB2   NVRAM  unused   0.00      -
CH0.NVB3   NVRAM  unused   0.00      -
SH9.BAY0   SSD    healthy  2.25T     -
SH9.BAY1   SSD    healthy  2.25T     -
SH9.BAY2   SSD    healthy  2.25T     -
SH9.BAY3   SSD    healthy  2.25T     -
SH9.BAY4   SSD    healthy  2.25T     -
SH9.BAY5   SSD    healthy  2.25T     -
SH9.BAY6   SSD    healthy  2.25T     -
SH9.BAY7   SSD    healthy  2.25T     -
SH9.BAY8   SSD    healthy  2.25T     -
SH9.BAY9   SSD    healthy  2.25T     -
SH9.BAY10  SSD    healthy  2.25T     -
SH9.BAY11  SSD    healthy  2.25T     -
SH9.BAY12  SSD    healthy  2.25T     -
SH9.BAY13  SSD    healthy  2.25T     -
SH9.BAY14  -      unused   0.00      -
SH9.BAY15  -      unused   0.00      -
SH9.BAY16  -      unused   0.00      -
SH9.BAY17  -      unused   0.00      -
SH9.BAY18  -      unused   0.00      -
SH9.BAY19  -      unused   0.00      -
SH9.BAY20  -      unused   0.00      -
SH9.BAY21  -      unused   0.00      -
SH9.BAY22  -      unused   0.00      -
SH9.BAY23  -      unused   0.00      -
SH9.BAY24  -      unused   0.00      -
SH9.BAY25  -      unused   0.00      -
SH9.BAY26  -      unused   0.00      -
SH9.BAY27  -      unused   0.00      -
     root@HOK-21SAN-ct0:/var/home/pureeng# purearray list --controller
Name     Type              Mode       Model     Version  Status  Current Mode Since       Internal Details
CT0      array_controller  primary    FA-X50R3  6.7.3    ready   2025-05-02 22:56:12 CDT  
CT1      array_controller  secondary  FA-X50R3  6.7.3    ready   2025-05-02 23:11:03 CDT  
SH9.SC0  shelf_controller  -          DFSC1     2.2.2    -       -                        -
SH9.SC1  shelf_controller  -          DFSC1     2.2.2    -       -                        -
     root@HOK-21SAN-ct0:/var/home/pureeng# stty columns 250;stty rows 40
     root@HOK-21SAN-ct0:/var/home/pureeng# purealert tag --timeout 240m --maintenance
Name         Created                  Expires
maintenance  2025-05-16 19:55:28 CDT  2025-05-16 23:55:28 CDT
     root@HOK-21SAN-ct0:/var/home/pureeng# purearray phonehome --send-today && ssh peer purearray phonehome --send-today
Status   Action
running  send_today
phonehome is already running
Status   Action
running  send_today
     root@HOK-21SAN-ct0:/var/home/pureeng# purehw list
Name          Status         Identify  Slot  Index  Speed       Temperature  Voltage  Details
CH0           ok             off       -     0      -           -            -        -
CH0.BAY0      ok             off       -     0      -           -            -        -
CH0.BAY1      ok             off       -     1      -           -            -        -
CH0.BAY2      ok             off       -     2      -           -            -        -
CH0.BAY3      ok             off       -     3      -           -            -        -
CH0.BAY4      ok             off       -     4      -           -            -        -
CH0.BAY5      ok             off       -     5      -           -            -        -
CH0.BAY6      ok             off       -     6      -           -            -        -
CH0.BAY7      ok             off       -     7      -           -            -        -
CH0.BAY8      ok             off       -     8      -           -            -        -
CH0.BAY9      ok             off       -     9      -           -            -        -
CH0.BAY10     ok             off       -     10     -           -            -        -
CH0.BAY11     ok             off       -     11     -           -            -        -
CH0.BAY12     ok             off       -     12     -           -            -        -
CH0.BAY13     ok             off       -     13     -           -            -        -
CH0.BAY14     ok             off       -     14     -           -            -        -
CH0.BAY15     ok             off       -     15     -           -            -        -
CH0.BAY16     ok             off       -     16     -           -            -        -
CH0.BAY17     ok             off       -     17     -           -            -        -
CH0.BAY18     ok             off       -     18     -           -            -        -
CH0.BAY19     ok             off       -     19     -           -            -        -
CH0.NVB0      ok             off       -     0      -           -            -        -
CH0.NVB1      ok             off       -     1      -           -            -        -
CH0.NVB2      not_installed  off       -     2      -           -            -        -
CH0.NVB3      not_installed  off       -     3      -           -            -        -
CH0.PWR0      ok             -         -     0      -           -            204 V    -
CH0.PWR1      ok             -         -     1      -           -            204 V    -
CH0.TMP0      ok             -         -     0      -           20 C         -        -
CT0           ok             off       -     0      -           -            -        -
CT0.ETH0      ok             -         -     0      1.00 Gb/s   -            -        -
CT0.ETH1      ok             -         -     1      0.00 b/s    -            -        -
CT0.ETH2      ok             -         -     2      0.00 b/s    -            -        -
CT0.ETH3      ok             -         -     3      0.00 b/s    -            -        -
CT0.ETH4      ok             -         -     4      0.00 b/s    -            -        -
CT0.ETH5      ok             -         -     5      0.00 b/s    -            -        -
CT0.ETH6      ok             -         -     6      50.00 Gb/s  -            -        -
CT0.ETH7      ok             -         -     7      0.00 b/s    -            -        -
CT0.ETH8      ok             -         -     8      50.00 Gb/s  -            -        -
CT0.ETH9      ok             -         -     9      0.00 b/s    -            -        -
CT0.ETH10     ok             -         0     10     40.00 Gb/s  -            -        -
CT0.ETH11     ok             -         0     11     40.00 Gb/s  -            -        -
CT0.ETH18     ok             -         2     18     0.00 b/s    -            -        -
CT0.ETH19     ok             -         2     19     0.00 b/s    -            -        -
CT0.FAN0      ok             -         -     0      -           -            -        -
CT0.FAN1      ok             -         -     1      -           -            -        -
CT0.FAN2      ok             -         -     2      -           -            -        -
CT0.FAN3      ok             -         -     3      -           -            -        -
CT0.FAN4      ok             -         -     4      -           -            -        -
CT0.FAN5      ok             -         -     5      -           -            -        -
CT0.TMP0      ok             -         -     0       -
CT0.TMP16     ok             -         -     16     -           30 C         -        -
CT0.TMP17     ok             -         -     17     -           30 C         -        -
CT0.TMP18     ok             -         -     18     -           30 C         -        -
CT0.TMP19     ok             -         -     19     -           34 C         -        -
CT0.TMP20     ok             -         -     20     -           29 C         -        -
CT0.TMP21     ok             -         -     21     -           39 C         -        -
CT0.TMP22     ok             -         -     22     -           33 C         -        -
CT0.TMP23     ok             -         -     23     -           40 C         -        -
CT0.TMP24     ok             -         -     24     -           38 C         -        -
CT0.TMP25     ok             -         -     25     -           42 C         -        -
CT0.TMP26     ok             -         -     26     -           30 C         -        -
CT1           ok             off       -     1      -           -            -        -
CT1.ETH0      ok             -         -     0      1.00 Gb/s   -            -        -
CT1.ETH1      ok             -         -     1      0.00 b/s    -            -        -
CT1.ETH2      ok             -         -     2      0.00 b/s    -            -        -
CT1.ETH3      ok             -         -     3      0.00 b/s    -            -        -
CT1.ETH4      ok             -         -     4      0.00 b/s    -            -        -
CT1.ETH5      ok             -         -     5      0.00 b/s    -            -        -
CT1.ETH6      ok             -         -     6      50.00 Gb/s  -            -        -
CT1.ETH7      ok              -         -     2      -           -            -        -
CT1.FAN3      ok             -         -     3      -           -            -        -
CT1.FAN4      ok             -         -     4      -           -            -        -
CT1.FAN5      ok             -         -     5      -           -            -        -
CT1.TMP0      ok             -         -     0      -           34 C         -        -
CT1.TMP1      ok             -         -     1      -           35 C         -        -
CT1.TMP2      ok             -         -     2      -           31 C         -        -
CT1.TMP3      ok             -         -     3      -           41 C         -        -
CT1.TMP4      ok             -         -     4      -           42 C         -        -
CT1.TMP5      ok             -         -     5      -           37 C         -        -
CT1.TMP6      ok             -         -     6      -           41 C         -        -
CT1.TMP7      ok             -         -     7      -           30 C         -        -
CT1.TMP8      ok             -         -     8      -           31 C         -        -
CT1.TMP9      ok             -         -     9      -           31 C         -        -
CT1.TMP10     ok             -         -     10     -           30 C         -        -
CT1.TMP11     ok             -         -     11     -           30 C         -        -
CT1.TMP12     ok             -         -     12     -           30 C         -        -
CT1.TMP13     ok             -         -     13     -           34 C         -        -
CT1.TMP14     ok             -         -     14     -           33 C         -        -
CT1.TMP15     ok             -         -     15     -           33 C         -        -
CT1.TMP16     ok             -         -     16     -           30 C         -        -
CT1.TMP17     ok             -         -     17     -           30 C         -        -
CT1.TMP18     ok             -         -     18     -           31 C         -        -
CT1.TMP19     ok             -         -     19     -           33 C         -        -
CT1.TMP20     ok             -         -     20     -           30 C         -        -
CT1.TMP21     ok             -         -     21     -           37 C         -        -
CT1.TMP22     ok             -         -     22     -           34 C         -        -
CT1.TMP23     ok             -         -     23           -        -
SH9.BAY11     ok             off       -     11     -           -            -        -
SH9.BAY12     ok             off       -     12     -           -            -        -
SH9.BAY13     ok             off       -     13     -           -            -        -
SH9.BAY14     not_installed  off       -     14     -           -            -        -
SH9.BAY15     not_installed  off       -     15     -           -            -        -
SH9.BAY16     not_installed  off       -     16     -           -            -        -
SH9.BAY17     not_installed  off       -     17     -           -            -        -
SH9.BAY18     not_installed  off       -     18     -           -            -        -
SH9.BAY19     not_installed  off       -     19     -           -            -        -
SH9.BAY20     not_installed  off       -     20     -           -            -        -
SH9.BAY21     not_installed  off       -     21     -           -            -        -
SH9.BAY22     not_installed  off       -     22     -           -            -        -
SH9.BAY23     not_installed  off       -     23     -           -            -        -
SH9.BAY24     not_installed  off       -     24     -           -            -        -
SH9.BAY25     not_installed  off       -     25     -           -            -        -
SH9.BAY26     not_installed  off       -     26     -           -            -        -
SH9.BAY27     not_installed  off       -     27     -           -            -        -
SH9.PWR0      ok             -         -     0      -           -            206 V    -
SH9.PWR1      ok             -         -     1      -           -            204 V    -
SH9.SC0       ok             off       -     0      -           26 C         -             -         -     2      50.00 Gb/s  -            -        -
SH9.SC1.ETH3  ok             -         -     3      0.00 b/s    -            -        -
SH9.SC1.FAN0  ok             -         -     0      -           -            -        -
SH9.SC1.FAN1  ok             -         -     1      -           -            -        -
SH9.SC1.FAN2  ok             -         -     2      -           -            -        -
SH9.SC1.FAN3  ok             -         -     3      -           -            -        -
SH9.SC1.FAN4  ok             -         -     4      -           -            -        -
SH9.SC1.FAN5  ok             -         -     5      -           -            -        -
     root@HOK-21SAN-ct0:/var/home/pureeng# purenetwork list
Name       Enabled  Speed       Services
ct0.eth0   True     1.00 Gb/s   management
ct0.eth1   False    1.00 Gb/s   management
ct0.eth2   False    25.00 Gb/s  replication
ct0.eth3   False    25.00 Gb/s  replication
ct0.eth4   False    25.00 Gb/s  iscsi
ct0.eth5   False    25.00 Gb/s  iscsi
ct0.eth7   False    50.00 Gb/s  -
ct0.eth9   False    50.00 Gb/s  -
ct0.eth10  True     40.00 Gb/s  iscsi
ct0.eth11  True     40.00 Gb/s  iscsi
ct0.eth18  False    25.00 Gb/s  iscsi
ct0.eth19  False    25.00 Gb/s  iscsi
ct1.eth0   True     1.00 Gb/s   management
ct1.eth1   False    1.00 Gb/s   management
ct1.eth2   False    25.00 Gb/s  replication
ct1.eth3   False    25.00 Gb/s  replication
ct1.eth4   False    25.00 Gb/s  iscsi
ct1.eth5   False    25.00 Gb/s  iscsi
ct1.eth7   False    50.00 Gb/s  -
ct1.eth9   False    50.00 Gb/s  -
ct1.eth10  True     40.00 Gb/s  iscsi
ct1.eth11  True     40.00 Gb/s  iscsi
ct1.eth18  False    25.00 Gb/s  iscsi
ct1.eth19  False    25.00 Gb/s  iscsi
replbond   False    0.00 b/s    replication
vir0       True     1.00 Gb/s   management
vir1       False    1.00 Gb/s   management
     root@HOK-21SAN-ct0:/var/home/pureeng# pureennetwork eth list
Name       Enabled  Type      Subnet  Address        Mask           Gateway        MTU   MAC                Speed       Services     Subinterfaces
ct0.eth0   True     physical  -       10.20.224.101  255.255.254.0  10.20.225.254  1500  24:a9:37:45:db:2e  1.00 Gb/s   management   -
ct0.eth1   False    physical  -       -              -              -              1500  24:a9:37:45:db:2f  1.00 Gb/s   management   -
ct0.eth2   False    physical  -       -              -              -              1500  24:a9:37:45:db:31  25.00 Gb/s  replication  -
ct0.eth3   False    physical  -       -              -              -              1500  24:a9:37:45:db:30  25.00 Gb/s  replication  -
ct0.eth4   False    physical  -       -              -              -              1500  24:a9:37:45:db:33  25.00 Gb/s  iscsi        -
ct0.eth5   False    physical  -       -              -              -              1500  24:a9:37:45:db:32  25.00 Gb/s  iscsi        -
ct0.eth7   False    physical  -       -              -              -              4200  24:a9:37:45:97:d0  50.00 Gb/s  -            -
ct0.eth9   False    physical  -       -              -              -              4200  24:a9:37:45:97:d2  50.00 Gb/s  -            -
ct0.eth10  True     physical  -       10.20.64.101   255.255.254.0  -              9000  40:a6:b7:6e:ba:61  40.00 Gb/s  iscsi        -
ct0.eth11  True     physical  -       10.20.64.102   255.255.254.0  -              9000  40:a6:b7:6e:ba:60  40.00 Gb/s  iscsi        -
ct0.eth18  False    physical  -       -              -              -              1500  f4:c7:aa:24:5b:0e  25.00 Gb/s  iscsi        -
ct0.eth19  False    physical  -       -              -              -              1500  f4:c7:aa:24:5b:0f  25.00 Gb/s  iscsi        -
ct1.eth0   True     physical  -       10.20.224.102  255.255.254.0  10.20.225.254  1500  24:a9:37:45:df:42  1.00 Gb/s   management   -
ct1.eth1   False    physical  -       -              -              -              1500  24:a9:37:45:df:43  1.00 Gb/s   management   -
ct1.eth2   False    physical  -       -              -              -              1500  24:a9:37:45:df:45  25.00 Gb/s  replication  -
ct1.eth3   False    physical  -       -              -              -              1500  24:a9:37:45:df:44  25.00 Gb/s  replication  -
ct1.eth4   False    physical  -       -              -              -              1500  24:a9:37:45:df:47  25.00 Gb/s  iscsi        -
ct1.eth5   False    physical  -       -              -              -              1500  24:a9:37:45:df:46  25.00 Gb/s  iscsi        -
ct1.eth7   False    physical  -       -              -              -              4200  24:a9:37:45:cf:1c  50.00 Gb/s  -            -
ct1.eth9   False    physical  -       -              -              -              4200  24:a9:37:45:cf:1e  50.00 Gb/s  -            -
ct1.eth10  True     physical  -       10.20.65.101   255.255.254.0  -              9000  40:a6:b7:6f:f2:c1  40.00 Gb/s  iscsi        -
ct1.eth11  True     physical  -       10.20.65.102   255.255.254.0  -              9000  40:a6:b7:6f:f2:c0  40.00 Gb/s  iscsi        -
ct1.eth18  False    physical  -       -              -              -              1500  f4:c7:aa:24:51:24  25.00 Gb/s  iscsi        -
ct1.eth19  False    physical  -       -              -              -              1500  f4:c7:aa:24:51:25  25.00 Gb/s  iscsi        -
replbond   False    bond      -       -              -              -              1500  de:11:00:84:5a:f8  0.00 b/s    replication  -
vir0       True     vif       -       10.20.224.100  255.255.254.0  10.20.225.254  1500  ba:8a:55:ba:9f:06  1.00 Gb/s   management   -
vir1       False    vif       -       -              -              -              1500  a6:d5:b2:65:47:7e  1.00 Gb/s   management   -
     root@HOK-21SAN-ct0:/var/home/pureeng# purenetwork fc list
     root@HOK-21SAN-ct0:/var/home/pureeng# puremessage list --open 
     root@HOK-21SAN-ct0:/var/home/pureeng# storage_view.py config && ssh peer storage_view.py config
Start time: 2025-05-16 19:56:58

Command line: ['/opt/Purity/bin/storage_view.py', 'config']
Version: 0.999.1
Working at ct0 to look over cables between ct0 and shelves

Slot listing:
 CT    Slot#   Type     Vendor           Model                     FW Rev                Tracer       Assembly    
------------------------------------------------------------------------------------------------------------------
 ct0     15     SAS   LSI Logic       SAS_HGA-24i               14.00.03.00           PPPCFJ214509  PSO400051003  
 ct0    eth6    ETH    Mellanox         MT27710          14.28.1002 (PST0020110036)                               
 ct0    eth7    ETH    Mellanox         MT27710          14.28.1002 (PST0020110036)                               
 ct0    eth8    ETH    Mellanox         MT27710          14.28.1002 (PST0020110036)                               
 ct0    eth9    ETH    Mellanox         MT27710          14.28.1002 (PST0020110036)                               

Slot summary information:
-------------------------
ct0.eth7. (eth7 )] *

ct0.eth9. (eth9 )] *

ct0.eth6. (eth6 )] <---> [0.eth0 (eth0) SH9 .0     ]

ct0.eth8. (eth8 )] <---> [1.eth0 (eth0) SH9 .1     ]

Configuration status
--------------------
Configuration check started for FA-X50R3

SUCCESS: No errors detected.

End time: 2025-05-16 19:57:09
Start time: 2025-05-16 19:57:14

Command line: ['/opt/Purity/bin/storage_view.py', 'config']
Version: 0.999.1
Working at ct1 to look over cables between ct1 and shelves

Slot listing:
 CT    Slot#   Type     Vendor           Model                     FW Rev                Tracer       Assembly    
------------------------------------------------------------------------------------------------------------------
 ct1     15     SAS   LSI Logic       SAS_HGA-24i               14.00.03.00           PPPCFJ214509  PSO400051003  
 ct1    eth6    ETH    Mellanox         MT27710          14.28.1002 (PST0020110036)                               
 ct1    eth7    ETH    Mellanox         MT27710          14.28.1002 (PST0020110036)                               
 ct1    eth8    ETH    Mellanox         MT27710          14.28.1002 (PST0020110036)                               
 ct1    eth9    ETH    Mellanox         MT27710          14.28.1002 (PST0020110036)                               

Slot summary information:
-------------------------
ct1.eth7. (eth7 )] *

ct1.eth9. (eth9 )] *

ct1.eth6. (eth6 )] <---> [0.eth2 (eth2) SH9 .0     ]

ct1.eth8. (eth8 )] <---> [1.eth2 (eth2) SH9 .1     ]

Configuration status
--------------------
Configuration check started for FA-X50R3

SUCCESS: No errors detected.

End time: 2025-05-16 19:57:17
     root@HOK-21SAN-ct0:/var/home/pureeng# puretune list
usage: puretune [-h] (--set tunable value JIRA | --unset tunable | --list [LIST ...]) [--app NAME | --local | --cloud-store | --virtual-drives] [--csv] [--ignore-puredb] [--ignore-fe-fsck] [--verbose] [--verbose-debug]
puretune: error: one of the arguments --set --unset --list is required
     root@HOK-21SAN-ct0:/var/home/pureeng# puretune --list
Warning: failed to retrieve some tunable status (local puredb-chastity, peer puredb-chastity)
Consistently set tunables:
PS_DISABLE_ERADICATION : 1 ('CS0542705')
Inconsistently or unnecessarily set tunables:
PS_FILEGW_SMB_HIDE_DOT_SNAPSHOT:
local pureadm             - 0  (Set during upgrade to 6.3.14 - CLOUD-75192)
peer pureadm              - 0  (Set during upgrade to 6.3.14 - CLOUD-75192)
local puredb              - <unset> 
peer puredb               - <unset> 
local puredb --platform   - <unset> 
peer puredb --platform    - <unset> 
local puredb --chastity   - <unset> 
peer puredb --chastity    - <unset> 
ATOM_5206:
local pureadm             - 1 
peer pureadm              - 1 
local puredb              - <unset> 
peer puredb               - <unset> 
local puredb --platform   - <unset> 
peer puredb --platform    - <unset> 
local puredb --chastity   - <unset> 
peer puredb --chastity    - <unset> 
PURITY_START_ON_BOOT:
local pureadm             - 1 
peer pureadm              - 1 
local puredb              - <unset> 
peer puredb               - <unset> 
local puredb --platform   - <unset> 
peer puredb --platform    - <unset> 
local puredb --chastity   - <unset> 
peer puredb --chastity    - <unset> 
     root@HOK-21SAN-ct0:/var/home/pureeng# iscsipureportlist=`pureport list --initiator | grep -v FC | awk -F' CT' '{print "CT"$2,$8}' | grep -v 'CT ' | awk -F '.ETH' '{print $1, $2}' | awk '{print $1, $5, $6}' | sort | uniq -c; echo`; iscsipureportlistcount=`echo "$iscsipureportlist" | awk '{total += $1} END {print total}'`; echo -e "$iscsipureportlist\n\n"; echo -e "\tTotal iSCSI connections: $iscsipureportlistcount\n\n";
    128 CT0 iqn.2010-06.com.purestorage:flasharray.285667be86f6fc5e -
     85 CT1 iqn.2010-06.com.purestorage:flasharray.285667be86f6fc5e -


Total iSCSI connections: 213


     root@HOK-21SAN-ct0:/var/home/pureeng# iobalance --sampletime 30
sampling host I/O for 30 seconds...
                Host  CT0 I/O Count  CT1 I/O Count  
           HOK-122VS        0.00        0.00  ? Host is idle
           HOK-123VS        0.00        0.00  ? Host is idle
           HOK-124VS        0.00        0.00  ? Host is idle
           HOK-125VS        0.00        0.00  ? Host is idle
           HOK-126VS        0.00        0.00  ? Host is idle
           HOK-127VS        0.00        0.00  ? Host is idle
           HOK-128VS        0.00        0.00  ? Host is idle
           HOK-129VS        0.00        0.00  ? Host is idle
           HOK-130VS        0.00        0.00  ? Host is idle
           HOK-133VS        0.00        0.00  ? Host is idle
           esx-01svr      640.00       1.02K  ! unbalanced I/O
           esx-02svr      10.01K       6.63K  ! unbalanced I/O
           esx-03svr       1.41K       1.25K  
           esx-05svr       3.74K      11.41K  ! unbalanced I/O
           esx-06svr     112.19K      85.67K  
           esx-07svr      12.06K       4.93K  ! unbalanced I/O
           esx-08svr       6.08K      19.78K  ! unbalanced I/O
           esx-09svr       3.71K       3.55K  
           esx-10svr       2.19K       2.81K  
           esx-11svr       3.37K       1.83K  ! unbalanced I/O
           esx-14svr       3.20K      10.57K  ! unbalanced I/O
           esx-15svr       4.59K       4.64K  
           esx-16svr      78.51K      52.07K  ! unbalanced I/O
     root@HOK-21SAN-ct0:/var/home/pureeng# cat /etc/timezone 
America/Chicago     root@HOK-21SAN-ct0:/var/home/pureeng# puremessage list --open
     root@HOK-21SAN-ct0:/var/home/pureeng# puremessage list --open --hidden
     root@HOK-21SAN-ct0:/var/home/pureeng# purearray list --connect --path && ssh peer purearray list --connect --path
     root@HOK-21SAN-ct0:/var/home/pureeng# pureadm status
Process status:
purity start/running
lio-drv start/running
foed start/running, process 26127
platform start/running, process 26027
gui start/running, process 26007
rest start/running, process 27097
monitor start/running, process 26020
iostat start/running, process 181382
statistics start/running, process 26041
middleware start/running, process 28426
vasa start/running, process 28386
platform working
foed working
gui working
platform_env working
quorum working
foed_env working
remote_patch working
driver working
san working
health working
lio-drv working
middleware-db working
middleware working
vasa working
     root@HOK-21SAN-ct0:/var/home/pureeng# pussh peer
Last login: Fri May 16 19:51:51 2025 from fe80::26a9:37ff:fe45:db2d%haeth0

Fri May 16 20:04:18 2025
Welcome root. This is Purity Version 6.7.3 on FlashArray HOK-21SAN
http://www.purestorage.com/
     root@HOK-21SAN-ct1:~# pureadm status
Process status:
purity start/running
lio-drv start/running
foed start/running, process 25935
platform start/running, process 25851
gui start/running, process 25831
rest start/running, process 26907
monitor start/running, process 25843
iostat start/running, process 21201
statistics start/running, process 25861
middleware start/running, process 28269
vasa start/running, process 28209
platform working
foed working
gui working
platform_env working
quorum working
foed_env working
remote_patch working
driver working
san working
health working
lio-drv working
middleware-db working
middleware working
vasa working
     root@HOK-21SAN-ct1:~# exit
logout
     root@HOK-21SAN-ct0:/var/home/pureeng# purearray list --controller
Name     Type              Mode       Model     Version  Status  Current Mode Since       Internal Details
CT0      array_controller  primary    FA-X50R3  6.7.3    ready   2025-05-02 22:56:12 CDT  
CT1      array_controller  secondary  FA-X50R3  6.7.3    ready   2025-05-02 23:11:03 CDT  
SH9.SC0  shelf_controller  -          DFSC1     2.2.2    -       -                        -
SH9.SC1  shelf_controller  -          DFSC1     2.2.2    -       -                        -
     root@HOK-21SAN-ct0:/var/home/pureeng# purearray phoneohhome --status
Status  Action
-       -
     root@HOK-21SAN-ct0:/var/home/pureeng# ^C
     root@HOK-21SAN-ct0:/var/home/pureeng# purearray list --controller
Name     Type              Mode       Model     Version  Status  Current Mode Since       Internal Details
CT0      array_controller  primary    FA-X50R3  6.7.3    ready   2025-05-02 22:56:12 CDT  
CT1      array_controller  secondary  FA-X50R3  6.7.3    ready   2025-05-02 23:11:03 CDT  
SH9.SC0  shelf_controller  -          DFSC1     2.2.2    -       -                        -
SH9.SC1  shelf_controller  -          DFSC1     2.2.2    -       -                        -
     root@HOK-21SAN-ct0:/var/home/pureeng# purewes controller setattr --verify-array HOK-21SAN-1 ct0 --mode secondary;date
Error: local array information does not match user input
Fri May 16 08:07:57 PM CDT 2025
     root@HOK-21SAN-ct0:/var/home/pureeng# purewes controller setattr --verify-array HOK-21SAN ct0 --mode secondary;date
Run checks before making changes ...
Check peer purity status...... SUCCESS
Check pureport list........... The pureport list check failed with ERROR: Port {'target.name': None, 'target.iqn': None, 'target.wwn': None, 'target.nqn': None, 'target.portal': None, 'target.failover': None, 'target': {'name': None, 'iqn': None, 'wwn': None, 'nqn': None, 'portal': None, 'failover': None}, 'initiator.wwn': None, 'initiator.iqn': 'iqn.2006-06.com.veeam:hok-126vs.group.hok.com', 'initiator.nqn': None, 'initiator.portal': None, 'initiator': {'wwn': None, 'iqn': 'iqn.2006-06.com.veeam:hok-126vs.group.hok.com', 'nqn': None, 'portal': None}} doesn't contain field target.name or target.name is None!
Would you like to ignore this check? (y/n): y
Overriding pureport list check based on user input
SUCCESS
Check IO balance.............. Checking iobalance before proceeding, sampling for 30 seconds, retrying 3 times, adding 30 seconds with each retry
Try 1/4: Sampling I/O for 30 seconds
Sampling finished, I/O is not yet balanced
Try 2/4: Sampling I/O for 60 seconds
Sampling finished, I/O is not yet balanced
Try 4/4: Sampling I/O for 120 seconds
Sampling finished, I/O is not yet balanced
I/O is not balanced after 4 run(s).
iobalance reports the following: 
sampling host I/O for 120 seconds...
                Host  CT0 I/O Count  CT1 I/O Count  
           HOK-122VS        0.00        0.00  ? Host is idle
           HOK-123VS        0.00        0.00  ? Host is idle
           HOK-124VS        0.00        0.00  ? Host is idle
           HOK-125VS        0.00        0.00  ? Host is idle
           HOK-126VS        0.00        0.00  ? Host is idle
           HOK-127VS        0.00        0.00  ? Host is idle
           HOK-128VS        0.00        0.00  ? Host is idle
           HOK-129VS        0.00        0.00  ? Host is idle
           HOK-130VS        0.00        0.00  ? Host is idle
           HOK-133VS       40.00       40.00  
           esx-01svr       2.77K       4.33K  ! unbalanced I/O
           esx-02svr      20.12K      17.48K  
           esx-03svr       5.91K       4.26K  
           esx-05svr      18.14K      39.83K  ! unbalanced I/O
           esx-06svr     448.74K     478.64K  
           esx-07svr     351.24K      30.06K  ! unbalanced I/O
           esx-08svr      23.04K      55.39K  ! unbalanced I/O
           esx-09svr      12.45K       8.54K  
           esx-10svr       5.96K       4.38K  
           esx-11svr       6.36K      12.87K  ! unbalanced I/O
           esx-14svr      25.10K      53.25K  ! unbalanced I/O
           esx-15svr     180.09K     190.83K  
           esx-16svr     259.27K     148.01K  ! unbalanced I/O

Would you like to ignore this check?
WARNING: Unless the workload you are running is known to be imbalanced, ignoring this check could result in an outage and is NOT recommended.
Ignore anyway? (y/n): y
Overriding iobalance check based on user input
SUCCESS
Fri May 16 08:20:27 PM CDT 2025
     root@HOK-21SAN-ct0:/var/home/pureeng# purearray remoteassist --status
Name           Status          Opened                   Expires
HOK-21SAN-ct0  session-active  2025-05-16 20:06:42 CDT  2025-05-18 20:06:42 CDT
     root@HOK-21SAN-ct0:/var/home/pureeng# purearray list --controller
Name     Type              Mode       Model     Version  Status  Current Mode Since       Internal Details
CT0      array_controller  secondary  FA-X50R3  6.7.3    ready   2025-05-16 20:20:33 CDT  
CT1      array_controller  primary    FA-X50R3  6.7.3    ready   2025-05-16 20:20:27 CDT  
SH9.SC1  shelf_controller  -          DFSC1     2.2.2    -       -                        -
SH9.SC0  shelf_controller  -          DFSC1     2.2.2    -       -                        -
     root@HOK-21SAN-ct0:/var/home/pureeng# puretune --local --set PS_SUPPORTS_SECONDARY_OFFLOAD 0 'XR4 NDU disable secondary offload'
Set tunable on local (filegw skipped, pureadm done, puredb done, puremw --mig done, puremw done)
Tunable successfully set
     root@HOK-21SAN-ct0:/var/home/pureeng# ssh peer
Last login: Fri May 16 20:04:17 2025 from fe80::26a9:37ff:fe45:db2d%haeth0

Fri May 16 20:25:21 2025
Welcome root. This is Purity Version 6.7.3 on FlashArray HOK-21SAN
http://www.purestorage.com/
     root@HOK-21SAN-ct1:~# puretune --local --set PS_SUPPORTS_SECONDARY_OFFLOAD 0 'XR4 NDU disable secondary offload'
Set tunable on local (filegw skipped, pureadm done, puredb done, puremw --mig done, puremw done)
Tunable successfully set
     root@HOK-21SAN-ct1:~# exit
logout
     root@HOK-21SAN-ct0:/var/home/pureeng# puretune --list
Consistently set tunables:
PS_DISABLE_ERADICATION : 1 ('CS0542705')
PS_SUPPORTS_SECONDARY_OFFLOAD : 0 (''XR4 NDU disable secondary offload'')
Inconsistently or unnecessarily set tunables:
PS_FILEGW_SMB_HIDE_DOT_SNAPSHOT:
local pureadm             - 0  (Set during upgrade to 6.3.14 - CLOUD-75192)
peer pureadm              - 0  (Set during upgrade to 6.3.14 - CLOUD-75192)
local puredb              - <unset> 
peer puredb               - <unset> 
local puredb --platform   - <unset> 
peer puredb --platform    - <unset> 
local puredb --chastity   - <unset> 
peer puredb --chastity    - <unset> 
ATOM_5206:
local pureadm             - 1 
peer pureadm              - 1 
local puredb              - <unset> 
peer puredb               - <unset> 
local puredb --platform   - <unset> 
peer puredb --platform    - <unset> 
local puredb --chastity   - <unset> 
peer puredb --chastity    - <unset> 
PURITY_START_ON_BOOT:
local pureadm             - 1 
peer pureadm              - 1 
local puredb              - <unset> 
peer puredb               - <unset> 
local puredb --platform   - <unset> 
peer puredb --platform    - <unset> 
local puredb --chastity   - <unset> 
peer puredb --chastity    - <unset> 
     root@HOK-21SAN-ct0:/var/home/pureeng# iobalance --sampletime 30
sampling host I/O for 30 seconds...
                Host  CT0 I/O Count  CT1 I/O Count  
           HOK-122VS        0.00        0.00  ? Host is idle
           HOK-123VS        0.00        0.00  ? Host is idle
           HOK-124VS        0.00        0.00  ? Host is idle
           HOK-125VS        0.00        0.00  ? Host is idle
           HOK-126VS        0.00        0.00  ? Host is idle
           HOK-127VS        0.00        0.00  ? Host is idle
           HOK-128VS        0.00        0.00  ? Host is idle
           HOK-129VS        0.00        0.00  ? Host is idle
           HOK-130VS        0.00        0.00  ? Host is idle
           HOK-133VS        0.00        0.00  ? Host is idle
           esx-01svr      559.00      541.00  
           esx-02svr      682.00      273.00  ! unbalanced I/O
           esx-03svr      986.00      500.00  ! unbalanced I/O
           esx-05svr       4.93K       5.15K  
           esx-06svr      95.42K     128.98K  
           esx-07svr      88.06K       6.28K  ! unbalanced I/O
           esx-08svr       3.86K      13.83K  ! unbalanced I/O
           esx-09svr       9.22K       4.16K  ! unbalanced I/O
           esx-10svr       2.49K      786.00  ! unbalanced I/O
           esx-11svr       1.83K       2.54K  
           esx-14svr       7.25K       8.19K  
           esx-15svr      20.13K      32.22K  ! unbalanced I/O
           esx-16svr      97.59K      73.42K  
     root@HOK-21SAN-ct0:/var/home/pureeng# iscsipureportlist=`pureport list --initiator | grep -v FC | awk -F' CT' '{print "CT"$2,$8}' | grep -v 'CT ' | awk -F '.ETH' '{print $1, $2}' | awk '{print $1, $5, $6}' | sort | uniq -c; echo`; iscsipureportlistcount=`echo "$iscsipureportlist" | awk '{total += $1} END {print total}'`; echo -e "$iscsipureportlist\n\n"; echo -e "\tTotal iSCSI connections: $iscsipureportlistcount\n\n";
    128 CT0 iqn.2010-06.com.purestorage:flasharray.285667be86f6fc5e -
     85 CT1 iqn.2010-06.com.purestorage:flasharray.285667be86f6fc5e -


Total iSCSI connections: 213


     root@HOK-21SAN-ct0:/var/home/pureeng# purenetwork etlist
Name       Enabled  Speed       Services
ct0.eth0   True     1.00 Gb/s   management
ct0.eth1   False    1.00 Gb/s   management
ct0.eth2   False    25.00 Gb/s  replication
ct0.eth3   False    25.00 Gb/s  replication
ct0.eth4   False    25.00 Gb/s  iscsi
ct0.eth5   False    25.00 Gb/s  iscsi
ct0.eth7   False    50.00 Gb/s  -
ct0.eth9   False    50.00 Gb/s  -
ct0.eth10  True     40.00 Gb/s  iscsi
ct0.eth11  True     40.00 Gb/s  iscsi
ct0.eth18  False    25.00 Gb/s  iscsi
ct0.eth19  False    25.00 Gb/s  iscsi
ct1.eth0   True     1.00 Gb/s   management
ct1.eth1   False    1.00 Gb/s   management
ct1.eth2   False    25.00 Gb/s  replication
ct1.eth3   False    25.00 Gb/s  replication
ct1.eth4   False    25.00 Gb/s  iscsi
ct1.eth5   False    25.00 Gb/s  iscsi
ct1.eth7   False    50.00 Gb/s  -
ct1.eth9   False    50.00 Gb/s  -
ct1.eth10  True     40.00 Gb/s  iscsi
ct1.eth11  True     40.00 Gb/s  iscsi
ct1.eth18  False    25.00 Gb/s  iscsi
ct1.eth19  False    25.00 Gb/s  iscsi
replbond   False    0.00 b/s    replication
vir0       True     1.00 Gb/s   management
vir1       False    1.00 Gb/s   management
     root@HOK-21SAN-ct0:/var/home/pureeng# purearrah list --cotnroller
bash: purearrah: command not found
     root@HOK-21SAN-ct0:/var/home/pureeng# purearray list --controller
Name     Type              Mode       Model     Version  Status  Current Mode Since       Internal Details
CT0      array_controller  secondary  FA-X50R3  6.7.3    ready   2025-05-16 20:20:33 CDT  
CT1      array_controller  primary    FA-X50R3  6.7.3    ready   2025-05-16 20:20:27 CDT  
SH9.SC1  shelf_controller  -          DFSC1     2.2.2    -       -                        -
SH9.SC0  shelf_controller  -          DFSC1     2.2.2    -       -                        -
     root@HOK-21SAN-ct0:/var/home/pureeng# purearray list --controller
Name     Type              Mode       Model     Version  Status  Current Mode Since       Internal Details
CT0      array_controller  secondary  FA-X50R3  6.7.3    ready   2025-05-16 20:20:33 CDT  
CT1      array_controller  primary    FA-X50R3  6.7.3    ready   2025-05-16 20:20:27 CDT  
SH9.SC1  shelf_controller  -          DFSC1     2.2.2    -       -                        -
SH9.SC0  shelf_controller  -          DFSC1     2.2.2    -       -                        -
     root@HOK-21SAN-ct0:/var/home/pureeng# =~=~=~=~=~=~=~=~=~=~=~= PuTTY log 2025.05.16 21:39:26 =~=~=~=~=~=~=~=~=~=~=~=

HOK-21SAN-ct0 login: pureeng
1) Authenticate via CloudAssist
2) Authenticate via command line
3) Restore challenge
Type the number corresponding to the authentication method you want to use.

Selection: 2
Challenge: kid:1 verrel coyish pic bedoyo 538975-135505398-2906624677520014430

Enter response or type 'save' to save challenge for later: e51ca-0f014-c3da0-8fad4-7fc9b-1bc77-38ba7-2f08e-88ff3-2cf6f-02549-12a33-a4d23-d03ca-c7768-66c31-2895c-f31b6-62bee-158c8-d4948-e3e37-919bc-de99c-e12eb-43b
Successfully authenticated
Last login: Thu Jan  9 01:07:29 UTC 2025 on ttyS0

Sat May 17 01:43:59 2025
Welcome pureeng. This is Purity Version 6.5.8 on FlashArray HOK-21SAN
http://www.purestorage.com/
pureeng@HOK-21SAN-ct0:~$ pureadm status
usage: pureadm [-h]
               {debug-foe,dump-bdag,dump-volumes,firewall,remote-rpc,force-gc,force-triage,list-tunable,lo-mem,mem-track,prepare-shutdown,profile-foe,release-foe,restart,start,status,stop,tune,multitune,wait}
               ...

positional arguments:
  {debug-foe,dump-bdag,dump-volumes,firewall,remote-rpc,force-gc,force-triage,list-tunable,lo-mem,mem-track,prepare-shutdown,profile-foe,release-foe,restart,start,status,stop,tune,multitune,wait}
    debug-foe           run Purity in debug mode on next restart
    dump-bdag           dump medium bdag table to a csv file
    dump-volumes        dump volumes table data to a csv file
    firewall            configure the firewall
    remote-rpc          configure the remote-rpc
    force-gc            force gc to start/stop or query status
    force-triage        force triage to start
    list-tunable        list set tunables
    lo-mem              configure tunables to control memory usage; pureadm
                        stop / rmmod ps_bdrv / pureadm start required
    mem-track           configure memory tracking
    prepare-shutdown    prepare for shutdown
    profile-foe         run Purity in profile mode on next restart
    release-foe         run Purity in release mode on next restart
    restart             restart Purity
    start               start Purity
    status              status Purity
    stop                stop Purity
    tune                set or clear tunables
    multitune           set or clear multiple tunables
    wait                wait for Purity services to become ready

options:
  -h, --help            show this help message and exit
(must be run as root)
pureeng@HOK-21SAN-ct0:~$ sudo su
     root@HOK-21SAN-ct0:/var/home/pureeng# pureadm status
Process status:
purity stop/waiting
lio-drv stop/waiting
foed stop/waiting
platform stop/waiting
gui stop/waiting
rest stop/waiting
monitor stop/waiting
iostat stop/waiting
statistics stop/waiting
middleware stop/waiting
vasa stop/waiting
platform not responding
foed not responding
gui not responding
platform_env not responding (prerequisite not ready)
quorum not responding (prerequisite not ready)
foed_env not responding (prerequisite not ready)
foed_ready not responding (prerequisite not ready)
remote_patch not responding (prerequisite not ready)
driver not responding
san not responding (prerequisite not ready)
health not responding (prerequisite not ready)
lio-drv not responding
middleware-db not responding
middleware not responding
vasa not responding
     root@HOK-21SAN-ct0:/var/home/pureeng# ls /devmount /dev/sdb1 /mnt
The disk contains an unclean file system (0, 1).
The file system wasn't safely closed on Windows. Fixing.
     root@HOK-21SAN-ct0:/var/home/pureeng# cp /mnt/6.7.3/* .
     root@HOK-21SAN-ct0:/var/home/pureeng# pureisntall install purity_6.7.3_202503241831+6aa78d215a66.ppkg
Installing Purity on alternate partition labeled first.
Erasing Purity software image from alternate partition first to prepare for installation.
WARNING: Do not interrupt this process!!
Unpacking new Purity software.
............................................................................................................................................................................................................................................................................................................................................................................................................................................................................................................................................................................................................................................................................................................................................................................................................................................................................................................................................................................................................................................................................................................................................................................................................................................................................................................................................................................................................................
Verifying package...

Finalizing installation. This may take several minutes.
Executing /altroot/opt/purextras/bin/finish-install.sh
Executing /altroot/opt/purextras/bin/finish-install.azure-propagate.sh
Executing /altroot/opt/purextras/bin/finish-install.cbs.sh
Executing /altroot/opt/purextras/bin/finish-install.fix-dpkg.sh
Purity installed.
Installation complete. The new Purity version will load at next reboot.

Important!
The first boot of a new Purity version may take longer if the new version includes controller firmware updates.
DO NOT REBOOT THE CONTROLLER DURING THE FIRMWARE UPDATE.

Refer to http://community.purestorage.com for more information about the Purity upgrade process and firmware updates.
     root@HOK-21SAN-ct0:/var/home/pureeng# pureboot reboot --offline
[Errno 111] Connection refused
 GNU GRUB  version 2.06

/----------------------------------------------------------------------------\||||||||||||||||||||||||||\----------------------------------------------------------------------------/     Use the ^ and v keys to select which entry is highlighted.          
      Press enter to boot the selected OS, `e' to edit the commands       
      before booting or `c' for a command-line.                             Purity 6.5.8 (202408090136+b967c2f84655) with kernel 5.15.123+ (2024071402>
*Purity 6.7.3 (202503241831+6aa78d215a66) with kernel 5.15.123+ (2025031712>
                                                                                                                                                                                                                                                                                                                                                                                                                                                                                                                                                                                                                                                                                                                                                                                                                                                                        The highlighted entry will be executed automatically in 3s.                    The highlighted entry will be executed automatically in 2s.                    The highlighted entry will be executed automatically in 1s.                    The highlighted entry will be executed automatically in 0s.                 
Purity

HOK-21SAN-ct0 login: pureeng
1) Authenticate via CloudAssist
2) Authenticate via command line
3) Restore challenge
Type the number corresponding to the authentication method you want to use.

Selection: 2
Challenge: kid:1 meter sterin taper cobang 538975-135505398-2906624677520014430

Enter response or type 'save' to save challenge for later: 9560f-4e6b8-5fdf0-e17a8-71823-482a2-bd4c1-df4c4-23fd7-d0afe-4e3a6-4de1c-f851a-18337-0f57f-8fa52-acd0c-df3b7-440f5-db702-f9cfa-eabbb-39864-e196d-1e58c-23f
Successfully authenticated
<fw_update_tool>
===================================================================
=                            NOTICE                               =
===================================================================
=                                                                 =
=    Firmware is currently being checked and/or updated           =
=    on this controller.                                          =
=                                                                 =
=    If updates are necessary they will be applied automatically, =
=    and one or more automatic reboots may occur as a result.     =
=    A completion notice will be provided when done.              =
=                                                                 =
=    DO NOT RESTART OR REMOVE POWER WHILE UPDATE IS IN PROGRESS   =
=                                                                 =
===================================================================
<fw_update_tool>
Last login: Sat May 17 01:43:59 UTC 2025 on ttyS0

Sat May 17 01:51:12 2025
Welcome pureeng. This is Purity Version 6.7.3 on FlashArray HOK-21SAN
http://www.purestorage.com/
pureeng@HOK-21SAN-ct0:~$ pureboot list
usage: pureboot [-h] [--version]
                {setenv,listenv,update,list,reboot,poweroff,setboot} ...

positional arguments:
  {setenv,listenv,update,list,reboot,poweroff,setboot}
    setenv              set boot environment variable
    listenv             list boot environment variables
    update              update Purity boot config file
    list                list boot files
    reboot              reboot the current controller
    poweroff            poweroff the current controller NOTE: controller does
                        not come back automatically
    setboot             set the default Purity version to boot

options:
  -h, --help            show this help message and exit
  --version             show program's version number and exit
(must be run as root)
pureeng@HOK-21SAN-ct0:~$ sudo su
     root@HOK-21SAN-ct0:/var/home/pureeng# pureboot list
===================================================================
=                            NOTICE                               =
===================================================================
=                                                                 =
=    Firmware is currently being checked and/or updated           =
=    on this controller.                                          =
=                                                                 =
=    If updates are necessary they will be applied automatically, =
=    and one or more automatic reboots may occur as a result.     =
=    A completion notice will be provided when done.              =
=                                                                 =
=    DO NOT RESTART OR REMOVE POWER WHILE UPDATE IS IN PROGRESS   =
=                                                                 =
===================================================================


Marked entry (*) is currently running
Marked entry (-->) will run at next reboot
    0. Purity 6.5.8 (202408090136+b967c2f84655) with kernel 5.15.123+ (202407140227+e4052619b975) on second (/dev/sda4)
*-->1. Purity 6.7.3 (202503241831+6aa78d215a66) with kernel 5.15.123+ (202503171218+709a437ce8a4) on first (/dev/sda3)
     root@HOK-21SAN-ct0:/var/home/pureeng# hwconfig -m
FA-X50R4
     root@HOK-21SAN-ct0:/var/home/pureeng# ssh peer
     root@HOK-21SAN-ct0:/var/home/pureeng# pureboot lsit
usage: pureboot [-h] [--version]
                {setenv,listenv,update,list,reboot,poweroff,setboot} ...
pureboot: error: argument {setenv,listenv,update,list,reboot,poweroff,setboot}: invalid choice: 'lsit' (choose from 'setenv', 'listenv', 'update', 'list', 'reboot', 'poweroff', 'setboot')
     root@HOK-21SAN-ct0:/var/home/pureeng# pureboot list
===================================================================
=                            NOTICE                               =
===================================================================
=                                                                 =
=    Firmware is currently being checked and/or updated           =
=    on this controller.                                          =
=                                                                 =
=    If updates are necessary they will be applied automatically, =
=    and one or more automatic reboots may occur as a result.     =
=    A completion notice will be provided when done.              =
=                                                                 =
=    DO NOT RESTART OR REMOVE POWER WHILE UPDATE IS IN PROGRESS   =
=                                                                 =
===================================================================


Marked entry (*) is currently running
Marked entry (-->) will run at next reboot
    0. Purity 6.5.8 (202408090136+b967c2f84655) with kernel 5.15.123+ (202407140227+e4052619b975) on second (/dev/sda4)
*-->1. Purity 6.7.3 (202503241831+6aa78d215a66) with kernel 5.15.123+ (202503171218+709a437ce8a4) on first (/dev/sda3)
     root@HOK-21SAN-ct0:/var/home/pureeng# 
     root@HOK-21SAN-ct0:/var/home/pureeng# 
     root@HOK-21SAN-ct0:/var/home/pureeng#  GNU GRUB  version 2.06

/----------------------------------------------------------------------------\||||||||||||||||||||||||||\----------------------------------------------------------------------------/     Use the ^ and v keys to select which entry is highlighted.          
      Press enter to boot the selected OS, `e' to edit the commands       
      before booting or `c' for a command-line.                             Purity 6.5.8 (202408090136+b967c2f84655) with kernel 5.15.123+ (2024071402>
*Purity 6.7.3 (202503241831+6aa78d215a66) with kernel 5.15.123+ (2025031712>
                                                                                                                                                                                                                                                                                                                                                                                                                                                                                                                                                                                                                                                                                                                                                                                                                                                                        The highlighted entry will be executed automatically in 3s.                    The highlighted entry will be executed automatically in 2s.                    The highlighted entry will be executed automatically in 1s.                    The highlighted entry will be executed automatically in 0s.                 
Purity

HOK-21SAN-ct0 login: pureeng
1) Authenticate via CloudAssist
2) Authenticate via command line
3) Restore challenge
Type the number corresponding to the authentication method you want to use.

Selection: 2
Challenge: kid:1 siwash howso tubik towkay 538975-135505398-2906624677520014430

Enter response or type 'save' to save challenge for later: 53165-05072-ce3f4-cdb45-cd1d2-5db81-9e336-8cbd9-5017f-8ad91-804c0-80c03-1cf9b-585a6-6835b-894a6-50c6a-58dc9-d3502-43268-7e849-5e6e6-233cd-698d5-4e147-0a2
Successfully authenticated
<fw_update_tool>
===================================================================
=                            NOTICE                               =
===================================================================
=                                                                 =
=    Firmware is currently being checked and/or updated           =
=    on this controller.                                          =
=                                                                 =
=    If updates are necessary they will be applied automatically, =
=    and one or more automatic reboots may occur as a result.     =
=    A completion notice will be provided when done.              =
=                                                                 =
=    DO NOT RESTART OR REMOVE POWER WHILE UPDATE IS IN PROGRESS   =
=                                                                 =
===================================================================
<fw_update_tool>
Last login: Sat May 17 01:51:42 UTC 2025 from fe80::26a9:37ff:fe45:df41%haeth0 on pts/1

Sat May 17 02:23:00 2025
Welcome pureeng. This is Purity Version 6.7.3 on FlashArray HOK-21SAN
http://www.purestorage.com/
pureeng@HOK-21SAN-ct0:~$ pureboot list
usage: pureboot [-h] [--version]
                {setenv,listenv,update,list,reboot,poweroff,setboot} ...

positional arguments:
  {setenv,listenv,update,list,reboot,poweroff,setboot}
    setenv              set boot environment variable
    listenv             list boot environment variables
    update              update Purity boot config file
    list                list boot files
    reboot              reboot the current controller
    poweroff            poweroff the current controller NOTE: controller does
                        not come back automatically
    setboot             set the default Purity version to boot

options:
  -h, --help            show this help message and exit
  --version             show program's version number and exit
(must be run as root)
pureeng@HOK-21SAN-ct0:~$ sudo su
     root@HOK-21SAN-ct0:/var/home/pureeng# pureboot list
===================================================================
=                            NOTICE                               =
===================================================================
=                                                                 =
=    Firmware is currently being checked and/or updated           =
=    on this controller.                                          =
=                                                                 =
=    If updates are necessary they will be applied automatically, =
=    and one or more automatic reboots may occur as a result.     =
=    A completion notice will be provided when done.              =
=                                                                 =
=    DO NOT RESTART OR REMOVE POWER WHILE UPDATE IS IN PROGRESS   =
=                                                                 =
===================================================================


Marked entry (*) is currently running
Marked entry (-->) will run at next reboot
    0. Purity 6.5.8 (202408090136+b967c2f84655) with kernel 5.15.123+ (202407140227+e4052619b975) on second (/dev/sda4)
*-->1. Purity 6.7.3 (202503241831+6aa78d215a66) with kernel 5.15.123+ (202503171218+709a437ce8a4) on first (/dev/sda3)
     root@HOK-21SAN-ct0:/var/home/pureeng#  GNU GRUB  version 2.06

/----------------------------------------------------------------------------\||||||||||||||||||||||||||\----------------------------------------------------------------------------/     Use the ^ and v keys to select which entry is highlighted.          
      Press enter to boot the selected OS, `e' to edit the commands       
      before booting or `c' for a command-line.                             Purity 6.5.8 (202408090136+b967c2f84655) with kernel 5.15.123+ (2024071402>
*Purity 6.7.3 (202503241831+6aa78d215a66) with kernel 5.15.123+ (2025031712>
                                                                                                                                                                                                                                                                                                                                                                                                                                                                                                                                                                                                                                                                                                                                                                                                                                                                        The highlighted entry will be executed automatically in 3s.                    The highlighted entry will be executed automatically in 2s.                    The highlighted entry will be executed automatically in 1s.                    The highlighted entry will be executed automatically in 0s.                 
Purity

HOK-21SAN-ct0 login: pureeng
1) Authenticate via CloudAssist
2) Authenticate via command line
3) Restore challenge
Type the number corresponding to the authentication method you want to use.

Selection: 2
Challenge: kid:1 enlock skift racoon versed 538975-135505398-2906624677520014430

Enter response or type 'save' to save challenge for later: a01ef-eb7a3-26516-5f9b0-8da66-02c29-39a88-f26f8-d863d-10aeb-a75fe-ca0d8-b1087-a45d3-7e36d-51eb5-95b61-b8ab1-2e668-210f8-7be61-5a55e-36060-a3a52-020c9-a8f
Successfully authenticated
<fw_update_tool>
===================================================================
=                            NOTICE                               =
===================================================================
=                                                                 =
=    Firmware is currently being checked and/or updated           =
=    on this controller.                                          =
=                                                                 =
=    If updates are necessary they will be applied automatically, =
=    and one or more automatic reboots may occur as a result.     =
=    A completion notice will be provided when done.              =
=                                                                 =
=    DO NOT RESTART OR REMOVE POWER WHILE UPDATE IS IN PROGRESS   =
=                                                                 =
===================================================================
<fw_update_tool>
Last login: Sat May 17 02:26:32 UTC 2025 from fe80::26a9:37ff:fe45:df41%haeth0 on pts/0

Sat May 17 02:27:06 2025
Welcome pureeng. This is Purity Version 6.7.3 on FlashArray HOK-21SAN
http://www.purestorage.com/
pureeng@HOK-21SAN-ct0:~$                                                                                
Broadcast message from root@HOK-21SAN-ct0 (somewhere) (Sat May 17 02:27:30 2025
                                                                               
===================================================================            
=                   UPDATE AND/OR CHECK COMPLETE                  =            
=                                                                 =            
=    The firmware checks/updates on this system are now complete. =            
=    No further action is required, and the controller will       =            
=    continue running as usual                                    =            
=                                                                 =            
===================================================================            
                                                                               
                                                                               

pureeng@HOK-21SAN-ct0:~$ PUREpureadm status
usage: pureadm [-h]
               {debug-foe,dump-bdag,dump-volumes,firewall,remote-rpc,force-gc,force-triage,list-tunable,get-tunable-value,lo-mem,mem-track,prepare-shutdown,profile-foe,release-foe,restart,start,status,stop,tune,multitune,wait}
               ...

positional arguments:
  {debug-foe,dump-bdag,dump-volumes,firewall,remote-rpc,force-gc,force-triage,list-tunable,get-tunable-value,lo-mem,mem-track,prepare-shutdown,profile-foe,release-foe,restart,start,status,stop,tune,multitune,wait}
    debug-foe           run Purity in debug mode on next restart
    dump-bdag           dump medium bdag table to a csv file
    dump-volumes        dump volumes table data to a csv file
    firewall            configure the firewall
    remote-rpc          configure the remote-rpc
    force-gc            force gc to start/stop or query status
    force-triage        force triage to start
    list-tunable        list set tunables
    get-tunable-value   get the value of a tunable, if set
    lo-mem              configure tunables to control memory usage; pureadm
                        stop / rmmod ps_bdrv / pureadm start required
    mem-track           configure memory tracking
    prepare-shutdown    prepare for shutdown
    profile-foe         run Purity in profile mode on next restart
    release-foe         run Purity in release mode on next restart
    restart             restart Purity
    start               start Purity
    status              status Purity
    stop                stop Purity
    tune                set or clear tunables
    multitune           set or clear multiple tunables
    wait                wait for Purity services to become ready

options:
  -h, --help            show this help message and exit
(must be run as root)
pureeng@HOK-21SAN-ct0:~$ sudo su
     root@HOK-21SAN-ct0:/var/home/pureeng# pureadm status
Process status:
purity stop/waiting
lio-drv stop/waiting
foed stop/waiting
platform stop/waiting
gui stop/waiting
rest stop/waiting
monitor stop/waiting
iostat stop/waiting
statistics stop/waiting
middleware stop/waiting
vasa stop/waiting
platform not responding
foed not responding
gui not responding
platform_env not responding (prerequisite not ready)
quorum not responding (prerequisite not ready)
foed_env not responding (prerequisite not ready)
remote_patch not responding (prerequisite not ready)
driver not responding
san not responding (prerequisite not ready)
health not responding (prerequisite not ready)
lio-drv not responding
middleware-db not responding
middleware not responding
vasa not responding
     root@HOK-21SAN-ct0:/var/home/pureeng# puresetup replace --from-controller F A-X50R3
##########################################
#   Welcome to the Purity Setup Wizard   #
##########################################
May 17 02:28:16.262 puresetup: PROGRESS: Starting controller replacement
May 17 02:28:16.265 puresetup.py: PROGRESS: Checking if the current Purity version supports this controller model
Controller hardware model is compatible with the controller purity version
[Errno 111] Connection refused
FA-X50R4 supports multiple storage types, configuring...
The controller will be rebooted when puresetup finishes
Pre-configured storage type X was found on the controller, will proceed to overwrite
Detected storage type X from peer
Successfully configured storage type X for controller
May 17 02:28:16.686 puresetup.py: PROGRESS: Running hardware checks
May 17 02:28:16.686 puresetup.py: PROGRESS: Detecting shelves connected to the array
Check Cobalt NDU controllers.. OK
Check RDL..................... OK
Check shelf cabling........... OK
Check controller link......... OK
Check power supply............ OK
Check PCIE AER errors......... OK
Check io card pci id's........ OK
Check LOM MAC addresses....... OK
Check physical memory......... OK
Getting local controller type.
Local controller type is cobalt_a.
Getting local controller variant.
Not a generic controller, Exiting.
May 17 02:28:42.270 puresetup: PROGRESS: Running platinum NDU checks
Checking peer controller for tunables
Enable secondary offload feature (y/n)? Please check the tunables set from the p
re-upgrade list. If the PS_SUPPORTS_SECONDARY_OFFLOAD doesn't show up in the lis
t or is set to 1, reply "y". If the PS_SUPPORTS_SECONDARY_OFFLOAD is set to 0 re
ply "n".:nEnable secondary offload feature (y/n)? Please check the tunables set from the p
re-upgrade list. If the PS_SUPPORTS_SECONDARY_OFFLOAD doesn't show up in the lis
t or is set to 1, reply "y". If the PS_SUPPORTS_SECONDARY_OFFLOAD is set to 0 re
ply "n".: n

Apply PS_SUPPORTS_SECONDARY_OFFLOAD = 0 # Enable/disable secondary offload as re
 (y/n):y
Apply PS_SUPPORTS_SECONDARY_OFFLOAD = 0 # Enable/disable secondary offload as re
 (y/n): y
Peer tunable check failed, aborting setup. Please contact Pure Storage Support.
CONFIG_TASK_COMPLETED:CONFIG_TASK_PURESETUP_EXITED
     root@HOK-21SAN-ct0:/var/home/pureeng# puresetup replace --from-controller FA-X50R3  
##########################################
#   Welcome to the Purity Setup Wizard   #
##########################################
May 17 02:38:10.346 puresetup: PROGRESS: Starting controller replacement
May 17 02:38:10.349 puresetup.py: PROGRESS: Checking if the current Purity version supports this controller model
Controller hardware model is compatible with the controller purity version
[Errno 111] Connection refused
FA-X50R4 supports multiple storage types, configuring...
The controller will be rebooted when puresetup finishes
Pre-configured storage type X was found on the controller, will proceed to overwrite
Detected storage type X from peer
Successfully configured storage type X for controller
May 17 02:38:10.766 puresetup.py: PROGRESS: Running hardware checks
May 17 02:38:10.766 puresetup.py: PROGRESS: Detecting shelves connected to the array
Check Cobalt NDU controllers.. OK
Check RDL..................... OK
Check shelf cabling........... OK
Check controller link......... OK
Check power supply............ OK
Check PCIE AER errors......... OK
Check io card pci id's........ OK
Check LOM MAC addresses....... OK
Check physical memory......... OK
Getting local controller type.
Local controller type is cobalt_a.
Getting local controller variant.
Not a generic controller, Exiting.
May 17 02:38:35.638 puresetup: PROGRESS: Running platinum NDU checks
Checking peer controller for tunables
Enable secondary offload feature (y/n)? Please check the tunables set from the p
re-upgrade list. If the PS_SUPPORTS_SECONDARY_OFFLOAD doesn't show up in the lis
t or is set to 1, reply "y". If the PS_SUPPORTS_SECONDARY_OFFLOAD is set to 0 re
ply "n".:nEnable secondary offload feature (y/n)? Please check the tunables set from the p
re-upgrade list. If the PS_SUPPORTS_SECONDARY_OFFLOAD doesn't show up in the lis
t or is set to 1, reply "y". If the PS_SUPPORTS_SECONDARY_OFFLOAD is set to 0 re
ply "n".: n

Apply PS_SUPPORTS_SECONDARY_OFFLOAD = 0 # Enable/disable secondary offload as re
 (y/n):n
Apply PS_SUPPORTS_SECONDARY_OFFLOAD = 0 # Enable/disable secondary offload as re
 (y/n): n
purity.service stablized: done
purity start/running
platform: ..done
foed: .done
gui: ......done
rest: done
platform_env: 0.done
quorum: ...done
foed_env: 1.1.1.1.1.1.1.1.1.1.1.1.1.1.1.1.1.1.1.1.1.1.1.1.1.1.1.1.1.1.1.1.1.1.1.1.1.1.1.1.1.1.1.1.1.1.1.1.1.1.1.1.1.1.1.1.1.1.1.1.1.1.1.1.1.0.done
remote_patch: done
driver: done
san: Skip waiting for san during HW NDU
May 17 02:41:21.441 puresetup: PROGRESS: Checking all purity services are working
Diagnostics software not installed, no work needed.
May 17 02:41:31.375 puresetup.py: WARNING: Could not restart patch svc on peer: [Errno 2] No such file or directory: 'ssh peer service software_patch_svc restart'
May 17 02:41:31.384 puresetup: PROGRESS: Displaying port migration instructions
[FA-X50R3.CT0.ETH1] does not need to be migrated since it has no configuration and is not a subinterface.
[FA-X50R3.CT0.ETH2] does not need to be migrated since it has no configuration and is not a subinterface.
[FA-X50R3.CT0.ETH3] does not need to be migrated since it has no configuration and is not a subinterface.
[FA-X50R3.CT0.ETH4] does not need to be migrated since it has no configuration and is not a subinterface.
[FA-X50R3.CT0.ETH5] does not need to be migrated since it has no configuration and is not a subinterface.
[FA-X50R3.CT0.ETH6] does not need to be migrated since it has no configuration and is not a subinterface.
[FA-X50R3.CT0.ETH7] does not need to be migrated since it has no configuration and is not a subinterface.
[FA-X50R3.CT0.ETH8] does not need to be migrated since it has no configuration and is not a subinterface.
[FA-X50R3.CT0.ETH9] does not need to be migrated since it has no configuration and is not a subinterface.
[FA-X50R3.CT0.ETH18] does not need to be migrated since it has no configuration and is not a subinterface.
Press Enter to show more lines...
[FA-X50R3.CT0.ETH19] does not need to be migrated since it has no configuration and is not a subinterface.
Please move ports as shown below:
[FA-X50R3.CT0.ETH0] ====>> [FA-X50R4.CT0.ETH4](Slot: LOM)
[FA-X50R3.CT0.ETH10] ====>> [FA-X50R4.CT0.ETH10](Slot:1)
[FA-X50R3.CT0.ETH11] ====>> [FA-X50R4.CT0.ETH11](Slot:1)

After the cables have been moved, type "CONTINUE": continue
May 17 02:42:51.143 puresetup: PROGRESS: Configuring network ports...
Perform ping test on port ETH4 ....... OK
Checking SAN connectivity
                                                                               
Broadcast message from root@HOK-21SAN-ct0 (somewhere) (Sat May 17 02:43:07 2025
                                                                               
                                                                               
Purity//FA Information System Status                                           
====================================                                           
Purity//FA has successfully started for                                        
the first time after an install                                                
or upgrade. Purity//FA 6.7.3 (202503241831+6aa78d215a66-67x)                   
is now set to be the default.                                                  
                                                                               
                                                                               
Broadcast message from root@HOK-21SAN-ct0 (somewhere) (Sat May 17 02:43:07 2025
                                                                               
                                                                               
Purity//FA Information System Status                                           
====================================                                           
Purity//FA has successfully started for                                        
the first time after an install                                                
or upgrade. Purity//FA 6.7.3 (202503241831+6aa78d215a66-67x)                   
is now set to be the default.                                                  
                                                                               
.
SAN is ready.
Waiting for Software Check:
Attempt 1/5 ...
May 17 02:43:16.427 puresetup.py: PROGRESS: Detecting shelves connected to the array
Checking iobalance before proceeding, sampling for 30 seconds, retrying 1 times, adding 30 seconds with each retry
Try 1/2: Sampling I/O for 30 seconds
Sampling finished, I/O is not yet balanced
Try 2/2: Sampling I/O for 60 seconds
^C
Exit without saving changes.
CONFIG_TASK_COMPLETED:CONFIG_TASK_PURESETUP_EXITED
     root@HOK-21SAN-ct0:/var/home/pureeng# iscsipureportlist=`pureport list --initiator | grep -v FC | awk -F' CT' '{print "CT"$2,$8}' | grep -v 'CT ' | awk -F '.ETH' '{print $1, $2}' | awk '{print $1, $5, $6}' | sort | uniq -c; echo`; iscsipureportlistcount=`echo "$iscsipureportlist" | awk '{total += $1} END {print total}'`; echo -e "$iscsipureportlist\n\n"; echo -e "\tTotal iSCSI connections: $iscsipureportlistcount\n\n";
     86 CT0 iqn.2010-06.com.purestorage:flasharray.285667be86f6fc5e -
    127 CT1 iqn.2010-06.com.purestorage:flasharray.285667be86f6fc5e -


Total iSCSI connections: 213


     root@HOK-21SAN-ct0:/var/home/pureeng# ibobalance --sampletime 15
sampling host I/O for 15 seconds...
^CTraceback (most recent call last):
  File "/opt/Purity/bin/iobalance", line 242, in <module>
    main()
  File "/opt/Purity/bin/iobalance", line 225, in main
    stats = collect_stats(sampletime=args.sampletime, primary=primary)
  File "/opt/Purity/bin/iobalance", line 179, in collect_stats
    rpc_results = api.purehost_monitor(balance=True, interval=sampletime, _timeout=sampletime + 50)
  File "/usr/lib/python3/dist-packages/pure/cli/api/simple.py", line 26, in apifunc
    return func(ApiRpcOutput(), *args, **kwargs)
  File "/usr/lib/python3/dist-packages/pure/cli/api/raw.py", line 2961, in rawfunc
    return output.call(command, action=subcommand, **kwargs)
  File "/usr/lib/python3/dist-packages/pure/cli/api/simple.py", line 47, in call
    (raw_data, status) = getattr(command_instance, subcommand)(args)
  File "/usr/lib/python3/dist-packages/pure/cli/command/purehost.py", line 474, in monitor
    return self._process(args, func)
  File "/usr/lib/python3/dist-packages/pure/cli/command/command.py", line 560, in _process
    data, status = middleware_func()
  File "/usr/lib/python3/dist-packages/pure/cli/command/purehost.py", line 469, in <lambda>
    func = lambda: middleware.HOSTS.get_balance_performance(
  File "/usr/lib/python3/dist-packages/pure/middleware/endpoints/hosts.py", line 61, in get_balance_performance
    return self.call_rest("GET", error_handler, params=params, endpoint=endpoint,
  File "/usr/lib/python3/dist-packages/pure/middleware/endpoints/actions/__init__.py", line 51, in call_rest
    return self.client.call_rest(method, url, *args, **kwargs)
  File "/usr/lib/python3/dist-packages/pure/middleware/middleware_client.py", line 513, in call_rest
    for stream in self.__execute(method=method, url=url, params=params, data=data, request_id=request_id_with_default):
  File "/usr/lib/python3/dist-packages/pure/middleware/middleware_client.py", line 531, in __execute
    for (status, headers, parsed_events) in self._get_rest_response(method, url, params, data, headers=headers, request_id=request_id):
  File "/usr/lib/python3/dist-packages/pure/middleware/middleware_client.py", line 611, in _get_rest_response
    with requests.request(method=method, url=url, params=clean_params, json=data, headers=headers, timeout=timeout, stream=True, hooks=hooks) as response:
  File "/usr/lib/python3/dist-packages/requests/api.py", line 61, in request
    return session.request(method=method, url=url, **kwargs)
  File "/usr/lib/python3/dist-packages/requests/sessions.py", line 544, in request
    resp = self.send(prep, **send_kwargs)
  File "/usr/lib/python3/dist-packages/requests/sessions.py", line 657, in send
    r = adapter.send(request, **kwargs)
  File "/usr/lib/python3/dist-packages/requests/adapters.py", line 439, in send
    resp = conn.urlopen(
  File "/usr/lib/python3/dist-packages/urllib3/connectionpool.py", line 700, in urlopen
    httplib_response = self._make_request(
  File "/usr/lib/python3/dist-packages/urllib3/connectionpool.py", line 446, in _make_request
    six.raise_from(e, None)
  File "<string>", line 3, in raise_from
  File "/usr/lib/python3/dist-packages/urllib3/connectionpool.py", line 441, in _make_request
    httplib_response = conn.getresponse()
  File "/usr/lib/python3.10/http/client.py", line 1375, in getresponse
    response.begin()
  File "/usr/lib/python3.10/http/client.py", line 318, in begin
    version, status, reason = self._read_status()
  File "/usr/lib/python3.10/http/client.py", line 279, in _read_status
    line = str(self.fp.readline(_MAXLINE + 1), "iso-8859-1")
  File "/usr/lib/python3.10/socket.py", line 705, in readinto
    return self._sock.recv_into(b)
KeyboardInterrupt

     root@HOK-21SAN-ct0:/var/home/pureeng# puresetup cat /etc/timezone
Etc/UTC
     root@HOK-21SAN-ct0:/var/home/pureeng# puresetup timezone
##########################################
#   Welcome to the Purity Setup Wizard   #
##########################################
Name       Created                  Expires
puresetup  2025-05-17 02:45:16 UTC  2025-05-17 03:45:16 UTC
Changing the time zone will require a reboot on this controller.
Current time zone: Etc/UTC
Change time zone [requires reboot] (y/n):yChange time zone [requires reboot] (y/n): y
Configuring tzdata
------------------

Please select the geographic area in which you live. Subsequent configuration 
questions will narrow this down by presenting a list of cities, representing the
time zones in which they are located.

  1. Africa      4. Australia     7. Atlantic Ocean  10. Pacific Ocean
  2. America     5. Arctic Ocean  8. Europe          11. US
  3. Antarctica  6. Asia          9. Indian Ocean    12. None of the above

Geographic area: 2


Please select the city or region corresponding to your time zone.

  1. Adak                       80. Juneau
  2. Anchorage                  81. Louisville (Kentucky)
  3. Anguilla                   82. Monticello (Kentucky)
  4. Antigua                    83. Kralendijk
  5. Araguaina                  84. La Paz
  6. Buenos Aires (Argentina)   85. Lima
  7. Catamarca (Argentina)      86. Los Angeles
  8. Cordoba (Argentina)        87. Lower Princes
  9. Jujuy (Argentina)          88. Maceio
  10. La Rioja (Argentina)      89. Managua
  11. Mendoza (Argentina)       90. Manaus
  12. Rio Gallegos (Argentina)  91. Marigot
  13. Salta (Argentina)         92. Martinique
  14. San Juan (Argentina)      93. Matamoros
  15. San Luis (Argentina)      94. Mazatlan
  16. Tucuman (Argentina)       95. Menominee
  17. Ushuaia (Argentina)       96. Merida
  18. Aruba                     97. Metlakatla
[More] 

  19. Asuncion                  98. Mexico City
  20. Atikokan                  99. Miquelon
  21. Atka                      100. Moncton
  22. Bahia                     101. Monterrey
  23. Bahia Banderas            102. Montevideo
  24. Barbados                  103. Montreal
  25. Belem                     104. Montserrat
  26. Belize                    105. Nassau
  27. Blanc-Sablon              106. New York
  28. Boa Vista                 107. Nipigon
  29. Bogota                    108. Nome
  30. Boise                     109. Fernando de Noronha
  31. Cambridge Bay             110. Beulah (North Dakota)
  32. Campo Grande              111. Center (North Dakota)
  33. Cancun                    112. New Salem (North Dakota)
  34. Caracas                   113. Nuuk
  35. Cayenne                   114. Ojinaga
  36. Cayman                    115. Panama
  37. Chicago                   116. Pangnirtung
  38. Chihuahua                 117. Paramaribo
  39. Ciudad_Juarez             118. Phoenix
  40. Coral Harbour             119. Port-au-Prince
[More] 

  41. Costa Rica                120. Port of Spain
  42. Creston                   121. Porto Acre
  43. Cuiaba                    122. Porto Velho
  44. Curaçao                  123. Puerto Rico
  45. Danmarkshavn              124. Punta Arenas
  46. Dawson                    125. Rainy River
  47. Dawson Creek              126. Rankin Inlet
  48. Denver                    127. Recife
  49. Detroit                   128. Regina
  50. Dominica                  129. Resolute
  51. Edmonton                  130. Rio Branco
  52. Eirunepe                  131. Santa Isabel
  53. El Salvador               132. Santarém
  54. Ensenada                  133. Santiago
  55. Fort Nelson               134. Santo Domingo
  56. Fortaleza                 135. São Paulo
  57. Glace Bay                 136. Scoresbysund
  58. Godthab                   137. Shiprock
  59. Goose Bay                 138. Sitka
  60. Grand Turk                139. St Barthelemy
  61. Grenada                   140. St Johns
  62. Guadeloupe                141. St Kitts
[More] 

  63. Guatemala                 142. St Lucia
  64. Guayaquil                 143. St Thomas
  65. Guyana                    144. St Vincent
  66. Halifax                   145. Swift Current
  67. Havana                    146. Tegucigalpa
  68. Hermosillo                147. Thule
  69. Indianapolis (Indiana)    148. Thunder Bay
  70. Knox (Indiana)            149. Tijuana
  71. Marengo (Indiana)         150. Toronto
  72. Petersburg (Indiana)      151. Tortola
  73. Tell City (Indiana)       152. Vancouver
  74. Vevay (Indiana)           153. Virgin
  75. Vincennes (Indiana)       154. Whitehorse
  76. Winamac (Indiana)         155. Winnipeg
  77. Inuvik                    156. Yakutat
  78. Iqaluit                   157. Yellowknife
  79. Jamaica

Time zone: 37



Current default time zone: 'America/Chicago'
Local time is now:      Fri May 16 21:45:36 CDT 2025.
Universal Time is now:  Sat May 17 02:45:36 UTC 2025.

'/cache/timezone/localtime' -> '/usr/share/zoneinfo/America/Chicago'
Confirm time zone change from Etc/UTC to America/Chicago
(y/N):y(y/N): y
Press ENTER to reboot

This controller will be online after reboot.
CONFIG_TASK_COMPLETED:CONFIG_TASK_PURESETUP_EXITED
     root@HOK-21SAN-ct0:/var/home/pureeng#  GNU GRUB  version 2.06

+----------------------------------------------------------------------------+||||||||||||||||||||||||+----------------------------------------------------------------------------+     Use the ^ and v keys to select which entry is highlighted.          
      Press enter to boot the selected OS, `e' to edit the commands       
      before booting or `c' for a command-line.                            *Purity 6.7.3 (202503241831+6aa78d215a66) with kernel 5.15.123+ (2025031712> Purity 6.5.8 (202408090136+b967c2f84655) with kernel 5.15.123+ (2024071402>                                                                                                                                                                                                                                                                                                                                                                                                                                                                                                                                                                                                                                                                                                                                                                                         GNU GRUB  version 2.06

/----------------------------------------------------------------------------\||||||||||||||||||||||||||\----------------------------------------------------------------------------/     Use the ^ and v keys to select which entry is highlighted.          
      Press enter to boot the selected OS, `e' to edit the commands       
      before booting or `c' for a command-line.                            *Purity 6.7.3 (202503241831+6aa78d215a66) with kernel 5.15.123+ (2025031712>
 Purity 6.5.8 (202408090136+b967c2f84655) with kernel 5.15.123+ (2024071402>
                                                                                                                                                                                                                                                                                                                                                                                                                                                                                                                                                                                                                                                                                                                                                                                                                                                                        The highlighted entry will be executed automatically in 3s.                    The highlighted entry will be executed automatically in 3s.                    The highlighted entry will be executed automatically in 2s.                    The highlighted entry will be executed automatically in 2s.                    The highlighted entry will be executed automatically in 1s.                    The highlighted entry will be executed automatically in 1s.                    The highlighted entry will be executed automatically in 0s.                    The highlighted entry will be executed automatically in 0s.                 
BOOTING AT 2025-5-17 2:47:15 Purity 6.7.3 (202503241831+6aa78d215a66) with
kernel 5.15.123+ (202503171218+709a437ce8a4) on first (/dev/sda3)

BOOTING AT 2025-5-17 2:47:15 Purity 6.7.3 (202503241831+6aa78d215a66) with
kernel 5.15.123+ (202503171218+709a437ce8a4) on first (/dev/sda3)



HOK-21SAN-ct0 login: pureeng
1) Authenticate via CloudAssist
2) Authenticate via command line
3) Restore challenge
Type the number corresponding to the authentication method you want to use.

Selection: 1

An email for identity verification will be sent once email is entered.
Please follow the authentication instructions provided there and return to this screen when finished or if email has not been received.


Enter an email address: fharris@purestorage.com
Successfully authenticated
Last login: Fri May 16 21:27:06 CDT 2025 on ttyS0

Fri May 16 21:50:16 2025
Welcome pureeng. This is Purity Version 6.7.3 on FlashArray HOK-21SAN
http://www.purestorage.com/
pureeng@HOK-21SAN-ct0:~$ sudo su
     root@HOK-21SAN-ct0:/var/home/pureeng# iscsipureportlist=`pureport list --in itiator | grep -v FC | awk -F' CT' '{print "CT"$2,$8}' | grep -v 'CT ' | awk -F  '.ETH' '{print $1, $2}' | awk '{print $1, $5, $6}' | sort | uniq -c; echo`; iscsipureportlistcount=`echo "$iscsipureportlist" | awk '{total += $1} END {print total}'`; echo -e "$iscsipureportlist\n\n"; echo -e "\tTotal iSCSI connections: $iscsipureportlistcount\n\n";
     74 CT0 iqn.2010-06.com.purestorage:flasharray.285667be86f6fc5e -
    127 CT1 iqn.2010-06.com.purestorage:flasharray.285667be86f6fc5e -


Total iSCSI connections: 201


     root@HOK-21SAN-ct0:/var/home/pureeng# iobiscsipureportlist=`pureport list --initiator | grep -v FC | awk -F' CT' '{print "CT"$2,$8}' | grep -v 'CT ' | awk -F '.ETH' '{print $1, $2}' | awk '{print $1, $5, $6}' | sort | uniq -c; echo`; iscsipureportlistcount=`echo "$iscsipureportlist" | awk '{total += $1} END {print total}'`; echo -e "$iscsipureportlist\n\n"; echo -e "\tTotal iSCSI connections: $iscsipureportlistcount\n\n";
     83 CT0 iqn.2010-06.com.purestorage:flasharray.285667be86f6fc5e -
    127 CT1 iqn.2010-06.com.purestorage:flasharray.285667be86f6fc5e -


Total iSCSI connections: 210


     root@HOK-21SAN-ct0:/var/home/pureeng# ssh peer
Last login: Fri May 16 20:25:19 2025 from fe80::26a9:37ff:fe45:db2d%haeth0

Fri May 16 21:57:19 2025
Welcome root. This is Purity Version 6.7.3 on FlashArray HOK-21SAN
http://www.purestorage.com/
     root@HOK-21SAN-ct1:~# purearray list --controller
Name     Type              Mode       Model     Version  Status  Current Mode Since       Internal Details
CT0      array_controller  secondary  FA-X50R4  6.7.3    ready   2025-05-16 21:48:35 CDT  
CT1      array_controller  primary    FA-X50R3  6.7.3    ready   2025-05-16 20:20:27 CDT  
SH9.SC1  shelf_controller  -          DFSC1     2.2.2    -       -                        -
SH9.SC0  shelf_controller  -          DFSC1     2.2.2    -       -                        -
     root@HOK-21SAN-ct1:~# purewes controller setattr --verify-array HOK-21SAN ct1 --mode secondary;date
Run checks before making changes ...
Check peer purity status...... SUCCESS
Check pureport list........... The pureport list check failed with ERROR: Port {'target.name': None, 'target.iqn': None, 'target.wwn': None, 'target.nqn': None, 'target.portal': None, 'target.failover': None, 'target': {'name': None, 'iqn': None, 'wwn': None, 'nqn': None, 'portal': None, 'failover': None}, 'initiator.wwn': None, 'initiator.iqn': 'iqn.2006-06.com.veeam:hok-129vs.group.hok.com', 'initiator.nqn': None, 'initiator.portal': None, 'initiator': {'wwn': None, 'iqn': 'iqn.2006-06.com.veeam:hok-129vs.group.hok.com', 'nqn': None, 'portal': None}} doesn't contain field target.name or target.name is None!
Would you like to ignore this check? (y/n): y
Overriding pureport list check based on user input
SUCCESS
Check IO balance.............. Checking iobalance before proceeding, sampling for 30 seconds, retrying 3 times, adding 30 seconds with each retry
Try 1/4: Sampling I/O for 30 seconds
Sampling finished, I/O is not yet balanced
Try 2/4: Sampling I/O for 60 seconds
Sampling finished, I/O is not yet balanced
Try 3/4: Sampling I/O for 90 seconds
Sampling finished, I/O is not yet balanced
Try 4/4: Sampling I/O for 120 seconds
Sampling finished, I/O is not yet balanced
I/O is not balanced after 4 run(s).
iobalance reports the following: 
sampling host I/O for 120 seconds...
                Host  CT0 I/O Count  CT1 I/O Count  
           HOK-122VS        0.00        0.00  ? Host is idle
           HOK-123VS        0.00        0.00  ? Host is idle
           HOK-124VS        0.00        0.00  ? Host is idle
           HOK-125VS        0.00        0.00  ? Host is idle
           HOK-126VS        0.00        0.00  ? Host is idle
           HOK-127VS        0.00        0.00  ? Host is idle
           HOK-128VS        0.00        0.00  ? Host is idle
           HOK-129VS        0.00        0.00  ? Host is idle
           HOK-130VS        0.00        0.00  ? Host is idle
           HOK-133VS        0.00        0.00  ? Host is idle
           esx-01svr       4.99K       3.75K  
           esx-02svr       8.56K       5.71K  
           esx-03svr       3.01K       3.17K  
           esx-05svr      31.53K      32.72K  
           esx-06svr     599.12K     483.80K  
           esx-07svr      42.15K       9.17K  ! unbalanced I/O
           esx-08svr      18.59K      20.99K  
           esx-09svr      12.54K       7.37K  ! unbalanced I/O
           esx-10svr       6.05K       3.66K  ! unbalanced I/O
           esx-11svr      10.18K      12.20K  
           esx-14svr      15.55K      35.69K  ! unbalanced I/O
           esx-15svr      18.50K      27.02K  
           esx-16svr     238.44K     207.97K  

Would you like to ignore this check?
WARNING: Unless the workload you are running is known to be imbalanced, ignoring this check could result in an outage and is NOT recommended.
Ignore anyway? (y/n): y
Overriding iobalance check based on user input
SUCCESS
Fri May 16 10:03:53 PM CDT 2025
     root@HOK-21SAN-ct1:~# purearray list --controller
Name     Type              Mode       Model     Version  Status  Current Mode Since       Internal Details
CT0      array_controller  primary    FA-X50R4  6.7.3    ready   2025-05-16 22:03:53 CDT  
CT1      array_controller  secondary  FA-X50R3  6.7.3    ready   2025-05-16 22:03:59 CDT  
SH9.SC1  shelf_controller  -          DFSC1     2.2.2    -       -                        -
SH9.SC0  shelf_controller  -          DFSC1     2.2.2    -       -                        -
     root@HOK-21SAN-ct1:~# iobalance --sampletime 15
sampling host I/O for 15 seconds...
                Host  CT0 I/O Count  CT1 I/O Count  
           HOK-122VS        0.00        0.00  ? Host is idle
           HOK-123VS        0.00        0.00  ? Host is idle
           HOK-124VS        0.00        0.00  ? Host is idle
           HOK-125VS        0.00        0.00  ? Host is idle
           HOK-126VS        0.00        0.00  ? Host is idle
           HOK-127VS        0.00        0.00  ? Host is idle
           HOK-128VS        0.00        0.00  ? Host is idle
           HOK-129VS        0.00        0.00  ? Host is idle
           HOK-130VS        0.00        0.00  ? Host is idle
           HOK-133VS        0.00        0.00  ? Host is idle
           esx-01svr      254.00      217.00  
           esx-02svr      304.00      123.00  ! unbalanced I/O
           esx-03svr      856.00      828.00  
           esx-05svr       1.51K       1.83K  
           esx-06svr      62.45K      62.90K  
           esx-07svr       5.71K       1.61K  ! unbalanced I/O
           esx-08svr       1.51K       2.04K  
           esx-09svr      935.00       1.20K  
           esx-10svr      502.00      277.00  ! unbalanced I/O
           esx-11svr       1.28K       1.29K  
           esx-14svr       1.30K       3.81K  ! unbalanced I/O
           esx-15svr       1.65K       1.78K  
           esx-16svr      12.71K      39.65K  ! unbalanced I/O
     root@HOK-21SAN-ct1:~# iscsipureportlist=`pureport list --initiator | grep -v FC | awk -F' CT' '{print "CT"$2,$8}' | grep -v 'CT ' | awk -F '.ETH' '{print $1, $2}' | awk '{print $1, $5, $6}' | sort | uniq -c; echo`; iscsipureportlistcount=`echo "$iscsipureportlist" | awk '{total += $1} END {print total}'`; echo -e  "$iscsipureportlist\n\n"; echo -e "\tTotal iSCSI connections: $iscsipureportlistcount\n\n";
    128 CT0 iqn.2010-06.com.purestorage:flasharray.285667be86f6fc5e -
     85 CT1 iqn.2010-06.com.purestorage:flasharray.285667be86f6fc5e -


Total iSCSI connections: 213


     root@HOK-21SAN-ct1:~# purewh list
-bash: purewh: command not found
     root@HOK-21SAN-ct1:~# purehw list
Name          Status         Identify  Slot  Index  Speed        Temperature  Voltage  Details
CH0           ok             off       -     0      -            -            -        -
CH0.BAY0      ok             off       -     0      -            -            -        -
CH0.BAY1      ok             off       -     1      -            -            -        -
CH0.BAY2      ok             off       -     2      -            -            -        -
CH0.BAY3      ok             off       -     3      -            -            -        -
CH0.BAY4      ok             off       -     4      -            -            -        -
CH0.BAY5      ok             off       -     5      -            -            -        -
CH0.BAY6      ok             off       -     6      -            -            -        -
CH0.BAY7      ok             off       -     7      -            -            -        -
CH0.BAY8      ok             off       -     8      -            -            -        -
CH0.BAY9      ok             off       -     9      -            -            -        -
CH0.BAY10     ok             off       -     10     -            -            -        -
CH0.BAY11     ok             off       -     11     -            -            -        -
CH0.BAY12     ok             off       -     12     -            -            -        -
CH0.BAY13     ok             off       -     13     -            -            -        -
CH0.BAY14     ok             off       -     14     -            -            -        -
CH0.BAY15     ok             off       -     15     -            -            -        -
CH0.BAY16     ok             off       -     16     -            -            -        -
CH0.BAY17     ok             off       -     17     -            -            -        -
CH0.BAY18     ok             off       -     18     -            -            -        -
CH0.BAY19     ok             off       -     19     -            -            -        -
CH0.NVB0      ok             off       -     0      -            -            -        -
CH0.NVB1      ok             off       -     1      -            -            -        -
CH0.NVB2      not_installed  off       -     2      -            -            -        -
CH0.NVB3      not_installed  off       -     3      -            -            -        -
CH0.PWR0      ok             -         -     0      -            -            205 V    -
CH0.PWR1      ok             -         -     1      -            -            205 V    -
CH0.TMP0      ok             -         -     0      -            20 C         -        -
CT0           ok             off       -     0      -            -            -        -
CT0.ETH0      ok             -         -     0      50.00 Gb/s   -            -        -
CT0.ETH1      ok             -         -     1      50.00 Gb/s   -            -        -
CT0.ETH2      ok             -         -     2      0.00 b/s     -            -        -
CT0.ETH3      ok             -         -     3      0.00 b/s     -            -        -
CT0.ETH4      ok             -         -     4      1.00 Gb/s    -            -        -
CT0.ETH5      ok             -         -     5      0.00 b/s     -            -        -
CT0.ETH10     ok             -         1     10     100.00 Gb/s  -            -        -
CT0.ETH11     ok             -         1     11     100.00 Gb/s  -            -        -
CT0.ETH18     ok             -         3     18     0.00 b/s     -            -        -
CT0.ETH19     ok             -         3     19     0.00 b/s     -            -        -
CT0.ETH20     ok             -         3     20     0.00 b/s     -            -        -
CT0.ETH21     ok             -         3     21     0.00 b/s     -            -        -
CT0.FAN0      ok             -         -     0      -            -            -        -
CT0.FAN1      ok             -         -     1      -            -            -        -
CT0.FAN2      ok             -         -     2      -            -            -        -
CT0.FAN3      ok             -         -     3      -            -            -        -
CT0.FAN4      ok             -         -     4      -            -            -        -
CT0.FAN5      ok             -         -     5      -            -            -        -
CT0.TMP0      ok             -         -     0      -            34 C         -        -
CT0.TMP1      ok             -         -     1      -            38 C         -        -
CT0.TMP2      ok             -         -     2      -            57 C         -        -
CT0.TMP3      ok             -         -     3      -            57 C         -        -
CT0.TMP4      ok             -         -     4      -            44 C         -        -
CT0.TMP5      ok             -         -     5      -            44 C         -        -
CT0.TMP6      ok             -         -     6      -            24 C         -        -
CT0.TMP7      ok             -         -     7      -            26 C         -        -
CT0.TMP8      ok             -         -     8      -            51 C         -        -
CT0.TMP9      ok             -         -     9      -            37 C         -        -
CT0.TMP11     ok             -         -     11     -            36 C         -        -
CT0.TMP12     ok             -         -     12     -            35 C         -        -
CT0.TMP13     ok             -         -     13     -            37 C         -        -
CT0.TMP14     ok             -         -     14     -            37 C         -        -
CT0.TMP15     ok             -         -     15     -            35 C         -        -
CT0.TMP17     ok             -         -     17     -            36 C         -        -
CT0.TMP19     ok             -         -     19     -            34 C         -        -
CT0.TMP20     ok             -         -     20     -            34 C         -        -
CT0.TMP21     ok             -         -     21     -            40 C         -        -
CT0.TMP22     ok             -         -     22     -            39 C         -        -
CT0.TMP23     ok             -         -     23     -            37 C         -        -
CT1           ok             off       -     1      -            -            -        -
CT1.ETH0      ok             -         -     0      1.00 Gb/s    -            -        -
CT1.ETH1      ok             -         -     1      0.00 b/s     -            -        -
CT1.ETH2      ok             -         -     2      0.00 b/s     -            -        -
CT1.ETH3      ok             -         -     3      0.00 b/s     -            -        -
CT1.ETH4      ok             -         -     4      0.00 b/s     -            -        -
CT1.ETH5      ok             -         -     5      0.00 b/s     -            -        -
CT1.ETH6      ok             -         -     6      50.00 Gb/s   -            -        -
CT1.ETH7      ok             -         -     7      0.00 b/s     -            -        -
CT1.ETH8      ok             -         -     8      50.00 Gb/s   -            -        -
CT1.ETH9      ok             -         -     9      0.00 b/s     -            -        -
CT1.ETH10     ok             -         0     10     40.00 Gb/s   -            -        -
CT1.ETH11     ok             -         0     11     40.00 Gb/s   -            -        -
CT1.ETH18     ok             -         2     18     0.00 b/s     -            -        -
CT1.ETH19     ok             -         2     19     0.00 b/s     -            -        -
CT1.FAN0      ok             -         -     0      -            -            -        -
CT1.FAN1      ok             -         -     1      -            -            -        -
CT1.FAN2      ok             -         -     2      -            -            -        -
CT1.FAN3      ok             -         -     3      -            -            -        -
CT1.FAN4      ok             -         -     4      -            -            -        -
CT1.FAN5      ok             -         -     5      -            -            -        -
CT1.TMP0      ok             -         -     0      -            34 C         -        -
CT1.TMP1      ok             -         -     1      -            36 C         -        -
CT1.TMP2      ok             -         -     2      -            31 C         -        -
CT1.TMP3      ok             -         -     3      -            40 C         -        -
CT1.TMP4      ok             -         -     4      -            40 C         -        -
CT1.TMP5      ok             -         -     5      -            38 C         -        -
CT1.TMP6      ok             -         -     6      -            41 C         -        -
CT1.TMP7      ok             -         -     7      -            30 C         -        -
CT1.TMP8      ok             -         -     8      -            31 C         -        -
CT1.TMP9      ok             -         -     9      -            31 C         -        -
CT1.TMP10     ok             -         -     10     -            30 C         -        -
CT1.TMP11     ok             -         -     11     -            30 C         -        -
CT1.TMP12     ok             -         -     12     -            29 C         -        -
CT1.TMP13     ok             -         -     13     -            34 C         -        -
CT1.TMP14     ok             -         -     14     -            34 C         -        -
CT1.TMP15     ok             -         -     15     -            33 C         -        -
CT1.TMP16     ok             -         -     16     -            30 C         -        -
CT1.TMP17     ok             -         -     17     -            30 C         -        -
CT1.TMP18     ok             -         -     18     -            31 C         -        -
CT1.TMP19     ok             -         -     19     -            34 C         -        -
CT1.TMP20     ok             -         -     20     -            30 C         -        -
CT1.TMP21     ok             -         -     21     -            37 C         -        -
CT1.TMP22     ok             -         -     22     -            34 C         -        -
CT1.TMP23     ok             -         -     23     -            38 C         -        -
CT1.TMP24     ok             -         -     24     -            37 C         -        -
CT1.TMP25     ok             -         -     25     -            40 C         -        -
CT1.TMP26     ok             -         -     26     -            33 C         -        -
SH9           ok             off       -     9      -            20 C         -        -
SH9.BAY0      ok             off       -     0      -            -            -        -
SH9.BAY1      ok             off       -     1      -            -            -        -
SH9.BAY2      ok             off       -     2      -            -            -        -
SH9.BAY3      ok             off       -     3      -            -            -        -
SH9.BAY4      ok             off       -     4      -            -            -        -
SH9.BAY5      ok             off       -     5      -            -            -        -
SH9.BAY6      ok             off       -     6      -            -            -        -
SH9.BAY7      ok             off       -     7      -            -            -        -
SH9.BAY8      ok             off       -     8      -            -            -        -
SH9.BAY9      ok             off       -     9      -            -            -        -
SH9.BAY10     ok             off       -     10     -            -            -        -
SH9.BAY11     ok             off       -     11     -            -            -        -
SH9.BAY12     ok             off       -     12     -            -            -        -
SH9.BAY13     ok             off       -     13     -            -            -        -
SH9.BAY14     not_installed  off       -     14     -            -            -        -
SH9.BAY15     not_installed  off       -     15     -            -            -        -
SH9.BAY16     not_installed  off       -     16     -            -            -        -
SH9.BAY17     not_installed  off       -     17     -            -            -        -
SH9.BAY18     not_installed  off       -     18     -            -            -        -
SH9.BAY19     not_installed  off       -     19     -            -            -        -
SH9.BAY20     not_installed  off       -     20     -            -            -        -
SH9.BAY21     not_installed  off       -     21     -            -            -        -
SH9.BAY22     not_installed  off       -     22     -            -            -        -
SH9.BAY23     not_installed  off       -     23     -            -            -        -
SH9.BAY24     not_installed  off       -     24     -            -            -        -
SH9.BAY25     not_installed  off       -     25     -            -            -        -
SH9.BAY26     not_installed  off       -     26     -            -            -        -
SH9.BAY27     not_installed  off       -     27     -            -            -        -
SH9.PWR0      ok             -         -     0      -            -            206 V    -
SH9.PWR1      ok             -         -     1      -            -            204 V    -
SH9.SC0       ok             off       -     0      -            26 C         -        -
SH9.SC0.ETH0  ok             -         -     0      50.00 Gb/s   -            -        -
SH9.SC0.ETH1  ok             -         -     1      0.00 b/s     -            -        -
SH9.SC0.ETH2  ok             -         -     2      50.00 Gb/s   -            -        -
SH9.SC0.ETH3  ok             -         -     3      0.00 b/s     -            -        -
SH9.SC0.FAN0  ok             -         -     0      -            -            -        -
SH9.SC0.FAN1  ok             -         -     1      -            -            -        -
SH9.SC0.FAN2  ok             -         -     2      -            -            -        -
SH9.SC0.FAN3  ok             -         -     3      -            -            -        -
SH9.SC0.FAN4  ok             -         -     4      -            -            -        -
SH9.SC0.FAN5  ok             -         -     5      -            -            -        -
SH9.SC1       ok             off       -     1      -            27 C         -        -
SH9.SC1.ETH0  ok             -         -     0      50.00 Gb/s   -            -        -
SH9.SC1.ETH1  ok             -         -     1      0.00 b/s     -            -        -
SH9.SC1.ETH2  ok             -         -     2      50.00 Gb/s   -            -        -
SH9.SC1.ETH3  ok             -         -     3      0.00 b/s     -            -        -
SH9.SC1.FAN0  ok             -         -     0      -            -            -        -
SH9.SC1.FAN1  ok             -         -     1      -            -            -        -
SH9.SC1.FAN2  ok             -         -     2      -            -            -        -
SH9.SC1.FAN3  ok             -         -     3      -            -            -        -
SH9.SC1.FAN4  ok             -         -     4      -            -            -        -
SH9.SC1.FAN5  ok             -         -     5      -            -            -        -
     root@HOK-21SAN-ct1:~# puremessage list --open
     root@HOK-21SAN-ct1:~# puremessage list --open --hidden
     root@HOK-21SAN-ct1:~# puredrive list
Name       Type   Status   Capacity  Details
CH0.BAY0   SSD    healthy  2.25T     -
CH0.BAY1   SSD    healthy  2.25T     -
CH0.BAY2   SSD    healthy  2.25T     -
CH0.BAY3   SSD    healthy  2.25T     -
CH0.BAY4   SSD    healthy  2.25T     -
CH0.BAY5   SSD    healthy  2.25T     -
CH0.BAY6   SSD    healthy  2.25T     -
CH0.BAY7   SSD    healthy  2.25T     -
CH0.BAY8   SSD    healthy  2.25T     -
CH0.BAY9   SSD    healthy  2.25T     -
CH0.BAY10  SSD    healthy  2.25T     -
CH0.BAY11  SSD    healthy  2.25T     -
CH0.BAY12  SSD    healthy  2.25T     -
CH0.BAY13  SSD    healthy  2.25T     -
CH0.BAY14  SSD    healthy  2.25T     -
CH0.BAY15  SSD    healthy  2.25T     -
CH0.BAY16  SSD    healthy  2.25T     -
CH0.BAY17  SSD    healthy  2.25T     -
CH0.BAY18  SSD    healthy  2.25T     -
CH0.BAY19  SSD    healthy  2.25T     -
CH0.NVB0   NVRAM  healthy  7.52G     -
CH0.NVB1   NVRAM  healthy  7.52G     -
CH0.NVB2   NVRAM  unused   0.00      -
CH0.NVB3   NVRAM  unused   0.00      -
SH9.BAY0   SSD    healthy  2.25T     -
SH9.BAY1   SSD    healthy  2.25T     -
SH9.BAY2   SSD    healthy  2.25T     -
SH9.BAY3   SSD    healthy  2.25T     -
SH9.BAY4   SSD    healthy  2.25T     -
SH9.BAY5   SSD    healthy  2.25T     -
SH9.BAY6   SSD    healthy  2.25T     -
SH9.BAY7   SSD    healthy  2.25T     -
SH9.BAY8   SSD    healthy  2.25T     -
SH9.BAY9   SSD    healthy  2.25T     -
SH9.BAY10  SSD    healthy  2.25T     -
SH9.BAY11  SSD    healthy  2.25T     -
SH9.BAY12  SSD    healthy  2.25T     -
SH9.BAY13  SSD    healthy  2.25T     -
SH9.BAY14  -      unused   0.00      -
SH9.BAY15  -      unused   0.00      -
SH9.BAY16  -      unused   0.00      -
SH9.BAY17  -      unused   0.00      -
SH9.BAY18  -      unused   0.00      -
SH9.BAY19  -      unused   0.00      -
SH9.BAY20  -      unused   0.00      -
SH9.BAY21  -      unused   0.00      -
SH9.BAY22  -      unused   0.00      -
SH9.BAY23  -      unused   0.00      -
SH9.BAY24  -      unused   0.00      -
SH9.BAY25  -      unused   0.00      -
SH9.BAY26  -      unused   0.00      -
SH9.BAY27  -      unused   0.00      -
     root@HOK-21SAN-ct1:~# purenetwork  list
Name       Enabled  Speed        Services
ct0.eth2   False    25.00 Gb/s   replication
ct0.eth3   False    25.00 Gb/s   replication
ct0.eth4   True     1.00 Gb/s    management
ct0.eth5   False    1.00 Gb/s    management
ct0.eth10  True     100.00 Gb/s  iscsi
ct0.eth11  True     100.00 Gb/s  iscsi
ct0.eth18  False    25.00 Gb/s   iscsi
ct0.eth19  False    25.00 Gb/s   iscsi
ct0.eth20  False    25.00 Gb/s   iscsi
ct0.eth21  False    25.00 Gb/s   iscsi
ct1.eth0   True     1.00 Gb/s    management
ct1.eth1   False    1.00 Gb/s    management
ct1.eth2   False    25.00 Gb/s   replication
ct1.eth3   False    25.00 Gb/s   replication
ct1.eth4   False    25.00 Gb/s   iscsi
ct1.eth5   False    25.00 Gb/s   iscsi
ct1.eth7   False    50.00 Gb/s   -
ct1.eth9   False    50.00 Gb/s   -
ct1.eth10  True     40.00 Gb/s   iscsi
ct1.eth11  True     40.00 Gb/s   iscsi
ct1.eth18  False    25.00 Gb/s   iscsi
ct1.eth19  False    25.00 Gb/s   iscsi
replbond   False    0.00 b/s     replication
vir4       True     1.00 Gb/s    management
vir5       False    1.00 Gb/s    management
     root@HOK-21SAN-ct1:~# purentework eth list
-bash: purentework: command not found
     root@HOK-21SAN-ct1:~# purenetwork eth list
Name       Enabled  Type      Subnet  Address        Mask           Gateway        MTU   MAC                Speed        Services     Subinterfaces
ct0.eth2   False    physical  -       -              -              -              1500  24:a9:37:61:92:2e  25.00 Gb/s   replication  -
ct0.eth3   False    physical  -       -              -              -              1500  24:a9:37:61:92:2f  25.00 Gb/s   replication  -
ct0.eth4   True     physical  -       10.20.224.101  255.255.254.0  10.20.225.254  1500  24:a9:37:61:92:30  1.00 Gb/s    management   -
ct0.eth5   False    physical  -       -              -              -              1500  24:a9:37:61:92:31  1.00 Gb/s    management   -
ct0.eth10  True     physical  -       10.20.64.101   255.255.254.0  -              9000  b8:e9:24:38:a5:ed  100.00 Gb/s  iscsi        -
ct0.eth11  True     physical  -       10.20.64.102   255.255.254.0  -              9000  b8:e9:24:38:a5:ec  100.00 Gb/s  iscsi        -
ct0.eth18  False    physical  -       -              -              -              1500  a0:88:c2:74:4f:79  25.00 Gb/s   iscsi        -
ct0.eth19  False    physical  -       -              -              -              1500  a0:88:c2:74:4f:78  25.00 Gb/s   iscsi        -
ct0.eth20  False    physical  -       -              -              -              1500  a0:88:c2:74:4f:77  25.00 Gb/s   iscsi        -
ct0.eth21  False    physical  -       -              -              -              1500  a0:88:c2:74:4f:76  25.00 Gb/s   iscsi        -
ct1.eth0   True     physical  -       10.20.224.102  255.255.254.0  10.20.225.254  1500  24:a9:37:45:df:42  1.00 Gb/s    management   -
ct1.eth1   False    physical  -       -              -              -              1500  24:a9:37:45:df:43  1.00 Gb/s    management   -
ct1.eth2   False    physical  -       -              -              -              1500  24:a9:37:45:df:45  25.00 Gb/s   replication  -
ct1.eth3   False    physical  -       -              -              -              1500  24:a9:37:45:df:44  25.00 Gb/s   replication  -
ct1.eth4   False    physical  -       -              -              -              1500  24:a9:37:45:df:47  25.00 Gb/s   iscsi        -
ct1.eth5   False    physical  -       -              -              -              1500  24:a9:37:45:df:46  25.00 Gb/s   iscsi        -
ct1.eth7   False    physical  -       -              -              -              4200  24:a9:37:45:cf:1c  50.00 Gb/s   -            -
ct1.eth9   False    physical  -       -              -              -              4200  24:a9:37:45:cf:1e  50.00 Gb/s   -            -
ct1.eth10  True     physical  -       10.20.65.101   255.255.254.0  -              9000  40:a6:b7:6f:f2:c1  40.00 Gb/s   iscsi        -
ct1.eth11  True     physical  -       10.20.65.102   255.255.254.0  -              9000  40:a6:b7:6f:f2:c0  40.00 Gb/s   iscsi        -
ct1.eth18  False    physical  -       -              -              -              1500  f4:c7:aa:24:51:24  25.00 Gb/s   iscsi        -
ct1.eth19  False    physical  -       -              -              -              1500  f4:c7:aa:24:51:25  25.00 Gb/s   iscsi        -
replbond   False    bond      -       -              -              -              1500  de:11:00:84:5a:f8  0.00 b/s     replication  -
vir4       True     vif       -       10.20.224.100  255.255.254.0  10.20.225.254  1500  ba:8a:55:ba:9f:06  1.00 Gb/s    management   -
vir5       False    vif       -       -              -              -              1500  a6:d5:b2:65:47:7e  1.00 Gb/s    management   -
     root@HOK-21SAN-ct1:~#  
     root@HOK-21SAN-ct0:/var/home/pureeng# 
     root@HOK-21SAN-ct0:/var/home/pureeng# 
HOK-21SAN-ct0 login: pure    
HOK-21SAN-ct0 login: pureeng
1) Authenticate via CloudAssist
2) Authenticate via command line
3) Restore challenge
Type the number corresponding to the authentication method you want to use.

Selection: 2
Challenge: kid:1 wanton cyclic axial bandar 538975-135505398-2906624677520014430

Enter response or type 'save' to save challenge for later: 82ecd-af4b5-47fbc-7eb84-e1294-c2cf1-9def2-31fdf-e7da7-11fb5-d806d-c6178-88dc1-3eed3-6a0cb-3bf2a-669b0-9e4ab-c1f31-2fc0c-a5041-ad5b3-ce593-4814a-9ebd7-9d0
Successfully authenticated
Last login: Tue Feb  4 10:53:56 CST 2025 on ttyS0

Fri May 16 22:17:26 2025
Welcome pureeng. This is Purity Version 6.5.8 on FlashArray HOK-21SAN
http://www.purestorage.com/
pureeng@HOK-21SAN-ct0:~$ mount /dev/sdb1 /mnt
mount: /mnt: must be superuser to use mount.
pureeng@HOK-21SAN-ct0:~$ sudo su
     root@HOK-21SAN-ct0:/var/home/pureeng# mount /dev/sdb1 /mnt
mount: /mnt: special device /dev/sdb1 does not exist.
     root@HOK-21SAN-ct0:/var/home/pureeng# ls /dev/sd*1
/dev/sda1
     root@HOK-21SAN-ct0:/var/home/pureeng# mount dev //dev/sdb1 /mnt
     root@HOK-21SAN-ct0:/var/home/pureeng# cp /mnt/6.7.3/* .
     root@HOK-21SAN-ct0:/var/home/pureeng# pureinstall purity_6.7.3_202503241831+6aa78d215a66.ppkg
Installing Purity on alternate partition labeled first.
Erasing Purity software image from alternate partition first to prepare for installation.
WARNING: Do not interrupt this process!!
Unpacking new Purity software.
............................................................................................................................................................................................................................................................................................................................................................................................................................................................................................................................................................................................................................................................................................................................................................................................................................................................................................................................................................................................................................................................................................................................................................................................................................................................................................................................................................................................................................
Verifying package...

Finalizing installation. This may take several minutes.
Executing /altroot/opt/purextras/bin/finish-install.sh
Executing /altroot/opt/purextras/bin/finish-install.azure-propagate.sh
Executing /altroot/opt/purextras/bin/finish-install.cbs.sh
Executing /altroot/opt/purextras/bin/finish-install.fix-dpkg.sh
Purity installed.
Installation complete. The new Purity version will load at next reboot.

Important!
The first boot of a new Purity version may take longer if the new version includes controller firmware updates.
DO NOT REBOOT THE CONTROLLER DURING THE FIRMWARE UPDATE.

Refer to http://community.purestorage.com for more information about the Purity upgrade process and firmware updates.
     root@HOK-21SAN-ct0:/var/home/pureeng# pureboto ot reboot -f-offlinepurearray list --contrloller
Error: Unable to communicate due to exception. Please try again.
     root@HOK-21SAN-ct0:/var/home/pureeng# pureboot reboot --offline
[Errno 111] Connection refused
 GNU GRUB  version 2.06

/----------------------------------------------------------------------------\||||||||||||||||||||||||||\----------------------------------------------------------------------------/     Use the ^ and v keys to select which entry is highlighted.          
      Press enter to boot the selected OS, `e' to edit the commands       
      before booting or `c' for a command-line.                             Purity 6.5.8 (202408090136+b967c2f84655) with kernel 5.15.123+ (2024071402>
*Purity 6.7.3 (202503241831+6aa78d215a66) with kernel 5.15.123+ (2025031712>
                                                                                                                                                                                                                                                                                                                                                                                                                                                                                                                                                                                                                                                                                                                                                                                                                                                                        The highlighted entry will be executed automatically in 3s.                    The highlighted entry will be executed automatically in 2s.                    The highlighted entry will be executed automatically in 1s.                    The highlighted entry will be executed automatically in 0s.                 
Purity

HOK-21SAN-ct0 login: puresetup     eng
1) Authenticate via CloudAssist
2) Authenticate via command line
3) Restore challenge
Type the number corresponding to the authentication method you want to use.

Selection: 2
Challenge: kid:1 fannel fluer pabble sapa 538975-135505398-2906624677520014430

Enter response or type 'save' to save challenge for later: c9353-fca6c-d13ab-d967a-d93e1-71f1e-2b646-28a6c-f8e94-66c71-454bf-06604-afdb1-10ea5-928a7-54f3e-c3f18-d3d66-f1d59-2636b-2403b-ab55d-d32c3-ffb62-86033-6c1
Successfully authenticated
<fw_update_tool>
===================================================================
=                            NOTICE                               =
===================================================================
=                                                                 =
=    Firmware is currently being checked and/or updated           =
=    on this controller.                                          =
=                                                                 =
=    If updates are necessary they will be applied automatically, =
=    and one or more automatic reboots may occur as a result.     =
=    A completion notice will be provided when done.              =
=                                                                 =
=    DO NOT RESTART OR REMOVE POWER WHILE UPDATE IS IN PROGRESS   =
=                                                                 =
===================================================================
<fw_update_tool>
Last login: Fri May 16 22:28:15 CDT 2025 from fe80::26a9:37ff:fe61:922b%haeth0 on pts/0

Fri May 16 22:40:46 2025
Welcome pureeng. This is Purity Version 6.7.3 on FlashArray HOK-21SAN
http://www.purestorage.com/
pureeng@HOK-21SAN-ct0:~$ 
     root@HOK-21SAN-ct0:/var/home/pureeng# purearray remoteassist --sattatus
Name           Status          Opened                   Expires
HOK-21SAN-ct0  session-active  2025-05-16 22:13:16 CDT  2025-05-18 22:13:16 CDT
     root@HOK-21SAN-ct0:/var/home/pureeng# purearray remoteassist --status
     root@HOK-21SAN-ct0:/var/home/pureeng# 
     root@HOK-21SAN-ct0:/var/home/pureeng# 
     root@HOK-21SAN-ct0:/var/home/pureeng# 
     root@HOK-21SAN-ct0:/var/home/pureeng# 
     root@HOK-21SAN-ct0:/var/home/pureeng# pureboot list

Marked entry (*) is currently running
Marked entry (-->) will run at next reboot
*-->0. Purity 6.7.3 (202503241831+6aa78d215a66) with kernel 5.15.123+ (202503171218+709a437ce8a4) on first (/dev/sda3)
    1. Purity 6.5.8 (202408090136+b967c2f84655) with kernel 5.15.123+ (202407140227+e4052619b975) on second (/dev/sda4)
     root@HOK-21SAN-ct0:/var/home/pureeng# 
HOK-21SAN-ct0 login: pureeng
1) Authenticate via CloudAssist
2) Authenticate via command line
3) Restore challenge
Type the number corresponding to the authentication method you want to use.

Selection: 2
Challenge: kid:1 visite eucone advice papish 538975-135505398-2906624677520014430

Enter response or type 'save' to save challenge for later: 4fde7-0bc68-04d47-dc0d1-1863a-bd732-af94e-b0996-d0a65-319bc-b8e20-4694a-fdb92-219ac-3d9a7-b3dca-f0db6-595f0-4d17c-cd523-dfb0b-fc3fd-fb02e-d1888-eff06-96c
Successfully authenticated
Last login: Fri May 16 22:59:48 CDT 2025 from fe80::26a9:37ff:fe61:922b%haeth0 on pts/0

Fri May 16 23:02:29 2025
Welcome pureeng. This is Purity Version 6.7.3 on FlashArray HOK-21SAN
http://www.purestorage.com/
pureeng@HOK-21SAN-ct0:~$ puresetup replacefpuresetup replace --from-controller FA-X50R3
Couldn't use log file /var/log/purity/smartcard.log, defaulting to using stderr
Traceback (most recent call last):
  File "/usr/lib/python3/dist-packages/pure/switchboard/smartcard_util.py", line 63, in setup_logger
    file_handler = logging.FileHandler(logfile, mode='a')
  File "/usr/lib/python3.10/logging/__init__.py", line 1169, in __init__
    StreamHandler.__init__(self, self._open())
  File "/usr/lib/python3.10/logging/__init__.py", line 1201, in _open
    return open_func(self.baseFilename, self.mode,
PermissionError: [Errno 13] Permission denied: '/var/log/purity/smartcard.log'
Traceback (most recent call last):
  File "/usr/lib/python3.10/logging/config.py", line 565, in configure
    handler = self.configure_handler(handlers[name])
  File "/usr/lib/python3.10/logging/config.py", line 746, in configure_handler
    result = factory(**kwargs)
  File "/usr/lib/python3.10/logging/__init__.py", line 1169, in __init__
    StreamHandler.__init__(self, self._open())
  File "/usr/lib/python3.10/logging/__init__.py", line 1201, in _open
    return open_func(self.baseFilename, self.mode,
PermissionError: [Errno 13] Permission denied: '/var/log/installer/puresetup.log'

The above exception was the direct cause of the following exception:

Traceback (most recent call last):
  File "/opt/Purity/bin/puresetup", line 1222, in <module>
    ps.configure_logging()
  File "/usr/lib/python3/dist-packages/pure/wizard/puresetup.py", line 584, in configure_logging
    logging.config.dictConfig(config)
  File "/usr/lib/python3.10/logging/config.py", line 811, in dictConfig
    dictConfigClass(config).configure()
  File "/usr/lib/python3.10/logging/config.py", line 572, in configure
    raise ValueError('Unable to configure handler '
ValueError: Unable to configure handler 'file'
Exception ignored in atexit callback: <function _at_exit at 0x7f517ed6be20>
Traceback (most recent call last):
  File "/opt/Purity/bin/puresetup", line 143, in _at_exit
    log_config_task_complete("CONFIG_TASK_PURESETUP_EXITED")
  File "/opt/Purity/bin/puresetup", line 130, in log_config_task_complete
    logger.info(completed_task)
NameError: name 'logger' is not defined
pureeng@HOK-21SAN-ct0:~$ sudo su
     root@HOK-21SAN-ct0:/var/home/pureeng# puresetup replace --from-controller FA-X50R3
##########################################
#   Welcome to the Purity Setup Wizard   #
##########################################
May 16 23:03:35.555 puresetup: PROGRESS: Starting controller replacement
May 16 23:03:35.558 puresetup.py: PROGRESS: Checking if the current Purity version supports this controller model
Controller hardware model is compatible with the controller purity version
[Errno 111] Connection refused
FA-X50R4 supports multiple storage types, configuring...
The controller will be rebooted when puresetup finishes
Pre-configured storage type X was found on the controller, will proceed to overwrite
Detected storage type X from peer
Successfully configured storage type X for controller
May 16 23:03:35.983 puresetup.py: PROGRESS: Running hardware checks
May 16 23:03:35.983 puresetup.py: PROGRESS: Detecting shelves connected to the array
Check Cobalt NDU controllers.. OK
Check RDL..................... OK
Check shelf cabling........... OK
Check controller link......... OK
Check power supply............ OK
Check PCIE AER errors......... OK
Check io card pci id's........ OK
Check LOM MAC addresses....... OK
Check physical memory......... OK
Getting local controller type.
Local controller type is cobalt_a.
Getting local controller variant.
Not a generic controller, Exiting.
May 16 23:04:02.020 puresetup: PROGRESS: Running platinum NDU checks
Checking peer controller for tunables
Enable secondary offload feature (y/n)? Please check the tunables set from the p
re-upgrade list. If the PS_SUPPORTS_SECONDARY_OFFLOAD doesn't show up in the lis
t or is set to 1, reply "y". If the PS_SUPPORTS_SECONDARY_OFFLOAD is set to 0 re
ply "n".:nEnable secondary offload feature (y/n)? Please check the tunables set from the p
re-upgrade list. If the PS_SUPPORTS_SECONDARY_OFFLOAD doesn't show up in the lis
t or is set to 1, reply "y". If the PS_SUPPORTS_SECONDARY_OFFLOAD is set to 0 re
ply "n".: n

Apply PS_SUPPORTS_SECONDARY_OFFLOAD = 0 # Enable/disable secondary offload as re
 (y/n):n
Apply PS_SUPPORTS_SECONDARY_OFFLOAD = 0 # Enable/disable secondary offload as re
 (y/n): n
purity.service stablized: 
^C
Exit without saving changes.
CONFIG_TASK_COMPLETED:CONFIG_TASK_PURESETUP_EXITED
     root@HOK-21SAN-ct0:/var/home/pureeng# puresetup replace --from-controller FA-X50R3
##########################################
#   Welcome to the Purity Setup Wizard   #
##########################################
May 16 23:06:20.814 puresetup: PROGRESS: Starting controller replacement
May 16 23:06:20.817 puresetup.py: PROGRESS: Checking if the current Purity version supports this controller model
Controller hardware model is compatible with the controller purity version
[Errno 111] Connection refused
FA-X50R4 supports multiple storage types, configuring...
The controller will be rebooted when puresetup finishes
Pre-configured storage type X was found on the controller, will proceed to overwrite
Detected storage type X from peer
Successfully configured storage type X for controller
May 16 23:06:21.233 puresetup.py: PROGRESS: Running hardware checks
May 16 23:06:21.233 puresetup.py: PROGRESS: Detecting shelves connected to the array
Check Cobalt NDU controllers.. OK
Check RDL..................... OK
Check shelf cabling........... OK
Check controller link......... OK
Check power supply............ OK
Check PCIE AER errors......... OK
Check io card pci id's........ OK
Check LOM MAC addresses....... OK
Check physical memory......... OK
Getting local controller type.
Local controller type is cobalt_a.
Getting local controller variant.
Not a generic controller, Exiting.
May 16 23:06:45.784 puresetup: PROGRESS: Running platinum NDU checks
Checking peer controller for tunables
Enable secondary offload feature (y/n)? Please check the tunables set from the p
re-upgrade list. If the PS_SUPPORTS_SECONDARY_OFFLOAD doesn't show up in the lis
t or is set to 1, reply "y". If the PS_SUPPORTS_SECONDARY_OFFLOAD is set to 0 re
ply "n".:nEnable secondary offload feature (y/n)? Please check the tunables set from the p
re-upgrade list. If the PS_SUPPORTS_SECONDARY_OFFLOAD doesn't show up in the lis
t or is set to 1, reply "y". If the PS_SUPPORTS_SECONDARY_OFFLOAD is set to 0 re
ply "n".: n

Apply PS_SUPPORTS_SECONDARY_OFFLOAD = 0 # Enable/disable secondary offload as re
 (y/n):y
Apply PS_SUPPORTS_SECONDARY_OFFLOAD = 0 # Enable/disable secondary offload as re
 (y/n): y
Peer tunable check failed, aborting setup. Please contact Pure Storage Support.
CONFIG_TASK_COMPLETED:CONFIG_TASK_PURESETUP_EXITED
     root@HOK-21SAN-ct0:/var/home/pureeng# puresetup replace --from-controller FA-X50R3
##########################################
#   Welcome to the Purity Setup Wizard   #
##########################################
May 16 23:07:01.202 puresetup: PROGRESS: Starting controller replacement
May 16 23:07:01.205 puresetup.py: PROGRESS: Checking if the current Purity version supports this controller model
Controller hardware model is compatible with the controller purity version
[Errno 111] Connection refused
FA-X50R4 supports multiple storage types, configuring...
The controller will be rebooted when puresetup finishes
Pre-configured storage type X was found on the controller, will proceed to overwrite
Detected storage type X from peer
Successfully configured storage type X for controller
May 16 23:07:01.625 puresetup.py: PROGRESS: Running hardware checks
May 16 23:07:01.625 puresetup.py: PROGRESS: Detecting shelves connected to the array
Check Cobalt NDU controllers.. OK
Check RDL..................... OK
Check shelf cabling........... OK
Check controller link......... OK
Check power supply............ OK
Check PCIE AER errors......... OK
Check io card pci id's........ OK
Check LOM MAC addresses....... OK
Check physical memory......... OK
Getting local controller type.
Local controller type is cobalt_a.
Getting local controller variant.
Not a generic controller, Exiting.
May 16 23:07:26.064 puresetup: PROGRESS: Running platinum NDU checks
Checking peer controller for tunables
Enable secondary offload feature (y/n)? Please check the tunables set from the p
re-upgrade list. If the PS_SUPPORTS_SECONDARY_OFFLOAD doesn't show up in the lis
t or is set to 1, reply "y". If the PS_SUPPORTS_SECONDARY_OFFLOAD is set to 0 re
ply "n".:nEnable secondary offload feature (y/n)? Please check the tunables set from the p
re-upgrade list. If the PS_SUPPORTS_SECONDARY_OFFLOAD doesn't show up in the lis
t or is set to 1, reply "y". If the PS_SUPPORTS_SECONDARY_OFFLOAD is set to 0 re
ply "n".: n

Apply PS_SUPPORTS_SECONDARY_OFFLOAD = 0 # Enable/disable secondary offload as re
 (y/n):n
Apply PS_SUPPORTS_SECONDARY_OFFLOAD = 0 # Enable/disable secondary offload as re
 (y/n): n
purity.service stablized: ..........
purity.service stablized check not successful: ['activating', 'start-pre']

[Errno 111] Connection refused
May 16 23:07:56.861 puresetup: ERROR: Error: [{'msg': 'Unable to communicate due to exception. Please try again.', 'raw_exception': ConnectionRefusedError(111, 'Connection refused'), 'xmlrpc_url': 'localhost:5555'}]
May 16 23:07:56.861 puresetup: ERROR: [{'msg': 'Unable to communicate due to exception. Please try again.', 'raw_exception': ConnectionRefusedError(111, 'Connection refused'), 'xmlrpc_url': 'localhost:5555'}]
Traceback (most recent call last):
  File "/opt/Purity/bin/puresetup", line 1028, in main
    setup_replace(args)
  File "/opt/Purity/bin/puresetup", line 646, in setup_replace
    ps.start_purity(check_hw_ndu=True, check_rdl=True)
  File "/usr/lib/python3/dist-packages/pure/wizard/puresetup.py", line 2839, in start_purity
    _start_purity(check_hw_ndu)
  File "/usr/lib/python3/dist-packages/pure/wizard/puresetup.py", line 2798, in _start_purity
    hw_ndu_ongoing = detect_HW_NDU()
  File "/usr/lib/python3/dist-packages/pure/wizard/puresetup.py", line 1595, in detect_HW_NDU
    api.nursery_get(name=NDU_HW_INFO_KEY, serial=controller_id + 1)[0].get("content").split(";")
  File "/usr/lib/python3/dist-packages/pure/cli/api/simple.py", line 26, in apifunc
    return func(ApiRpcOutput(), *args, **kwargs)
  File "/usr/lib/python3/dist-packages/pure/cli/api/raw.py", line 2952, in rawfunc
    return output.call(command, action=subcommand, **kwargs)
  File "/usr/lib/python3/dist-packages/pure/cli/api/simple.py", line 52, in call
    return self.__rpc.call(command, **args)
  File "/usr/lib/python3/dist-packages/pure/cli/rpc.py", line 276, in call
    RpcOutput.call(self, command, kwargs)
  File "/usr/lib/python3/dist-packages/pure/cli/rpc.py", line 261, in call
    return rpc_call(command, args, self, **kwargs)
  File "/usr/lib/python3/dist-packages/pure/cli/rpc.py", line 484, in rpc_call
    status = inner_call(command, subcommand, args)
  File "/usr/lib/python3/dist-packages/pure/cli/rpc.py", line 414, in inner_call
    output.errh(errors)
  File "/usr/lib/python3/dist-packages/pure/cli/rpc.py", line 272, in errh
    raise PureRpcError(errors)
pure.cli.rpc.PureRpcError: [{'msg': 'Unable to communicate due to exception. Please try again.', 'raw_exception': ConnectionRefusedError(111, 'Connection refused'), 'xmlrpc_url': 'localhost:5555'}]
Exit without saving changes.
CONFIG_TASK_COMPLETED:CONFIG_TASK_PURESETUP_EXITED
     root@HOK-21SAN-ct0:/var/home/pureeng# purearray list --controller
Error: Unable to communicate due to exception. Please try again.
     root@HOK-21SAN-ct0:/var/home/pureeng# pureboot reboot --offline
[Errno 111] Connection refused
 GNU GRUB  version 2.06

/----------------------------------------------------------------------------\||||||||||||||||||||||||||\----------------------------------------------------------------------------/     Use the ^ and v keys to select which entry is highlighted.          
      Press enter to boot the selected OS, `e' to edit the commands       
      before booting or `c' for a command-line.                             Purity 6.5.8 (202408090136+b967c2f84655) with kernel 5.15.123+ (2024071402>
*Purity 6.7.3 (202503241831+6aa78d215a66) with kernel 5.15.123+ (2025031712>
                                                                                                                                                                                                                                                                                                                                                                                                                                                                                                                                                                                                                                                                                                                                                                                                                                                                        The highlighted entry will be executed automatically in 3s.                    The highlighted entry will be executed automatically in 2s.                    The highlighted entry will be executed automatically in 1s.                    The highlighted entry will be executed automatically in 0s.                 
Purity

HOK-21SAN-ct0 login: pureeng
1) Authenticate via CloudAssist
2) Authenticate via command line
3) Restore challenge
Type the number corresponding to the authentication method you want to use.

Selection: 2
Challenge: kid:1 hoove tang wicht aurous 538975-135505398-2906624677520014430

Enter response or type 'save' to save challenge for later: 73f51-eda8e-60b53-81244-53938-12c97-a2083-bcf8b-d4207-0a1ba-73f91-a70f4-8e4cb-ef66a-b0e1f-9077e-5bedd-f3af8-b781f-e9d1c-56c9b-0541f-56c5c-22599-95fe6-ded
Successfully authenticated
Last login: Fri May 16 23:02:29 CDT 2025 on ttyS0

Fri May 16 23:10:54 2025
Welcome pureeng. This is Purity Version 6.7.3 on FlashArray HOK-21SAN
http://www.purestorage.com/
pureeng@HOK-21SAN-ct0:~$ sudo su
     root@HOK-21SAN-ct0:/var/home/pureeng# pureboot list

Marked entry (*) is currently running
Marked entry (-->) will run at next reboot
    0. Purity 6.5.8 (202408090136+b967c2f84655) with kernel 5.15.123+ (202407140227+e4052619b975) on second (/dev/sda4)
*-->1. Purity 6.7.3 (202503241831+6aa78d215a66) with kernel 5.15.123+ (202503171218+709a437ce8a4) on first (/dev/sda3)
     root@HOK-21SAN-ct0:/var/home/pureeng# puresetup replace --from-controller FA-X50R3
##########################################
#   Welcome to the Purity Setup Wizard   #
##########################################
May 16 23:11:19.513 puresetup: PROGRESS: Starting controller replacement
May 16 23:11:19.516 puresetup.py: PROGRESS: Checking if the current Purity version supports this controller model
Controller hardware model is compatible with the controller purity version
[Errno 111] Connection refused
FA-X50R4 supports multiple storage types, configuring...
The controller will be rebooted when puresetup finishes
Pre-configured storage type X was found on the controller, will proceed to overwrite
Detected storage type X from peer
Successfully configured storage type X for controller
May 16 23:11:19.951 puresetup.py: PROGRESS: Running hardware checks
May 16 23:11:19.951 puresetup.py: PROGRESS: Detecting shelves connected to the array
Check Cobalt NDU controllers.. OK
Check RDL..................... OK
Check shelf cabling........... OK
Check controller link......... OK
Check power supply............ OK
Check PCIE AER errors......... OK
Check io card pci id's........ OK
Check LOM MAC addresses....... OK
Check physical memory......... OK
Getting local controller type.
Local controller type is cobalt_a.
Getting local controller variant.
Not a generic controller, Exiting.
May 16 23:11:45.276 puresetup: PROGRESS: Running platinum NDU checks
Checking peer controller for tunables
Enable secondary offload feature (y/n)? Please check the tunables set from the p
re-upgrade list. If the PS_SUPPORTS_SECONDARY_OFFLOAD doesn't show up in the lis
t or is set to 1, reply "y". If the PS_SUPPORTS_SECONDARY_OFFLOAD is set to 0 re
ply "n".:nEnable secondary offload feature (y/n)? Please check the tunables set from the p
re-upgrade list. If the PS_SUPPORTS_SECONDARY_OFFLOAD doesn't show up in the lis
t or is set to 1, reply "y". If the PS_SUPPORTS_SECONDARY_OFFLOAD is set to 0 re
ply "n".: n

Apply PS_SUPPORTS_SECONDARY_OFFLOAD = 0 # Enable/disable secondary offload as re
 (y/n):n
Apply PS_SUPPORTS_SECONDARY_OFFLOAD = 0 # Enable/disable secondary offload as re
 (y/n): n
purity.service stablized: ..........
purity.service stablized check not successful: ['activating', 'start-pre']

[Errno 111] Connection refused
May 16 23:12:17.396 puresetup: ERROR: Error: [{'msg': 'Unable to communicate due to exception. Please try again.', 'raw_exception': ConnectionRefusedError(111, 'Connection refused'), 'xmlrpc_url': 'localhost:5555'}]
May 16 23:12:17.396 puresetup: ERROR: [{'msg': 'Unable to communicate due to exception. Please try again.', 'raw_exception': ConnectionRefusedError(111, 'Connection refused'), 'xmlrpc_url': 'localhost:5555'}]
Traceback (most recent call last):
  File "/opt/Purity/bin/puresetup", line 1028, in main
    setup_replace(args)
  File "/opt/Purity/bin/puresetup", line 646, in setup_replace
    ps.start_purity(check_hw_ndu=True, check_rdl=True)
  File "/usr/lib/python3/dist-packages/pure/wizard/puresetup.py", line 2839, in start_purity
    _start_purity(check_hw_ndu)
  File "/usr/lib/python3/dist-packages/pure/wizard/puresetup.py", line 2798, in _start_purity
    hw_ndu_ongoing = detect_HW_NDU()
  File "/usr/lib/python3/dist-packages/pure/wizard/puresetup.py", line 1595, in detect_HW_NDU
    api.nursery_get(name=NDU_HW_INFO_KEY, serial=controller_id + 1)[0].get("content").split(";")
  File "/usr/lib/python3/dist-packages/pure/cli/api/simple.py", line 26, in apifunc
    return func(ApiRpcOutput(), *args, **kwargs)
  File "/usr/lib/python3/dist-packages/pure/cli/api/raw.py", line 2952, in rawfunc
    return output.call(command, action=subcommand, **kwargs)
  File "/usr/lib/python3/dist-packages/pure/cli/api/simple.py", line 52, in call
    return self.__rpc.call(command, **args)
  File "/usr/lib/python3/dist-packages/pure/cli/rpc.py", line 276, in call
    RpcOutput.call(self, command, kwargs)
  File "/usr/lib/python3/dist-packages/pure/cli/rpc.py", line 261, in call
    return rpc_call(command, args, self, **kwargs)
  File "/usr/lib/python3/dist-packages/pure/cli/rpc.py", line 484, in rpc_call
    status = inner_call(command, subcommand, args)
  File "/usr/lib/python3/dist-packages/pure/cli/rpc.py", line 414, in inner_call
    output.errh(errors)
  File "/usr/lib/python3/dist-packages/pure/cli/rpc.py", line 272, in errh
    raise PureRpcError(errors)
pure.cli.rpc.PureRpcError: [{'msg': 'Unable to communicate due to exception. Please try again.', 'raw_exception': ConnectionRefusedError(111, 'Connection refused'), 'xmlrpc_url': 'localhost:5555'}]
Exit without saving changes.
CONFIG_TASK_COMPLETED:CONFIG_TASK_PURESETUP_EXITED
     root@HOK-21SAN-ct0:/var/home/pureeng# ^C
     root@HOK-21SAN-ct0:/var/home/pureeng# purearray list --controller
Name     Type              Mode       Model     Version  Status     Current Mode Since       Internal Details
CT0      array_controller  primary    FA-X50R4  6.7.3    ready      2025-05-16 22:03:53 CDT  
CT1      array_controller  secondary  FA-X50R4  6.7.3    not ready  2025-05-16 23:17:16 CDT  SAN unready at process start; awaiting portals sync
SH9.SC1  shelf_controller  -          DFSC1     2.2.2    -          -                        -
SH9.SC0  shelf_controller  -          DFSC1     2.2.2    -          -                        -
     root@HOK-21SAN-ct0:/var/home/pureeng# purearray ;rremoteassist --sattatus
Name           Status        Opened  Expires
HOK-21SAN-ct1  disconnected  -       -
     root@HOK-21SAN-ct0:/var/home/pureeng# purearray remoteassist --statusconnect
Name           Status      Opened                   Expires
HOK-21SAN-ct1  connecting  2025-05-16 23:24:49 CDT  2025-05-18 23:24:49 CDT
     root@HOK-21SAN-ct0:/var/home/pureeng# purearray remoteassist --connectstatus
Name           Status      Opened                   Expires
HOK-21SAN-ct1  connecting  2025-05-16 23:24:49 CDT  2025-05-18 23:24:49 CDT
     root@HOK-21SAN-ct0:/var/home/pureeng# purearray remoteassist --status
Name           Status      Opened                   Expires
HOK-21SAN-ct1  connecting  2025-05-16 23:24:49 CDT  2025-05-18 23:24:49 CDT
     root@HOK-21SAN-ct0:/var/home/pureeng# purearray remoteassist --status
Name           Status      Opened                   Expires
HOK-21SAN-ct1  connecting  2025-05-16 23:24:49 CDT  2025-05-18 23:24:49 CDT
     root@HOK-21SAN-ct0:/var/home/pureeng# purearray remoteassist --status
Name           Status      Opened                   Expires
HOK-21SAN-ct1  connecting  2025-05-16 23:24:49 CDT  2025-05-18 23:24:49 CDT
     root@HOK-21SAN-ct0:/var/home/pureeng# purearray remoteassist --status
Name           Status      Opened                   Expires
HOK-21SAN-ct1  connecting  2025-05-16 23:24:49 CDT  2025-05-18 23:24:49 CDT
     root@HOK-21SAN-ct0:/var/home/pureeng# purearray remoteassist --status
Name           Status      Opened                   Expires
HOK-21SAN-ct1  connecting  2025-05-16 23:24:49 CDT  2025-05-18 23:24:49 CDT
     root@HOK-21SAN-ct0:/var/home/pureeng# purearray remoteassist --status
Name           Status      Opened                   Expires
HOK-21SAN-ct1  connecting  2025-05-16 23:24:49 CDT  2025-05-18 23:24:49 CDT
     root@HOK-21SAN-ct0:/var/home/pureeng# purearray remoteassist --status
Name           Status      Opened                   Expires
HOK-21SAN-ct1  connecting  2025-05-16 23:24:49 CDT  2025-05-18 23:24:49 CDT
     root@HOK-21SAN-ct0:/var/home/pureeng# purearray remoteassist --status
Name           Status      Opened                   Expires
HOK-21SAN-ct1  connecting  2025-05-16 23:24:49 CDT  2025-05-18 23:24:49 CDT
     root@HOK-21SAN-ct0:/var/home/pureeng# purearray remoteassist --status
Name           Status      Opened                   Expires
HOK-21SAN-ct1  connecting  2025-05-16 23:24:49 CDT  2025-05-18 23:24:49 CDT
     root@HOK-21SAN-ct0:/var/home/pureeng# purearray remoteassist --status
Name           Status      Opened                   Expires
HOK-21SAN-ct1  connecting  2025-05-16 23:24:49 CDT  2025-05-18 23:24:49 CDT
     root@HOK-21SAN-ct0:/var/home/pureeng# purearray remoteassist --status
Name           Status      Opened                   Expires
HOK-21SAN-ct1  connecting  2025-05-16 23:24:49 CDT  2025-05-18 23:24:49 CDT
     root@HOK-21SAN-ct0:/var/home/pureeng# pureaadm status
Process status:
purity start/running
lio-drv stop/waiting
foed start/running, process 30144
platform start/running, process 30087
gui start/running, process 30065
rest stop/waiting
monitor start/running, process 30077
iostat start/running, process 30070
statistics start/running, process 30115
middleware start/running, process 32450
vasa start/running, process 32441
platform working
foed working
gui working
platform_env working
quorum working
foed_env working
remote_patch working
driver working
san not responding pureport started command failed
health not responding SAN unready at process start; awaiting portals sync
lio-drv not responding
middleware-db working
middleware working
vasa working
     root@HOK-21SAN-ct0:/var/home/pureeng# pureadm statusrray remoteassist --statusconnectstatus
Name           Status      Opened                   Expires
HOK-21SAN-ct1  connecting  2025-05-16 23:24:49 CDT  2025-05-18 23:24:49 CDT
     root@HOK-21SAN-ct0:/var/home/pureeng# purearray remoteassist --statusdisconnect
Name           Status        Opened  Expires
HOK-21SAN-ct1  disconnected  -       -
     root@HOK-21SAN-ct0:/var/home/pureeng# purearray remoteassist --disconnectstatusdm statusrray remoteassist --statusdisconnectconnect
Name           Status      Opened                   Expires
HOK-21SAN-ct1  connecting  2025-05-16 23:27:25 CDT  2025-05-18 23:27:25 CDT
     root@HOK-21SAN-ct0:/var/home/pureeng# purearray remoteassist --connectdisconnectstatus
Name           Status      Opened                   Expires
HOK-21SAN-ct1  connecting  2025-05-16 23:27:25 CDT  2025-05-18 23:27:25 CDT
     root@HOK-21SAN-ct0:/var/home/pureeng# purearray remoteassist --status
Name           Status      Opened                   Expires
HOK-21SAN-ct1  connecting  2025-05-16 23:27:25 CDT  2025-05-18 23:27:25 CDT
     root@HOK-21SAN-ct0:/var/home/pureeng# purearray remoteassist --status
Name           Status      Opened                   Expires
HOK-21SAN-ct1  connecting  2025-05-16 23:27:25 CDT  2025-05-18 23:27:25 CDT
     root@HOK-21SAN-ct0:/var/home/pureeng# purearray remoteassist --status
Name           Status      Opened                   Expires
HOK-21SAN-ct1  connecting  2025-05-16 23:27:25 CDT  2025-05-18 23:27:25 CDT
     root@HOK-21SAN-ct0:/var/home/pureeng# purearray remoteassist --status
Name           Status      Opened                   Expires
HOK-21SAN-ct1  connecting  2025-05-16 23:27:25 CDT  2025-05-18 23:27:25 CDT
     root@HOK-21SAN-ct0:/var/home/pureeng# purearray remoteassist --status
Name           Status      Opened                   Expires
HOK-21SAN-ct1  connecting  2025-05-16 23:27:25 CDT  2025-05-18 23:27:25 CDT
     root@HOK-21SAN-ct0:/var/home/pureeng# purearray remoteassist --status
Name           Status      Opened                   Expires
HOK-21SAN-ct1  connecting  2025-05-16 23:27:25 CDT  2025-05-18 23:27:25 CDT
     root@HOK-21SAN-ct0:/var/home/pureeng# ^C
     root@HOK-21SAN-ct0:/var/home/pureeng# puresetup array remoteassist --disconnect
Name           Status        Opened  Expires
HOK-21SAN-ct1  disconnected  -       -
     root@HOK-21SAN-ct0:/var/home/pureeng# pureadm status
Process status:
purity stop/waiting
lio-drv stop/waiting
foed stop/waiting
platform stop/waiting
gui stop/waiting
rest stop/waiting
monitor stop/waiting
iostat stop/waiting
statistics stop/waiting
middleware stop/waiting
vasa stop/waiting
platform not responding
foed not responding
gui not responding
platform_env not responding (prerequisite not ready)
quorum not responding (prerequisite not ready)
foed_env not responding (prerequisite not ready)
remote_patch not responding (prerequisite not ready)
driver not responding
san not responding (prerequisite not ready)
health not responding (prerequisite not ready)
lio-drv not responding
middleware-db not responding
middleware not responding
vasa not responding
     root@HOK-21SAN-ct0:/var/home/pureeng# puresetup replace --from-controller FA-X50R3  
##########################################
#   Welcome to the Purity Setup Wizard   #
##########################################
May 16 23:29:17.563 puresetup: PROGRESS: Starting controller replacement
May 16 23:29:17.566 puresetup.py: PROGRESS: Checking if the current Purity version supports this controller model
Controller hardware model is compatible with the controller purity version
[Errno 111] Connection refused
FA-X50R4 supports multiple storage types, configuring...
The controller will be rebooted when puresetup finishes
Pre-configured storage type X was found on the controller, will proceed to overwrite
Detected storage type X from peer
Successfully configured storage type X for controller
May 16 23:29:17.992 puresetup.py: PROGRESS: Running hardware checks
May 16 23:29:17.992 puresetup.py: PROGRESS: Detecting shelves connected to the array
Check Cobalt NDU controllers.. OK
Check RDL..................... OK
Check shelf cabling........... OK
Check controller link......... OK
Check power supply............ OK
Check PCIE AER errors......... OK
Check io card pci id's........ OK
Check LOM MAC addresses....... OK
Check physical memory......... OK
Getting local controller type.
Local controller type is cobalt_a.
Getting local controller variant.
Not a generic controller, Exiting.
May 16 23:29:42.721 puresetup: PROGRESS: Running platinum NDU checks
Checking peer controller for tunables
Enable secondary offload feature (y/n)? Please check the tunables set from the p
re-upgrade list. If the PS_SUPPORTS_SECONDARY_OFFLOAD doesn't show up in the lis
t or is set to 1, reply "y". If the PS_SUPPORTS_SECONDARY_OFFLOAD is set to 0 re
ply "n".:nEnable secondary offload feature (y/n)? Please check the tunables set from the p
re-upgrade list. If the PS_SUPPORTS_SECONDARY_OFFLOAD doesn't show up in the lis
t or is set to 1, reply "y". If the PS_SUPPORTS_SECONDARY_OFFLOAD is set to 0 re
ply "n".: n

Apply PS_SUPPORTS_SECONDARY_OFFLOAD = 0 # Enable/disable secondary offload as re
 (y/n):n
Apply PS_SUPPORTS_SECONDARY_OFFLOAD = 0 # Enable/disable secondary offload as re
 (y/n): n
purity.service stablized: done
purity start/running
platform: ..done
foed: .done
gui: .....done
rest: done
platform_env: 0.done
quorum: ...done
foed_env: 1.0.done
remote_patch: done
driver: done
san: Skip waiting for san during HW NDU
May 16 23:30:27.124 puresetup: PROGRESS: Checking all purity services are working
May 16 23:30:34.739 puresetup.py: ERROR: middleware not UP. Purity status: Process status:
purity start/running
lio-drv stop/waiting
foed start/running, process 89176
platform start/running, process 89129
gui start/running, process 89116
rest stop/waiting
monitor start/running, process 89124
iostat start/running, process 89118
statistics start/running, process 89145
middleware start/running, process 91420
vasa start/running, process 91421
platform working
foed working
gui working
platform_env working
quorum working
foed_env working
remote_patch working
driver working
san not responding pureport started command failed
health not responding SAN unready at process start; awaiting portals sync
lio-drv not responding
middleware-db working
middleware not responding
vasa working

service middleware not healthy.
Wait until all services are working, check service status again in 10s ...
Diagnostics software not installed, no work needed.
May 16 23:30:54.039 puresetup.py: WARNING: Could not restart patch svc on peer: [Errno 2] No such file or directory: 'ssh peer service software_patch_svc restart'
May 16 23:30:54.047 puresetup: PROGRESS: Displaying port migration instructions
[FA-X50R3.CT1.ETH1] does not need to be migrated since it has no configuration and is not a subinterface.
[FA-X50R3.CT1.ETH2] does not need to be migrated since it has no configuration and is not a subinterface.
[FA-X50R3.CT1.ETH3] does not need to be migrated since it has no configuration and is not a subinterface.
[FA-X50R3.CT1.ETH4] does not need to be migrated since it has no configuration and is not a subinterface.
[FA-X50R3.CT1.ETH5] does not need to be migrated since it has no configuration and is not a subinterface.
[FA-X50R3.CT1.ETH6] does not need to be migrated since it has no configuration and is not a subinterface.
[FA-X50R3.CT1.ETH7] does not need to be migrated since it has no configuration and is not a subinterface.
[FA-X50R3.CT1.ETH8] does not need to be migrated since it has no configuration and is not a subinterface.
[FA-X50R3.CT1.ETH9] does not need to be migrated since it has no configuration and is not a subinterface.
[FA-X50R3.CT1.ETH18] does not need to be migrated since it has no configuration and is not a subinterface.
Press Enter to show more lines...
[FA-X50R3.CT1.ETH19] does not need to be migrated since it has no configuration and is not a subinterface.
Please move ports as shown below:
[FA-X50R3.CT1.ETH0] ====>> [FA-X50R4.CT1.ETH4](Slot: LOM)
[FA-X50R3.CT1.ETH10] ====>> [FA-X50R4.CT1.ETH10](Slot:1)
[FA-X50R3.CT1.ETH11] ====>> [FA-X50R4.CT1.ETH11](Slot:1)

After the cables have been moved, type "CONTINUE": continue
May 16 23:33:32.949 puresetup: PROGRESS: Configuring network ports...
May 16 23:33:52.049 puresetup.py: WARNING: FAILED ping test 10.20.225.254:ps_eth4
PING 10.20.225.254 (10.20.225.254) from 10.20.224.102 ps_eth4: 56(84) bytes of data.
From 10.20.224.102 icmp_seq=1 Destination Host Unreachable

--- 10.20.225.254 ping statistics ---
5 packets transmitted, 0 received, +1 errors, 100% packet loss, time 4095ms



Perform ping test on port ETH4 ....... FAIL
Ping test FAILED on ['eth4']
Ethernet port verification failed, please check port status.
Retry ping test? (y/n):nRetry ping test? (y/n): n
Continue puresetup without ethernet port verification? (y/n):yContinue puresetup without ethernet port verification? (y/n): y
Checking SAN connectivity
.                                                                               
Broadcast message from root@HOK-21SAN-ct1 (somewhere) (Fri May 16 23:34:52 2025
                                                                               
                                                                               
Purity//FA Information System Status                                           
====================================                                           
Purity//FA has successfully started for                                        
the first time after an install                                                
or upgrade. Purity//FA 6.7.3 (202503241831+6aa78d215a66-67x)                   
is now set to be the default.                                                  
                                                                               
                                                                               
Broadcast message from root@HOK-21SAN-ct1 (somewhere) (Fri May 16 23:34:52 2025
                                                                               
                                                                               
Purity//FA Information System Status                                           
====================================                                           
Purity//FA has successfully started for                                        
the first time after an install                                                
or upgrade. Purity//FA 6.7.3 (202503241831+6aa78d215a66-67x)                   
is now set to be the default.                                                  
                                                                               

SAN is ready.
Waiting for Software Check:
Attempt 1/5 ...
May 16 23:34:59.684 puresetup.py: PROGRESS: Detecting shelves connected to the array
Checking iobalance before proceeding, sampling for 30 seconds, retrying 1 times, adding 30 seconds with each retry
Try 1/2: Sampling I/O for 30 seconds
^C
Exit without saving changes.
CONFIG_TASK_COMPLETED:CONFIG_TASK_PURESETUP_EXITED
     root@HOK-21SAN-ct0:/var/home/pureeng# puresetup timezone
##########################################
#   Welcome to the Purity Setup Wizard   #
##########################################
Name       Created                  Expires
puresetup  2025-05-16 23:35:28 CDT  2025-05-17 00:35:28 CDT
Changing the time zone will require a reboot on this controller.
Current time zone: America/Chicago
Change time zone [requires reboot] (y/n):yChange time zone [requires reboot] (y/n): y
Configuring tzdata
------------------

Please select the geographic area in which you live. Subsequent configuration 
questions will narrow this down by presenting a list of cities, representing the
time zones in which they are located.

  1. Africa      4. Australia     7. Atlantic Ocean  10. Pacific Ocean
  2. America     5. Arctic Ocean  8. Europe          11. US
  3. Antarctica  6. Asia          9. Indian Ocean    12. None of the above

Geographic area: 2


Please select the city or region corresponding to your time zone.

  1. Adak                       80. Juneau
  2. Anchorage                  81. Louisville (Kentucky)
  3. Anguilla                   82. Monticello (Kentucky)
  4. Antigua                    83. Kralendijk
  5. Araguaina                  84. La Paz
  6. Buenos Aires (Argentina)   85. Lima
  7. Catamarca (Argentina)      86. Los Angeles
  8. Cordoba (Argentina)        87. Lower Princes
  9. Jujuy (Argentina)          88. Maceio
  10. La Rioja (Argentina)      89. Managua
  11. Mendoza (Argentina)       90. Manaus
  12. Rio Gallegos (Argentina)  91. Marigot
  13. Salta (Argentina)         92. Martinique
  14. San Juan (Argentina)      93. Matamoros
  15. San Luis (Argentina)      94. Mazatlan
  16. Tucuman (Argentina)       95. Menominee
  17. Ushuaia (Argentina)       96. Merida
  18. Aruba                     97. Metlakatla
[More] 

  19. Asuncion                  98. Mexico City
  20. Atikokan                  99. Miquelon
  21. Atka                      100. Moncton
  22. Bahia                     101. Monterrey
  23. Bahia Banderas            102. Montevideo
  24. Barbados                  103. Montreal
  25. Belem                     104. Montserrat
  26. Belize                    105. Nassau
  27. Blanc-Sablon              106. New York
  28. Boa Vista                 107. Nipigon
  29. Bogota                    108. Nome
  30. Boise                     109. Fernando de Noronha
  31. Cambridge Bay             110. Beulah (North Dakota)
  32. Campo Grande              111. Center (North Dakota)
  33. Cancun                    112. New Salem (North Dakota)
  34. Caracas                   113. Nuuk
  35. Cayenne                   114. Ojinaga
  36. Cayman                    115. Panama
  37. Chicago                   116. Pangnirtung
  38. Chihuahua                 117. Paramaribo
  39. Ciudad_Juarez             118. Phoenix
  40. Coral Harbour             119. Port-au-Prince
[More] 

  41. Costa Rica                120. Port of Spain
  42. Creston                   121. Porto Acre
  43. Cuiaba                    122. Porto Velho
  44. Curaçao                  123. Puerto Rico
  45. Danmarkshavn              124. Punta Arenas
  46. Dawson                    125. Rainy River
  47. Dawson Creek              126. Rankin Inlet
  48. Denver                    127. Recife
  49. Detroit                   128. Regina
  50. Dominica                  129. Resolute
  51. Edmonton                  130. Rio Branco
  52. Eirunepe                  131. Santa Isabel
  53. El Salvador               132. Santarém
  54. Ensenada                  133. Santiago
  55. Fort Nelson               134. Santo Domingo
  56. Fortaleza                 135. São Paulo
  57. Glace Bay                 136. Scoresbysund
  58. Godthab                   137. Shiprock
  59. Goose Bay                 138. Sitka
  60. Grand Turk                139. St Barthelemy
  61. Grenada                   140. St Johns
  62. Guadeloupe                141. St Kitts
[More] 

  63. Guatemala                 142. St Lucia
  64. Guayaquil                 143. St Thomas
  65. Guyana                    144. St Vincent
  66. Halifax                   145. Swift Current
  67. Havana                    146. Tegucigalpa
  68. Hermosillo                147. Thule
  69. Indianapolis (Indiana)    148. Thunder Bay
  70. Knox (Indiana)            149. Tijuana
  71. Marengo (Indiana)         150. Toronto
  72. Petersburg (Indiana)      151. Tortola
  73. Tell City (Indiana)       152. Vancouver
  74. Vevay (Indiana)           153. Virgin
  75. Vincennes (Indiana)       154. Whitehorse
  76. Winamac (Indiana)         155. Winnipeg
  77. Inuvik                    156. Yakutat
  78. Iqaluit                   157. Yellowknife
  79. Jamaica

Time zone: 

Time zone: 37



Current default time zone: 'America/Chicago'
Local time is now:      Fri May 16 23:35:39 CDT 2025.
Universal Time is now:  Sat May 17 04:35:39 UTC 2025.

'/cache/timezone/localtime' -> '/usr/share/zoneinfo/America/Chicago'
Confirm time zone change from America/Chicago to America/Chicago
(y/N):y(y/N): y
No time zone change.
CONFIG_TASK_COMPLETED:CONFIG_TASK_PURESETUP_EXITED
     root@HOK-21SAN-ct0:/var/home/pureeng# pureboot reboot --secondarpurearray list --controller
Name     Type              Mode       Model     Version  Status  Current Mode Since       Internal Details
CT0      array_controller  primary    FA-X50R4  6.7.3    ready   2025-05-16 22:03:53 CDT  
CT1      array_controller  secondary  FA-X50R4  6.7.3    ready   2025-05-16 23:30:17 CDT  
SH9.SC1  shelf_controller  -          DFSC1     2.2.2    -       -                        -
SH9.SC0  shelf_controller  -          DFSC1     2.2.2    -       -                        -
     root@HOK-21SAN-ct0:/var/home/pureeng# pureboot reboot --secondaryhostname
HOK-21SAN-ct1
     root@HOK-21SAN-ct0:/var/home/pureeng# puresetup boot reboot --secondary
     root@HOK-21SAN-ct0:/var/home/pureeng#  GNU GRUB  version 2.06

+----------------------------------------------------------------------------+||||||||||||||||||||||||+----------------------------------------------------------------------------+     Use the ^ and v keys to select which entry is highlighted.          
      Press enter to boot the selected OS, `e' to edit the commands       
      before booting or `c' for a command-line.                            *Purity 6.7.3 (202503241831+6aa78d215a66) with kernel 5.15.123+ (2025031712> Purity 6.5.8 (202408090136+b967c2f84655) with kernel 5.15.123+ (2024071402>                                                                                                                                                                                                                                                                                                                                                                                                                                                                                                                                                                                                                                                                                                                                                                                         GNU GRUB  version 2.06

/----------------------------------------------------------------------------\||||||||||||||||||||||||||\----------------------------------------------------------------------------/     Use the ^ and v keys to select which entry is highlighted.          
      Press enter to boot the selected OS, `e' to edit the commands       
      before booting or `c' for a command-line.                            *Purity 6.7.3 (202503241831+6aa78d215a66) with kernel 5.15.123+ (2025031712>
 Purity 6.5.8 (202408090136+b967c2f84655) with kernel 5.15.123+ (2024071402>
                                                                                                                                                                                                                                                                                                                                                                                                                                                                                                                                                                                                                                                                                                                                                                                                                                                                        The highlighted entry will be executed automatically in 3s.                    The highlighted entry will be executed automatically in 3s.                    The highlighted entry will be executed automatically in 2s.                    The highlighted entry will be executed automatically in 2s.                    The highlighted entry will be executed automatically in 1s.                    The highlighted entry will be executed automatically in 1s.                    The highlighted entry will be executed automatically in 0s.                    The highlighted entry will be executed automatically in 0s.                 
BOOTING AT 2025-5-17 4:38:26 Purity 6.7.3 (202503241831+6aa78d215a66) with
kernel 5.15.123+ (202503171218+709a437ce8a4) on first (/dev/sda3)

BOOTING AT 2025-5-17 4:38:26 Purity 6.7.3 (202503241831+6aa78d215a66) with
kernel 5.15.123+ (202503171218+709a437ce8a4) on first (/dev/sda3)



HOK-21SAN-ct1 login: pureeng
1) Authenticate via CloudAssist
2) Authenticate via command line
3) Restore challenge
Type the number corresponding to the authentication method you want to use.

Selection: 1

An email for identity verification will be sent once email is entered.
Please follow the authentication instructions provided there and return to this screen when finished or if email has not been received.


Enter an email address: fharris@purestorage.com
Successfully authenticated
Last login: Fri May 16 23:10:54 CDT 2025 on ttyS0

Fri May 16 23:40:47 2025
Welcome pureeng. This is Purity Version 6.7.3 on FlashArray HOK-21SAN
http://www.purestorage.com/
pureeng@HOK-21SAN-ct1:~$ purehw list
Name          Status         Identify  Slot  Index  Speed        Temperature  Voltage  Details
CH0           ok             off       -     0      -            -            -        -
CH0.BAY0      ok             off       -     0      -            -            -        -
CH0.BAY1      ok             off       -     1      -            -            -        -
CH0.BAY2      ok             off       -     2      -            -            -        -
CH0.BAY3      ok             off       -     3      -            -            -        -
CH0.BAY4      ok             off       -     4      -            -            -        -
CH0.BAY5      ok             off       -     5      -            -            -        -
CH0.BAY6      ok             off       -     6      -            -            -        -
CH0.BAY7      ok             off       -     7      -            -            -        -
CH0.BAY8      ok             off       -     8      -            -            -        -
CH0.BAY9      ok             off       -     9      -            -            -        -
CH0.BAY10     ok             off       -     10     -            -            -        -
CH0.BAY11     ok             off       -     11     -            -            -        -
CH0.BAY12     ok             off       -     12     -            -            -        -
CH0.BAY13     ok             off       -     13     -            -            -        -
CH0.BAY14     ok             off       -     14     -            -            -        -
CH0.BAY15     ok             off       -     15     -            -            -        -
CH0.BAY16     ok             off       -     16     -            -            -        -
CH0.BAY17     ok             off       -     17     -            -            -        -
CH0.BAY18     ok             off       -     18     -            -            -        -
CH0.BAY19     ok             off       -     19     -            -            -        -
CH0.NVB0      ok             off       -     0      -            -            -        -
CH0.NVB1      ok             off       -     1      -            -            -        -
CH0.NVB2      not_installed  off       -     2      -            -            -        -
CH0.NVB3      not_installed  off       -     3      -            -            -        -
CH0.PWR0      ok             -         -     0      -            -            204 V    -
CH0.PWR1      ok             -         -     1      -            -            205 V    -
CH0.TMP0      ok             -         -     0      -            20 C         -        -
CT0           ok             off       -     0      -            -            -        -
CT0.ETH0      ok             -         -     0      50.00 Gb/s   -            -        -
CT0.ETH1      ok             -         -     1      50.00 Gb/s   -            -        -
CT0.ETH2      ok             -         -     2      0.00 b/s     -            -        -
CT0.ETH3      ok             -         -     3      0.00 b/s     -            -        -
CT0.ETH4      ok             -         -     4      1.00 Gb/s    -            -        -
CT0.ETH5      ok             -         -     5      0.00 b/s     -            -        -
CT0.ETH10     ok             -         1     10     100.00 Gb/s  -            -        -
CT0.ETH11     ok             -         1     11     100.00 Gb/s  -            -        -
CT0.ETH18     ok             -         3     18     0.00 b/s     -            -        -
CT0.ETH19     ok             -         3     19     0.00 b/s     -            -        -
CT0.ETH20     ok             -         3     20     0.00 b/s     -            -        -
CT0.ETH21     ok             -         3     21     0.00 b/s     -            -        -
CT0.FAN0      ok             -         -     0      -            -            -        -
CT0.FAN1      ok             -         -     1      -            -            -        -
CT0.FAN2      ok             -         -     2      -            -            -        -
CT0.FAN3      ok             -         -     3      -            -            -        -
CT0.FAN4      ok             -         -     4      -            -            -        -
CT0.FAN5      ok             -         -     5      -            -            -        -
CT0.TMP0      ok             -         -     0      -            34 C         -        -
CT0.TMP1      ok             -         -     1      -            38 C         -        -
CT0.TMP2      ok             -         -     2      -            57 C         -        -
CT0.TMP3      ok             -         -     3      -            58 C         -        -
CT0.TMP4      ok             -         -     4      -            44 C         -        -
CT0.TMP5      ok             -         -     5      -            44 C         -        -
CT0.TMP6      ok             -         -     6      -            25 C         -        -
CT0.TMP7      ok             -         -     7      -            26 C         -        -
CT0.TMP8      ok             -         -     8      -            50 C         -        -
CT0.TMP9      ok             -         -     9      -            37 C         -        -
CT0.TMP11     ok             -         -     11     -            36 C         -        -
CT0.TMP12     ok             -         -     12     -            34 C         -        -
CT0.TMP13     ok             -         -     13     -            37 C         -        -
CT0.TMP14     ok             -         -     14     -            36 C         -        -
CT0.TMP15     ok             -         -     15     -            35 C         -        -
CT0.TMP17     ok             -         -     17     -            35 C         -        -
CT0.TMP19     ok             -         -     19     -            34 C         -        -
CT0.TMP20     ok             -         -     20     -            34 C         -        -
CT0.TMP21     ok             -         -     21     -            39 C         -        -
CT0.TMP22     ok             -         -     22     -            38 C         -        -
CT0.TMP23     ok             -         -     23     -            37 C         -        -
CT1           ok             off       -     1      -            -            -        -
CT1.ETH0      ok             -         -     0      50.00 Gb/s   -            -        -
CT1.ETH1      ok             -         -     1      50.00 Gb/s   -            -        -
CT1.ETH2      ok             -         -     2      0.00 b/s     -            -        -
CT1.ETH3      ok             -         -     3      0.00 b/s     -            -        -
CT1.ETH4      ok             -         -     4      1.00 Gb/s    -            -        -
CT1.ETH5      ok             -         -     5      0.00 b/s     -            -        -
CT1.ETH10     ok             -         1     10     100.00 Gb/s  -            -        -
CT1.ETH11     ok             -         1     11     100.00 Gb/s  -            -        -
CT1.ETH18     ok             -         3     18     0.00 b/s     -            -        -
CT1.ETH19     ok             -         3     19     0.00 b/s     -            -        -
CT1.ETH20     ok             -         3     20     0.00 b/s     -            -        -
CT1.ETH21     ok             -         3     21     0.00 b/s     -            -        -
CT1.FAN0      ok             -         -     0      -            -            -        -
CT1.FAN1      ok             -         -     1      -            -            -        -
CT1.FAN2      ok             -         -     2      -            -            -        -
CT1.FAN3      ok             -         -     3      -            -            -        -
CT1.FAN4      ok             -         -     4      -            -            -        -
CT1.FAN5      ok             -         -     5      -            -            -        -
CT1.TMP0      ok             -         -     0      -            34 C         -        -
CT1.TMP1      ok             -         -     1      -            37 C         -        -
CT1.TMP2      ok             -         -     2      -            55 C         -        -
CT1.TMP3      ok             -         -     3      -            50 C         -        -
CT1.TMP4      ok             -         -     4      -            44 C         -        -
CT1.TMP5      ok             -         -     5      -            42 C         -        -
CT1.TMP6      ok             -         -     6      -            26 C         -        -
CT1.TMP7      ok             -         -     7      -            28 C         -        -
CT1.TMP8      ok             -         -     8      -            47 C         -        -
CT1.TMP9      ok             -         -     9      -            36 C         -        -
CT1.TMP11     ok             -         -     11     -            34 C         -        -
CT1.TMP12     ok             -         -     12     -            34 C         -        -
CT1.TMP13     ok             -         -     13     -            35 C         -        -
CT1.TMP14     ok             -         -     14     -            33 C         -        -
CT1.TMP15     ok             -         -     15     -            33 C         -        -
CT1.TMP17     ok             -         -     17     -            33 C         -        -
CT1.TMP19     ok             -         -     19     -            33 C         -        -
CT1.TMP20     ok             -         -     20     -            32 C         -        -
CT1.TMP21     ok             -         -     21     -            37 C         -        -
CT1.TMP22     ok             -         -     22     -            36 C         -        -
CT1.TMP23     ok             -         -     23     -            35 C         -        -
SH9           ok             off       -     9      -            20 C         -        -
SH9.BAY0      ok             off       -     0      -            -            -        -
SH9.BAY1      ok             off       -     1      -            -            -        -
SH9.BAY2      ok             off       -     2      -            -            -        -
SH9.BAY3      ok             off       -     3      -            -            -        -
SH9.BAY4      ok             off       -     4      -            -            -        -
SH9.BAY5      ok             off       -     5      -            -            -        -
SH9.BAY6      ok             off       -     6      -            -            -        -
SH9.BAY7      ok             off       -     7      -            -            -        -
SH9.BAY8      ok             off       -     8      -            -            -        -
SH9.BAY9      ok             off       -     9      -            -            -        -
SH9.BAY10     ok             off       -     10     -            -            -        -
SH9.BAY11     ok             off       -     11     -            -            -        -
SH9.BAY12     ok             off       -     12     -            -            -        -
SH9.BAY13     ok             off       -     13     -            -            -        -
SH9.BAY14     not_installed  off       -     14     -            -            -        -
SH9.BAY15     not_installed  off       -     15     -            -            -        -
SH9.BAY16     not_installed  off       -     16     -            -            -        -
SH9.BAY17     not_installed  off       -     17     -            -            -        -
SH9.BAY18     not_installed  off       -     18     -            -            -        -
SH9.BAY19     not_installed  off       -     19     -            -            -        -
SH9.BAY20     not_installed  off       -     20     -            -            -        -
SH9.BAY21     not_installed  off       -     21     -            -            -        -
SH9.BAY22     not_installed  off       -     22     -            -            -        -
SH9.BAY23     not_installed  off       -     23     -            -            -        -
SH9.BAY24     not_installed  off       -     24     -            -            -        -
SH9.BAY25     not_installed  off       -     25     -            -            -        -
SH9.BAY26     not_installed  off       -     26     -            -            -        -
SH9.BAY27     not_installed  off       -     27     -            -            -        -
SH9.PWR0      ok             -         -     0      -            -            206 V    -
SH9.PWR1      ok             -         -     1      -            -            206 V    -
SH9.SC0       ok             off       -     0      -            26 C         -        -
SH9.SC0.ETH0  ok             -         -     0      50.00 Gb/s   -            -        -
SH9.SC0.ETH1  ok             -         -     1      0.00 b/s     -            -        -
SH9.SC0.ETH2  ok             -         -     2      50.00 Gb/s   -            -        -
SH9.SC0.ETH3  ok             -         -     3      0.00 b/s     -            -        -
SH9.SC0.FAN0  ok             -         -     0      -            -            -        -
SH9.SC0.FAN1  ok             -         -     1      -            -            -        -
SH9.SC0.FAN2  ok             -         -     2      -            -            -        -
SH9.SC0.FAN3  ok             -         -     3      -            -            -        -
SH9.SC0.FAN4  ok             -         -     4      -            -            -        -
SH9.SC0.FAN5  ok             -         -     5      -            -            -        -
SH9.SC1       ok             off       -     1      -            27 C         -        -
SH9.SC1.ETH0  ok             -         -     0      50.00 Gb/s   -            -        -
SH9.SC1.ETH1  ok             -         -     1      0.00 b/s     -            -        -
SH9.SC1.ETH2  ok             -         -     2      50.00 Gb/s   -            -        -
SH9.SC1.ETH3  ok             -         -     3      0.00 b/s     -            -        -
SH9.SC1.FAN0  ok             -         -     0      -            -            -        -
SH9.SC1.FAN1  ok             -         -     1      -            -            -        -
SH9.SC1.FAN2  ok             -         -     2      -            -            -        -
SH9.SC1.FAN3  ok             -         -     3      -            -            -        -
SH9.SC1.FAN4  ok             -         -     4      -            -            -        -
SH9.SC1.FAN5  ok             -         -     5      -            -            -        -
pureeng@HOK-21SAN-ct1:~$ puredrive list
Name       Type   Status   Capacity  Details
CH0.BAY0   SSD    healthy  2.25T     -
CH0.BAY1   SSD    healthy  2.25T     -
CH0.BAY2   SSD    healthy  2.25T     -
CH0.BAY3   SSD    healthy  2.25T     -
CH0.BAY4   SSD    healthy  2.25T     -
CH0.BAY5   SSD    healthy  2.25T     -
CH0.BAY6   SSD    healthy  2.25T     -
CH0.BAY7   SSD    healthy  2.25T     -
CH0.BAY8   SSD    healthy  2.25T     -
CH0.BAY9   SSD    healthy  2.25T     -
CH0.BAY10  SSD    healthy  2.25T     -
CH0.BAY11  SSD    healthy  2.25T     -
CH0.BAY12  SSD    healthy  2.25T     -
CH0.BAY13  SSD    healthy  2.25T     -
CH0.BAY14  SSD    healthy  2.25T     -
CH0.BAY15  SSD    healthy  2.25T     -
CH0.BAY16  SSD    healthy  2.25T     -
CH0.BAY17  SSD    healthy  2.25T     -
CH0.BAY18  SSD    healthy  2.25T     -
CH0.BAY19  SSD    healthy  2.25T     -
CH0.NVB0   NVRAM  healthy  7.52G     -
CH0.NVB1   NVRAM  healthy  7.52G     -
CH0.NVB2   NVRAM  unused   0.00      -
CH0.NVB3   NVRAM  unused   0.00      -
SH9.BAY0   SSD    healthy  2.25T     -
SH9.BAY1   SSD    healthy  2.25T     -
SH9.BAY2   SSD    healthy  2.25T     -
SH9.BAY3   SSD    healthy  2.25T     -
SH9.BAY4   SSD    healthy  2.25T     -
SH9.BAY5   SSD    healthy  2.25T     -
SH9.BAY6   SSD    healthy  2.25T     -
SH9.BAY7   SSD    healthy  2.25T     -
SH9.BAY8   SSD    healthy  2.25T     -
SH9.BAY9   SSD    healthy  2.25T     -
SH9.BAY10  SSD    healthy  2.25T     -
SH9.BAY11  SSD    healthy  2.25T     -
SH9.BAY12  SSD    healthy  2.25T     -
SH9.BAY13  SSD    healthy  2.25T     -
SH9.BAY14  -      unused   0.00      -
SH9.BAY15  -      unused   0.00      -
SH9.BAY16  -      unused   0.00      -
SH9.BAY17  -      unused   0.00      -
SH9.BAY18  -      unused   0.00      -
SH9.BAY19  -      unused   0.00      -
SH9.BAY20  -      unused   0.00      -
SH9.BAY21  -      unused   0.00      -
SH9.BAY22  -      unused   0.00      -
SH9.BAY23  -      unused   0.00      -
SH9.BAY24  -      unused   0.00      -
SH9.BAY25  -      unused   0.00      -
SH9.BAY26  -      unused   0.00      -
SH9.BAY27  -      unused   0.00      -
pureeng@HOK-21SAN-ct1:~$ puremessage list --open
pureeng@HOK-21SAN-ct1:~$ iscsipureportlist=`pureport list --initiator | grep -v FC | awk -F' CT' '{print "CT"$2,$8}' | grep -v 'CT ' | awk -F '.ETH' '{print $1, $2}' | awk '{print $1, $5, $6}' | sort | uniq -c; echo`; iscsipureportlistcount =`echo "$iscsipureportlist" | awk '{total += $1} END {print total}'`; echo -e "$iscsipureportlist\n\n"; echo -e "\tTotal iSCSI connections: $iscsipureportlistcount\n\n";
    128 CT0 iqn.2010-06.com.purestorage:flasharray.285667be86f6fc5e -
     85 CT1 iqn.2010-06.com.purestorage:flasharray.285667be86f6fc5e -


Total iSCSI connections: 213


pureeng@HOK-21SAN-ct1:~$ ibobalance --sampletime 15
sampling host I/O for 15 seconds...
                Host  CT0 I/O Count  CT1 I/O Count  
           HOK-122VS        0.00        0.00  ? Host is idle
           HOK-123VS        0.00        0.00  ? Host is idle
           HOK-124VS        0.00        0.00  ? Host is idle
           HOK-125VS        0.00        0.00  ? Host is idle
           HOK-126VS        0.00        0.00  ? Host is idle
           HOK-127VS        0.00        0.00  ? Host is idle
           HOK-128VS        0.00        0.00  ? Host is idle
           HOK-129VS        0.00        0.00  ? Host is idle
           HOK-130VS        0.00        0.00  ? Host is idle
           HOK-133VS        0.00        0.00  ? Host is idle
           esx-01svr      221.00      277.00  
           esx-02svr      396.00      150.00  ! unbalanced I/O
           esx-03svr      423.00      619.00  
           esx-05svr       2.58K       1.97K  
           esx-06svr      96.87K      99.15K  
           esx-07svr       4.22K       1.47K  ! unbalanced I/O
           esx-08svr       1.34K       1.90K  
           esx-09svr       2.62K       1.97K  
           esx-10svr      560.00      584.00  
           esx-11svr      705.00       1.02K  
           esx-14svr       2.68K       2.50K  
           esx-15svr       2.10K       2.34K  
           esx-16svr      28.77K      12.24K  ! unbalanced I/O
pureeng@HOK-21SAN-ct1:~$ exit
logout

HOK-21SAN-ct1 login: 
     root@HOK-21SAN-ct0:/var/home/pureeng# leeit
bash: eit: command not found
     root@HOK-21SAN-ct0:/var/home/pureeng# exit
exit
pureeng@HOK-21SAN-ct0:~$ exit
logout

HOK-21SAN-ct0 login: 