=~=~=~=~=~=~=~=~=~=~=~= PuTTY log 2025.05.29 10:57:56 =~=~=~=~=~=~=~=~=~=~=~=

ADCPURESRV3-ct0 login: pureeng
1) Authenticate via CloudAssist
2) Authenticate via command line
3) Restore challenge
Type the number corresponding to the authentication method you want to use.

Selection: 1

An email for identity verification will be sent once email is entered.
Please follow the authentication instructions provided there and return to this screen when finished or if email has not been received.


Enter an email address: fharris@p[ur    purestorage.com
Successfully authenticated
Last login: Wed Dec 13 09:53:47 EST 2023 on ttyS0

Thu May 29 10:59:24 2025
Welcome pureeng. This is Purity Version 6.5.9 on FlashArray ADCPURESRV3
http://www.purestorage.com/
pureeng@ADCPURESRV3-ct0:~$ purealert tag --timeout 240m --maintenance
Name         Created                  Expires
maintenance  2025-05-29 10:59:52 EDT  2025-05-29 14:59:52 EDT
pureeng@ADCPURESRV3-ct0:~$ purearray list --space
Name         Capacity  Parity  Provisioned Size  Virtual  Thin Provisioning  Data Reduction  Total Reduction  Unique  Snapshots  Shared  System  Replication  Total
ADCPURESRV3  247.65T   100%    1849088G          692.80T  62%                4.2 to 1        14.6 to 1        96.35T  56.01T     18.93T  0.00    0.00         171.29T
pureeng@ADCPURESRV3-ct0:~$ hostname
ADCPURESRV3-ct0
pureeng@ADCPURESRV3-ct0:~$ purearrah list --controller
-bash: purearrah: command not found
pureeng@ADCPURESRV3-ct0:~$ purearray list --controller
Name  Type              Mode       Model     Version  Status  Internal Details
CT0   array_controller  primary    FA-X90R4  6.5.9    ready   
CT1   array_controller  secondary  FA-X90R4  6.5.9    ready   
pureeng@ADCPURESRV3-ct0:~$ pureh lw list
Name       Status  Identify  Slot  Index  Speed       Temperature  Voltage  Details
CH0        ok      off       -     0      -           -            -        -
CH0.BAY0   ok      off       -     0      -           -            -        -
CH0.BAY1   ok      off       -     1      -           -            -        -
CH0.BAY2   ok      off       -     2      -           -            -        -
CH0.BAY3   ok      off       -     3      -           -            -        -
CH0.BAY4   ok      off       -     4      -           -            -        -
CH0.BAY5   ok      off       -     5      -           -            -        -
CH0.BAY6   ok      off       -     6      -           -            -        -
CH0.BAY7   ok      off       -     7      -           -            -        -
CH0.BAY8   ok      off       -     8      -           -            -        -
CH0.BAY9   ok      off       -     9      -           -            -        -
CH0.BAY10  ok      off       -     10     -           -            -        -
CH0.BAY11  ok      off       -     11     -           -            -        -
CH0.BAY12  ok      off       -     12     -           -            -        -
CH0.BAY13  ok      off       -     13     -           -            -        -
CH0.BAY14  ok      off       -     14     -           -            -        -
CH0.BAY15  ok      off       -     15     -           -            -        -
CH0.BAY16  ok      off       -     16     -           -            -        -
CH0.BAY17  ok      off       -     17     -           -            -        -
CH0.BAY18  ok      off       -     18     -           -            -        -
CH0.BAY19  ok      off       -     19     -           -            -        -
CH0.NVB0   ok      off       -     0      -           -            -        -
CH0.NVB1   ok      off       -     1      -           -            -        -
CH0.NVB2   ok      off       -     2      -           -            -        -
CH0.NVB3   ok      off       -     3      -           -            -        -
CH0.PWR0   ok      -         -     0      -           -            201 V    -
CH0.PWR1   ok      -         -     1      -           -            202 V    -
CH0.TMP0   ok      -         -     0      -           23 C         -        -
CT0        ok      off       -     0      -           -            -        -
CT0.DCA4   ok      -         4     4      -           -            -        -
CT0.ETH0   ok      -         -     0      0.00 b/s    -            -        -
CT0.ETH1   ok      -         -     1      0.00 b/s    -            -        -
CT0.ETH2   ok      -         -     2      25.00 Gb/s  -            -        -
CT0.ETH3   ok      -         -     3      25.00 Gb/s  -            -        -
CT0.ETH4   ok      -         -     4      1.00 Gb/s   -            -        -
CT0.ETH5   ok      -         0     5      0.00 b/s    -            -        -
CT0.ETH7   ok      -         0     7      0.00 b/s    -            -        -
CT0.FAN0   ok      -         -     0      -           -            -        -
CT0.FAN1   ok      -         -     1      -           -            -        -
CT0.FAN2   ok      -         -     2      -           -            -        -
CT0.FAN3   ok      -         -     3      -           -            -        -
CT0.FAN4   ok      -         -     4      -           -            -        -
CT0.FAN5   ok      -         -     5      -           -            -        -
CT0.FC4    ok      -         1     4      16.00 Gb/s  -            -        -
CT0.FC5    ok      -         1     5      16.00 Gb/s  -            -        -
CT0.FC6    ok      -         1     6      16.00 Gb/s  -            -        -
CT0.FC7    ok      -         1     7      16.00 Gb/s  -            -        -
CT0.FC12   ok      -         3     12     16.00 Gb/s  -            -        -
CT0.FC13   ok      -         3     13     16.00 Gb/s  -            -        -
CT0.TMP0   ok      -         -     0      -           38 C         -        -
CT0.TMP1   ok      -         -     1      -           40 C         -        -
CT0.TMP2   ok      -         -     2      -           59 C         -        -
CT0.TMP3   ok      -         -     3      -           60 C         -        -
CT0.TMP4   ok      -         -     4      -           49 C         -        -
CT0.TMP5   ok      -         -     5      -           50 C         -        -
CT0.TMP6   ok      -         -     6      -           29 C         -        -
CT0.TMP7   ok      -         -     7      -           31 C         -        -
CT0.TMP8   ok      -         -     8      -           54 C         -        -
CT0.TMP9   ok      -         -     9      -           47 C         -        -
CT0.TMP10  ok      -         -     10     -           47 C         -        -
CT0.TMP11  ok      -         -     11     -           46 C         -        -
CT0.TMP12  ok      -         -     12     -           46 C         -        -
CT0.TMP13  ok      -         -     13     -           47 C         -        -
CT0.TMP14  ok      -         -     14     -           48 C         -        -
CT0.TMP15  ok      -         -     15     -           48 C         -        -
CT0.TMP16  ok      -         -     16     -           46 C         -        -
CT0.TMP17  ok      -         -     17     -           46 C         -        -
CT0.TMP18  ok      -         -     18     -           46 C         -        -
CT0.TMP19  ok      -         -     19     -           45 C         -        -
CT0.TMP20  ok      -         -     20     -           45 C         -        -
CT0.TMP21  ok      -         -     21     -           49 C         -        -
CT0.TMP22  ok      -         -     22     -           48 C         -        -
CT0.TMP23  ok      -         -     23     -           48 C         -        -
CT0.TMP24  ok      -         -     24     -           46 C         -        -
CT1        ok      off       -     1      -           -            -        -
CT1.DCA4   ok      -         4     4      -           -            -        -
CT1.ETH0   ok      -         -     0      0.00 b/s    -            -        -
CT1.ETH1   ok      -         -     1      0.00 b/s    -            -        -
CT1.ETH2   ok      -         -     2      25.00 Gb/s  -            -        -
CT1.ETH3   ok      -         -     3      25.00 Gb/s  -            -        -
CT1.ETH4   ok      -         -     4      1.00 Gb/s   -            -        -
CT1.ETH5   ok      -         0     5      0.00 b/s    -            -        -
CT1.ETH7   ok      -         0     7      0.00 b/s    -            -        -
CT1.FAN0   ok      -         -     0      -           -            -        -
CT1.FAN1   ok      -         -     1      -           -            -        -
CT1.FAN2   ok      -         -     2      -           -            -        -
CT1.FAN3   ok      -         -     3      -           -            -        -
CT1.FAN4   ok      -         -     4      -           -            -        -
CT1.FAN5   ok      -         -     5      -           -            -        -
CT1.FC4    ok      -         1     4      16.00 Gb/s  -            -        -
CT1.FC5    ok      -         1     5      16.00 Gb/s  -            -        -
CT1.FC6    ok      -         1     6      16.00 Gb/s  -            -        -
CT1.FC7    ok      -         1     7      16.00 Gb/s  -            -        -
CT1.FC12   ok      -         3     12     16.00 Gb/s  -            -        -
CT1.FC13   ok      -         3     13     16.00 Gb/s  -            -        -
CT1.TMP0   ok      -         -     0      -           38 C         -        -
CT1.TMP1   ok      -         -     1      -           38 C         -        -
CT1.TMP2   ok      -         -     2      -           52 C         -        -
CT1.TMP3   ok      -         -     3      -           52 C         -        -
CT1.TMP4   ok      -         -     4      -           48 C         -        -
CT1.TMP5   ok      -         -     5      -           47 C         -        -
CT1.TMP6   ok      -         -     6      -           28 C         -        -
CT1.TMP7   ok      -         -     7      -           31 C         -        -
CT1.TMP8   ok      -         -     8      -           51 C         -        -
CT1.TMP9   ok      -         -     9      -           41 C         -        -
CT1.TMP10  ok      -         -     10     -           41 C         -        -
CT1.TMP11  ok      -         -     11     -           40 C         -        -
CT1.TMP12  ok      -         -     12     -           41 C         -        -
CT1.TMP13  ok      -         -     13     -           42 C         -        -
CT1.TMP14  ok      -         -     14     -           41 C         -        -
CT1.TMP15  ok      -         -     15     -           41 C         -        -
CT1.TMP16  ok      -         -     16     -           40 C         -        -
CT1.TMP17  ok      -         -     17     -           41 C         -        -
CT1.TMP18  ok      -         -     18     -           40 C         -        -
CT1.TMP19  ok      -         -     19     -           39 C         -        -
CT1.TMP20  ok      -         -     20     -           39 C         -        -
CT1.TMP21  ok      -         -     21     -           43 C         -        -
CT1.TMP22  ok      -         -     22     -           42 C         -        -
CT1.TMP23  ok      -         -     23     -           41 C         -        -
CT1.TMP24  ok      -         -     24     -           40 C         -        -
pureeng@ADCPURESRV3-ct0:~$ puremessage lis t--t --open
pureeng@ADCPURESRV3-ct0:~$ purenetwrowork list
Name      Enabled  Speed        Services
CT0.FC4   True     32.00 Gb/s   scsi-fc
CT0.FC5   True     32.00 Gb/s   scsi-fc
CT0.FC6   True     32.00 Gb/s   scsi-fc
CT0.FC7   True     32.00 Gb/s   scsi-fc
CT0.FC12  True     32.00 Gb/s   scsi-fc
CT0.FC13  True     32.00 Gb/s   scsi-fc
CT1.FC4   True     32.00 Gb/s   scsi-fc
CT1.FC5   True     32.00 Gb/s   scsi-fc
CT1.FC6   True     32.00 Gb/s   scsi-fc
CT1.FC7   True     32.00 Gb/s   scsi-fc
CT1.FC12  True     32.00 Gb/s   scsi-fc
CT1.FC13  True     32.00 Gb/s   scsi-fc
ct0.eth0  False    100.00 Gb/s  -
ct0.eth1  False    100.00 Gb/s  -
ct0.eth4  True     2.00 Gb/s    management
ct0.eth5  False    10.00 Gb/s   management
ct0.eth7  False    10.00 Gb/s   -
ct1.eth0  False    100.00 Gb/s  -
ct1.eth1  False    100.00 Gb/s  -
ct1.eth4  True     2.00 Gb/s    management
ct1.eth5  False    10.00 Gb/s   management
ct1.eth7  False    10.00 Gb/s   -
replbond  True     25.00 Gb/s   replication
vir4      True     2.00 Gb/s    management
vir5      False    10.00 Gb/s   management
pureeng@ADCPURESRV3-ct0:~$ purenetwork eth list
Name      Enabled  Type      Subnet  Address         Mask             Gateway         MTU   MAC                Speed        Services     Subinterfaces
ct0.eth0  False    physical  -       -               -                -               1500  24:a9:37:5d:70:e9  100.00 Gb/s  -            -
ct0.eth1  False    physical  -       -               -                -               1500  24:a9:37:5d:70:ea  100.00 Gb/s  -            -
ct0.eth4  True     physical  -       10.31.157.51    255.255.255.0    10.31.157.1     1500  24:a9:37:5d:70:ed  2.00 Gb/s    management   -
ct0.eth5  False    physical  -       -               -                -               1500  50:7c:6f:59:dc:a1  10.00 Gb/s   management   -
ct0.eth7  False    physical  -       -               -                -               1500  50:7c:6f:59:dc:a0  10.00 Gb/s   -            -
ct1.eth0  False    physical  -       -               -                -               1500  24:a9:37:5d:71:c1  100.00 Gb/s  -            -
ct1.eth1  False    physical  -       -               -                -               1500  24:a9:37:5d:71:c2  100.00 Gb/s  -            -
ct1.eth4  True     physical  -       10.31.157.52    255.255.255.0    10.31.157.1     1500  24:a9:37:5d:71:c5  2.00 Gb/s    management   -
ct1.eth5  False    physical  -       -               -                -               1500  50:7c:6f:58:ce:81  10.00 Gb/s   management   -
ct1.eth7  False    physical  -       -               -                -               1500  50:7c:6f:58:ce:80  10.00 Gb/s   -            -
replbond  True     bond      -       192.168.18.204  255.255.255.128  192.168.18.129  1500  de:c6:6a:6e:9a:45  25.00 Gb/s   replication  ct0.eth2
                                                                                                                                         ct1.eth2
                                                                                                                                         ct0.eth3
                                                                                                                                         ct1.eth3
vir4      True     vif       -       10.31.157.50    255.255.255.0    10.31.157.1     1500  32:ad:fd:9f:02:9e  2.00 Gb/s    management   -
vir5      False    vif       -       -               -                -               1500  16:1f:8b:79:29:60  10.00 Gb/s   management   -
pureeng@ADCPURESRV3-ct0:~$ puresetup show
Couldn't use log file /var/log/purity/smartcard.log, defaulting to using stderr
Traceback (most recent call last):
  File "/usr/lib/python3/dist-packages/pure/switchboard/smartcard_util.py", line 63, in setup_logger
    file_handler = logging.FileHandler(logfile, mode='a')
  File "/usr/lib/python3.10/logging/__init__.py", line 1169, in __init__
    StreamHandler.__init__(self, self._open())
  File "/usr/lib/python3.10/logging/__init__.py", line 1201, in _open
    return open_func(self.baseFilename, self.mode,
PermissionError: [Errno 13] Permission denied: '/var/log/purity/smartcard.log'
puresetup must be run as root.
CONFIG_TASK_COMPLETED:CONFIG_TASK_PURESETUP_EXITED
pureeng@ADCPURESRV3-ct0:~$ sudo su
     root@ADCPURESRV3-ct0:/var/home/pureeng# puresetup show
##########################################
#   Welcome to the Purity Setup Wizard   #
##########################################
  Physical IP:             10.31.157.51
  Virtual IP:              10.31.157.50
  Netmask:                 255.255.255.0
  Gateway:                 10.31.157.1
  DNS Servers:             10.17.1.100,10.16.1.100
  DNS Domain:              keybank.com
  NTP Servers:             ntpsrv.keybank.com,10.29.33.29,10.29.1.29
  SMTP Relay Host:         smtpgw.keybank.com
  SMTP Sender Domain:      keybank.com
  Alert Email Recipients:  flasharray-alerts@purestorage.com,storage_group@keybank.com
  HTTP proxy:              http://zproxy.keybank.com:80
  Physical IP:             10.31.157.52
  Netmask:                 255.255.255.0
  Gateway:                 10.31.157.1
CONFIG_TASK_COMPLETED:CONFIG_TASK_PURESETUP_EXITED
     root@ADCPURESRV3-ct0:/var/home/pureeng# purenetwork fc lsit
usage: purenetwork fc [-h] {disable,enable,list,monitor,setattr} ...
purenetwork fc: error: argument subcommand: invalid choice: 'lsit' (choose from 'disable', 'enable', 'list', 'setattr', 'monitor')
     root@ADCPURESRV3-ct0:/var/home/pureeng# purenetwork fc lsit]ist
Name      Enabled  WWN                      Speed       Services
CT0.FC4   True     52:4A:93:7F:E1:EE:22:04  32.00 Gb/s  scsi-fc
CT0.FC5   True     52:4A:93:7F:E1:EE:22:05  32.00 Gb/s  scsi-fc
CT0.FC6   True     52:4A:93:7F:E1:EE:22:06  32.00 Gb/s  scsi-fc
CT0.FC7   True     52:4A:93:7F:E1:EE:22:07  32.00 Gb/s  scsi-fc
CT0.FC12  True     52:4A:93:7F:E1:EE:22:0C  32.00 Gb/s  scsi-fc
CT0.FC13  True     52:4A:93:7F:E1:EE:22:0D  32.00 Gb/s  scsi-fc
CT1.FC4   True     52:4A:93:7F:E1:EE:22:14  32.00 Gb/s  scsi-fc
CT1.FC5   True     52:4A:93:7F:E1:EE:22:15  32.00 Gb/s  scsi-fc
CT1.FC6   True     52:4A:93:7F:E1:EE:22:16  32.00 Gb/s  scsi-fc
CT1.FC7   True     52:4A:93:7F:E1:EE:22:17  32.00 Gb/s  scsi-fc
CT1.FC12  True     52:4A:93:7F:E1:EE:22:1C  32.00 Gb/s  scsi-fc
CT1.FC13  True     52:4A:93:7F:E1:EE:22:1D  32.00 Gb/s  scsi-fc
     root@ADCPURESRV3-ct0:/var/home/pureeng# stoarrage_view.py config
Start time: 2025-05-29 11:03:43

Command line: ['/opt/Purity/bin/storage_view.py', 'config']
Version: 0.999.1
Working at ct0 to look over cables between ct0 and shelves

Slot listing:
 CT    Slot#   Type     Vendor       Model        FW Rev       Tracer       Assembly    
----------------------------------------------------------------------------------------

Slot summary information:
-------------------------
ct0.eth0. (eth0 )] <---> [0.eth0 (eth0) SH9 .0     ]

ct0.eth1. (eth1 )] <---> [1.eth0 (eth0) SH9 .1     ]

Configuration status
--------------------
Configuration check started for FA-X90R4

SUCCESS: No errors detected.

End time: 2025-05-29 11:03:56
     root@ADCPURESRV3-ct0:/var/home/pureeng# purenetwork list
Name      Enabled  Speed       Services
CT0.FC4   True     32.00 Gb/s  scsi-fc
CT0.FC5   True     32.00 Gb/s  scsi-fc
CT0.FC6   True     32.00 Gb/s  scsi-fc
CT0.FC7   True     32.00 Gb/s  scsi-fc
CT0.FC12  True     32.00 Gb/s  scsi-fc
CT0.FC13  True     32.00 Gb/s  scsi-fc
CT1.FC4   True     32.00 Gb/s  scsi-fc
CT1.FC5   True     32.00 Gb/s  scsi-fc
CT1.FC6   True     32.00 Gb/s  scsi-fc
CT1.FC7   True     32.00 Gb/s  scsi-fc
CT1.FC12  True     32.00 Gb/s  scsi-fc
CT1.FC13  True     32.00 Gb/s  scsi-fc
ct0.eth4  True     2.00 Gb/s   management
ct0.eth5  False    10.00 Gb/s  management
ct0.eth7  False    10.00 Gb/s  -
ct1.eth4  True     2.00 Gb/s   management
ct1.eth5  False    10.00 Gb/s  management
ct1.eth7  False    10.00 Gb/s  -
replbond  True     25.00 Gb/s  replication
vir4      True     2.00 Gb/s   management
vir5      False    10.00 Gb/s  management
     root@ADCPURESRV3-ct0:/var/home/pureeng# ssh peer
Last login: Fri Jul 26 11:46:04 2024 from fe80::26a9:37ff:fe5d:70e8%haeth0

Thu May 29 11:04:18 2025
Welcome root. This is Purity Version 6.5.9 on FlashArray ADCPURESRV3
http://www.purestorage.com/
     root@ADCPURESRV3-ct1:~# sotragetorage_view.ypy config
Start time: 2025-05-29 11:04:28

Command line: ['/opt/Purity/bin/storage_view.py', 'config']
Version: 0.999.1
Working at ct1 to look over cables between ct1 and shelves

Slot listing:
 CT    Slot#   Type     Vendor       Model        FW Rev       Tracer       Assembly    
----------------------------------------------------------------------------------------

Slot summary information:
-------------------------
ct1.eth0. (eth0 )] <---> [0.eth2 (eth2) SH9 .0     ]

ct1.eth1. (eth1 )] <---> [1.eth2 (eth2) SH9 .1     ]

Configuration status
--------------------
Configuration check started for FA-X90R4

SUCCESS: No errors detected.

End time: 2025-05-29 11:04:32
     root@ADCPURESRV3-ct1:~# storage_view.py configenclosures
Start time: 2025-05-29 11:04:39

Command line: ['/opt/Purity/bin/storage_view.py', 'enclosures']
Version: 0.999.1

Enclosure listing:
Type ID Model             Serial #         Logical ID          
---------------------------------------------------------------
INT  00 Internal SH       PCHFJ23370062                        
SH   09 DF_SHELF          PCHFJ232900B6                        

SUCCESS: No errors detected.

End time: 2025-05-29 11:04:43
     root@ADCPURESRV3-ct1:~# purehexit
logout
     root@ADCPURESRV3-ct0:/var/home/pureeng# ssh peerpurenetwork liststorage_view.py configenclosures
Start time: 2025-05-29 11:05:00

Command line: ['/opt/Purity/bin/storage_view.py', 'enclosures']
Version: 0.999.1

Enclosure listing:
Type ID Model             Serial #         Logical ID          
---------------------------------------------------------------
INT  00 Internal SH       PCHFJ23370062                        
SH   09 DF_SHELF          PCHFJ232900B6                        

SUCCESS: No errors detected.

End time: 2025-05-29 11:05:13
     root@ADCPURESRV3-ct0:/var/home/pureeng# purehw list
Name          Status         Identify  Slot  Index  Speed       Temperature  Voltage  Details
CH0           ok             off       -     0      -           -            -        -
CH0.BAY0      ok             off       -     0      -           -            -        -
CH0.BAY1      ok             off       -     1      -           -            -        -
CH0.BAY2      ok             off       -     2      -           -            -        -
CH0.BAY3      ok             off       -     3      -           -            -        -
CH0.BAY4      ok             off       -     4      -           -            -        -
CH0.BAY5      ok             off       -     5      -           -            -        -
CH0.BAY6      ok             off       -     6      -           -            -        -
CH0.BAY7      ok             off       -     7      -           -            -        -
CH0.BAY8      ok             off       -     8      -           -            -        -
CH0.BAY9      ok             off       -     9      -           -            -        -
CH0.BAY10     ok             off       -     10     -           -            -        -
CH0.BAY11     ok             off       -     11     -           -            -        -
CH0.BAY12     ok             off       -     12     -           -            -        -
CH0.BAY13     ok             off       -     13     -           -            -        -
CH0.BAY14     ok             off       -     14     -           -            -        -
CH0.BAY15     ok             off       -     15     -           -            -        -
CH0.BAY16     ok             off       -     16     -           -            -        -
CH0.BAY17     ok             off       -     17     -           -            -        -
CH0.BAY18     ok             off       -     18     -           -            -        -
CH0.BAY19     ok             off       -     19     -           -            -        -
CH0.NVB0      ok             off       -     0      -           -            -        -
CH0.NVB1      ok             off       -     1      -           -            -        -
CH0.NVB2      ok             off       -     2      -           -            -        -
CH0.NVB3      ok             off       -     3      -           -            -        -
CH0.PWR0      ok             -         -     0      -           -            201 V    -
CH0.PWR1      ok             -         -     1      -           -            202 V    -
CH0.TMP0      ok             -         -     0      -           23 C         -        -
CT0           ok             off       -     0      -           -            -        -
CT0.DCA4      ok             -         4     4      -           -            -        -
CT0.ETH0      ok             -         -     0      50.00 Gb/s  -            -        -
CT0.ETH1      ok             -         -     1      50.00 Gb/s  -            -        -
CT0.ETH2      ok             -         -     2      25.00 Gb/s  -            -        -
CT0.ETH3      ok             -         -     3      25.00 Gb/s  -            -        -
CT0.ETH4      ok             -         -     4      1.00 Gb/s   -            -        -
CT0.ETH5      ok             -         0     5      0.00 b/s    -            -        -
CT0.ETH7      ok             -         0     7      0.00 b/s    -            -        -
CT0.FAN0      ok             -         -     0      -           -            -        -
CT0.FAN1      ok             -         -     1      -           -            -        -
CT0.FAN2      ok             -         -     2      -           -            -        -
CT0.FAN3      ok             -         -     3      -           -            -        -
CT0.FAN4      ok             -         -     4      -           -            -        -
CT0.FAN5      ok             -         -     5      -           -            -        -
CT0.FC4       ok             -         1     4      16.00 Gb/s  -            -        -
CT0.FC5       ok             -         1     5      16.00 Gb/s  -            -        -
CT0.FC6       ok             -         1     6      16.00 Gb/s  -            -        -
CT0.FC7       ok             -         1     7      16.00 Gb/s  -            -        -
CT0.FC12      ok             -         3     12     16.00 Gb/s  -            -        -
CT0.FC13      ok             -         3     13     16.00 Gb/s  -            -        -
CT0.TMP0      ok             -         -     0      -           38 C         -        -
CT0.TMP1      ok             -         -     1      -           40 C         -        -
CT0.TMP2      ok             -         -     2      -           59 C         -        -
CT0.TMP3      ok             -         -     3      -           59 C         -        -
CT0.TMP4      ok             -         -     4      -           50 C         -        -
CT0.TMP5      ok             -         -     5      -           50 C         -        -
CT0.TMP6      ok             -         -     6      -           29 C         -        -
CT0.TMP7      ok             -         -     7      -           31 C         -        -
CT0.TMP8      ok             -         -     8      -           54 C         -        -
CT0.TMP9      ok             -         -     9      -           47 C         -        -
CT0.TMP10     ok             -         -     10     -           47 C         -        -
CT0.TMP11     ok             -         -     11     -           46 C         -        -
CT0.TMP12     ok             -         -     12     -           46 C         -        -
CT0.TMP13     ok             -         -     13     -           47 C         -        -
CT0.TMP14     ok             -         -     14     -           48 C         -        -
CT0.TMP15     ok             -         -     15     -           48 C         -        -
CT0.TMP16     ok             -         -     16     -           46 C         -        -
CT0.TMP17     ok             -         -     17     -           46 C         -        -
CT0.TMP18     ok             -         -     18     -           46 C         -        -
CT0.TMP19     ok             -         -     19     -           45 C         -        -
CT0.TMP20     ok             -         -     20     -           45 C         -        -
CT0.TMP21     ok             -         -     21     -           49 C         -        -
CT0.TMP22     ok             -         -     22     -           48 C         -        -
CT0.TMP23     ok             -         -     23     -           47 C         -        -
CT0.TMP24     ok             -         -     24     -           46 C         -        -
CT1           ok             off       -     1      -           -            -        -
CT1.DCA4      ok             -         4     4      -           -            -        -
CT1.ETH0      ok             -         -     0      50.00 Gb/s  -            -        -
CT1.ETH1      ok             -         -     1      50.00 Gb/s  -            -        -
CT1.ETH2      ok             -         -     2      25.00 Gb/s  -            -        -
CT1.ETH3      ok             -         -     3      25.00 Gb/s  -            -        -
CT1.ETH4      ok             -         -     4      1.00 Gb/s   -            -        -
CT1.ETH5      ok             -         0     5      0.00 b/s    -            -        -
CT1.ETH7      ok             -         0     7      0.00 b/s    -            -        -
CT1.FAN0      ok             -         -     0      -           -            -        -
CT1.FAN1      ok             -         -     1      -           -            -        -
CT1.FAN2      ok             -         -     2      -           -            -        -
CT1.FAN3      ok             -         -     3      -           -            -        -
CT1.FAN4      ok             -         -     4      -           -            -        -
CT1.FAN5      ok             -         -     5      -           -            -        -
CT1.FC4       ok             -         1     4      16.00 Gb/s  -            -        -
CT1.FC5       ok             -         1     5      16.00 Gb/s  -            -        -
CT1.FC6       ok             -         1     6      16.00 Gb/s  -            -        -
CT1.FC7       ok             -         1     7      16.00 Gb/s  -            -        -
CT1.FC12      ok             -         3     12     16.00 Gb/s  -            -        -
CT1.FC13      ok             -         3     13     16.00 Gb/s  -            -        -
CT1.TMP0      ok             -         -     0      -           38 C         -    ok             -         -     10     -           41 C         -        -
CT1.TMP11     ok             -         -     11     -           41 C         -        -
CT1.TMP12     ok             -         -     12     -           41 C         -        -
CT1.TMP13     ok             -         -     13     -           42 C         -        -
CT1.TMP14     ok             -         -     14     -           41 C         -        -
CT1.TMP15     ok             -         -     15     -           41 C         -        -
CT1.TMP16     ok             -         -     16     -           40 C         -        -
CT1.TMP17     ok             -         -     17     -           41 C         -        -
CT1.TMP18     ok             -         -     18     -           40 C         -        -
CT1.TMP19     ok             -         -     19     -           39 C         -        -
CT1.TMP20     ok             -         -     20     -           39 C         -        -
CT1.TMP21     ok             -         -     21     -           43 C         -        -
CT1.TMP22     ok             -         -     22     -           41 C         -        -
CT1.TMP23     ok             -         -     23     -           41 C         -        -
CT1.TMP24     ok             -         -     24     -           39 C         -        -
SH9           ok             off       -     9      -           23 C         -        -
SH9.BAY0      not_installed  off       -     0      -           -            -        -
SH9.BAY1      not_installed  off       -     1      -           -            -        -
SH9.BAY2      not_installed  off       -     2      -           -            -        -
SH9.BAY3      not_installed  off       -     3      -           -            -        -
SH9.BAY4      not_installed  off       -     4      -           -            -        -
SH9.BAY5      not_installed  off       -     5      -           -            -        -
SH9.BAY6      not_installed  off       -     6      -           -            -        -
SH9.BAY7      not_installed  off       -     7      -           -            -        -
SH9.BAY8      not_installed  off       -     8      -           -            -        -
SH9.BAY9      not_installed  off       -     9      -           -            -        -
SH9.BAY10     not_installed  off       -     10     -           -            -        -
SH9.BAY11     not_installed  off       -     11     -           -            -        -
SH9.BAY12     not_installed  off       -     12     -           -            -        -
SH9.BAY13     not_installed  off       -     13     -           -            -        -
SH9.BAY14     not_installed  off       -     14     -           -            -        -
SH9.BAY15     not_installed  off       -     15     -           -            -        -
SH9.BAY16     not_installed  off       -     16     -           -            -        -
SH9.BAY17     not_installed  off       -     17     -           -            -        -
SH9.BAY18     not_installed  off       -     18     -           -            -        -
SH9.BAY19     not_installed  off       -     19     -           -            -        -
SH9.BAY20     not_installed  off       -     20     -           -            -        -
SH9.BAY21     not_installed  off       -     21     -           -            -        -
SH9.BAY22     not_installed  off       -     22     -           -            -        -
SH9.BAY23     not_installed  off       -     23     -           -            -        -
SH9.BAY24     not_installed  off       -     24     -           -            -        -
SH9.BAY25     not_installed  off       -     25     -           -            -        -
SH9.BAY26     not_installed  off       -     26     -           -            -        -
SH9.BAY27     not_installed  off       -     27     -           -            -        -
SH9.PWR0      ok             -         -     0      -       C 0.FAN0  ok             -         -     0      -           -            -        -
SH9.SC0.FAN1  ok             -         -     1      -           -            -        -
SH9.SC0.FAN2  ok             -         -     2      -           -            -        -
SH9.SC0.FAN3  ok             -         -     3      -           -            -        -
SH9.SC0.FAN4  ok             -         -     4      -           -            -        -
SH9.SC0.FAN5  ok             -         -     5      -           -            -        -
SH9.SC1       ok             off       -     1      -           28 C         -        -
SH9.SC1.ETH0  ok             -         -     0      50.00 Gb/s  -            -        -
SH9.SC1.ETH1  ok             -         -     1      0.00 b/s    -            -        -
SH9.SC1.ETH2  ok             -         -     2      50.00 Gb/s  -            -        -
SH9.SC1.ETH3  ok             -         -     3      0.00 b/s    -            -        -
SH9.SC1.FAN0  ok             -         -     0      -           -            -        -
SH9.SC1.FAN1  ok             -         -     1      -           -            -        -
SH9.SC1.FAN2  ok             -         -     2      -           -            -        -
SH9.SC1.FAN3  ok             -         -     3      -           -            -        -
SH9.SC1.FAN4  ok             -         -     4      -           -            -        -
SH9.SC1.FAN5  ok             -         -     5      -           -            -        -
     root@ADCPURESRV3-ct0:/var/home/pureeng# puredrive list
Name       Type   Status   Capacity  Details
CH0.BAY0   SSD    healthy  18.30T    -
CH0.BAY1   SSD    healthy  18.30T    -
CH0.BAY2   SSD    healthy  18.30T    -
CH0.BAY3   SSD    healthy  18.30T    -
CH0.BAY4   SSD    healthy  18.30T    -
CH0.BAY5   SSD    healthy  18.30T    -
CH0.BAY6   SSD    healthy  18.30T    -
CH0.BAY7   SSD    healthy  18.30T    -
CH0.BAY8   SSD    healthy  18.30T    -
CH0.BAY9   SSD    healthy  18.30T    -
CH0.BAY10  SSD    healthy  18.30T    -
CH0.BAY11  SSD    healthy  18.30T    -
CH0.BAY12  SSD    healthy  18.30T    -
CH0.BAY13  SSD    healthy  18.30T    -
CH0.BAY14  SSD    healthy  18.30T    -
CH0.BAY15  SSD    healthy  18.30T    -
CH0.BAY16  SSD    healthy  18.30T    -
CH0.BAY17  SSD    healthy  18.30T    -
CH0.BAY18  SSD    healthy  18.30T    -
CH0.BAY19  SSD    healthy  18.30T    -
CH0.NVB0   NVRAM  healthy  7.52G     -
CH0.NVB1   NVRAM  healthy  7.52G     -
CH0.NVB2   NVRAM  healthy  7.52G     -
CH0.NVB3   NVRAM  healthy  7.52G     -
SH9.BAY0   -      unused   0.00      -
SH9.BAY1   -      unused   0.00      -
SH9.BAY2   -      unused   0.00      -
SH9.BAY3   -      unused   0.00      -
SH9.BAY4   -      unused   0.00      -
SH9.BAY5   -      unused   0.00      -
SH9.BAY6   -      unused   0.00      -
SH9.BAY7   -      unused   0.00      -
SH9.BAY8   -      unused   0.00      -
SH9.BAY9   -      unused   0.00      -
SH9.BAY10  -      unused   0.00      -
SH9.BAY11  -      unused   0.00      -
SH9.BAY12  -      unused   0.00      -
SH9.BAY13  -      unused   0.00      -
SH9.BAY14  -      unused   0.00      -
SH9.BAY15  -      unused   0.00      -
SH9.BAY16  -      unused   0.00      -
SH9.BAY17  -      unused   0.00      -
SH9.BAY18  -      unused   0.00      -
SH9.BAY19  -      unused   0.00      -
SH9.BAY20  -      unused   0.00      -
SH9.BAY21  -      unused   0.00      -
SH9.BAY22  -      unused   0.00      -
SH9.BAY23  -      unused   0.00      -
SH9.BAY24  -      unused   0.00      -
SH9.BAY25  -      unused   0.00      -
SH9.BAY26  -      unused   0.00      -
SH9.BAY27  -      unused   0.00      -
     root@ADCPURESRV3-ct0:/var/home/pureeng# puredrive listhw
Name          Status         Identify  Slot  Index  Speed       Temperature  Voltage  Details
CH0           ok             off       -     0      -           -            -        -
CH0.BAY0      ok             off       -     0      -           -            -        -
CH0.BAY1      ok             off       -     1      -           -            -        -
CH0.BAY2      ok             off       -     2      -           -            -        -
CH0.BAY3      ok             off       -     3      -           -            -        -
CH0.BAY4      ok             off       -     4      -           -            -        -
CH0.BAY5      ok             off       -     5      -           -            -        -
CH0.BAY6      ok             off       -     6      -           -            -        -
CH0.BAY7      ok             off       -     7      -           -            -        -
CH0.BAY8      ok             off       -     8      -           -            -        -
CH0.BAY9      ok             off       -     9      -           -            -        -
CH0.BAY10     ok             off       -     10     -           -            -        -
CH0.BAY11     ok             off       -     11     -           -            -        -
CH0.BAY12     ok             off       -     12     -           -            -        -
CH0.BAY13     ok             off       -     13     -           -            -        -
CH0.BAY14     ok             off       -     14     -           -            -        -
CH0.BAY15     ok             off       -     15     -           -            -        -
CH0.BAY16     ok             off       -     16     -           -            -        -
CH0.BAY17     ok             off       -     17     -           -            -        -
CH0.BAY18     ok             off       -     18     -           -            -        -
CH0.BAY19     ok             off       -     19     -           -            -        -
CH0.NVB0      ok             off       -     0      -           -            -        -
CH0.NVB1      ok             off       -     1      -           -            -        -
CH0.NVB2      ok             off       -     2      -           -            -        -
CH0.NVB3      ok             off       -     3      -           -            -        -
CH0.PWR0      ok             -         -     0      -           -            201 V    -
CH0.PWR1      ok             -         -     1      -           -            202 V    -
CH0.TMP0      ok             -         -     0      -           23 C         -        -
CT0           ok             off       -     0      -           -            -        -
CT0.DCA4      ok             -         4     4      -           -            -        -
CT0.ETH0      ok             -         -     0      50.00 Gb/s  -            -        -
CT0.ETH1      ok             -         -     1      50.00 Gb/s  -            -        -
CT0.ETH2      ok             -         -     2      25.00 Gb/s  -            -        -
CT0.ETH3      ok             -         -     3      25.00 Gb/s  -            -        -
CT0.ETH4      ok             -         -     4      1.00 Gb/s   -            -        -
CT0.ETH5      ok             -         0     5      0.00 b/s    -            -        -
CT0.ETH7      ok             -         0     7      0.00 b/s    -            -        -
CT0.FAN0      ok             -         -     0      -           -            -        -
CT0.FAN1      ok             -         -     1      -           -            -        -
CT0.FAN2      ok             -         -     2      -           -            -        -
CT0.FAN3      ok             -         -     3      -           -            -        -
CT0.FAN4      ok             -         -     4      -           -            -        -
CT0.FAN5      ok             -         -     5      -           -            -        -
CT0.FC4       ok             -         1     4      16.00 Gb/s  -            -        -
CT0.FC5       ok             -         1     5      16.00 Gb/s  -            -        -
CT0.FC6       ok             -         1     6      16.00 Gb/s  -            -        -
CT0.FC7       ok             -         1     7      16.00 Gb/s  -            -        -
CT0.FC12      ok             -         3     12     16.00 Gb/s  -            -        -
CT0.FC13      ok             -         3     13     16.00 Gb/s  -            -        -
CT0.TMP0      ok             -         -     0      -           38 C         -        -
CT0.TMP1      ok             -         -     1      -           40 C         -        -
CT0.TMP2      ok             -         -     2      -           59 C         -        -
CT0.TMP3      ok             -         -     3      -           59 C         -        -
CT0.TMP4      ok             -         -     4      -           50 C         -        -
CT0.TMP5      ok             -         -     5      -           50 C         -        -
CT0.TMP6      ok             -         -     6      -           29 C         -        -
CT0.TMP7      ok             -         -     7      -           31 C         -        -
CT0.TMP8      ok             -         -     8      -           53 C         -        -
CT0.TMP9      ok             -         -     9      -           47 C         -        -
CT0.TMP10     ok             -         -     10     -           47 C         -        -
CT0.TMP11     ok             -         -     11     -           46 C         -        -
CT0.TMP12     ok             -         -     12     -           46 C         -        -
CT0.TMP13     ok             -         -     13     -           47 C         -        -
CT0.TMP14     ok             -         -     14     -           48 C         -        -
CT0.TMP15     ok             -         -     15     -           48 C         -        -
CT0.TMP16     ok             -         -     16     -           46 C         -        -
CT0.TMP17     ok             -         -     17     -           46 C         -        -
CT0.TMP18     ok             -         -     18     -           46 C         -        -
CT0.TMP19     ok             -         -     19     -           45 C         -        -
CT0.TMP20     ok             -         -     20     -           45 C         -        -
CT0.TMP21     ok             -         -     21     -           49 C         -        -
CT0.TMP22     ok             -         -     22     -           48 C         -        -
CT0.TMP23     ok             -         -     23     -           48 C         -        -
CT0.TMP24     ok             -         -     24     -           46 C         -        -
CT1           ok             off       -     1      -           -            -        -
CT1.DCA4      ok             -         4     4      -           -            -        -
CT1.ETH0      ok             -         -     0      50.00 Gb/s  -            -        -
CT1.ETH1      ok             -         -     1      50.00 Gb/s  -            -        -
CT1.ETH2      ok             -         -     2      25.00 Gb/s  -            -        -
CT1.ETH3      ok             -         -     3      25.00 Gb/s  -            -        -
CT1.ETH4      ok             -         -     4      1.00 Gb/s   -            -        -
CT1.ETH5      ok             -         0     5      0.00 b/s    -            -        -
CT1.ETH7      ok             -         0     7      0.00 b/s    -            -        -
CT1.FAN0      ok             -         -     0      -           -            -        -
CT1.FAN1      ok             -         -     1      -           -            -        -
CT1.FAN2      ok             -         -     2      -           -            -        -
CT1.FAN3      ok             -         -     3      -           -            -        -
CT1.FAN4      ok             -         -     4      -           -            -        -
CT1.FAN5      ok             -         -     5      -           -            -        -
CT1.FC4       ok             -         1     4      16.00 Gb/s  -            -        -
CT1.FC5       ok             -         1     5      16.00 Gb/s  -            -        -
CT1.FC6       ok             -         1     6      16.00 Gb/s  -            -        -
CT1.FC7       ok             -         1     7      16.00 Gb/s  -            -        -
CT1.FC12      ok             -         3     12     16.00 Gb/s  -            -        -
CT1.FC13      ok             -         3     13     16.00 Gb/s  -            -        -
CT1.TMP0      ok             -         -     0      -           38 C         -        -
CT1.TMP1      ok             -         -     1      -           37 C         -        -
CT1.TMP2      ok             -         -     2      -           53 C         -        -
CT1.TMP3      ok             -         -     3      -           53 C         -        -
CT1.TMP4      ok             -         -     4      -           48 C         -        -
CT1.TMP5      ok             -         -     5      -           47 C         -        -
CT1.TMP6      ok             -         -     6      -           28 C         -        -
CT1.TMP7      ok             -         -     7      -           31 C         -        -
CT1.TMP8      ok             -         -     8      -           51 C         -        -
CT1.TMP9      ok             -         -     9      -           42 C         -        -
CT1.TMP10     ok             -         -     10     -           41 C         -        -
CT1.TMP11     ok             -         -     11     -           41 C         -        -
CT1.TMP12     ok             -         -     12     -           41 C         -        -
CT1.TMP13     ok             -         -     13     -           42 C         -        -
CT1.TMP14     ok             -         -     14     -           41 C         -        -
CT1.TMP15     ok             -         -     15     -           41 C         -        -
CT1.TMP16     ok             -         -     16     -           40 C         -        -
CT1.TMP17     ok             -         -     17     -           41 C         -        -
CT1.TMP18     ok             -         -     18     -           40 C         -        -
CT1.TMP19     ok             -         -     19     -           39 C         -        -
CT1.TMP20     ok             -         -     20     -           39 C         -        -
CT1.TMP21     ok             -         -     21     -           43 C         -        -
CT1.TMP22     ok             -         -     22     -           42 C         -        -
CT1.TMP23     ok             -         -     23     -           41 C         -        -
CT1.TMP24     ok             -         -     24     -           39 C         -        -
SH9           ok             off       -     9      -           23 C         -        -
SH9.BAY0      not_installed  off       -     0      -           -            -        -
SH9.BAY1      not_installed  off       -     1      -           -            -        -
SH9.BAY2      not_installed  off       -     2      -           -            -        -
SH9.BAY3      not_installed  off       -     3      -           -            -        -
SH9.BAY4      not_installed  off       -     4      -           -            -        -
SH9.BAY5      not_installed  off       -     5      -           -            -        -
SH9.BAY6      not_installed  off       -     6      -           -            -        -
SH9.BAY7      not_installed  off       -     7      -           -            -        -
SH9.BAY8      not_installed  off       -     8      -           -            -        -
SH9.BAY9      not_installed  off       -     9      -           -            -        -
SH9.BAY10     not_installed  off       -     10     -           -            -        -
SH9.BAY11     not_installed  off       -     11     -           -            -        -
SH9.BAY12     not_installed  off       -     12     -           -            -        -
SH9.BAY13     not_installed  off       -     13     -           -            -        -
SH9.BAY14     not_installed  off       -     14     -           -            -        -
SH9.BAY15     not_installed  off       -     15     -           -            -        -
SH9.BAY16     not_installed  off       -     16     -           -            -        -
SH9.BAY17     not_installed  off       -     17     -           -            -        -
SH9.BAY18     not_installed  off       -     18     -           -            -        -
SH9.BAY19     not_installed  off       -      9   -         -     0      50.00 Gb/s  -            -        -
SH9.SC0.ETH1  ok             -         -     1      0.00 b/s    -            -        -
SH9.SC0.ETH2  ok             -         -     2      50.00 Gb/s  -            -        -
SH9.SC0.ETH3  ok             -         -     3      0.00 b/s    -            -        -
SH9.SC0.FAN0  ok             -         -     0      -           -            -        -
SH9.SC0.FAN1  ok             -         -     1      -           -            -        -
SH9.SC0.FAN2  ok             -         -     2      -           -            -        -
SH9.SC0.FAN3  ok             -         -     3      -           -            -        -
SH9.SC0.FAN4  ok             -         -     4      -           -            -        -
SH9.SC0.FAN5  ok             -         -     5      -           -            -        -
SH9.SC1       ok             off       -     1      -           28 C         -        -
SH9.SC1.ETH0  ok             -         -     0      50.00 Gb/s  -            -        -
SH9.SC1.ETH1  ok             -         -     1      0.00 b/s    -            -        -
SH9.SC1.ETH2  ok             -         -     2      50.00 Gb/s  -            -        -
SH9.SC1.ETH3  ok             -         -     3      0.00 b/s    -            -        -
SH9.SC1.FAN0  ok             -         -     0      -           -            -        -
SH9.SC1.FAN1  ok             -         -     1      -           -            -        -
SH9.SC1.FAN2  ok             -         -     2      -           -            -        -
SH9.SC1.FAN3  ok             -         -     3      -           -            -        -
SH9.SC1.FAN4  ok             -         -     4      -           -            -        -
SH9.SC1.FAN5  ok             -         -     5      -           -            -        -
     root@ADCPURESRV3-ct0:/var/home/pureeng# purehw list purehw list --type pwr
Name      Status  Identify  Slot  Index  Speed  Temperature  Voltage  Details
CH0.PWR0  ok      -         -     0      -      -            202 V    -
CH0.PWR1  ok      -         -     1      -      -            202 V    -
SH9.PWR0  ok      -         -     0      -      -            204 V    -
SH9.PWR1  ok      -         -     1      -      -            203 V    -
     root@ADCPURESRV3-ct0:/var/home/pureeng# puredrvie ive list
Name       Type   Status     Capacity  Details
CH0.BAY0   SSD    healthy    18.30T    -
CH0.BAY1   SSD    healthy    18.30T    -
CH0.BAY2   SSD    healthy    18.30T    -
CH0.BAY3   SSD    healthy    18.30T    -
CH0.BAY4   SSD    healthy    18.30T    -
CH0.BAY5   SSD    healthy    18.30T    -
CH0.BAY6   SSD    healthy    18.30T    -
CH0.BAY7   SSD    healthy    18.30T    -
CH0.BAY8   SSD    healthy    18.30T    -
CH0.BAY9   SSD    healthy    18.30T    -
CH0.BAY10  SSD    healthy    18.30T    -
CH0.BAY11  SSD    healthy    18.30T    -
CH0.BAY12  SSD    healthy    18.30T    -
CH0.BAY13  SSD    healthy    18.30T    -
CH0.BAY14  SSD    healthy    18.30T    -
CH0.BAY15  SSD    healthy    18.30T    -
CH0.BAY16  SSD    healthy    18.30T    -
CH0.BAY17  SSD    healthy    18.30T    -
CH0.BAY18  SSD    healthy    18.30T    -
CH0.BAY19  SSD    healthy    18.30T    -
CH0.NVB0   NVRAM  healthy    7.52G     -
CH0.NVB1   NVRAM  healthy    7.52G     -
CH0.NVB2   NVRAM  healthy    7.52G     -
CH0.NVB3   NVRAM  healthy    7.52G     -
SH9.BAY0   SSD    unhealthy  0.00      Not accessible from SC0
SH9.BAY1   -      unused     0.00      -
SH9.BAY2   -      unused     0.00      -
SH9.BAY3   -      unused     0.00      -
SH9.BAY4   -      unused     0.00      -
SH9.BAY5   -      unused     0.00      -
SH9.BAY6   -      unused     0.00      -
SH9.BAY7   -      unused     0.00      -
SH9.BAY8   -      unused     0.00      -
SH9.BAY9   -      unused     0.00      -
SH9.BAY10  -      unused     0.00      -
SH9.BAY11  -      unused     0.00      -
SH9.BAY12  -      unused     0.00      -
SH9.BAY13  -      unused     0.00      -
SH9.BAY14  -      unused     0.00      -
SH9.BAY15  -      unused     0.00      -
SH9.BAY16  -      unused     0.00      -
SH9.BAY17  -      unused     0.00      -
SH9.BAY18  -      unused     0.00      -
SH9.BAY19  -      unused     0.00      -
SH9.BAY20  -      unused     0.00      -
SH9.BAY21  -      unused     0.00      -
SH9.BAY22  -      unused     0.00      -
SH9.BAY23  -      unused     0.00      -
SH9.BAY24  -      unused     0.00      -
SH9.BAY25  -      unused     0.00      -
SH9.BAY26  -      unused     0.00      -
SH9.BAY27  -      unused     0.00      -
     root@ADCPURESRV3-ct0:/var/home/pureeng# puredrive listwatpurehw list --type pwrwatch puredrive list --pack SH9.BAY 0
Every 2.0s: puredrive list --pack ...  ADCPURESRV3-ct0: Thu May 29 11:07:17 2025NameType  StatusCapacity  DetailsSH9.BAY0  SSD   unadmitted  0.00waiting for user214730369  Capacity  Details    0.00      waiting for userSH9.BAY1  SSD   unrecognized  0.00-425healthy   0.00      Not accessible from SC08515recoveringWSSD tuneup in progress (http://go/w2)98:025SH9.BAY2  SSD   unhealthy   0.00Not accessible from SC09unadmittedwaiting for user136120recoveringWSSD tuneup in progress (http://go/w2)47304  Capacity  Details    0.00      waiting for user    0.00      waiting for userunrecognized  0.00      WSSD tuneup in progress (http://go/w2) 7-40admitted  0.00      waiting for userSH9.BAY3  SSD   unhealthy   0.00Not accessible from SC03750  Capacity  Details    0.00      waiting for user    0.00      waiting for user    0.00      waiting for userrecognized  0.00      -37recovering  0.00      WSSD tuneup in progress (http://go/w2)9:0036  Capacity  Details    0.00      waiting for user    0.00      waiting for user    0.00      waiting for user    0.00      WSSD tuneup in progress (http://go/w2)SH9.BAY4  SSD   unrecognized  0.00-9     root@ADCPURESRV3-ct0:/var/home/pureeng# PUREMpuremessage list --open
     root@ADCPURESRV3-ct0:/var/home/pureeng# puremessage list --open --hidden
ID    Time                     Severity  Category  Code  Component  Name      Event    Expected  Actual      Details
3735  2025-05-29 11:09:12 EDT  hidden    array     60    drive      sh9.bay3  failure  healthy   recovering  
     root@ADCPURESRV3-ct0:/var/home/pureeng# puremessage list --open --hiddenwatch puredrive list --pack SH9.BAY0
Every 2.0s: puredrive list --pack ...  ADCPURESRV3-ct0: Thu May 29 11:14:00 2025NameType  StatusCapacity  DetailsSH9.BAY0   SSD   unadmitted  0.00waiting for userSH9.BAY1   SSD   unadmitted  0.00waiting for userSH9.BAY2   SSD   unadmitted  0.00waiting for userSH9.BAY3   SSD   unadmitted  0.00waiting for userSH9.BAY4   SSD   unadmitted  0.00waiting for userSH9.BAY5   SSD   unadmitted  0.00waiting for userSH9.BAY6   SSD   unadmitted  0.00waiting for userSH9.BAY7   SSD   unadmitted  0.00waiting for userSH9.BAY8   SSD   unadmitted  0.00waiting for userSH9.BAY9   SSD   unadmitted  0.00waiting for userSH9.BAY10  SSD   unadmitted  0.00waiting for userSH9.BAY11  SSD   unadmitted  0.00waiting for userSH9.BAY12  SSD   unadmitted  0.00waiting for userSH9.BAY13  SSD   unadmitted  0.00waiting for user     root@ADCPURESRV3-ct0:/var/home/pureeng# puredrive list
Name       Type   Status      Capacity  Details
CH0.BAY0   SSD    healthy     18.30T    -
CH0.BAY1   SSD    healthy     18.30T    -
CH0.BAY2   SSD    healthy     18.30T    -
CH0.BAY3   SSD    healthy     18.30T    -
CH0.BAY4   SSD    healthy     18.30T    -
CH0.BAY5   SSD    healthy     18.30T    -
CH0.BAY6   SSD    healthy     18.30T    -
CH0.BAY7   SSD    healthy     18.30T    -
CH0.BAY8   SSD    healthy     18.30T    -
CH0.BAY9   SSD    healthy     18.30T    -
CH0.BAY10  SSD    healthy     18.30T    -
CH0.BAY11  SSD    healthy     18.30T    -
CH0.BAY12  SSD    healthy     18.30T    -
CH0.BAY13  SSD    healthy     18.30T    -
CH0.BAY14  SSD    healthy     18.30T    -
CH0.BAY15  SSD    healthy     18.30T    -
CH0.BAY16  SSD    healthy     18.30T    -
CH0.BAY17  SSD    healthy     18.30T    -
CH0.BAY18  SSD    healthy     18.30T    -
CH0.BAY19  SSD    healthy     18.30T    -
CH0.NVB0   NVRAM  healthy     7.52G     -
CH0.NVB1   NVRAM  healthy     7.52G     -
CH0.NVB2   NVRAM  healthy     7.52G     -
CH0.NVB3   NVRAM  healthy     7.52G     -
SH9.BAY0   SSD    unadmitted  0.00      waiting for user
SH9.BAY1   SSD    unadmitted  0.00      waiting for user
SH9.BAY2   SSD    unadmitted  0.00      waiting for user
SH9.BAY3   SSD    unadmitted  0.00      waiting for user
SH9.BAY4   SSD    unadmitted  0.00      waiting for user
SH9.BAY5   SSD    unadmitted  0.00      waiting for user
SH9.BAY6   SSD    unadmitted  0.00      waiting for user
SH9.BAY7   SSD    unadmitted  0.00      waiting for user
SH9.BAY8   SSD    unadmitted  0.00      waiting for user
SH9.BAY9   SSD    unadmitted  0.00      waiting for user
SH9.BAY10  SSD    unadmitted  0.00      waiting for user
SH9.BAY11  SSD    unadmitted  0.00      waiting for user
SH9.BAY12  SSD    unadmitted  0.00      waiting for user
SH9.BAY13  SSD    unadmitted  0.00      waiting for user
SH9.BAY14  -      unused      0.00      -
SH9.BAY15  -      unused      0.00      -
SH9.BAY16  -      unused      0.00      -
SH9.BAY17  -      unused      0.00      -
SH9.BAY18  -      unused      0.00      -
SH9.BAY19  -      unused      0.00      -
SH9.BAY20  -      unused      0.00      -
SH9.BAY21  -      unused      0.00      -
SH9.BAY22  -      unused      0.00      -
SH9.BAY23  -      unused      0.00      -
SH9.BAY24  -      unused      0.00      -
SH9.BAY25  -      unused      0.00      -
SH9.BAY26  -      unused      0.00      -
SH9.BAY27  -      unused      0.00      -
     root@ADCPURESRV3-ct0:/var/home/pureeng# puredb list drives
Name       Subslot  Type   Protocol  Status        Capacity  Pinned Space  Degraded  Device Id                                  Boot Aus Used  Main Aus Used
CH0.DRV0   1        SSD    NVMe      healthy       18.30T    0.00          0.00      5311705801122990186:13057498976531783217   80/269         184297/277557
CH0.DRV1   1        SSD    NVMe      healthy       18.30T    0.00          0.00      1742063523991932246:11491449712020918769   77/269         184410/277414
CH0.DRV2   1        SSD    NVMe      healthy       18.30T    0.00          0.00      1505174042771998847:9747383204201049528    79/269         184143/277666
CH0.DRV3   1        SSD    NVMe      healthy       18.30T    0.00          0.00      11610182953757983303:12294385874535843490  81/269         184579/277574
CH0.DRV4   1        SSD    NVMe      healthy       18.30T    0.00          0.00      6976002725233378603:10887873886135628820   78/269         184087/277630
CH0.DRV5   1        SSD    NVMe      healthy       18.30T    0.00          0.00      14539512801580107639:10696600665791091247  77/269         184374/277300
CH0.DRV6   1        SSD    NVMe      healthy       18.30T    0.00          0.00      3336742171681443338:9325978978326874315    80/269         184169/277817
CH0.DRV7   1        SSD    NVMe      healthy       18.30T    0.00          0.00      8129556242755044468:10509993068158076714   78/269         184655/277916
CH0.DRV8   1        SSD    NVMe      healthy       18.30T    0.00          0.00      8677851266276675302:12863973502199210238   79/269         184470/277323
CH0.DRV9   1        SSD    NVMe      healthy       18.30T    0.00          0.00      3721784004871146494:10492627958249909731   78/269         184416/277457
CH0.DRV10  1        SSD    NVMe      healthy       18.30T    0.00          0.00      280836750977682972:13722837018883650451    80/269         184171/277761
CH0.DRV11  1        SSD    NVMe      healthy       18.30T    0.00          0.00      3236641447255884554:13184702989157346366   78/269         184345/277877
CH0.DRV12  1        SSD    NVMe      healthy       18.30T    0.00          0.00      4411751281104602476:10932378659954449694   86/269         184578/277345
CH0.DRV13  1        SSD    NVMe      healthy       18.30T    0.00          0.00      8922384051478940286:13400715802837078828   80/269         184216/277527
CH0.DRV14  1        SSD    NVMe      healthy       18.30T    0.00          0.00      17667769749655536878:10564129648560314955  78/269         184431/277578
CH0.DRV15  1        SSD    NVMe      healthy       18.30T    0.00          0.00      4174434144841581637:12429063558174264069   76/269         184344/277606
CH0.DRV16  1        SSD    NVMe      healthy       18.30T    0.00          0.00      12053292958643865082:11900819870588549295  79/269         184293/277477
CH0.DRV17  1        SSD    NVMe      healthy       18.30T    0.00          0.00      4628654909069805960:10794045011355763924   79/269         184437/277709
CH0.DRV18  1        SSD    NVMe      healthy       18.30T    0.00          0.00      2819704336411541767:13745565801803933834   76/269         184216/277800
CH0.DRV19  1        SSD    NVMe      healthy       18.30T    0.00          0.00      11334463615942738995:13008352006708369063  87/269         184363/277921
CH0.NVR0   0        NVRAM  NVMe      healthy       0.00      -             0.00      12404694041627477205:10753490894984229895  -              -
CH0.NVR1   0        NVRAM  NVMe      healthy       0.00      -             0.00      4035407739675167188:13730831661630985850   -              -
CH0.NVR2   0        NVRAM  NVMe      healthy       0.00      -             0.00      3000039770512049791:11420129226589191559   -              -
CH0.NVR3   0        NVRAM  NVMe      healthy       0.00      -             0.00      15297322015300209042:11747127797925179680  -              -
SH9.DRV0   0        SSD    -         unrecognized  0.00      0.00          0.00      -                                          -              -
SH9.DRV1   0        SSD    -         unrecognized  0.00      0.00          0.00      -                                          -              -
SH9.DRV2   0        SSD    -         unrecognized  0.00      0.00          0.00      -                                          -              -
SH9.DRV3   0        SSD    -         unrecognized  0.00      0.00          0.00      -                                          -              -
SH9.DRV4   0        SSD    -         unrecognized  0.00      0.00          0.00      -                                          -              -
SH9.DRV5   0        SSD    -         unrecognized  0.00      0.00          0.00      -                                          -              -
SH9.DRV6   0        SSD    -         unrecognized  0.00      0.00          0.00      -                                          -              -
SH9.DRV7   0        SSD    -         unrecognized  0.00      0.00          0.00      -                                          -              -
SH9.DRV8   0        SSD    -         unrecognized  0.00      0.00          0.00      -                                          -              -
SH9.DRV9   0        SSD    -         unrecognized  0.00      0.00          0.00      -                                          -              -
SH9.DRV10  0        SSD    -         unrecognized  0.00      0.00          0.00      -                                          -              -
SH9.DRV11  0        SSD    -         unrecognized  0.00      0.00          0.00      -                                          -              -
SH9.DRV12  0        SSD    -         unrecognized  0.00      0.00          0.00      -                                          -              -
SH9.DRV13  0        SSD    -         unrecognized  0.00      0.00          0.00      -                                          -              -
     root@ADCPURESRV3-ct0:/var/home/pureeng# purearray list --space
Name         Capacity  Parity  Provisioned Size  Virtual  Thin Provisioning  Data Reduction  Total Reduction  Unique  Snapshots  Shared  System  Replication  Total
ADCPURESRV3  247.65T   100%    1849088G          692.80T  62%                4.2 to 1        14.6 to 1        96.35T  56.00T     18.94T  0.00    0.00         171.29T
     root@ADCPURESRV3-ct0:/var/home/pureeng# puredrive admitpurehw list
Name          Status         Identify  Slot  Index  Speed       Temperature  Voltage  Details
CH0           ok             off       -     0      -           -            -        -
CH0.BAY0      ok             off       -     0      -           -            -        -
CH0.BAY1      ok             off       -     1      -           -            -        -
CH0.BAY2      ok             off       -     2      -           -            -        -
CH0.BAY3      ok             off       -     3      -           -            -        -
CH0.BAY4      ok             off       -     4      -           -            -        -
CH0.BAY5      ok             off       -     5      -           -            -        -
CH0.BAY6      ok             off       -     6      -           -            -        -
CH0.BAY7      ok             off       -     7      -           -            -        -
CH0.BAY8      ok             off       -     8      -           -            -        -
CH0.BAY9      ok             off       -     9      -           -            -        -
CH0.BAY10     ok             off       -     10     -           -            -        -
CH0.BAY11     ok             off       -     11     -           -            -        -
CH0.BAY12     ok             off       -     12     -           -            -        -
CH0.BAY13     ok             off       -     13     -           -            -        -
CH0.BAY14     ok             off       -     14     -           -            -        -
CH0.BAY15     ok             off       -     15     -           -            -        -
CH0.BAY16     ok             off       -     16     -           -            -        -
CH0.BAY17     ok             off       -     17     -           -            -        -
CH0.BAY18     ok             off       -     18     -           -            -        -
CH0.BAY19     ok             off       -     19     -           -            -        -
CH0.NVB0      ok             off       -     0      -           -            -        -
CH0.NVB1      ok             off       -     1      -           -            -        -
CH0.NVB2      ok             off       -     2      -           -            -        -
CH0.NVB3      ok             off       -     3      -           -            -        -
CH0.PWR0      ok             -         -     0      -           -            201 V    -
CH0.PWR1      ok             -         -     1      -           -            203 V    -
CH0.TMP0      ok             -         -     0      -           23 C         -        -
CT0           ok             off       -     0      -           -            -        -
CT0.DCA4      ok             -         4     4      -           -            -        -
CT0.ETH0      ok             -         -     0      50.00 Gb/s  -            -        -
CT0.ETH1      ok             -         -     1      50.00 Gb/s  -            -        -
CT0.ETH2      ok             -         -     2      25.00 Gb/s  -            -        -
CT0.ETH3      ok             -         -     3      25.00 Gb/s  -            -        -
CT0.ETH4      ok             -         -     4      1.00 Gb/s   -            -        -
CT0.ETH5      ok             -         0     5      0.00 b/s    -            -        -
CT0.ETH7      ok             -         0     7      0.00 b/s    -            -        -
CT0.FAN0      ok             -         -     0      -           -            -        -
CT0.FAN1      ok             -         -     1      -           -            -        -
CT0.FAN2      ok             -         -     2      -           -            -        -
CT0.FAN3      ok             -         -     3      -           -            -        -
CT0.FAN4      ok             -         -     4      -           -            -        -
CT0.FAN5      ok             -         -     5      -           -            -        -
CT0.FC4       ok             -         1     4      16.00 Gb/s  -            -        -
CT0.FC5       ok             -         1     5      16.00 Gb/s  -            -        -
CT0.FC6       ok             -         1     6      16.00 Gb/s  -            -        -
CT0.FC7       ok             -         1     7      16.00 Gb/s  -            -        -
CT0.FC12      ok             -         3     12     16.00 Gb/s  -            -        -
CT0.FC13      ok             -         3     13     16.00 Gb/s  -            -        -
CT0.TMP0      ok             -         -     0      -           39 C         -        -
CT0.TMP1      ok             -         -     1      -           40 C         -        -
CT0.TMP2      ok             -         -     2      -           64 C         -        -
CT0.TMP3      ok             -         -     3      -           63 C         -        -
CT0.TMP4      ok             -         -     4      -           52 C         -        -
CT0.TMP5      ok             -         -     5      -           53 C         -        -
CT0.TMP6      ok             -         -     6      -           28 C         -        -
CT0.TMP7      ok             -         -     7      -           31 C         -        -
CT0.TMP8      ok             -         -     8      -           55 C         -        -
CT0.TMP9      ok             -         -     9      -           49 C         -        -
CT0.TMP10     ok             -         -     10     -           48 C         -        -
CT0.TMP11     ok             -         -     11     -           48 C         -        -
CT0.TMP12     ok             -         -     12     -           47 C         -        -
CT0.TMP13     ok             -         -     13     -           49 C         -        -
CT0.TMP14     ok             -         -     14     -           50 C         -        -
CT0.TMP15     ok             -         -     15     -           49 C         -        -
CT0.TMP16     ok             -         -     16     -           47 C         -        -
CT0.TMP17     ok             -         -     17     -           49 C         -        -
CT0.TMP18     ok             -         -     18     -           48 C         -        -
CT0.TMP19     ok             -         -     19     -           47 C         -        -
CT0.TMP20     ok             -         -     20     -           46 C         -        -
CT0.TMP21     ok             -         -     21     -           51 C         -        -
CT0.TMP22     ok             -         -     22     -           49 C         -        -
CT0.TMP23     ok             -         -     23     -           49 C         -        -
CT0.TMP24     ok             -         -     24     -           47 C         -        -
CT1           ok             off       -     1      -           -            -        -
CT1.DCA4      ok             -         4     4      -           -            -        -
CT1.ETH0      ok             -         -     0      50.00 Gb/s  -            -        -
CT1.ETH1      ok             -         -     1      50.00 Gb/s  -            -        -
CT1.ETH2      ok             -         -     2      25.00 Gb/s  -            -        -
CT1.ETH3      ok             -         -     3      25.00 Gb/s  -            -        -
CT1.ETH4      ok             -         -     4      1.00 Gb/s   -            -        -
CT1.ETH5      ok             -         0     5      0.00 b/s    -            -        -
CT1.ETH7      ok             -         0     7      0.00 b/s    -            -        -
CT1.FAN0      ok             -         -     0      -           -            -        -
CT1.FAN1      ok             -         -     1      -           -            -        -
CT1.FAN2      ok             -         -     2      -           -            -        -
CT1.FAN3      ok             -         -     3      -           -            -        -
CT1.FAN4      ok             -         -     4      -           -            -        -
CT1.FAN5      ok             -         -     5      -           -            -        -
CT1.FC4       ok             -         1     4      16.00 Gb/s  -            -        -
CT1.FC5       ok             -         1     5      16.00 Gb/s  -            -        -
CT1.FC6       ok             -         1     6      16.00 Gb/s  -            -        -
CT1.FC7       ok             -         1     7      16.00 Gb/s  -            -        -
CT1.FC12      ok             -         3     12     16.00 Gb/s  -            -        -
CT1.FC13      ok             -         3     13     16.00 Gb/s  -            -        -
CT1.TMP0      ok             -            -        -
SH9.BAY25     not_installed  off       -     25     -           -            -        -
SH9.BAY26     not_installed  off       -     26     -           -            -        -
SH9.BAY27     not_installed  off       -     27     -           -            -        -
SH9.PWR0      ok             -         -     0      -           -            204 V    -
SH9.PWR1      ok             -         -     1      -           -            203 V    -
SH9.SC0       ok             off       -     0      -           28 C         -        -
SH9.SC0.ETH0  ok             -         -     0      50.00 Gb/s  -            -        -
SH9.SC0.ETH1  ok             -         -     1      0.00 b/s    -            -        -
SH9.SC0.ETH2  ok             -         -     2      50.00 Gb/s  -            -        -
SH9.SC0.ETH3  ok             -         -     3      0.00 b/s    -            -        -
SH9.SC0.FAN0  ok             -         -     0      -           -            -        -
SH9.SC0.FAN1  ok             -         -     1      -           -            -        -
SH9.SC0.FAN2  ok             -         -     2      -           -            -        -
SH9.SC0.FAN3  ok             -         -     3      -           -            -        -
SH9.SC0.FAN4  ok             -         -     4      -           -            -        -
SH9.SC0.FAN5  ok             -         -     5      -           -            -        -
SH9.SC1       ok             off       -     1      -           28 C         -        -
SH9.SC1.ETH0  ok             -         -     0      50.00 Gb/s  -            -        -
SH9.SC1.ETH1  ok             -         -     1      0.00 b/s    -            -        -
SH9.SC1.ETH2  ok             -         -     2      50.00 Gb/s  -            -        -
SH9.SC1.ETH3  ok             -         -     3      0.00 b/s    -            -        -
SH9.SC1.FAN0  ok             -         -     0      -           -            -        -
SH9.SC1.FAN1  ok             -         -     1      -           -            -        -
SH9.SC1.FAN2  ok             -         -     2      -           -            -        -
SH9.SC1.FAN3  ok             -         -     3      -           -            -        -
SH9.SC1.FAN4  ok             -         -     4      -           -            -        -
SH9.SC1.FAN5  ok             -         -     5      -           -            -        -
     root@ADCPURESRV3-ct0:/var/home/pureeng# puredrive list
Name       Type   Status      Capacity  Details
CH0.BAY0   SSD    healthy     18.30T    -
CH0.BAY1   SSD    healthy     18.30T    -
CH0.BAY2   SSD    healthy     18.30T    -
CH0.BAY3   SSD    healthy     18.30T    -
CH0.BAY4   SSD    healthy     18.30T    -
CH0.BAY5   SSD    healthy     18.30T    -
CH0.BAY6   SSD    healthy     18.30T    -
CH0.BAY7   SSD    healthy     18.30T    -
CH0.BAY8   SSD    healthy     18.30T    -
CH0.BAY9   SSD    healthy     18.30T    -
CH0.BAY10  SSD    healthy     18.30T    -
CH0.BAY11  SSD    healthy     18.30T    -
CH0.BAY12  SSD    healthy     18.30T    -
CH0.BAY13  SSD    healthy     18.30T    -
CH0.BAY14  SSD    healthy     18.30T    -
CH0.BAY15  SSD    healthy     18.30T    -
CH0.BAY16  SSD    healthy     18.30T    -
CH0.BAY17  SSD    healthy     18.30T    -
CH0.BAY18  SSD    healthy     18.30T    -
CH0.BAY19  SSD    healthy     18.30T    -
CH0.NVB0   NVRAM  healthy     7.52G     -
CH0.NVB1   NVRAM  healthy     7.52G     -
CH0.NVB2   NVRAM  healthy     7.52G     -
CH0.NVB3   NVRAM  healthy     7.52G     -
SH9.BAY0   SSD    unadmitted  0.00      waiting for user
SH9.BAY1   SSD    unadmitted  0.00      waiting for user
SH9.BAY2   SSD    unadmitted  0.00      waiting for user
SH9.BAY3   SSD    unadmitted  0.00      waiting for user
SH9.BAY4   SSD    unadmitted  0.00      waiting for user
SH9.BAY5   SSD    unadmitted  0.00      waiting for user
SH9.BAY6   SSD    unadmitted  0.00      waiting for user
SH9.BAY7   SSD    unadmitted  0.00      waiting for user
SH9.BAY8   SSD    unadmitted  0.00      waiting for user
SH9.BAY9   SSD    unadmitted  0.00      waiting for user
SH9.BAY10  SSD    unadmitted  0.00      waiting for user
SH9.BAY11  SSD    unadmitted  0.00      waiting for user
SH9.BAY12  SSD    unadmitted  0.00      waiting for user
SH9.BAY13  SSD    unadmitted  0.00      waiting for user
SH9.BAY14  -      unused      0.00      -
SH9.BAY15  -      unused      0.00      -
SH9.BAY16  -      unused      0.00      -
SH9.BAY17  -      unused      0.00      -
SH9.BAY18  -      unused      0.00      -
SH9.BAY19  -      unused      0.00      -
SH9.BAY20  -      unused      0.00      -
SH9.BAY21  -      unused      0.00      -
SH9.BAY22  -      unused      0.00      -
SH9.BAY23  -      unused      0.00      -
SH9.BAY24  -      unused      0.00      -
SH9.BAY25  -      unused      0.00      -
SH9.BAY26  -      unused      0.00      -
SH9.BAY27  -      unused      0.00      -
     root@ADCPURESRV3-ct0:/var/home/pureeng# puredrive listclear
     root@ADCPURESRV3-ct0:/var/home/pureeng# purearray list --space
Name         Capacity  Parity  Provisioned Size  Virtual  Thin Provisioning  Data Reduction  Total Reduction  Unique  Snapshots  Shared  System  Replication  Total
ADCPURESRV3  247.65T   100%    1849088G          692.80T  62%                4.2 to 1        14.6 to 1        96.35T  56.00T     18.94T  0.00    0.00         171.29T
     root@ADCPURESRV3-ct0:/var/home/pureeng# puredrive admit
Name       Type  Status   Capacity  Installed Capacity  Details
SH9.BAY0   SSD   healthy  -         -                   -
SH9.BAY1   SSD   healthy  -         -                   -
SH9.BAY2   SSD   healthy  -         -                   -
SH9.BAY3   SSD   healthy  -         -                   -
SH9.BAY4   SSD   healthy  -         -                   -
SH9.BAY5   SSD   healthy  -         -                   -
SH9.BAY6   SSD   healthy  -         -                   -
SH9.BAY7   SSD   healthy  -         -                   -
SH9.BAY8   SSD   healthy  -         -                   -
SH9.BAY9   SSD   healthy  -         -                   -
SH9.BAY10  SSD   healthy  -         -                   -
SH9.BAY11  SSD   healthy  -         -                   -
SH9.BAY12  SSD   healthy  -         -                   -
SH9.BAY13  SSD   healthy  -         -                   -
     root@ADCPURESRV3-ct0:/var/home/pureeng# puredrive admitarray list --space
Name         Capacity  Parity  Provisioned Size  Virtual  Thin Provisioning  Data Reduction  Total Reduction  Unique  Snapshots  Shared  System  Replication  Total
ADCPURESRV3  415.72T   100%    1849088G          692.80T  62%                4.2 to 1        14.6 to 1        96.35T  56.00T     18.95T  0.00    0.00         171.29T
     root@ADCPURESRV3-ct0:/var/home/pureeng# purehw list
Name          Status         Identify  Slot  Index  Speed       Temperature  Voltage  Details
CH0           ok             off       -     0      -           -            -        -
CH0.BAY0      ok             off       -     0      -           -            -        -
CH0.BAY1      ok             off       -     1      -           -            -        -
CH0.BAY2      ok             off       -     2      -           -            -        -
CH0.BAY3      ok             off       -     3      -           -            -        -
CH0.BAY4      ok             off       -     4      -           -            -        -
CH0.BAY5      ok             off       -     5      -           -            -        -
CH0.BAY6      ok             off       -     6      -           -            -        -
CH0.BAY7      ok             off       -     7      -           -            -        -
CH0.BAY8      ok             off       -     8      -           -            -        -
CH0.BAY9      ok             off       -     9      -           -            -        -
CH0.BAY10     ok             off       -     10     -           -            -        -
CH0.BAY11     ok             off       -     11     -           -            -        -
CH0.BAY12     ok             off       -     12     -           -            -        -
CH0.BAY13     ok             off       -     13     -           -            -        -
CH0.BAY14     ok             off       -     14     -           -            -        -
CH0.BAY15     ok             off       -     15     -           -            -        -
CH0.BAY16     ok             off       -     16     -           -            -        -
CH0.BAY17     ok             off       -     17     -           -            -        -
CH0.BAY18     ok             off       -     18     -           -            -        -
CH0.BAY19     ok             off       -     19     -           -            -        -
CH0.NVB0      ok             off       -     0      -           -            -        -
CH0.NVB1      ok             off       -     1      -           -            -        -
CH0.NVB2      ok             off       -     2      -           -            -        -
CH0.NVB3      ok             off       -     3      -           -            -        -
CH0.PWR0      ok             -         -     0      -           -            201 V    -
CH0.PWR1      ok             -         -     1      -           -            202 V    -
CH0.TMP0      ok             -         -     0      -           23 C         -        -
CT0           ok             off       -     0      -           -            -        -
CT0.DCA4      ok             -         4     4      -           -            -        -
CT0.ETH0      ok             -         -     0      50.00 Gb/s  -            -        -
CT0.ETH1      ok             -         -     1      50.00 Gb/s  -            -        -
CT0.ETH2      ok             -         -     2      25.00 Gb/s  -            -        -
CT0.ETH3      ok             -         -     3      25.00 Gb/s  -            -        -
CT0.ETH4      ok             -         -     4      1.00 Gb/s   -            -        -
CT0.ETH5      ok             -         0     5      0.00 b/s    -            -        -
CT0.ETH7      ok             -         0     7      0.00 b/s    -            -        -
CT0.FAN0      ok             -         -     0      -           -            -        -
CT0.FAN1      ok             -         -     1      -           -            -        -
CT0.FAN2      ok             -         -     2      -           -            -        -
CT0.FAN3      ok             -         -     3      -           -            -        -
CT0.FAN4      ok             -         -     4      -           -            -        -
CT0.FAN5      ok             -         -     5      -           -            -        -
CT0.FC4       ok             -         1     4      16.00 Gb/s  -            -        -
CT0.FC5       ok             -         1     5      16.00 Gb/s  -            -        -
CT0.FC6       ok             -         1     6      16.00 Gb/s  -            -        -
CT0.FC7       ok             -         1     7      16.00 Gb/s  -            -        -
CT0.FC12      ok             -         3     12     16.00 Gb/s  -            -        -
CT0.FC13      ok             -         3     13     16.00 Gb/s  -            -        -
CT0.TMP0      ok             -         -     0      -           39 C         -        -
CT0.TMP1      ok             -         -     1      -           40 C         -        -
CT0.TMP2      ok             -         -     2      -           64 C         -        -
CT0.TMP3      ok             -         -     3      -           63 C         -        -
CT0.TMP4      ok             -         -     4      -           53 C         -        -
CT0.TMP5      ok             -         -     5      -           53 C         -        -
CT0.TMP6      ok             -         -     6      -           29 C         -        -
CT0.TMP7      ok             -         -     7      -           31 C         -        -
CT0.TMP8      ok             -         -     8      -           56 C         -        -
CT0.TMP9      ok             -         -     9      -           49 C         -        -
CT0.TMP10     ok             -         -     10     -           48 C         -        -
CT0.TMP11     ok             -         -     11     -           47 C         -        -
CT0.TMP12     ok             -         -     12     -           47 C         -        -
CT0.TMP13     ok             -         -     13     -           49 C         -        -
CT0.TMP14     ok             -         -     14     -           50 C         -        -
CT0.TMP15     ok             -         -     15     -           49 C         -        -
CT0.TMP16     ok             -         -     16     -           47 C         -        -
CT0.TMP17     ok             -         -     17     -           48 C         -        -
CT0.TMP18     ok             -         -     18     -           48 C         -        -
CT0.TMP19     ok             -         -     19     -           47 C         -        -
CT0.TMP20     ok             -         -     20     -           46 C         -        -
CT0.TMP21     ok             -         -     21     -           51 C         -        -
CT0.TMP22     ok             -         -     22     -           49 C         -        -
CT0.TMP23     ok             -         -     23     -           49 C         -        -
CT0.TMP24     ok             -         -     24     -           47 C         -        -
CT1           ok             off       -     1      -           -            -        -
CT1.DCA4      ok             -         4     4      -           -            -        -
CT1.ETH0      ok             -         -     0      50.00 Gb/s  -            -        -
CT1.ETH1      ok             -         -     1      50.00 Gb/s  -            -        -
CT1.ETH2      ok             -         -     2      25.00 Gb/s  -            -        -
CT1.ETH3      ok             -         -     3      25.00 Gb/s  -            -        -
CT1.ETH4      ok             -         -     4      1.00 Gb/s   -            -        -
CT1.ETH5      ok             -         0     5      0.00 b/s    -            -        -
CT1.ETH7      ok             -         0     7      0.00 b/s    -            -        -
CT1.FAN0      ok             -         -     0      -           -            -        -
CT1.FAN1      ok             -         -     1      -           -            -        -
CT1.FAN2      ok             -         -     2      -           -            -        -
CT1.FAN3      ok             -         -     3      -           -            -        -
CT1.FAN4      ok             -         -     4      -           -            -        -
CT1.FAN5      ok             -         -     5      -           -            -        -
CT1.FC4       ok             -         1     4      16.00 Gb/s  -            -        -
CT1.FC5       ok             -         1     5      16.00 Gb/s  -            -        -
CT1.FC6       ok             -         1     6      16.00 Gb/s  -            -        -
CT1.FC7       ok             -         1     7      16.00 Gb/s  -            -        -
CT1.FC12      ok             -         3     12     16.00 Gb/s  -            -        -
CT1.FC13      ok             -         3     13     16.00 Gb/s  -            -        -
CT1.TMP0      ok             -         -     0      -           38 C         -            31 C         -        -
CT1.TMP8      ok             -         -     8      -           52 C         -        -
CT1.TMP9      ok             -         -     9      -           42 C         -        -
CT1.TMP10     ok             -         -     10     -           41 C         -        -
CT1.TMP11     ok             -         -     11     -           41 C         -        -
CT1.TMP12     ok             -         -     12     -           41 C         -        -
CT1.TMP13     ok             -         -     13     -           42 C         -        -
CT1.TMP14     ok             -         -     14     -           41 C         -        -
CT1.TMP15     ok             -         -     15     -           41 C         -        -
CT1.TMP16     ok             -         -     16     -           40 C         -        -
CT1.TMP17     ok             -         -     17     -           41 C         -        -
CT1.TMP18     ok             -         -     18     -           40 C         -        -
CT1.TMP19     ok             -         -     19     -           40 C         -        -
CT1.TMP20     ok             -         -     20     -           39 C         -        -
CT1.TMP21     ok             -         -     21     -           43 C         -        -
CT1.TMP22     ok             -         -     22     -           42 C         -        -
CT1.TMP23     ok             -         -     23     -           41 C         -        -
CT1.TMP24     ok             -         -     24     -           39 C         -        -
SH9           ok             off       -     9      -           23 C         -        -
SH9.BAY0      ok             off       -     0      -           -            -        -
SH9.BAY1      ok             off       -     1      -           -            -        -
SH9.BAY2      ok             off       -     2      -           -            -        -
SH9.BAY3      ok             off       -     3      -           -            -        -
SH9.BAY4      ok             off       -     4      -           -            -        -
SH9.BAY5      ok             off       -     5      -           -            -        -
SH9.BAY6      ok             off       -     6      -           -            -        -
SH9.BAY7      ok             off       -     7      -           -            -        -
SH9.BAY8      ok             off       -     8      -           -            -        -
SH9.BAY9      ok             off       -     9      -           -            -        -
SH9.BAY10     ok             off       -     10     -           -            -        -
SH9.BAY11     ok             off       -     11     -           -            -        -
SH9.BAY12     ok             off       -     12     -           -            -        -
SH9.BAY13     ok             off       -     13     -           -            -        -
SH9.BAY14     not_installed  off       -     14     -           -            -        -
SH9.BAY15     not_installed  off       -     15     -           -            -        -
SH9.BAY16     not_installed  off       -     16     -           -            -        -
SH9.BAY17     not_installed  off       -     17     -           -            -        -
SH9.BAY18     not_installed  off       -     18     -           -            -        -
SH9.BAY19     not_installed  off       -     19     -           -            -        -
SH9.BAY20     not_installed  off       -     20     -           -            -        -
SH9.BAY21     not_installed  off       -     21     -           -            -        -
SH9.BAY22     not_installed  off       -     22     -           -            -        -
SH9.BAY23     not_installed  off       -     23     -           -            -        -
SH9.BAY24     not_installed  off       -     24     -           -            -        -
SH9.BAY25     not_installed  off       -     25     -           -            -        -
SH9.BAY26     not_i s   -
SH9.SC0.FAN5  ok             -         -     5      -           -            -        -
SH9.SC1       ok             off       -     1      -           30 C         -        -
SH9.SC1.ETH0  ok             -         -     0      50.00 Gb/s  -            -        -
SH9.SC1.ETH1  ok             -         -     1      0.00 b/s    -            -        -
SH9.SC1.ETH2  ok             -         -     2      50.00 Gb/s  -            -        -
SH9.SC1.ETH3  ok             -         -     3      0.00 b/s    -            -        -
SH9.SC1.FAN0  ok             -         -     0      -           -            -        -
SH9.SC1.FAN1  ok             -         -     1      -           -            -        -
SH9.SC1.FAN2  ok             -         -     2      -           -            -        -
SH9.SC1.FAN3  ok             -         -     3      -           -            -        -
SH9.SC1.FAN4  ok             -         -     4      -           -            -        -
SH9.SC1.FAN5  ok             -         -     5      -           -            -        -
     root@ADCPURESRV3-ct0:/var/home/pureeng# puremessage lis t--t --open
     root@ADCPURESRV3-ct0:/var/home/pureeng# puremessage list --open --hidden
     root@ADCPURESRV3-ct0:/var/home/pureeng# stoarpuredrive list
Name       Type   Status   Capacity  Details
CH0.BAY0   SSD    healthy  18.30T    -
CH0.BAY1   SSD    healthy  18.30T    -
CH0.BAY2   SSD    healthy  18.30T    -
CH0.BAY3   SSD    healthy  18.30T    -
CH0.BAY4   SSD    healthy  18.30T    -
CH0.BAY5   SSD    healthy  18.30T    -
CH0.BAY6   SSD    healthy  18.30T    -
CH0.BAY7   SSD    healthy  18.30T    -
CH0.BAY8   SSD    healthy  18.30T    -
CH0.BAY9   SSD    healthy  18.30T    -
CH0.BAY10  SSD    healthy  18.30T    -
CH0.BAY11  SSD    healthy  18.30T    -
CH0.BAY12  SSD    healthy  18.30T    -
CH0.BAY13  SSD    healthy  18.30T    -
CH0.BAY14  SSD    healthy  18.30T    -
CH0.BAY15  SSD    healthy  18.30T    -
CH0.BAY16  SSD    healthy  18.30T    -
CH0.BAY17  SSD    healthy  18.30T    -
CH0.BAY18  SSD    healthy  18.30T    -
CH0.BAY19  SSD    healthy  18.30T    -
CH0.NVB0   NVRAM  healthy  7.52G     -
CH0.NVB1   NVRAM  healthy  7.52G     -
CH0.NVB2   NVRAM  healthy  7.52G     -
CH0.NVB3   NVRAM  healthy  7.52G     -
SH9.BAY0   SSD    healthy  18.30T    -
SH9.BAY1   SSD    healthy  18.30T    -
SH9.BAY2   SSD    healthy  18.30T    -
SH9.BAY3   SSD    healthy  18.30T    -
SH9.BAY4   SSD    healthy  18.30T    -
SH9.BAY5   SSD    healthy  18.30T    -
SH9.BAY6   SSD    healthy  18.30T    -
SH9.BAY7   SSD    healthy  18.30T    -
SH9.BAY8   SSD    healthy  18.30T    -
SH9.BAY9   SSD    healthy  18.30T    -
SH9.BAY10  SSD    healthy  18.30T    -
SH9.BAY11  SSD    healthy  18.30T    -
SH9.BAY12  SSD    healthy  18.30T    -
SH9.BAY13  SSD    healthy  18.30T    -
SH9.BAY14  -      unused   0.00      -
SH9.BAY15  -      unused   0.00      -
SH9.BAY16  -      unused   0.00      -
SH9.BAY17  -      unused   0.00      -
SH9.BAY18  -      unused   0.00      -
SH9.BAY19  -      unused   0.00      -
SH9.BAY20  -      unused   0.00      -
SH9.BAY21  -      unused   0.00      -
SH9.BAY22  -      unused   0.00      -
SH9.BAY23  -      unused   0.00      -
SH9.BAY24  -      unused   0.00      -
SH9.BAY25  -      unused   0.00      -
SH9.BAY26  -      unused   0.00      -
SH9.BAY27  -      unused   0.00      -
     root@ADCPURESRV3-ct0:/var/home/pureeng# puredb list drives
Name       Subslot  Type   Protocol  Status   Capacity  Pinned Space  Degraded  Device Id                                  Boot Aus Used  Main Aus Used
CH0.DRV0   1        SSD    NVMe      healthy  18.30T    0.00          0.00      5311705801122990186:13057498976531783217   80/269         184188/277557
CH0.DRV1   1        SSD    NVMe      healthy  18.30T    0.00          0.00      1742063523991932246:11491449712020918769   77/269         184294/277414
CH0.DRV2   1        SSD    NVMe      healthy  18.30T    0.00          0.00      1505174042771998847:9747383204201049528    79/269         184046/277666
CH0.DRV3   1        SSD    NVMe      healthy  18.30T    0.00          0.00      11610182953757983303:12294385874535843490  82/269         184468/277574
CH0.DRV4   1        SSD    NVMe      healthy  18.30T    0.00          0.00      6976002725233378603:10887873886135628820   78/269         183986/277630
CH0.DRV5   1        SSD    NVMe      healthy  18.30T    0.00          0.00      14539512801580107639:10696600665791091247  77/269         184274/277300
CH0.DRV6   1        SSD    NVMe      healthy  18.30T    0.00          0.00      3336742171681443338:9325978978326874315    80/269         184058/277817
CH0.DRV7   1        SSD    NVMe      healthy  18.30T    0.00          0.00      8129556242755044468:10509993068158076714   78/269         184563/277916
CH0.DRV8   1        SSD    NVMe      healthy  18.30T    0.00          0.00      8677851266276675302:12863973502199210238   79/269         184358/277323
CH0.DRV9   1        SSD    NVMe      healthy  18.30T    0.00          0.00      3721784004871146494:10492627958249909731   79/269         184308/277457
CH0.DRV10  1        SSD    NVMe      healthy  18.30T    0.00          0.00      280836750977682972:13722837018883650451    80/269         184076/277761
CH0.DRV11  1        SSD    NVMe      healthy  18.30T    0.00          0.00      3236641447255884554:13184702989157346366   79/269         184241/277877
CH0.DRV12  1        SSD    NVMe      healthy  18.30T    0.00          0.00      4411751281104602476:10932378659954449694   86/269         184470/277345
CH0.DRV13  1        SSD    NVMe      healthy  18.30T    0.00          0.00      8922384051478940286:13400715802837078828   80/269         184106/277527
CH0.DRV14  1        SSD    NVMe      healthy  18.30T    0.00          0.00      17667769749655536878:10564129648560314955  79/269         184327/277578
CH0.DRV15  1        SSD    NVMe      healthy  18.30T    0.00          0.00      4174434144841581637:12429063558174264069   76/269         184228/277606
CH0.DRV16  1        SSD    NVMe      healthy  18.30T    0.00          0.00      12053292958643865082:11900819870588549295  79/269         184177/277477
CH0.DRV17  1        SSD    NVMe      healthy  18.30T    0.00          0.00      4628654909069805960:10794045011355763924   80/269         184332/277709
CH0.DRV18  1        SSD    NVMe      healthy  18.30T    0.00          0.00      2819704336411541767:13745565801803933834   77/269         184102/277800
CH0.DRV19  1        SSD    NVMe      healthy  18.30T    0.00          0.00      11334463615942738995:13008352006708369063  87/269         184264/277921
CH0.NVR0   0        NVRAM  NVMe      healthy  0.00      -             0.00      12404694041627477205:10753490894984229895  -              -
CH0.NVR1   0        NVRAM  NVMe      healthy  0.00      -             0.00      4035407739675167188:13730831661630985850   -              -
CH0.NVR2   0        NVRAM  NVMe      healthy  0.00      -             0.00      3000039770512049791:11420129226589191559   -              -
CH0.NVR3   0        NVRAM  NVMe      healthy  0.00      -             0.00      15297322015300209042:11747127797925179680  -              -
SH9.DRV0   0        SSD    NVMe      healthy  18.30T    0.00          0.00      5973589406450405183:10769176254412573383   2/502          142/489507
SH9.DRV1   0        SSD    NVMe      healthy  18.30T    0.00          0.00      6137485418248031514:10632265907772739569   2/502          130/490156
SH9.DRV2   0        SSD    NVMe      healthy  18.30T    0.00          0.00      3803370173159984835:10014410610526915660   2/502          137/489457
SH9.DRV3   0        SSD    NVMe      healthy  18.30T    0.00          0.00      17500845167036157162:10432585932828987950  2/502          142/490344
SH9.DRV4   0        SSD    NVMe      healthy  18.30T    0.00          0.00      6537187515570339852:12531871786056281657   2/502          143/489299
SH9.DRV5   0        SSD    NVMe      healthy  18.30T    0.00          0.00      17979267545275912123:11973734384004413766  1/502          139/490413
SH9.DRV6   0        SSD    NVMe      healthy  18.30T    0.00          0.00      8369958878915544073:12524579128226593985   2/502          139/489338
SH9.DRV7   0        SSD    NVMe      healthy  18.30T    0.00          0.00      10857717118392943345:10868141167361667342  2/502          148/490128
SH9.DRV8   0        SSD    NVMe      healthy  18.30T    0.00          0.00      13743821272173137726:12691291034169785230  1/502          140/489978
SH9.DRV9   0        SSD    NVMe      healthy  18.30T    0.00          0.00      1939319741831267740:12021266761855225513   3/502          137/490015
SH9.DRV10  0        SSD    NVMe      healthy  18.30T    0.00          0.00      12015400966469209800:10337931133205883594  2/502          135/490277
SH9.DRV11  0        SSD    NVMe      healthy  18.30T    0.00          0.00      13976043053763874257:12951965870885749630  1/502          140/489034
SH9.DRV12  0        SSD    NVMe      healthy  18.30T    0.00          0.00      9106660972767364665:12590764542063514648   2/502          140/490355
SH9.DRV13  0        SSD    NVMe      healthy  18.30T    0.00          0.00      15270989802503882865:10155789710686012039  2/502          140/490312
     root@ADCPURESRV3-ct0:/var/home/pureeng# purearray phonehome --send-today && ssh peer purearray phonehome --send-today

Status   Action
running  send_today
phonehome is already running
Status   Action
running  send_today
     root@ADCPURESRV3-ct0:/var/home/pureeng# puremessage list --open
     root@ADCPURESRV3-ct0:/var/home/pureeng# puremessage list --openpuremessage list --open --hidden
     root@ADCPURESRV3-ct0:/var/home/pureeng# purearray list --controller
Name     Type              Mode       Model     Version  Status  Internal Details
CT0      array_controller  primary    FA-X90R4  6.5.9    ready   
CT1      array_controller  secondary  FA-X90R4  6.5.9    ready   
SH9.SC0  shelf_controller  -          DFSC1     2.2.2    -       -
SH9.SC1  shelf_controller  -          DFSC1     2.2.2    -       -
     root@ADCPURESRV3-ct0:/var/home/pureeng# puredb list drviives
Name       Subslot  Type   Protocol  Status   Capacity  Pinned Space  Degraded  Device Id                                  Boot Aus Used  Main Aus Used
CH0.DRV0   1        SSD    NVMe      healthy  18.30T    0.00          0.00      5311705801122990186:13057498976531783217   81/269         184226/277557
CH0.DRV1   1        SSD    NVMe      healthy  18.30T    0.00          0.00      1742063523991932246:11491449712020918769   80/269         184330/277414
CH0.DRV2   1        SSD    NVMe      healthy  18.30T    0.00          0.00      1505174042771998847:9747383204201049528    79/269         184080/277666
CH0.DRV3   1        SSD    NVMe      healthy  18.30T    0.00          0.00      11610182953757983303:12294385874535843490  82/269         184505/277574
CH0.DRV4   1        SSD    NVMe      healthy  18.30T    0.00          0.00      6976002725233378603:10887873886135628820   78/269         184026/277630
CH0.DRV5   1        SSD    NVMe      healthy  18.30T    0.00          0.00      14539512801580107639:10696600665791091247  78/269         184313/277300
CH0.DRV6   1        SSD    NVMe      healthy  18.30T    0.00          0.00      3336742171681443338:9325978978326874315    80/269         184090/277817
CH0.DRV7   1        SSD    NVMe      healthy  18.30T    0.00          0.00      8129556242755044468:10509993068158076714   78/269         184600/277916
CH0.DRV8   1        SSD    NVMe      healthy  18.30T    0.00          0.00      8677851266276675302:12863973502199210238   80/269         184394/277323
CH0.DRV9   1        SSD    NVMe      healthy  18.30T    0.00          0.00      3721784004871146494:10492627958249909731   79/269         184349/277457
CH0.DRV10  1        SSD    NVMe      healthy  18.30T    0.00          0.00      280836750977682972:13722837018883650451    82/269         184111/277761
CH0.DRV11  1        SSD    NVMe      healthy  18.30T    0.00          0.00      3236641447255884554:13184702989157346366   80/269         184278/277877
CH0.DRV12  1        SSD    NVMe      healthy  18.30T    0.00          0.00      4411751281104602476:10932378659954449694   86/269         184512/277345
CH0.DRV13  1        SSD    NVMe      healthy  18.30T    0.00          0.00      8922384051478940286:13400715802837078828   81/269         184140/277527
CH0.DRV14  1        SSD    NVMe      healthy  18.30T    0.00          0.00      17667769749655536878:10564129648560314955  80/269         184368/277578
CH0.DRV15  1        SSD    NVMe      healthy  18.30T    0.00          0.00      4174434144841581637:12429063558174264069   76/269         184264/277606
CH0.DRV16  1        SSD    NVMe      healthy  18.30T    0.00          0.00      12053292958643865082:11900819870588549295  81/269         184217/277477
CH0.DRV17  1        SSD    NVMe      healthy  18.30T    0.00          0.00      4628654909069805960:10794045011355763924   80/269         184368/277709
CH0.DRV18  1        SSD    NVMe      healthy  18.30T    0.00          0.00      2819704336411541767:13745565801803933834   77/269         184143/277800
CH0.DRV19  1        SSD    NVMe      healthy  18.30T    0.00          0.00      11334463615942738995:13008352006708369063  88/269         184304/277921
CH0.NVR0   0        NVRAM  NVMe      healthy  0.00      -             0.00      12404694041627477205:10753490894984229895  -              -
CH0.NVR1   0        NVRAM  NVMe      healthy  0.00      -             0.00      4035407739675167188:13730831661630985850   -              -
CH0.NVR2   0        NVRAM  NVMe      healthy  0.00      -             0.00      3000039770512049791:11420129226589191559   -              -
CH0.NVR3   0        NVRAM  NVMe      healthy  0.00      -             0.00      15297322015300209042:11747127797925179680  -              -
SH9.DRV0   0        SSD    NVMe      healthy  18.30T    0.00          0.00      5973589406450405183:10769176254412573383   3/502          204/489507
SH9.DRV1   0        SSD    NVMe      healthy  18.30T    0.00          0.00      6137485418248031514:10632265907772739569   4/502          200/490156
SH9.DRV2   0        SSD    NVMe      healthy  18.30T    0.00          0.00      3803370173159984835:10014410610526915660   4/502          201/489457
SH9.DRV3   0        SSD    NVMe      healthy  18.30T    0.00          0.00      17500845167036157162:10432585932828987950  3/502          204/490344
SH9.DRV4   0        SSD    NVMe      healthy  18.30T    0.00          0.00      6537187515570339852:12531871786056281657   4/502          207/489299
SH9.DRV5   0        SSD    NVMe      healthy  18.30T    0.00          0.00      17979267545275912123:11973734384004413766  2/502          204/490413
SH9.DRV6   0        SSD    NVMe      healthy  18.30T    0.00          0.00      8369958878915544073:12524579128226593985   3/502          200/489338
SH9.DRV7   0        SSD    NVMe      healthy  18.30T    0.00          0.00      10857717118392943345:10868141167361667342  3/502          216/490128
SH9.DRV8   0        SSD    NVMe      healthy  18.30T    0.00          0.00      13743821272173137726:12691291034169785230  3/502          200/489978
SH9.DRV9   0        SSD    NVMe      healthy  18.30T    0.00          0.00      1939319741831267740:12021266761855225513   4/502          199/490015
SH9.DRV10  0        SSD    NVMe      healthy  18.30T    0.00          0.00      12015400966469209800:10337931133205883594  3/502          197/490277
SH9.DRV11  0        SSD    NVMe      healthy  18.30T    0.00          0.00      13976043053763874257:12951965870885749630  3/502          201/489034
SH9.DRV12  0        SSD    NVMe      healthy  18.30T    0.00          0.00      9106660972767364665:12590764542063514648   4/502          206/490355
SH9.DRV13  0        SSD    NVMe      healthy  18.30T    0.00          0.00      15270989802503882865:10155789710686012039  3/502          201/490312
     root@ADCPURESRV3-ct0:/var/home/pureeng# exit
exit
pureeng@ADCPURESRV3-ct0:~$ exit
logout

ADCPURESRV3-ct0 login: 