=~=~=~=~=~=~=~=~=~=~=~= PuTTY log 2025.07.23 20:55:16 =~=~=~=~=~=~=~=~=~=~=~=

apn1purstgp0102-ct0 login: purea   reeng
1) Authenticate via CloudAssist
2) Authenticate via command line
3) Restore challenge
Type the number corresponding to the authentication method you want to use.

Selection: 1

An email for identity verification will be sent once email is entered.
Please follow the authentication instructions provided there and return to this screen when finished or if email has not been received.


Enter an email address: fharris@purestoar    torage.com
Successfully authenticated
Last login: Tue Nov 10 18:04:47 EST 2020 on ttyS0

Wed Jul 23 20:56:06 2025
Welcome pureeng. This is Purity Version 6.5.8 on FlashArray apn1purstgp0102
http://www.purestorage.com/
pureeng@apn1purstgp0102-ct0:~$ purearray list --controller
Name  Type              Mode       Model     Version  Status  Internal Details
CT0   array_controller  secondary  FA-X50R3  6.5.8    ready   
CT1   array_controller  primary    FA-X50R3  6.5.8    ready   
pureeng@apn1purstgp0102-ct0:~$ puresudo su
     root@apn1purstgp0102-ct0:/var/home/pureeng# purehw list
Name       Status         Identify  Slot  Index  Speed       Temperature  Voltage  Details
CH0        ok             off       -     0      -           -            -        -
CH0.BAY0   ok             off       -     0      -           -            -        -
CH0.BAY1   ok             off       -     1      -           -            -        -
CH0.BAY2   ok             off       -     2      -           -            -        -
CH0.BAY3   ok             off       -     3      -           -            -        -
CH0.BAY4   ok             off       -     4      -           -            -        -
CH0.BAY5   ok             off       -     5      -           -            -        -
CH0.BAY6   ok             off       -     6      -           -            -        -
CH0.BAY7   ok             off       -     7      -           -            -        -
CH0.BAY8   ok             off       -     8      -           -            -        -
CH0.BAY9   ok             off       -     9      -           -            -        -
CH0.BAY10  ok             off       -     10     -           -            -        -
CH0.BAY11  ok             off       -     11     -           -            -        -
CH0.BAY12  ok             off       -     12     -           -            -        -
CH0.BAY13  ok             off       -     13     -           -            -        -
CH0.BAY14  ok             off       -     14     -           -            -        -
CH0.BAY15  ok             off       -     15     -           -            -        -
CH0.BAY16  ok             off       -     16     -           -            -        -
CH0.BAY17  ok             off       -     17     -           -            -        -
CH0.BAY18  ok             off       -     18     -           -            -        -
CH0.BAY19  ok             off       -     19     -           -            -        -
CH0.NVB0   ok             off       -     0      -           -            -        -
CH0.NVB1   ok             off       -     1      -           -            -        -
CH0.NVB2   not_installed  off       -     2      -           -            -        -
CH0.NVB3   not_installed  off       -     3      -           -            -        -
CH0.PWR0   ok             -         -     0      -           -            206 V    -
CH0.PWR1   ok             -         -     1      -           -            207 V    -
CH0.TMP0   ok             -         -     0      -           25 C         -        -
CT0        ok             off       -     0      -           -            -        -
CT0.ETH0   ok             -         -     0      1.00 Gb/s   -            -        -
CT0.ETH1   ok             -         -     1      0.00 b/s    -            -        -
CT0.ETH2   ok             -         -     2      10.00 Gb/s  -            -        -
CT0.ETH3   ok             -         -     3      10.00 Gb/s  -            -        -
CT0.ETH4   ok             -         -     4      0.00 b/s    -            -        -
CT0.ETH5   ok             -         -     5      0.00 b/s    -            -        -
CT0.ETH6   ok             -         -     6      0.00 b/s    -            -        -
CT0.ETH7   ok             -         -     7      0.00 b/s    -            -        -
CT0.ETH8   ok             -         -     8      0.00 b/s    -            -        -
CT0.ETH9   ok             -         -     9      0.00 b/s    -            -        -
CT0.FAN0   ok             -         -     0      -           -            -        -
CT0.FAN1   ok             -         -     1      -           -            -        -
CT0.FAN2   ok             -         -     2      -           -            -        -
CT0.FAN3   ok             -         -     3      -           -            -        -
CT0.FAN4   ok             -         -     4      -           -            -        -
CT0.FAN5   ok             -         -     5      -           -            -        -
CT0.FC0    ok             -         0     0      16.00 Gb/s  -            -        -
CT0.FC1    ok             -         0     1      16.00 Gb/s  -            -        -
CT0.FC2    ok             -         0     2      0.00 b/s    -            -        -
CT0.FC3    ok             -         0     3      0.00 b/s    -            -        -
CT0.SAS4   ok             -         1     4      0.00 b/s    -            -        -
CT0.SAS5   ok             -         1     5      0.00 b/s    -            -        -
CT0.SAS6   ok             -         1     6      0.00 b/s    -            -        -
CT0.SAS7   ok             -         1     7      0.00 b/s    -            -        -
CT0.TMP0   ok             -         -     0      -           36 C         -        -
CT0.TMP1   ok             -         -     1      -           37 C         -        -
CT0.TMP2   ok             -         -     2      -           34 C         -        -
CT0.TMP3   ok             -         -     3      -           37 C         -        -
CT0.TMP4   ok             -         -     4      -           37 C         -        -
CT0.TMP5   ok             -         -     5      -           37 C         -        -
CT0.TMP6   ok             -         -     6      -           40 C         -        -
CT0.TMP7   ok             -         -     7      -           32 C         -        -
CT0.TMP8   ok             -         -     8      -           32 C         -        -
CT0.TMP9   ok             -         -     9      -           32 C         -        -
CT0.TMP10  ok             -         -     10     -           31 C         -        -
CT0.TMP11  ok             -         -     11     -           31 C         -        -
CT0.TMP12  ok             -         -     12     -           31 C         -        -
CT0.TMP13  ok             -         -     13     -           35 C         -        -
CT0.TMP14  ok             -         -     14     -           35 C         -        -
CT0.TMP15  ok             -         -     15     -           34 C         -        -
CT0.TMP16  ok             -         -     16     -           31 C         -        -
CT0.TMP17  ok             -         -     17     -           31 C         -        -
CT0.TMP18  ok             -         -     18     -           32 C         -        -
CT0.TMP19  ok             -         -     19     -           33 C         -        -
CT0.TMP20  ok             -         -     20     -           32 C         -        -
CT0.TMP21  ok             -         -     21     -           36 C         -        -
CT0.TMP22  ok             -         -     22     -           33 C         -        -
CT0.TMP23  ok             -         -     23     -           36 C         -        -
CT0.TMP24  ok             -         -     24     -           36 C         -        -
CT0.TMP25  ok             -         -     25     -           38 C         -        -
CT0.TMP26  ok             -         -     26     -           33 C         -        -
CT1        ok             off       -     1      -           -            -        -
CT1.ETH0   ok             -         -     0      1.00 Gb/s   -            -        -
CT1.ETH1   ok             -         -     1      0.00 b/s    -            -        -
CT1.ETH2   ok             -         -     2      10.00 Gb/s  -            -        -
CT1.ETH3   ok             -         -     3      10.00 Gb/s  -            -        -
CT1.ETH4   ok             -         -     4      0.00 b/s    -            -        -
CT1.ETH5   ok             -         -     5      0.00 b/s    -            -        -
CT1.ETH6   ok             -         -     6      0.00 b/s    -            -        -
CT1.ETH7   ok             -         -     7      0.00 b/s    -            -        -
CT1.ETH8   ok             -         -     8      0.00 b/s    -            -        -
CT1.ETH9   ok             -         -     9      0.00 b/s    -            -        -
CT1.FAN0   ok             -         -     0      -           -            -        -
CT1.FAN1   ok             -         -     1      -           -            -        -
CT1.FAN2   ok             -         -     2      -           -            -        -
CT1.FAN3   ok             -         -     3      -           -            -        -
CT1.FAN4   ok             -         -     4      -           -            -        -
CT1.FAN5   ok             -         -     5      -           -            -        -
CT1.FC0    ok             -         0     0      16.00 Gb/s  -            -        -
CT1.FC1    ok             -         0     1      16.00 Gb/s  -            -        -
CT1.FC2    ok             -         0     2      0.00 b/s    -            -        -
CT1.FC3    ok             -         0     3      0.00 b/s    -            -        -
CT1.SAS4   ok             -         1     4      0.00 b/s    -            -        -
CT1.SAS5   ok             -         1     5      0.00 b/s    -            -        -
CT1.SAS6   ok             -         1     6      0.00 b/s    -            -        -
CT1.SAS7   ok             -         1     7      0.00 b/s    -            -        -
CT1.TMP0   ok             -         -     0      -           43 C         -        -
CT1.TMP1   ok             -         -     1      -           43 C         -        -
CT1.TMP2   ok             -         -     2      -           37 C         -        -
CT1.TMP3   ok             -         -     3      -           53 C         -        -
CT1.TMP4   ok             -         -     4      -           54 C         -        -
CT1.TMP5   ok             -         -     5      -           45 C         -        -
CT1.TMP6   ok             -         -     6      -           50 C         -        -
CT1.TMP7   ok             -         -     7      -           38 C         -        -
CT1.TMP8   ok             -         -     8      -           38 C         -        -
CT1.TMP9   ok             -         -     9      -           39 C         -        -
CT1.TMP10  ok             -         -     10     -           36 C         -        -
CT1.TMP11  ok             -         -     11     -           36 C         -        -
CT1.TMP12  ok             -         -     12     -           35 C         -        -
CT1.TMP13  ok             -         -     13     -           39 C         -        -
CT1.TMP14  ok             -         -     14     -           39 C         -        -
CT1.TMP15  ok             -         -     15     -           38 C         -        -
CT1.TMP16  ok             -         -     16     -           35 C         -        -
CT1.TMP17  ok             -         -     17     -           36 C         -        -
CT1.TMP18  ok             -         -     18     -           36 C         -        -
CT1.TMP19  ok             -         -     19     -           36 C         -        -
CT1.TMP20  ok             -         -     20     -           36 C         -        -
CT1.TMP21  ok             -         -     21     -           46 C         -        -
CT1.TMP22  ok             -         -     22     -           42 C         -        -
CT1.TMP23  ok             -         -     23     -           43 C         -        -
CT1.TMP24  ok             -         -     24     -           44 C         -        -
CT1.TMP25  ok             -         -     25     -           49 C         -        -
CT1.TMP26  ok             -         -     26     -           37 C         -        -
     root@apn1purstgp0102-ct0:/var/home/pureeng# puredb list drives
Name       Subslot  Type   Protocol  Status   Capacity  Pinned Space  Degraded  Device Id                                  Boot Aus Used  Main Aus Used
CH0.DRV0   0        SSD    NVMe      healthy  3.90T     0.00          0.00      3572625933908329727:12677459164513751153   11/115         57765/121033
CH0.DRV1   0        SSD    NVMe      healthy  3.90T     0.00          0.00      6369013234257841518:12913479664321493576   8/115          57929/121633
CH0.DRV2   0        SSD    NVMe      healthy  3.90T     0.00          0.00      16523545657764498331:11868384953924341450  5/115          58019/121885
CH0.DRV3   0        SSD    NVMe      healthy  3.90T     0.00          0.00      13483706018658471032:13690167520942491194  8/115          58049/121500
CH0.DRV4   0        SSD    NVMe      healthy  3.90T     0.00          0.00      16700375714646674709:13430983643732026876  7/115          57878/120619
CH0.DRV5   0        SSD    NVMe      healthy  3.90T     0.00          0.00      15364406508660671601:12503127298397430908  4/115          57998/121291
CH0.DRV6   0        SSD    NVMe      healthy  3.90T     0.00          0.00      34253520685386116:9895223690044379430      6/115          58023/121389
CH0.DRV7   0        SSD    NVMe      healthy  3.90T     0.00          0.00      15641943803251739785:11178070480403554046  6/115          58119/121949
CH0.DRV8   0        SSD    NVMe      healthy  3.90T     0.00          0.00      12450760874650586437:12214901903842099267  7/115          57905/121105
CH0.DRV9   0        SSD    NVMe      healthy  3.90T     0.00          0.00      2473664226080345931:12720862411922037913   4/115          57974/121451
CH0.DRV10  0        SSD    NVMe      healthy  3.90T     0.00          0.00      9371779966785833483:9539530697625707943    3/115          57975/121935
CH0.DRV11  0        SSD    NVMe      healthy  3.90T     0.00          0.00      5298161015813849743:10406253317064972833   4/115          57918/121947
CH0.DRV12  0        SSD    NVMe      healthy  3.90T     0.00          0.00      16142985125261887503:11388376488266112981  4/115          57827/121179
CH0.DRV13  0        SSD    NVMe      healthy  3.90T     0.00          0.00      11174910018583937394:11506201622990013412  7/115          57833/121864
CH0.DRV14  0        SSD    NVMe      healthy  3.90T     0.00          0.00      3054990104512646237:10612321417363109926   6/115          58039/121703
CH0.DRV15  0        SSD    NVMe      healthy  3.90T     0.00          0.00      2476536826291441459:11653993316322892242   6/115          57623/121476
CH0.DRV16  0        SSD    NVMe      healthy  3.90T     0.00          0.00      17512276062147465005:10391216317076687575  6/115          57888/120799
CH0.DRV17  0        SSD    NVMe      healthy  3.90T     0.00          0.00      2981344419438674333:12764882940206496465   8/115          57773/120990
CH0.DRV18  0        SSD    NVMe      healthy  3.90T     0.00          0.00      9690608850376936452:13263629456005930173   6/115          58034/121651
CH0.DRV19  0        SSD    NVMe      healthy  3.90T     0.00          0.00      10248093963566993099:11247802737021920325  6/115          57957/121035
CH0.NVR0   0        NVRAM  NVMe      healthy  7.00G     -             0.00      5453078187845961850:12438210388547263447   -              -
CH0.NVR1   0        NVRAM  NVMe      healthy  7.00G     -             0.00      15157099726806008833:13132641307484479611  -              -
     root@apn1purstgp0102-ct0:/var/home/pureeng# puremesudo su
     root@apn1purstgp0102-ct0:/var/home/pureeng# pureadrive list
Name       Type   Status   Capacity  Details
CH0.BAY0   SSD    healthy  3.90T     -
CH0.BAY1   SSD    healthy  3.90T     -
CH0.BAY2   SSD    healthy  3.90T     -
CH0.BAY3   SSD    healthy  3.90T     -
CH0.BAY4   SSD    healthy  3.90T     -
CH0.BAY5   SSD    healthy  3.90T     -
CH0.BAY6   SSD    healthy  3.90T     -
CH0.BAY7   SSD    healthy  3.90T     -
CH0.BAY8   SSD    healthy  3.90T     -
CH0.BAY9   SSD    healthy  3.90T     -
CH0.BAY10  SSD    healthy  3.90T     -
CH0.BAY11  SSD    healthy  3.90T     -
CH0.BAY12  SSD    healthy  3.90T     -
CH0.BAY13  SSD    healthy  3.90T     -
CH0.BAY14  SSD    healthy  3.90T     -
CH0.BAY15  SSD    healthy  3.90T     -
CH0.BAY16  SSD    healthy  3.90T     -
CH0.BAY17  SSD    healthy  3.90T     -
CH0.BAY18  SSD    healthy  3.90T     -
CH0.BAY19  SSD    healthy  3.90T     -
CH0.NVB0   NVRAM  healthy  7.00G     -
CH0.NVB1   NVRAM  healthy  7.00G     -
CH0.NVB2   NVRAM  unused   0.00      -
CH0.NVB3   NVRAM  unused   0.00      -
     root@apn1purstgp0102-ct0:/var/home/pureeng# iobalance --sampletime 15
sampling host I/O for 15 seconds...
                Host  CT0 I/O Count  CT1 I/O Count  
     SLN1UBUHSTP6021        2.00        2.00  
     SPN1VMWHSTP0119        0.00        0.00  ? Host is idle
     SPN1VMWHSTP0120        0.00        0.00  ? Host is idle
     SPN1VMWHSTP0121        0.00        0.00  ? Host is idle
     SPN1VMWHSTP0122        0.00        0.00  ? Host is idle
     SPN1VMWHSTP0123        0.00        0.00  ? Host is idle
     SPN1VMWHSTP0128        1.00        1.00  
     SPN1VMWHSTP0129       82.00      234.00  ! unbalanced I/O
     SPN1VMWHSTP0130        0.00        0.00  ? Host is idle
     SPN1VMWHSTP0131        0.00        0.00  ? Host is idle
     SPN1VMWHSTP0132        0.00        0.00  ? Host is idle
     SPN1VMWHSTP0140        0.00        0.00  ? Host is idle
     SPN1VMWHSTP0141        0.00        0.00  ? Host is idle
     SPN1VMWHSTP0153        0.00        0.00  ? Host is idle
     SPN1VMWHSTP0154        0.00        0.00  ? Host is idle
     SPN1VMWHSTP0155        0.00        0.00  ? Host is idle
     spn1vmwhstp6001      623.00       1.66K  ! unbalanced I/O
     spn1vmwhstp6004       1.12K       2.49K  ! unbalanced I/O
     spn1vmwhstp6005       1.12K       7.92K  ! unbalanced I/O
     spn1vmwhstp6006       1.11K       2.90K  ! unbalanced I/O
     spn1vmwhstp6007        0.00        0.00  ? Host is idle
     spn1vmwhstp6009       41.00       30.00  
     spn1vmwhstp6011      870.00       3.92K  ! unbalanced I/O
     spn1vmwhstp6018      500.00       1.59K  ! unbalanced I/O
     spn1vmwhstp6023      486.00       1.90K  ! unbalanced I/O
     spn1vmwhstp6024        0.00        0.00  ? Host is idle
     spn1vmwhstp6027      549.00       6.06K  ! unbalanced I/O
     spn1vmwhstp6028       2.27K       1.68K  
     spn1vmwhstp6031      911.00       2.05K  ! unbalanced I/O
     spn1vmwhstp6033        0.00        0.00  ? Host is idle
     spn1vmwhstp6034        0.00        0.00  ? Host is idle
     spn1vmwhstp6035        0.00        0.00  ? Host is idle
     spn1vmwhstp6036        0.00        0.00  ? Host is idle
     spn1vmwhstp6101       3.19K       2.30K  
     spn1vmwhstp6102      594.00      488.00  
     spn1vmwhstp6103       6.46K       5.43K  
     spn1vmwhstp6104       2.10K       2.43K  
     spn1vmwhstp6105       1.81K       2.30K  
     spn1vmwhstp6106       1.99K       1.64K  
     spn1vmwhstp6107       1.93K       1.80K  
     spn1vmwhstp6108       2.59K       2.44K  
     spn1vmwhstp6109      10.27K      13.40K  
     spn1vmwhstp6110      567.00       1.21K  ! unbalanced I/O
     spn1vmwhstp6111      298.00      234.00  
     spn1vmwhstp6112       2.25K       2.48K  
     spn1vmwhstp6113       1.64K       2.18K  
     spn1vmwhstp6114      10.51K      13.89K  
     spn1vmwhstp6115       2.09K       2.80K  
     spn1vmwhstp6116       5.66K       6.44K  
     spn1vmwhstp6117       2.05K       2.17K  
     spn1vmwhstp6118      509.00       1.29K  ! unbalanced I/O
     root@apn1purstgp0102-ct0:/var/home/pureeng# fcpureportlist=`pureport list --initiator | awk '/Target/,0' | cut -d. -f1 | awk '{print $1,$5}' | grep -v '-' | grep -v "Initiator" | uniq -c; echo`; fcpureportlistcount=`echo "$fcpureportlist" | awk '{total += $1} END {print total}'`; echo -e "$fcpureportlist\n\n"; echo -e "\tTotal FC connections: $fcpureportlistcount\n\n";
      1 10:00:D0:67:26:06:02:C1 CT0
      1 10:00:D0:67:26:06:02:C1 CT1
      1 10:00:D0:67:26:06:02:C9 CT0
      1 10:00:D0:67:26:06:02:C9 CT1
      1 10:00:D0:67:26:06:12:A1 CT0
      1 10:00:D0:67:26:06:12:A1 CT1
      1 10:00:D0:67:26:06:12:A9 CT0
      1 10:00:D0:67:26:06:12:A9 CT1
      1 10:00:D0:67:26:06:1C:61 CT0
      1 10:00:D0:67:26:06:1C:61 CT1
      1 10:00:D0:67:26:06:1C:69 CT0
      1 10:00:D0:67:26:06:1C:69 CT1
      1 10:00:D0:67:26:06:2B:41 CT0
      1 10:00:D0:67:26:06:2B:41 CT1
      1 10:00:D0:67:26:06:2B:49 CT0
      1 10:00:D0:67:26:06:2B:49 CT1
      1 10:00:D0:67:26:06:2B:61 CT0
      1 10:00:D0:67:26:06:2B:61 CT1
      1 10:00:D0:67:26:06:2B:69 CT0
      1 10:00:D0:67:26:06:2B:69 CT1
      1 10:00:D0:67:26:06:2B:D1 CT0
      1 10:00:D0:67:26:06:2B:D1 CT1
      1 10:00:D0:67:26:06:2B:D9 CT0
      1 10:00:D0:67:26:06:2B:D9 CT1
      1 10:00:D0:67:26:06:4B:F1 CT0
      1 10:00:D0:67:26:06:4B:F1 CT1
      1 10:00:D0:67:26:06:4B:F9 CT0
      1 10:00:D0:67:26:06:4B:F9 CT1
      1 10:00:D0:67:26:06:5B:11 CT0
      1 10:00:D0:67:26:06:5B:11 CT1
      1 10:00:D0:67:26:06:5B:19 CT0
      1 10:00:D0:67:26:06:5B:19 CT1
      1 10:00:D0:67:26:06:5B:81 CT0
      1 10:00:D0:67:26:06:5B:81 CT1
      1 10:00:D0:67:26:06:5B:89 CT0
      1 10:00:D0:67:26:06:5B:89 CT1
      1 10:00:D0:67:26:06:8A:51 CT0
      1 10:00:D0:67:26:06:8A:51 CT1
      1 10:00:D0:67:26:06:8A:59 CT0
      1 10:00:D0:67:26:06:8A:59 CT1
      1 10:00:D0:67:26:06:8A:81 CT0
      1 10:00:D0:67:26:06:8A:81 CT1
      1 10:00:D0:67:26:06:8A:89 CT0
      1 10:00:D0:67:26:06:8A:89 CT1
      1 10:00:D0:67:26:06:DF:61 CT0
      1 10:00:D0:67:26:06:DF:61 CT1
      1 10:00:D0:67:26:06:DF:69 CT0
      1 10:00:D0:67:26:06:DF:69 CT1
      1 10:00:D0:67:26:06:EF:C1 CT0
      1 10:00:D0:67:26:06:EF:C1 CT1
      1 10:00:D0:67:26:06:EF:C9 CT0
      1 10:00:D0:67:26:06:EF:C9 CT1
      1 10:00:D0:67:26:06:FB:31 CT0
      1 10:00:D0:67:26:06:FB:31 CT1
      1 10:00:D0:67:26:06:FB:39 CT0
      1 10:00:D0:67:26:06:FB:39 CT1
      1 10:00:D0:67:26:06:FB:C1 CT0
      1 10:00:D0:67:26:06:FB:C1 CT1
      1 10:00:D0:67:26:06:FB:C9 CT0
      1 10:00:D0:67:26:06:FB:C9 CT1
      1 10:00:D0:67:26:06:FB:D1 CT0
      1 10:00:D0:67:26:06:FB:D1 CT1
      1 10:00:D0:67:26:06:FB:D9 CT0
      1 10:00:D0:67:26:06:FB:D9 CT1
      1 10:00:DE:A0:3F:E0:00:20 CT0
      1 10:00:DE:A0:3F:E0:00:20 CT1
      1 10:00:DE:A0:3F:E0:00:22 CT0
      1 10:00:DE:A0:3F:E0:00:22 CT1
      1 10:00:DE:A0:3F:E0:00:28 CT0
      1 10:00:DE:A0:3F:E0:00:28 CT1
      1 10:00:DE:A0:3F:E0:00:2A CT0
      1 10:00:DE:A0:3F:E0:00:2A CT1
      1 10:00:DE:A0:3F:E0:00:2C CT0
      1 10:00:DE:A0:3F:E0:00:2C CT1
      1 10:00:DE:A0:3F:E0:00:2E CT0
      1 10:00:DE:A0:3F:E0:00:2E CT1
      1 10:00:DE:A0:3F:E0:00:30 CT0
      1 10:00:DE:A0:3F:E0:00:30 CT1
      1 10:00:DE:A0:3F:E0:00:32 CT0
      1 10:00:DE:A0:3F:E0:00:32 CT1
      1 10:00:DE:A0:3F:E0:00:44 CT0
      1 10:00:DE:A0:3F:E0:00:44 CT1
      1 10:00:DE:A0:3F:E0:00:46 CT0
      1 10:00:DE:A0:3F:E0:00:46 CT1
      1 10:00:DE:A0:3F:E0:00:4C CT0
      1 10:00:DE:A0:3F:E0:00:4C CT1
      1 10:00:DE:A0:3F:E0:00:4E CT0
      1 10:00:DE:A0:3F:E0:00:4E CT1
      1 10:00:DE:A0:3F:E0:00:50 CT0
      1 10:00:DE:A0:3F:E0:00:50 CT1
      1 10:00:DE:A0:3F:E0:00:52 CT0
      1 10:00:DE:A0:3F:E0:00:52 CT1
      1 10:00:DE:A0:3F:E0:00:5C CT0
      1 10:00:DE:A0:3F:E0:00:5C CT1
      1 10:00:DE:A0:3F:E0:00:5E CT0
      1 10:00:DE:A0:3F:E0:00:5E CT1
      1 10:00:DE:A0:3F:E0:00:64 CT0
      1 10:00:DE:A0:3F:E0:00:64 CT1
      1 10:00:DE:A0:3F:E0:00:66 CT0
      1 10:00:DE:A0:3F:E0:00:66 CT1
      1 10:00:DE:A0:3F:E0:00:6C CT0
      1 10:00:DE:A0:3F:E0:00:6C CT1
      1 10:00:DE:A0:3F:E0:00:6E CT0
      1 10:00:DE:A0:3F:E0:00:6E CT1
      1 10:00:DE:A0:3F:E0:00:78 CT0
      1 10:00:DE:A0:3F:E0:00:78 CT1
      1 10:00:DE:A0:3F:E0:00:7A CT0
      1 10:00:DE:A0:3F:E0:00:7A CT1
      1 10:00:DE:A0:3F:E0:00:A8 CT0
      1 10:00:DE:A0:3F:E0:00:A8 CT1
      1 10:00:DE:A0:3F:E0:00:AA CT0
      1 10:00:DE:A0:3F:E0:00:AA CT1
      1 10:00:DE:A0:3F:E0:00:C0 CT0
      1 10:00:DE:A0:3F:E0:00:C0 CT1
      1 10:00:DE:A0:3F:E0:00:C2 CT0
      1 10:00:DE:A0:3F:E0:00:C2 CT1
      1 10:00:DE:A0:3F:E0:00:C4 CT0
      1 10:00:DE:A0:3F:E0:00:C4 CT1
      1 10:00:DE:A0:3F:E0:00:C6 CT0
      1 10:00:DE:A0:3F:E0:00:C6 CT1
      1 10:00:DE:A0:3F:E0:00:C8 CT0
      1 10:00:DE:A0:3F:E0:00:C8 CT1
      1 10:00:DE:A0:3F:E0:00:CA CT0
      1 10:00:DE:A0:3F:E0:00:CA CT1
      1 10:00:DE:A0:3F:E0:00:DC CT0
      1 10:00:DE:A0:3F:E0:00:DC CT1
      1 10:00:DE:A0:3F:E0:00:DE CT0
      1 10:00:DE:A0:3F:E0:00:DE CT1
      1 10:00:DE:A0:3F:E0:01:00 CT0
      1 10:00:DE:A0:3F:E0:01:00 CT1
      1 10:00:DE:A0:3F:E0:01:02 CT0
      1 10:00:DE:A0:3F:E0:01:02 CT1
      1 10:00:DE:A0:3F:E0:01:04 CT0
      1 10:00:DE:A0:3F:E0:01:04 CT1
      1 10:00:DE:A0:3F:E0:01:06 CT0
      1 10:00:DE:A0:3F:E0:01:06 CT1
      1 10:00:EC:EB:B8:81:20:91 CT0
      1 10:00:EC:EB:B8:81:20:91 CT1
      1 10:00:EC:EB:B8:81:20:99 CT0
      1 10:00:EC:EB:B8:81:20:99 CT1
      1 10:00:EC:EB:B8:81:30:71 CT0
      1 10:00:EC:EB:B8:81:30:71 CT1
      1 10:00:EC:EB:B8:81:30:79 CT0
      1 10:00:EC:EB:B8:81:30:79 CT1
      1 10:00:EC:EB:B8:81:32:F1 CT0
      1 10:00:EC:EB:B8:81:32:F1 CT1
      1 10:00:EC:EB:B8:81:32:F9 CT0
      1 10:00:EC:EB:B8:81:32:F9 CT1
      1 10:00:EC:EB:B8:81:40:81 CT0
      1 10:00:EC:EB:B8:81:40:81 CT1
      1 10:00:EC:EB:B8:81:40:89 CT0
      1 10:00:EC:EB:B8:81:40:89 CT1
      1 10:00:EC:EB:B8:81:42:01 CT0
      1 10:00:EC:EB:B8:81:42:01 CT1
      1 10:00:EC:EB:B8:81:42:09 CT0
      1 10:00:EC:EB:B8:81:42:09 CT1
      1 10:00:EC:EB:B8:81:50:A1 CT0
      1 10:00:EC:EB:B8:81:50:A1 CT1
      1 10:00:EC:EB:B8:81:50:A9 CT0
      1 10:00:EC:EB:B8:81:50:A9 CT1
      1 10:00:EC:EB:B8:81:60:01 CT0
      1 10:00:EC:EB:B8:81:60:01 CT1
      1 10:00:EC:EB:B8:81:60:09 CT0
      1 10:00:EC:EB:B8:81:60:09 CT1
      1 10:00:EC:EB:B8:81:70:41 CT0
      1 10:00:EC:EB:B8:81:70:41 CT1
      1 10:00:EC:EB:B8:81:70:49 CT0
      1 10:00:EC:EB:B8:81:70:49 CT1
      1 10:00:EC:EB:B8:81:70:A1 CT0
      1 10:00:EC:EB:B8:81:70:A1 CT1
      1 10:00:EC:EB:B8:81:70:A9 CT0
      1 10:00:EC:EB:B8:81:70:A9 CT1
      1 51:40:2E:C0:01:82:3C:B0 CT0
      1 51:40:2E:C0:01:82:3C:B0 CT1
      1 51:40:2E:C0:01:82:3C:B2 CT0
      1 51:40:2E:C0:01:82:3C:B2 CT1
      1 51:40:2E:C0:01:82:40:B0 CT0
      1 51:40:2E:C0:01:82:40:B0 CT1
      1 51:40:2E:C0:01:82:40:B2 CT0
      1 51:40:2E:C0:01:82:40:B2 CT1
      1 51:40:2E:C0:01:82:43:E4 CT0
      1 51:40:2E:C0:01:82:43:E4 CT1
      1 51:40:2E:C0:01:82:43:E6 CT0
      1 51:40:2E:C0:01:82:43:E6 CT1
      1 51:40:2E:C0:01:C9:BE:88 CT0
      1 51:40:2E:C0:01:C9:BE:88 CT1
      1 51:40:2E:C0:01:C9:BE:8A CT0
      1 51:40:2E:C0:01:C9:BE:8A CT1
      1 51:40:2E:C0:01:C9:BE:94 CT0
      1 51:40:2E:C0:01:C9:BE:94 CT1
      1 51:40:2E:C0:01:C9:BE:96 CT0
      1 51:40:2E:C0:01:C9:BE:96 CT1
      1 51:40:2E:C0:11:08:90:00 CT0
      1 51:40:2E:C0:11:08:90:00 CT1
      1 51:40:2E:C0:11:08:90:02 CT0
      1 51:40:2E:C0:11:08:90:02 CT1
      1 51:40:2E:C0:11:08:90:E4 CT0
      1 51:40:2E:C0:11:08:90:E4 CT1
      1 51:40:2E:C0:11:08:90:E6 CT0
      1 51:40:2E:C0:11:08:90:E6 CT1
      1 51:40:2E:C0:11:08:9B:60 CT0
      1 51:40:2E:C0:11:08:9B:60 CT1
      1 51:40:2E:C0:11:08:9B:62 CT0
      1 51:40:2E:C0:11:08:9B:62 CT1


Total FC connections: 204


     root@apn1purstgp0102-ct0:/var/home/pureeng# purenetwork eth list
Name      Enabled  Type      Subnet  Address       Mask           Gateway      MTU   MAC                Speed       Services     Subinterfaces
ct0.eth0  True     physical  -       10.100.44.21  255.255.254.0  10.100.44.1  1500  24:a9:37:0f:0e:9c  1.00 Gb/s   management   -
ct0.eth1  False    physical  -       -             -              -            1500  24:a9:37:0f:0e:9d  1.00 Gb/s   management   -
ct0.eth4  False    physical  -       -             -              -            1500  24:a9:37:0f:0e:a1  25.00 Gb/s  iscsi        -
ct0.eth5  False    physical  -       -             -              -            1500  24:a9:37:0f:0e:a0  25.00 Gb/s  iscsi        -
ct0.eth6  False    physical  -       -             -              -            4200  24:a9:37:0e:5a:27  50.00 Gb/s  -            -
ct0.eth7  False    physical  -       -             -              -            4200  24:a9:37:0e:5a:26  50.00 Gb/s  -            -
ct0.eth8  False    physical  -       -             -              -            4200  24:a9:37:0e:5a:29  50.00 Gb/s  -            -
ct0.eth9  False    physical  -       -             -              -            4200  24:a9:37:0e:5a:28  50.00 Gb/s  -            -
ct1.eth0  True     physical  -       10.100.44.22  255.255.254.0  10.100.44.1  1500  24:a9:37:0f:0c:c8  1.00 Gb/s   management   -
ct1.eth1  False    physical  -       -             -              -            1500  24:a9:37:0f:0c:c9  1.00 Gb/s   management   -
ct1.eth4  False    physical  -       -             -              -            1500  24:a9:37:0f:0c:cd  25.00 Gb/s  iscsi        -
ct1.eth5  False    physical  -       -             -              -            1500  24:a9:37:0f:0c:cc  25.00 Gb/s  iscsi        -
ct1.eth6  False    physical  -       -             -              -            4200  24:a9:37:0e:59:1f  50.00 Gb/s  -            -
ct1.eth7  False    physical  -       -             -              -            4200  24:a9:37:0e:59:1e  50.00 Gb/s  -            -
ct1.eth8  False    physical  -       -             -              -            4200  24:a9:37:0e:59:21  50.00 Gb/s  -            -
ct1.eth9  False    physical  -       -             -              -            4200  24:a9:37:0e:59:20  50.00 Gb/s  -            -
replbond  True     bond      -       10.100.40.40  255.255.255.0  10.100.40.1  9000  da:05:4e:3b:9b:ba  25.00 Gb/s  replication  ct1.eth2
                                                                                                                                 ct0.eth2
                                                                                                                                 ct1.eth3
                                                                                                                                 ct0.eth3
vir0      True     vif       -       10.100.44.20  255.255.254.0  10.100.44.1  1500  12:97:fd:47:30:69  1.00 Gb/s   management   -
vir1      False    vif       -       -             -              -            1500  b2:b6:98:1e:ec:52  1.00 Gb/s   management   -
     root@apn1purstgp0102-ct0:/var/home/pureeng# purenteetwork fc list
Name     Enabled  WWN                      Speed       Services
CT0.FC0  True     52:4A:93:7A:23:DC:CB:00  16.00 Gb/s  scsi-fc
CT0.FC1  True     52:4A:93:7A:23:DC:CB:01  16.00 Gb/s  scsi-fc
CT0.FC2  True     52:4A:93:7A:23:DC:CB:02  16.00 Gb/s  scsi-fc
CT0.FC3  True     52:4A:93:7A:23:DC:CB:03  16.00 Gb/s  scsi-fc
CT1.FC0  True     52:4A:93:7A:23:DC:CB:10  16.00 Gb/s  scsi-fc
CT1.FC1  True     52:4A:93:7A:23:DC:CB:11  16.00 Gb/s  scsi-fc
CT1.FC2  True     52:4A:93:7A:23:DC:CB:12  16.00 Gb/s  scsi-fc
CT1.FC3  True     52:4A:93:7A:23:DC:CB:13  16.00 Gb/s  scsi-fc
     root@apn1purstgp0102-ct0:/var/home/pureeng# purenetwork list
Name      Enabled  Speed       Services
CT0.FC0   True     16.00 Gb/s  scsi-fc
CT0.FC1   True     16.00 Gb/s  scsi-fc
CT0.FC2   True     16.00 Gb/s  scsi-fc
CT0.FC3   True     16.00 Gb/s  scsi-fc
CT1.FC0   True     16.00 Gb/s  scsi-fc
CT1.FC1   True     16.00 Gb/s  scsi-fc
CT1.FC2   True     16.00 Gb/s  scsi-fc
CT1.FC3   True     16.00 Gb/s  scsi-fc
ct0.eth0  True     1.00 Gb/s   management
ct0.eth1  False    1.00 Gb/s   management
ct0.eth4  False    25.00 Gb/s  iscsi
ct0.eth5  False    25.00 Gb/s  iscsi
ct0.eth6  False    50.00 Gb/s  -
ct0.eth7  False    50.00 Gb/s  -
ct0.eth8  False    50.00 Gb/s  -
ct0.eth9  False    50.00 Gb/s  -
ct1.eth0  True     1.00 Gb/s   management
ct1.eth1  False    1.00 Gb/s   management
ct1.eth4  False    25.00 Gb/s  iscsi
ct1.eth5  False    25.00 Gb/s  iscsi
ct1.eth6  False    50.00 Gb/s  -
ct1.eth7  False    50.00 Gb/s  -
ct1.eth8  False    50.00 Gb/s  -
ct1.eth9  False    50.00 Gb/s  -
replbond  True     25.00 Gb/s  replication
vir0      True     1.00 Gb/s   management
vir1      False    1.00 Gb/s   management
     root@apn1purstgp0102-ct0:/var/home/pureeng# iobapuremessage list --open
     root@apn1purstgp0102-ct0:/var/home/pureeng# puremessage list --open --hidde n
     root@apn1purstgp0102-ct0:/var/home/pureeng# puredrb list rdrives
Name       Subslot  Type   Protocol  Status   Capacity  Pinned Space  Degraded  Device Id                                  Boot Aus Used  Main Aus Used
CH0.DRV0   0        SSD    NVMe      healthy  3.90T     0.00          0.00      3572625933908329727:12677459164513751153   11/115         57794/121033
CH0.DRV1   0        SSD    NVMe      healthy  3.90T     0.00          0.00      6369013234257841518:12913479664321493576   8/115          57953/121633
CH0.DRV2   0        SSD    NVMe      healthy  3.90T     0.00          0.00      16523545657764498331:11868384953924341450  5/115          58046/121885
CH0.DRV3   0        SSD    NVMe      healthy  3.90T     0.00          0.00      13483706018658471032:13690167520942491194  8/115          58078/121500
CH0.DRV4   0        SSD    NVMe      healthy  3.90T     0.00          0.00      16700375714646674709:13430983643732026876  7/115          57903/120619
CH0.DRV5   0        SSD    NVMe      healthy  3.90T     0.00          0.00      15364406508660671601:12503127298397430908  4/115          58023/121291
CH0.DRV6   0        SSD    NVMe      healthy  3.90T     0.00          0.00      34253520685386116:9895223690044379430      6/115          58050/121389
CH0.DRV7   0        SSD    NVMe      healthy  3.90T     0.00          0.00      15641943803251739785:11178070480403554046  6/115          58138/121949
CH0.DRV8   0        SSD    NVMe      healthy  3.90T     0.00          0.00      12450760874650586437:12214901903842099267  7/115          57935/121105
CH0.DRV9   0        SSD    NVMe      healthy  3.90T     0.00          0.00      2473664226080345931:12720862411922037913   4/115          58003/121451
CH0.DRV10  0        SSD    NVMe      healthy  3.90T     0.00          0.00      9371779966785833483:9539530697625707943    3/115          58000/121935
CH0.DRV11  0        SSD    NVMe      healthy  3.90T     0.00          0.00      5298161015813849743:10406253317064972833   4/115          57949/121947
CH0.DRV12  0        SSD    NVMe      healthy  3.90T     0.00          0.00      16142985125261887503:11388376488266112981  4/115          57856/121179
CH0.DRV13  0        SSD    NVMe      healthy  3.90T     0.00          0.00      11174910018583937394:11506201622990013412  7/115          57861/121864
CH0.DRV14  0        SSD    NVMe      healthy  3.90T     0.00          0.00      3054990104512646237:10612321417363109926   6/115          58065/121703
CH0.DRV15  0        SSD    NVMe      healthy  3.90T     0.00          0.00      2476536826291441459:11653993316322892242   6/115          57652/121476
CH0.DRV16  0        SSD    NVMe      healthy  3.90T     0.00          0.00      17512276062147465005:10391216317076687575  6/115          57915/120799
CH0.DRV17  0        SSD    NVMe      healthy  3.90T     0.00          0.00      2981344419438674333:12764882940206496465   8/115          57795/120990
CH0.DRV18  0        SSD    NVMe      healthy  3.90T     0.00          0.00      9690608850376936452:13263629456005930173   6/115          58062/121651
CH0.DRV19  0        SSD    NVMe      healthy  3.90T     0.00          0.00      10248093963566993099:11247802737021920325  6/115          57982/121035
CH0.NVR0   0        NVRAM  NVMe      healthy  7.00G     -             0.00      5453078187845961850:12438210388547263447   -              -
CH0.NVR1   0        NVRAM  NVMe      healthy  7.00G     -             0.00      15157099726806008833:13132641307484479611  -              -
     root@apn1purstgp0102-ct0:/var/home/pureeng# pureadm status
Process status:
purity start/running
lio-drv start/running
foed start/running, process 15111
platform start/running, process 15053
gui start/running, process 15033
rest start/running, process 21389
monitor start/running, process 15045
iostat start/running, process 177007
statistics start/running, process 15077
middleware start/running, process 17368
vasa start/running, process 17324
platform working
foed working
gui working
platform_env working
quorum working
foed_env working
foed_ready working
remote_patch working
driver working
san working
health working
lio-drv working
middleware-db working
middleware working
vasa working
     root@apn1purstgp0102-ct0:/var/home/pureeng# sudo shssh peer
Last login: Tue Nov 26 18:52:00 2024 from fe80::26a9:37ff:fe0f:e9b%haeth0
purea
Wed Jul 23 21:00:12 2025
Welcome root. This is Purity Version 6.5.8 on FlashArray apn1purstgp0102
http://www.purestorage.com/
d     root@apn1purstgp0102-ct1:~# pureadpureadm status
Process status:
purity start/running
lio-drv start/running
foed start/running, process 14606
platform start/running, process 14558
gui start/running, process 14537
rest start/running, process 20445
monitor start/running, process 14549
iostat start/running, process 158822
statistics start/running, process 14578
middleware start/running, process 16945
vasa start/running, process 16873
platform working
foed working
gui working
platform_env working
quorum working
foed_env working
foed_ready working
remote_patch working
driver working
san working
health working
lio-drv working
middleware-db working
middleware working
vasa working
     root@apn1purstgp0102-ct1:~# exit
logout
     root@apn1purstgp0102-ct0:/var/home/pureeng# purealert tag --timeout 300m --maintenance
Name         Created                  Expires
maintenance  2025-07-23 21:01:01 EDT  2025-07-24 02:01:01 EDT
     root@apn1purstgp0102-ct0:/var/home/pureeng# purehw list --type pwr
Name      Status  Identify  Slot  Index  Speed  Temperature  Voltage  Details
CH0.PWR0  ok      -         -     0      -      -            206 V    -
CH0.PWR1  ok      -         -     1      -      -            207 V    -
     root@apn1purstgp0102-ct0:/var/home/pureeng# puremessage list ---open
usage: puremessage [-h]
                   {advance,check,clear,create,delete,flag,list,reset,setattr}
                   ...
puremessage: error: unrecognized arguments: ---open
     root@apn1purstgp0102-ct0:/var/home/pureeng# puremessage list --open
     root@apn1purstgp0102-ct0:/var/home/pureeng# purearray list --controller
Name  Type              Mode       Model     Version  Status  Internal Details
CT0   array_controller  secondary  FA-X50R3  6.5.8    ready   
CT1   array_controller  primary    FA-X50R3  6.5.8    ready   
     root@apn1purstgp0102-ct0:/var/home/pureeng# cat /etc/timezone
America/New_York     root@apn1purstgp0102-ct0:/var/home/pureeng# purepureboot lsit
usage: pureboot [-h] [--version]
                {setenv,listenv,update,list,reboot,poweroff,setboot} ...
pureboot: error: argument {setenv,listenv,update,list,reboot,poweroff,setboot}: invalid choice: 'lsit' (choose from 'setenv', 'listenv', 'update', 'list', 'reboot', 'poweroff', 'setboot')
     root@apn1purstgp0102-ct0:/var/home/pureeng# pureboot list

Marked entry (*) is currently running
Marked entry (-->) will run at next reboot
*-->0. Purity 6.5.8 (202408090136+b967c2f84655) with kernel 5.15.123+ (202407140227+e4052619b975) on second (/dev/sda4)
    1. Purity 6.3.18 (202407151619+f4cd4d328515) with kernel 5.4.114+ (202401081754+0278f61e8578) on first (/dev/sda3)
     root@apn1purstgp0102-ct0:/var/home/pureeng# puresetup show
##########################################
#   Welcome to the Purity Setup Wizard   #
##########################################
  Physical IP:             10.100.44.21
  Virtual IP:              10.100.44.20
  Netmask:                 255.255.254.0
  Gateway:                 10.100.44.1
  DNS Servers:             10.108.20.182,10.178.20.182
  DNS Domain:              corp.onfs.com
  NTP Servers:             10.108.20.182
  SMTP Relay Host:         smtpgw.corp.onfs.com
  SMTP Sender Domain:      constellationinsurance.com
  Alert Email Recipients:  david_bowman@ohionational.com,flasharray-alerts@purestorage.com,kyle@purestorage.com,ricky_comstock@ohionational.com,server-infra@ohionational.com
  HTTP proxy:              
  Physical IP:             10.100.44.22
  Netmask:                 255.255.254.0
  Gateway:                 10.100.44.1
CONFIG_TASK_COMPLETED:CONFIG_TASK_PURESETUP_EXITED
     root@apn1purstgp0102-ct0:/var/home/pureeng# puretune --list
Consistently set tunables:
PS_CACHED_GC_MIN_STALE_OBJECTS : 4096 ('')
PS_DISABLE_ERADICATION : 1 ('CS0842763')
Inconsistently or unnecessarily set tunables:
PURITY_START_ON_BOOT:
local pureadm             - 1 
peer pureadm              - 1 
local puredb              - <unset> 
peer puredb               - <unset> 
local puredb --platform   - <unset> 
peer puredb --platform    - <unset> 
local puredb --chastity   - <unset> 
peer puredb --chastity    - <unset> 
ATOM_5177:
local pureadm             - DEF  (CLOUD-113977)
peer pureadm              - DEF  (CLOUD-113977)
local puredb              - <unset> 
peer puredb               - <unset> 
local puredb --platform   - <unset> 
peer puredb --platform    - <unset> 
local puredb --chastity   - <unset> 
peer puredb --chastity    - <unset> 
ATOM_SECURITY_BUNDLE_FA_2024_01_15:
local pureadm             - PCTFL20220119,PCTFL20220127,6.1.25  (CLOUD-113977 set by cdu)
peer pureadm              - PCTFL20220119,PCTFL20220127,6.1.25  (CLOUD-113977 set by cdu)
local puredb              - <unset> 
peer puredb               - <unset> 
local puredb --platform   - <unset> 
peer puredb --platform    - <unset> 
local puredb --chastity   - <unset> 
peer puredb --chastity    - <unset> 
PS_FILEGW_SMB_HIDE_DOT_SNAPSHOT:
local pureadm             - 0  (Set during upgrade to 6.3.18 - CLOUD-75192)
peer pureadm              - 0  (Set during upgrade to 6.3.18 - CLOUD-75192)
local puredb              - <unset> 
peer puredb               - <unset> 
local puredb --platform   - <unset> 
peer puredb --platform    - <unset> 
local puredb --chastity   - <unset> 
peer puredb --chastity    - <unset> 
ATOM_10072:
local pureadm             - GH  (CLOUD-152371)
peer pureadm              - GH  (CLOUD-152371)
local puredb              - <unset> 
peer puredb               - <unset> 
local puredb --platform   - <unset> 
peer puredb --platform    - <unset> 
local puredb --chastity   - <unset> 
peer puredb --chastity    - <unset> 
ATOM_SECURITY_PATCH_FA_2025_A:
local pureadm             - PCTFL20220119,PCTFL20220127,6.5.8  (CLOUD-152371 set by atom-vats)
peer pureadm              - PCTFL20220119,PCTFL20220127,6.5.8  (CLOUD-152371 set by atom-vats)
local puredb              - <unset> 
peer puredb               - <unset> 
local puredb --platform   - <unset> 
peer puredb --platform    - <unset> 
local puredb --chastity   - <unset> 
peer puredb --chastity    - <unset> 
     root@apn1purstgp0102-ct0:/var/home/pureeng# purealert list --tag
Name         Created                  Expires
maintenance  2025-07-23 21:01:01 EDT  2025-07-24 02:01:01 EDT
     root@apn1purstgp0102-ct0:/var/home/pureeng# pur3earray list --controller
Name  Type              Mode       Model     Version  Status  Internal Details
CT0   array_controller  secondary  FA-X50R3  6.5.8    ready   
CT1   array_controller  primary    FA-X50R3  6.5.8    ready   
     root@apn1purstgp0102-ct0:/var/home/pureeng# =~=~=~=~=~=~=~=~=~=~=~= PuTTY log 2025.07.23 21:12:50 =~=~=~=~=~=~=~=~=~=~=~=
 GNU GRUB  version 2.06

/----------------------------------------------------------------------------\||||||||||||||||||||||||||\----------------------------------------------------------------------------/     Use the ^ and v keys to select which entry is highlighted.          
      Press enter to boot the selected OS, `e' to edit the commands       
      before booting or `c' for a command-line.                             Purity 6.5.5 (202404130351+34e2b1e66ad3) with kernel 5.15.123+ (2024031915>
*Purity 6.5.5 (202404130351+34e2b1e66ad3) with kernel 5.15.123+ (2024031915>
                                                                                                                                                                                                                                                                                                                                                                                                                                                                                                                                                                                                                                                                                                                                                                                                                                                                        The highlighted entry will be executed automatically in 3s.                    The highlighted entry will be executed automatically in 2s.                    The highlighted entry will be executed automatically in 1s.                    The highlighted entry will be executed automatically in 0s.                 
Purity

PCTFJ251200AE login: puresetup
Password: 
<fw_update_tool>
===================================================================
=                            NOTICE                               =
===================================================================
=                                                                 =
=    Firmware is currently being checked and/or updated           =
=    on this controller.                                          =
=                                                                 =
=    If updates are necessary they will be applied automatically, =
=    and one or more automatic reboots may occur as a result.     =
=    A completion notice will be provided when done.              =
=                                                                 =
=    DO NOT RESTART OR REMOVE POWER WHILE UPDATE IS IN PROGRESS   =
=                                                                 =
===================================================================
<fw_update_tool>

Wed Jul 23 18:11:48 2025
Welcome puresetup. This is Purity Version 6.5.5 on FlashArray PCTFJ251200AE
http://www.purestorage.com/
puresetup@PCTFJ251200AE:~$ ls mount /dev/sdb1 /mnt
puresetup@PCTFJ251200AE:~$ cp /mnt/6.5.8/* .
puresetup@PCTFJ251200AE:~$ pureboot list
===================================================================
=                            NOTICE                               =
===================================================================
=                                                                 =
=    Firmware is currently being checked and/or updated           =
=    on this controller.                                          =
=                                                                 =
=    If updates are necessary they will be applied automatically, =
=    and one or more automatic reboots may occur as a result.     =
=    A completion notice will be provided when done.              =
=                                                                 =
=    DO NOT RESTART OR REMOVE POWER WHILE UPDATE IS IN PROGRESS   =
=                                                                 =
===================================================================


Marked entry (*) is currently running
Marked entry (-->) will run at next reboot
    0. Purity 6.5.5 (202404130351+34e2b1e66ad3) with kernel 5.15.123+ (202403191505+d9f0e688c788) on second (/dev/sda4)
*-->1. Purity 6.5.5 (202404130351+34e2b1e66ad3) with kernel 5.15.123+ (202403191505+d9f0e688c788) on first (/dev/sda3)
puresetup@PCTFJ251200AE:~$                                                                                
Broadcast message from root@PCTFJ251200AE (somewhere) (Wed Jul 23 18:13:37 2025
                                                                               
===================================================================            
=                   UPDATE AND/OR CHECK COMPLETE                  =            
=                                                                 =            
=    The firmware checks/updates on this system are now complete. =            
=    No further action is required, and the controller will       =            
=    continue running as usual                                    =            
=                                                                 =            
===================================================================            
                                                                               
                                                                               

puresetup@PCTFJ251200AE:~$ pureinstall purity_6.5.8_202408090136+b967c2f84655.ppkg
Installing Purity on alternate partition labeled second.
Erasing Purity software image from alternate partition second to prepare for installation.
WARNING: Do not interrupt this process!!
Unpacking new Purity software.
................................................................................................................................................................................................................................................................................................................................................................................................................................................................................................................................................................................................................................................................................................................................................................................................................................................................................................................................................................................................................................................................................................................................................................................................................................................................................................
Verifying package...

Finalizing installation. This may take several minutes.
Executing /altroot/opt/purextras/bin/finish-install.sh
Executing /altroot/opt/purextras/bin/finish-install.azure-propagate.sh
Executing /altroot/opt/purextras/bin/finish-install.cbs.sh
Executing /altroot/opt/purextras/bin/finish-install.cdu-pureinstall-lib.sh
Executing /altroot/opt/purextras/bin/finish-install.fix-dpkg.sh
Purity installed.
Installation complete. The new Purity version will load at next reboot.

Important!
The first boot of a new Purity version may take longer if the new version includes controller firmware updates.
DO NOT REBOOT THE CONTROLLER DURING THE FIRMWARE UPDATE.

Refer to http://community.purestorage.com for more information about the Purity upgrade process and firmware updates.
puresetup@PCTFJ251200AE:~$ pureboot reboot --offline
[Errno 111] Connection refused
=~=~=~=~=~=~=~=~=~=~=~= PuTTY log 2025.07.23 21:19:47 =~=~=~=~=~=~=~=~=~=~=~=

pureeng@APN1PURSTGP0101-ct1:~$ purearray list --space
Name             Capacity  Parity  Provisioned Size  Virtual  Thin Provisioning  Data Reduction  Total Reduction  Unique  Snapshots  Shared  System  Replication  Total
APN1PURSTGP0101  114.14T   85%     357752G           148.99T  57%                2.5 to 1        7.7 to 1         47.77T  14.71T     8.06T   0.00    0.00         70.55T
pureeng@APN1PURSTGP0101-ct1:~$ puredb list drives
Name       Subslot  Type   Protocol  Status   Capacity  Pinned Space  Degraded  Device Id                                  Boot Aus Used  Main Aus Used
(unknown)  0        SSD              failed   1.74T     0.00          1.13T     533388834292189580:12523985344566059512    1/218          148079/228632
(unknown)  0        SSD              failed   1.74T     0.00          1.13T     5278320420875291547:11590548212261771517   1/218          148901/228632
(unknown)  0        SSD              failed   1.74T     0.00          1.14T     7870053929362015265:11045163051494229766   1/218          149788/228632
(unknown)  0        SSD              failed   1.74T     0.00          1.15T     6609644053325955928:9940751303597767333    1/218          150943/228632
CH0.DRV0   1        SSD    SAS       healthy  476.45G   0.00          24.00M    10479954809636997221:11303447695088902160  3/51           46576/60920
CH0.DRV0   2        SSD    SAS       healthy  476.45G   0.00          0.00      9868822310282936464:11744790575579258602   1/51           46934/60920
CH0.DRV1   1        SSD    SAS       healthy  476.45G   0.00          16.00M    18103114817379977491:10778763720101872679  4/51           46611/60920
CH0.DRV1   2        SSD    SAS       healthy  476.45G   0.00          0.00      7118279482036666695:11747579657820882988   1/51           46895/60920
CH0.DRV2   1        SSD    SAS       healthy  476.45G   0.00          0.00      7956228413667033412:10892723327819515403   1/51           46081/60920
CH0.DRV2   2        SSD    SAS       healthy  476.45G   0.00          16.00M    13157268613488329303:9571205771797211490   4/51           45645/60920
CH0.DRV3   1        SSD    SAS       healthy  476.45G   0.00          24.00M    11226943443904250726:13638912651390930506  4/51           46571/60920
CH0.DRV3   2        SSD    SAS       healthy  476.45G   0.00          0.00      3828470870870412324:12037760788839626442   1/51           46827/60920
CH0.DRV4   1        SSD    SAS       healthy  476.45G   0.00          16.00M    10881165077684571879:12535577612202005626  4/51           46721/60920
CH0.DRV4   2        SSD    SAS       healthy  476.45G   0.00          0.00      6882593850123046588:12580994233252714778   1/51           46872/60920
CH0.DRV5   1        SSD    SAS       healthy  476.45G   0.00          0.00      5067728860684567643:11183355901542046153   1/51           46744/60920
CH0.DRV5   2        SSD    SAS       healthy  476.45G   0.00          24.00M    14053810971952103984:9416773770970649908   4/51           46666/60920
CH0.DRV6   1        SSD    SAS       healthy  476.45G   0.00          0.00      2989745926490312591:13780343231163584861   1/51           46828/60920
CH0.DRV6   2        SSD    SAS       healthy  476.45G   0.00          24.00M    277142992118565829:9462328084177851956     4/51           46764/60920
CH0.DRV7   1        SSD    SAS       healthy  476.45G   0.00          0.00      10131150332711160640:10757968482029540872  1/51           46947/60920
CH0.DRV7   2        SSD    SAS       healthy  476.45G   0.00          8.00M     9033959303363117090:12164750153042269206   5/51           46672/60920
CH0.DRV8   1        SSD    SAS       healthy  476.45G   0.00          0.00      8504035700918338668:11506823053977171997   1/51           46931/60920
CH0.DRV8   2        SSD    SAS       healthy  476.45G   0.00          16.00M    4322096303909193791:9603012573705227215    4/51           46696/60920
CH0.DRV9   1        SSD    SAS       healthy  476.45G   0.00          0.00      7925634567603571495:11588896344732010339   1/51           46941/60920
CH0.DRV9   2        SSD    SAS       healthy  476.45G   0.00          24.00M    6508882969484869929:10132603669063009052   2/51           46697/60920
CH0.DRV10  1        SSD    SAS       healthy  476.45G   0.00          8.00M     12376200736601032239:12530248469425627560  5/51           46742/60920
CH0.DRV10  2        SSD    SAS       healthy  476.45G   0.00          0.00      11196496411330758017:9273599629081776825   2/51           46632/60920
CH0.DRV11  1        SSD    SAS       healthy  476.45G   0.00          8.00M     18166826003985943149:9799162917012403663   4/51           46781/60920
CH0.DRV11  2        SSD    SAS       healthy  476.45G   0.00          0.00      14751613164605098518:13487045335603636138  2/51           46635/60920
CH0.DRV12  1        SSD    SAS       healthy  476.45G   0.00          8.00M     4381415178684810993:13202857364520457290   4/51           46746/60920
CH0.DRV12  2        SSD    SAS       healthy  476.45G   0.00          0.00      12373907835760428584:13784051144697599231  2/51           46607/60920
CH0.DRV13  1        SSD    SAS       healthy  476.45G   0.00          0.00      1257538428335900113:13676700206523351894   1/51           46563/60920
CH0.DRV13  2        SSD    SAS       healthy  476.45G   0.00          8.00M     8271965027869280412:11607751245208546998   3/51           46715/60920
CH0.DRV14  1        SSD    SAS       healthy  476.45G   0.00          0.00      4644930956613995220:10990969997952566508   2/51           46538/60920
CH0.DRV14  2        SSD    SAS       healthy  476.45G   0.00          0.00      6757566032320481736:11658665824142336952   5/51           46747/60920
CH0.DRV15  1        SSD    SAS       healthy  476.45G   0.00          8.00M     17844303282492099472:13373076042123504722  5/51           46777/60920
CH0.DRV15  2        SSD    SAS       healthy  476.45G   0.00          0.00      8345974262567356314:9235109441474899031    1/51           46695/60920
CH0.DRV16  1        SSD    SAS       healthy  476.45G   0.00          0.00      8214843448025500756:10862048857481715024   2/51           46621/60920
CH0.DRV16  2        SSD    SAS       healthy  476.45G   0.00          8.00M     16771906559234883620:10579644827563169215  6/51           46595/60920
CH0.DRV17  1        SSD    SAS       healthy  476.45G   0.00          8.00M     17122064822204910034:13644835691911295297  4/51           46807/60920
CH0.DRV17  2        SSD    SAS       healthy  476.45G   0.00          0.00      1071299431517802248:11145041430546604368   1/51           46572/60920
CH0.DRV18  1        SSD    SAS       healthy  476.45G   0.00          8.00M     9378378685604908698:9754315785181006014    6/51           46781/60920
CH0.DRV18  2        SSD    SAS       healthy  476.45G   0.00          0.00      14331830088086340576:10741251859989732285  2/51           46483/60920
CH0.DRV19  1        SSD    SAS       healthy  476.45G   0.00          0.00      15818335377758374319:12596004009729697688  1/51           46629/60920
CH0.DRV19  2        SSD    SAS       healthy  476.45G   0.00          0.00      2459164728862787526:11731279316651946639   4/51           46726/60920
CH0.NVR0   0        NVRAM  NVMe      healthy  7.00G     -             0.00      11150655147506617605:10464475301457495750  -              -
CH0.NVR1   0        NVRAM  NVMe      healthy  7.00G     -             0.00      5018146301964536312:9592671682973351333    -              -
SH0.DRV0   1        SSD    SAS       healthy  446.67G   0.00          8.00M     14807702745257037258:10931797080742547008  4/47           43843/57108
SH0.DRV0   2        SSD    SAS       healthy  446.67G   0.00          0.00      3898748130720498521:11848305756491526204   1/47           43676/57108
SH0.DRV1   1        SSD    SAS       healthy  446.67G   0.00          8.00M     9523972036544054098:9356044292152072360    5/47           43784/57108
SH0.DRV1   2        SSD    SAS       healthy  446.67G   0.00          0.00      12352484890592429042:11058589660988098590  3/47           43582/57108
SH0.DRV2   1        SSD    SAS       healthy  446.67G   0.00          8.00M     1263915586994520813:10870362293275343579   4/47           43717/57108
SH0.DRV2   2        SSD    SAS       healthy  446.67G   0.00          0.00      5941515783508412751:10557936755158903275   5/47           43695/57108
SH0.DRV3   1        SSD    SAS       healthy  446.67G   0.00          0.00      15769550320408153292:10033427251490065792  3/47           43721/57108
SH0.DRV3   2        SSD    SAS       healthy  446.67G   0.00          8.00M     9946175960494654319:10521745597241805556   4/47           43827/57108
SH0.DRV4   1        SSD    SAS       healthy  446.67G   0.00          8.00M     1154633512396211166:13051720968304645111   3/47           43747/57108
SH0.DRV4   2        SSD    SAS       healthy  446.67G   0.00          0.00      7600497092574331058:13467000135737618120   3/47           43533/57108
SH0.DRV5   1        SSD    SAS       healthy  446.67G   0.00          0.00      4751984882407001998:12293237099515768749   7/47           43780/57108
SH0.DRV5   2        SSD    SAS       healthy  446.67G   0.00          0.00      8310542182620479794:13831968601059469196   2/47           43735/57108
SH0.DRV6   1        SSD    SAS       healthy  446.67G   0.00          8.00M     731193351536591639:13180117707647125290    7/47           43667/57108
SH0.DRV6   2        SSD    SAS       healthy  446.67G   0.00          0.00      14021293069506265805:9827151480710616705   4/47           43873/57108
SH0.DRV7   1        SSD    SAS       healthy  446.67G   0.00          0.00      12854263909099259416:9738446272046290521   5/47           43636/57108
SH0.DRV7   2        SSD    SAS       healthy  446.67G   0.00          0.00      17028235690852304427:13726676032746279431  5/47           43599/57108
SH0.DRV8   1        SSD    SAS       healthy  446.67G   0.00          8.00M     3642392020644154272:11370014760375170293   5/47           43786/57108
SH0.DRV8   2        SSD    SAS       healthy  446.67G   0.00          0.00      2087433548332287034:10485575784352360299   4/47           43750/57108
SH0.DRV9   1        SSD    SAS       healthy  446.67G   0.00          0.00      765090403995108920:12057978944268657061    1/47           43554/57108
SH0.DRV9   2        SSD    SAS       healthy  446.67G   0.00          8.00M     10201331986733288763:11847740098442537352  7/47           43761/57108
SH0.DRV10  1        SSD    SAS       healthy  446.67G   0.00          8.00M     2030914761871213537:11530852330504923790   7/47           43747/57108
SH0.DRV10  2        SSD    SAS       healthy  446.67G   0.00          0.00      381819852438063563:13667495905189958986    6/47           43700/57108
SH0.DRV11  1        SSD    SAS       healthy  446.67G   0.00          0.00      8274109897664840560:10260415721005589490   5/47           43669/57108
SH0.DRV11  2        SSD    SAS       healthy  446.67G   0.00          8.00M     10654248693282916886:9658503982386877894   5/47           43814/57108
SH0.DRV12  1        SSD    SAS       healthy  446.67G   0.00          0.00      6733229192205519634:11428367086090859027   1/47           43716/57108
SH0.DRV12  2        SSD    SAS       healthy  446.67G   0.00          8.00M     9367971439224177231:12576165303031511525   1/47           43740/57108
SH0.DRV13  1        SSD    SAS       healthy  446.67G   0.00          0.00      16908373967798027913:12990606344534878331  1/47           43843/57108
SH0.DRV13  2        SSD    SAS       healthy  446.67G   0.00          0.00      624500139011819680:12097390000608700342    3/47           43612/57108
SH0.DRV14  1        SSD    SAS       healthy  446.67G   0.00          0.00      9704918458824543198:12435362723321168244   3/47           43887/57108
SH0.DRV14  2        SSD    SAS       healthy  446.67G   0.00          8.00M     5031984000681985731:9789495932932424615    1/47           43637/57108
SH0.DRV15  1        SSD    SAS       healthy  446.67G   0.00          0.00      17376394968891932790:10202362604875947710  3/47           43670/57108
SH0.DRV15  2        SSD    SAS       healthy  446.67G   0.00          8.00M     2384820692168166955:12583188334483269724   2/47           43742/57108
SH0.DRV16  1        SSD    SAS       healthy  446.67G   0.00          8.00M     2820455769188614729:10330941573438503128   2/47           43916/57108
SH0.DRV16  2        SSD    SAS       healthy  446.67G   0.00          0.00      11196942252498765518:12755741677566413939  2/47           43742/57108
SH0.DRV17  1        SSD    SAS       healthy  446.67G   0.00          0.00      3385604085076413865:12343445030287486409   3/47           43617/57108
SH0.DRV17  2        SSD    SAS       healthy  446.67G   0.00          0.00      5450701720218520135:10377482205921262409   1/47           43900/57108
SH0.DRV18  1        SSD    SAS       healthy  446.67G   0.00          8.00M     17320857476256647518:13180184485823348989  1/47           43763/57108
SH0.DRV18  2        SSD    SAS       healthy  446.67G   0.00          0.00      12764107890233985979:10310272109241809252  1/47           43816/57108
SH0.DRV19  1        SSD    SAS       healthy  446.67G   0.00          8.00M     6720438470367331622:13192899002618671297   1/47           43707/57108
SH0.DRV19  2        SSD    SAS       healthy  446.67G   0.00          0.00      88224686522974349:10039604934706950288     2/47           43614/57108
SH0.DRV20  1        SSD    SAS       healthy  446.67G   0.00          0.00      15501955604269908237:10781065974719831767  2/47           43704/57108
SH0.DRV20  2        SSD    SAS       healthy  446.67G   0.00          8.00M     12780631011026292019:11433122765407927921  2/47           43884/57108
SH0.DRV21  1        SSD    SAS       healthy  446.67G   0.00          8.00M     6285226469977050833:12460824147587532035   2/47           43802/57108
SH0.DRV21  2        SSD    SAS       healthy  446.67G   0.00          0.00      1919967342171473194:9570980298239428308    2/47           43818/57108
SH0.DRV22  1        SSD    SAS       healthy  446.67G   0.00          8.00M     17661298766172604157:13319207134517676108  2/47           43797/57108
SH0.DRV22  2        SSD    SAS       healthy  446.67G   0.00          0.00      3167931267959245546:12927312306386355284   4/47           43769/57108
SH0.DRV23  1        SSD    SAS       healthy  446.67G   0.00          8.00M     5351744804604757499:10816096763353391350   2/47           43776/57108
SH0.DRV23  2        SSD    SAS       healthy  446.67G   0.00          0.00      7561991347743378338:13392244650760111350   4/47           43705/57108
SH1.DRV0   1        SSD    SAS       healthy  1.74T     0.00          1.14T     9178773014268431649:10172641296809415382   12/218         178175/228632
SH1.DRV0   2        SSD    SAS       healthy  1.74T     0.00          1.14T     13209512470540011350:12604802848092923643  9/218          177874/228632
SH1.DRV2   1        SSD    SAS       healthy  1.74T     0.00          1.15T     8339720187729496654:10336098512409768957   7/218          178090/228632
SH1.DRV2   2        SSD    SAS       healthy  1.74T     0.00          1.14T     10568378605369180343:9387644661198847935   11/218         177976/228632
SH1.DRV3   1        SSD    SAS       healthy  1.74T     0.00          1.14T     181255863855302411:13238745451940266358    7/218          176990/228632
SH1.DRV3   2        SSD    SAS       healthy  1.74T     0.00          1.14T     14815858161026026410:9938885690745973866   8/218          177419/228632
SH1.DRV4   1        SSD    SAS       healthy  1.74T     0.00          1.15T     4433709892058107085:11423108710505694660   9/218          178349/228632
SH1.DRV4   2        SSD    SAS       healthy  1.74T     0.00          1.15T     6083030218096658731:11632873540796835343   7/218          177887/228632
SH1.DRV5   1        SSD    SAS       healthy  1.74T     0.00          1.13T     17913230613012695650:11367513380491315890  9/218          175674/228632
SH1.DRV5   2        SSD    SAS       healthy  1.74T     0.00          1.13T     3665928182538258892:10551193918230536685   10/218         176111/228632
SH1.DRV6   1        SSD    SAS       healthy  1.74T     0.00          1.14T     12468039728280192865:10611444648496252723  8/218          178173/228632
SH1.DRV6   2        SSD    SAS       healthy  1.74T     0.00          1.15T     17879011362312306840:13182812937698398038  8/218          178019/228632
SH1.DRV7   1        SSD    SAS       healthy  1.74T     0.00          1.13T     11147557689087181480:9684619610446090983   8/218          175949/228632
SH1.DRV7   2        SSD    SAS       healthy  1.74T     0.00          1.13T     18221616101392730420:10183955095211246833  5/218          175683/228632
SH1.DRV8   1        SSD    SAS       healthy  1.74T     0.00          1.14T     7124122645821016440:10303610546916547557   9/218          176958/228632
SH1.DRV8   2        SSD    SAS       healthy  1.74T     0.00          1.14T     9788140050548410747:10377481310036927959   8/218          177244/228632
SH1.DRV10  1        SSD    SAS       healthy  1.74T     0.00          1.15T     16409472868491873381:12237921151240483865  9/218          178172/228632
SH1.DRV10  2        SSD    SAS       healthy  1.74T     0.00          1.15T     1948412829869557067:10807300344964655650   11/218         177968/228632
SH1.DRV11  1        SSD    SAS       healthy  1.74T     0.00          1.13T     16666718729486028282:13656165593093239292  12/218         176709/228632
SH1.DRV11  2        SSD    SAS       healthy  1.74T     0.00          1.13T     15678036656657353246:9255689578731160993   4/218          176348/228632
SH1.DRV12  1        SSD    SAS       healthy  893.35G   0.00          3.48G     4619189435075808803:9764573163409487354    6/104          86987/114283
SH1.DRV12  2        SSD    SAS       healthy  893.35G   0.00          3.22G     481929628055782943:12023792696653977599    3/104          87228/114283
SH1.DRV13  1        SSD    SAS       healthy  893.35G   0.00          3.59G     835162006220720499:13109676776348126686    7/104          86903/114283
SH1.DRV13  2        SSD    SAS       healthy  893.35G   0.00          3.33G     6372997023956815416:10581940106522594080   6/104          86992/114283
SH1.DRV14  1        SSD    SAS       healthy  893.35G   0.00          3.34G     12914813921603898742:12914684958056848324  4/104          86975/114283
SH1.DRV14  2        SSD    SAS       healthy  893.35G   0.00          3.43G     5969252936073430255:11291427837511204807   5/104          86938/114283
SH1.DRV15  1        SSD    SAS       healthy  893.35G   0.00          3.37G     13288006791711376638:9804059797380138838   5/104          86995/114283
SH1.DRV15  2        SSD    SAS       healthy  893.35G   0.00          3.36G     16527025533309636501:12185083821196603923  3/104          87293/114283
SH1.DRV16  1        SSD    SAS       healthy  893.35G   0.00          3.37G     14568526664560821874:9615571000075639285   6/104          86914/114283
SH1.DRV16  2        SSD    SAS       healthy  893.35G   0.00          3.15G     11972962855596805209:10178021908348668554  7/104          87167/114283
SH1.DRV17  1        SSD    SAS       healthy  893.35G   0.00          3.36G     14873705347474998421:9584409939174253753   6/104          86872/114283
SH1.DRV17  2        SSD    SAS       healthy  893.35G   0.00          3.31G     1461311765194230813:10608052555873465941   4/104          87107/114283
SH1.DRV18  1        SSD    SAS       healthy  893.35G   0.00          3.45G     5076820100938548549:9585842073756203722    8/104          87072/114283
SH1.DRV18  2        SSD    SAS       healthy  893.35G   0.00          3.30G     9688499431499320876:9674538581729837574    4/104          87081/114283
SH1.DRV19  1        SSD    SAS       healthy  893.35G   0.00          3.36G     7198142171325156084:11077275968111081958   4/104          86978/114283
SH1.DRV19  2        SSD    SAS       healthy  893.35G   0.00          3.45G     4447874519422158624:13768595717464954775   2/104          86958/114283
SH1.DRV20  1        SSD    SAS       healthy  893.35G   0.00          3.39G     12739013741502218500:10595698422208853104  9/104          86948/114283
SH1.DRV20  2        SSD    SAS       healthy  893.35G   0.00          3.29G     5685973751343565293:9404813565752694406    3/104          87126/114283
SH1.DRV21  1        SSD    SAS       healthy  893.35G   0.00          3.39G     16070674604350259793:10032302306859437021  4/104          86675/114283
SH1.DRV21  2        SSD    SAS       healthy  893.35G   0.00          3.16G     5842127975275055676:10804350510885436494   5/104          87006/114283
SH1.DRV22  1        SSD    SAS       healthy  893.35G   0.00          3.46G     9386142690367523678:12702725746702551526   3/104          86837/114283
SH1.DRV22  2        SSD    SAS       healthy  893.35G   0.00          3.38G     15289828645623907504:9785820100032469452   6/104          86949/114283
SH1.DRV23  1        SSD    SAS       healthy  893.35G   0.00          3.52G     9631610834560699524:10595767072408755674   5/104          86797/114283
SH1.DRV23  2        SSD    SAS       healthy  893.35G   0.00          3.18G     5303929164200559556:12817565195579290757   5/104          86960/114283
SH2.DRV0   1        SSD    SAS       healthy  893.35G   0.00          16.00M    1021608000174835609:11421567822722649735   5/104          86895/114283
SH2.DRV0   2        SSD    SAS       healthy  893.35G   0.00          8.00M     17020626074387759288:13604533962838847070  3/104          86625/114283
SH2.DRV1   1        SSD    SAS       healthy  893.35G   0.00          8.00M     15378783200628525507:11250535088484717675  3/104          86791/114283
SH2.DRV1   2        SSD    SAS       healthy  893.35G   0.00          24.00M    12168765885751839606:10756584240239655022  6/104          86931/114283
SH2.DRV2   1        SSD    SAS       healthy  893.35G   0.00          8.00M     6112037771959419846:13089046103017775251   4/104          86822/114283
SH2.DRV2   2        SSD    SAS       healthy  893.35G   0.00          16.00M    43695677364980714:12347506245693463434     6/104          87000/114283
SH2.DRV3   1        SSD    SAS       healthy  893.35G   0.00          24.00M    9326770431534514367:13230221561033724952   4/104          87003/114283
SH2.DRV3   2        SSD    SAS       healthy  893.35G   0.00          0.00      10946037270054782432:10490491473027155939  4/104          86901/114283
SH2.DRV4   1        SSD    SAS       healthy  893.35G   0.00          0.00      1455083707435992403:13414895177219750626   3/104          86663/114283
SH2.DRV4   2        SSD    SAS       healthy  893.35G   0.00          24.00M    1978836289365493261:12857405223463488762   6/104          87139/114283
SH2.DRV5   1        SSD    SAS       healthy  893.35G   0.00          16.00M    6557464013241534211:10336500306849938186   5/104          86996/114283
SH2.DRV5   2        SSD    SAS       healthy  893.35G   0.00          8.00M     7405590929709615866:9939131139651249203    4/104          87003/114283
SH2.DRV6   1        SSD    SAS       healthy  893.35G   0.00          8.00M     694009733469454476:13636290014554306939    1/104          86804/114283
SH2.DRV6   2        SSD    SAS       healthy  893.35G   0.00          16.00M    16858873665173932130:11174163009529682695  6/104          87224/114283
SH2.DRV7   1        SSD    SAS       healthy  893.35G   0.00          24.00M    1318073449789213638:11389581051310509658   4/104          87046/114283
SH2.DRV7   2        SSD    SAS       healthy  893.35G   0.00          8.00M     4109913563777223317:13818578737681615400   3/104          86773/114283
SH2.DRV8   1        SSD    SAS       healthy  893.35G   0.00          16.00M    15119202735333986224:11093817201485750100  5/104          86858/114283
SH2.DRV8   2        SSD    SAS       healthy  893.35G   0.00          8.00M     153463865471028379:11145027137553436668    2/104          86640/114283
SH2.DRV9   1        SSD    SAS       healthy  893.35G   0.00          8.00M     9263103042472264602:12953048225249514272   4/104          86873/114283
SH2.DRV9   2        SSD    SAS       healthy  893.35G   0.00          24.00M    15195978401915093113:10810566265526833057  6/104          86993/114283
SH2.DRV10  1        SSD    SAS       healthy  893.35G   0.00          16.00M    12433487331377236500:10680751154085680527  4/104          87233/114283
SH2.DRV10  2        SSD    SAS       healthy  893.35G   0.00          8.00M     5064168054874654745:11910577353814071022   3/104          86668/114283
SH2.DRV11  1        SSD    SAS       healthy  893.35G   0.00          24.00M    15949351831996942640:10934508190602386623  9/104          86862/114283
SH2.DRV11  2        SSD    SAS       healthy  893.35G   0.00          8.00M     3867048166848416421:12932899219797463262   2/104          86627/114283
SH2.DRV12  1        SSD    SAS       healthy  893.35G   0.00          8.00M     17076304420698015645:9529384215202844806   4/104          86457/114283
SH2.DRV12  2        SSD    SAS       healthy  893.35G   0.00          0.00      6563310057766274213:9328168341357060221    7/104          86461/114283
SH2.DRV13  1        SSD    SAS       healthy  893.35G   0.00          8.00M     11158718867015419319:12284711313319401136  2/104          86472/114283
SH2.DRV13  2        SSD    SAS       healthy  893.35G   0.00          0.00      11714898276353918465:10055193242949884601  4/104          86285/114283
SH2.DRV14  1        SSD    SAS       healthy  893.35G   0.00          0.00      9594789555635833859:12046797636764113122   5/104          86425/114283
SH2.DRV14  2        SSD    SAS       healthy  893.35G   0.00          8.00M     9201927134555029708:12815564549108325604   2/104          86457/114283
SH2.DRV15  1        SSD    SAS       healthy  893.35G   0.00          8.00M     10484436512354485022:13063737338238031749  1/104          86390/114283
SH2.DRV15  2        SSD    SAS       healthy  893.35G   0.00          0.00      9735257454835746173:12651406345162225751   4/104          86389/114283
SH2.DRV16  1        SSD    SAS       healthy  893.35G   0.00          0.00      13955531196308931140:9744599827801493031   3/104          86572/114283
SH2.DRV16  2        SSD    SAS       healthy  893.35G   0.00          0.00      9035117770801367142:10397975393480633866   4/104          86486/114283
SH2.DRV17  1        SSD    SAS       healthy  893.35G   0.00          0.00      3274100445359656895:11268140725204436115   5/104          86314/114283
SH2.DRV17  2        SSD    SAS       healthy  893.35G   0.00          8.00M     11886929362486317019:13469344908758018573  3/104          86438/114283
SH2.DRV18  1        SSD    SAS       healthy  893.35G   0.00          0.00      5287242928533422693:10387702901669842983   7/104          86405/114283
SH2.DRV18  2        SSD    SAS       healthy  893.35G   0.00          8.00M     7563449090104577511:11093087441255508733   3/104          86613/114283
SH2.DRV19  1        SSD    SAS       healthy  893.35G   0.00          0.00      1333532947835408082:13603274675419561205   4/104          86357/114283
SH2.DRV19  2        SSD    SAS       healthy  893.35G   0.00          8.00M     11270460882294491557:12892480044333680744  3/104          86476/114283
SH2.DRV20  1        SSD    SAS       healthy  893.35G   0.00          8.00M     3104433827584821466:12266827529711054180   3/104          86424/114283
SH2.DRV20  2        SSD    SAS       healthy  893.35G   0.00          0.00      1761622338906443265:10388124337854897420   6/104          86380/114283
SH2.DRV21  1        SSD    SAS       healthy  893.35G   0.00          0.00      2795865784069079423:11219964967784987751   4/104          86424/114283
SH2.DRV21  2        SSD    SAS       healthy  893.35G   0.00          8.00M     17175819972936092468:13283254291789044705  4/104          86338/114283
SH2.DRV22  1        SSD    SAS       healthy  893.35G   0.00          0.00      13003518261113146941:9293850073015997563   3/104          86411/114283
SH2.DRV22  2        SSD    SAS       healthy  893.35G   0.00          8.00M     11666601724904228927:12494611693003439130  4/104          86557/114283
SH2.DRV23  1        SSD    SAS       healthy  893.35G   0.00          0.00      5603460601075286328:12435582931246111499   7/104          86357/114283
SH2.DRV23  2        SSD    SAS       healthy  893.35G   0.00          0.00      5184197398002681597:12700361190780694006   4/104          86235/114283
SH9.DRV0   0        SSD    NVMe      healthy  1.92T     0.00          540.00M   4222581646526989377:9850929189584851186    3/30           959/20641
SH9.DRV1   0        SSD    NVMe      healthy  1.92T     0.00          540.00M   8814880020195461913:12216003514669769565   5/30           939/20639
SH9.DRV2   0        SSD    NVMe      healthy  1.92T     0.00          432.00M   17958549586106797359:13201388199598314997  4/30           956/20626
SH9.DRV3   0        SSD    NVMe      healthy  1.92T     0.00          648.00M   13739341376982503384:10296649807407305615  6/30           971/20665
SH9.DRV4   0        SSD    NVMe      healthy  1.92T     0.00          432.00M   3016554463106124863:9896157528336802127    4/30           956/20651
SH9.DRV5   0        SSD    NVMe      healthy  1.92T     0.00          432.00M   7652549471253644724:11413169751297179031   6/30           954/20659
SH9.DRV6   0        SSD    NVMe      healthy  1.92T     0.00          432.00M   12516425371988738898:11684029780135289614  2/30           970/20687
SH9.DRV7   0        SSD    NVMe      healthy  1.92T     0.00          648.00M   11304313446997511025:12710623795935058800  3/30           981/20648
SH9.DRV8   0        SSD    NVMe      healthy  1.92T     0.00          648.00M   5608614174220503314:13322007023998265429   3/30           964/20668
SH9.DRV9   0        SSD    NVMe      healthy  1.92T     0.00          540.00M   9900077060250356295:12628780717272205272   6/30           964/20599
SH9.DRV10  0        SSD    NVMe      healthy  1.92T     0.00          648.00M   2888171877183606374:9565603484904265571    2/30           961/20664
SH9.DRV11  0        SSD    NVMe      healthy  1.92T     0.00          648.00M   523625427435471318:11531682306389052614    4/30           962/20656
SH9.DRV12  0        SSD    NVMe      healthy  1.92T     0.00          648.00M   7433573595108494422:11476677281875363072   5/30           959/20644
SH9.DRV13  0        SSD    NVMe      healthy  1.92T     0.00          540.00M   669620925004990673:12757303687497438028    3/30           958/20633
pureeng@APN1PURSTGP0101-ct1:~$ =~=~=~=~=~=~=~=~=~=~=~= PuTTY log 2025.07.23 21:21:32 =~=~=~=~=~=~=~=~=~=~=~=

PCTFJ251200AE login: puresetup
Password: 
<fw_update_tool>
===================================================================
=                            NOTICE                               =
===================================================================
=                                                                 =
=    Firmware is currently being checked and/or updated           =
=    on this controller.                                          =
=                                                                 =
=    If updates are necessary they will be applied automatically, =
=    and one or more automatic reboots may occur as a result.     =
=    A completion notice will be provided when done.              =
=                                                                 =
=    DO NOT RESTART OR REMOVE POWER WHILE UPDATE IS IN PROGRESS   =
=                                                                 =
===================================================================
<fw_update_tool>
Last login: Wed Jul 23 18:11:48 PDT 2025 on ttyS0

Thu Jul 24 01:19:00 2025
Welcome puresetup. This is Purity Version 6.5.8 on FlashArray PCTFJ251200AE
http://www.purestorage.com/
puresetup@PCTFJ251200AE:~$ puresetup
embind anecdota praiser obelizeTraceback (most recent call last):
  File "/opt/Purity/bin/puresetup", line 1229, in <module>
    main( parser.parse_args() )
  File "/opt/Purity/bin/puresetup", line 830, in main
    if args.action in ('newarray', 'secondary') and \
AttributeError: 'Namespace' object has no attribute 'action'
CONFIG_TASK_COMPLETED:CONFIG_TASK_PURESETUP_EXITED
puresetup@PCTFJ251200AE:~$ pureboot list
===================================================================
=                            NOTICE                               =
===================================================================
=                                                                 =
=    Firmware is currently being checked and/or updated           =
=    on this controller.                                          =
=                                                                 =
=    If updates are necessary they will be applied automatically, =
=    and one or more automatic reboots may occur as a result.     =
=    A completion notice will be provided when done.              =
=                                                                 =
=    DO NOT RESTART OR REMOVE POWER WHILE UPDATE IS IN PROGRESS   =
=                                                                 =
===================================================================


Marked entry (*) is currently running
Marked entry (-->) will run at next reboot
    0. Purity 6.5.5 (202404130351+34e2b1e66ad3) with kernel 5.15.123+ (202403191505+d9f0e688c788) on first (/dev/sda3)
*-->1. Purity 6.5.8 (202408090136+b967c2f84655) with kernel 5.15.123+ (202407140227+e4052619b975) on second (/dev/sda4)
puresetup@PCTFJ251200AE:~$ 
puresetup@PCTFJ251200AE:~$ 
puresetup@PCTFJ251200AE:~$  GNU GRUB  version 2.06

/----------------------------------------------------------------------------\||||||||||||||||||||||||||\----------------------------------------------------------------------------/     Use the ^ and v keys to select which entry is highlighted.          
      Press enter to boot the selected OS, `e' to edit the commands       
      before booting or `c' for a command-line.                             Purity 6.5.5 (202404130351+34e2b1e66ad3) with kernel 5.15.123+ (2024031915>
*Purity 6.5.8 (202408090136+b967c2f84655) with kernel 5.15.123+ (2024071402>
                                                                                                                                                                                                                                                                                                                                                                                                                                                                                                                                                                                                                                                                                                                                                                                                                                                                        The highlighted entry will be executed automatically in 3s.                    The highlighted entry will be executed automatically in 2s.                    The highlighted entry will be executed automatically in 1s.                    The highlighted entry will be executed automatically in 0s.                 
Purity

PCTFJ251200AE login: puresetup
Password: 
<fw_update_tool>
===================================================================
=                            NOTICE                               =
===================================================================
=                                                                 =
=    Firmware is currently being checked and/or updated           =
=    on this controller.                                          =
=                                                                 =
=    If updates are necessary they will be applied automatically, =
=    and one or more automatic reboots may occur as a result.     =
=    A completion notice will be provided when done.              =
=                                                                 =
=    DO NOT RESTART OR REMOVE POWER WHILE UPDATE IS IN PROGRESS   =
=                                                                 =
===================================================================
<fw_update_tool>
Last login: Wed Jul 23 18:18:59 PDT 2025 on ttyS0

Thu Jul 24 01:30:58 2025
Welcome puresetup. This is Purity Version 6.5.8 on FlashArray PCTFJ251200AE
http://www.purestorage.com/
puresetup@PCTFJ251200AE:~$                                                                                
Broadcast message from root@PCTFJ251200AE (somewhere) (Wed Jul 23 18:31:41 2025
                                                                               
===================================================================            
=                   UPDATE AND/OR CHECK COMPLETE                  =            
=                                                                 =            
=    The firmware checks/updates on this system are now complete. =            
=    No further action is required, and the controller will       =            
=    continue running as usual                                    =            
=                                                                 =            
===================================================================            
                                                                               
                                                                               

puresetup@PCTFJ251200AE:~$ puresetup replace --from-controller FA-X50R3
##########################################
#   Welcome to the Purity Setup Wizard   #
##########################################
Controller hardware model is compatible with the controller purity version
[Errno 111] Connection refused
Local controller model is FA-X50R4.
Drive detected storage type is X.
FA-X50R3 found to be replaced by FA-X50R4 has storage type X.
Controller type supports multiple storage types, detecting type of storage installed...
Detected storage type X
Pre-existing storage type X was found on the device
Successfully configured storage type X for array controller
Check Cobalt NDU controllers.. OK
Check RDL..................... OK
Check shelf cabling........... OK
Check controller link......... OK
Check power supply............ OK
Check PCIE AER errors......... OK
Check io card pci id's........ OK
Check LOM MAC addresses....... OK
Getting local controller type. Local controller type is cobalt_a.
Getting local controller variant. Not a generic controller, Exiting.
Checking peer controller for tunables

Apply PS_CACHED_GC_MIN_STALE_OBJECTS = 4096 #
 (y/n):y
Apply PS_CACHED_GC_MIN_STALE_OBJECTS = 4096 #
 (y/n): y
Tunable parameter set: PS_CACHED_GC_MIN_STALE_OBJECTS=4096

Apply ATOM_5177 = DEF # CLOUD-113977
 (y/n):y
Apply ATOM_5177 = DEF # CLOUD-113977
 (y/n): y
Tunable parameter set: ATOM_5177=DEF

Apply ATOM_SECURITY_BUNDLE_FA_2024_01_15 = PCTFL20220119,PCTFL20220127,6.1.25 #
 (y/n):y
Apply ATOM_SECURITY_BUNDLE_FA_2024_01_15 = PCTFL20220119,PCTFL20220127,6.1.25 #
 (y/n): y
Tunable parameter set: ATOM_SECURITY_BUNDLE_FA_2024_01_15=PCTFL20220119,PCTFL20220127,6.1.25

Apply PS_FILEGW_SMB_HIDE_DOT_SNAPSHOT = 0 # Set during upgrade to 6.3.18 - CLOUD
 (y/n):y
Apply PS_FILEGW_SMB_HIDE_DOT_SNAPSHOT = 0 # Set during upgrade to 6.3.18 - CLOUD
 (y/n): y
Tunable parameter set: PS_FILEGW_SMB_HIDE_DOT_SNAPSHOT=0

Apply PS_DISABLE_ERADICATION = 1 # CS0842763
 (y/n):y
Apply PS_DISABLE_ERADICATION = 1 # CS0842763
 (y/n): y
Tunable parameter set: PS_DISABLE_ERADICATION=1

Apply ATOM_10072 = GH # CLOUD-152371
 (y/n):y
Apply ATOM_10072 = GH # CLOUD-152371
 (y/n): y
Tunable parameter set: ATOM_10072=GH

Apply ATOM_SECURITY_PATCH_FA_2025_A = PCTFL20220119,PCTFL20220127,6.5.8 # CLOUD-
 (y/n):y
Apply ATOM_SECURITY_PATCH_FA_2025_A = PCTFL20220119,PCTFL20220127,6.5.8 # CLOUD-
 (y/n): y
Tunable parameter set: ATOM_SECURITY_PATCH_FA_2025_A=PCTFL20220119,PCTFL20220127,6.5.8
Stopping purity to ensure tunables are properly loaded.
Press ENTER to reboot

Please run puresetup again after reboot.
[Errno 111] Connection refused
 GNU GRUB  version 2.06

/----------------------------------------------------------------------------\||||||||||||||||||||||||||\----------------------------------------------------------------------------/     Use the ^ and v keys to select which entry is highlighted.          
      Press enter to boot the selected OS, `e' to edit the commands       
      before booting or `c' for a command-line.                             Purity 6.5.5 (202404130351+34e2b1e66ad3) with kernel 5.15.123+ (2024031915>
*Purity 6.5.8 (202408090136+b967c2f84655) with kernel 5.15.123+ (2024071402>
                                                                                                                                                                                                                                                                                                                                                                                                                                                                                                                                                                                                                                                                                                                                                                                                                                                                        The highlighted entry will be executed automatically in 3s.                    The highlighted entry will be executed automatically in 2s.                    The highlighted entry will be executed automatically in 1s.                    The highlighted entry will be executed automatically in 0s.                 
Purity

PCTFJ251200AE login: puresetup
Password: 
Last login: Wed Jul 23 18:30:58 PDT 2025 on ttyS0

Thu Jul 24 01:36:27 2025
Welcome puresetup. This is Purity Version 6.5.8 on FlashArray PCTFJ251200AE
http://www.purestorage.com/
puresetup@PCTFJ251200AE:~$ pureboot list

Marked entry (*) is currently running
Marked entry (-->) will run at next reboot
    0. Purity 6.5.5 (202404130351+34e2b1e66ad3) with kernel 5.15.123+ (202403191505+d9f0e688c788) on first (/dev/sda3)
*-->1. Purity 6.5.8 (202408090136+b967c2f84655) with kernel 5.15.123+ (202407140227+e4052619b975) on second (/dev/sda4)
puresetup@PCTFJ251200AE:~$ puresetup replace --from-controller FA-X50R3
##########################################
#   Welcome to the Purity Setup Wizard   #
##########################################
Controller hardware model is compatible with the controller purity version
[Errno 111] Connection refused
Local controller model is FA-X50R4.
Drive detected storage type is X.
FA-X50R3 found to be replaced by FA-X50R4 has storage type X.
Controller type supports multiple storage types, detecting type of storage installed...
Detected storage type X
Pre-existing storage type X was found on the device
Successfully configured storage type X for array controller
Check Cobalt NDU controllers.. OK
Check RDL..................... OK
Check shelf cabling........... OK
Check controller link......... OK
Check power supply............ OK
Check PCIE AER errors......... OK
Check io card pci id's........ OK
Check LOM MAC addresses....... OK
Getting local controller type. Local controller type is cobalt_a.
Getting local controller variant. Not a generic controller, Exiting.
Checking peer controller for tunables
purity.service stablized: done
purity start/running
platform: ..done
foed: .done
gui: ....done
rest: done
platform_env: 0.done
quorum: ......done
foed_env: 1.1.1.1.1.1.1.1.1.1.1.1.1.1.1.1.1.1.1.1.1.1.1.1.1.1.1.1.1.1.1.1.1.1.1.1.1.1.1.1.1.1.1.1.1.1.1.1.1.1.1.1.1.1.1.1.1.1.1.1.2.1.1.1.1.1.0.done
foed_ready: done
remote_patch: done
driver: done
san: Skip waiting for san during HW NDU
[FA-X50R3.CT0.ETH1] does not need to be migrated since it has no configuration and is not a subinterface.
[FA-X50R3.CT0.ETH4] does not need to be migrated since it has no configuration and is not a subinterface.
[FA-X50R3.CT0.ETH5] does not need to be migrated since it has no configuration and is not a subinterface.
[FA-X50R3.CT0.ETH6] does not need to be migrated since it has no configuration and is not a subinterface.
[FA-X50R3.CT0.ETH7] does not need to be migrated since it has no configuration and is not a subinterface.
[FA-X50R3.CT0.ETH8] does not need to be migrated since it has no configuration and is not a subinterface.
[FA-X50R3.CT0.ETH9] does not need to be migrated since it has no configuration and is not a subinterface.
Please move ports as shown below:
[FA-X50R3.CT0.ETH0] ====>> [FA-X50R4.CT0.ETH4](Slot: LOM)
[FA-X50R3.CT0.ETH2] ====>> [FA-X50R4.CT0.ETH2](Slot: LOM)
Press Enter to show more lines...
[FA-X50R3.CT0.ETH3] ====>> [FA-X50R4.CT0.ETH3](Slot: LOM)
[FA-X50R3.CT0.FC0] ====>> [FA-X50R4.CT0.FC12](Slot:3)
[FA-X50R3.CT0.FC1] ====>> [FA-X50R4.CT0.FC13](Slot:3)
[FA-X50R3.CT0.FC2] ====>> [FA-X50R4.CT0.FC14](Slot:3)
[FA-X50R3.CT0.FC3] ====>> [FA-X50R4.CT0.FC15](Slot:3)

After the cables have been moved, type "CONTINUE": continue
Configuring network ports...
Perform ping test on port ETH4 ....... OK
Checking SAN connectivity.                                                                               
Broadcast message from root@apn1purstgp0102-ct0 (somewhere) (Wed Jul 23 18:41:5
                                                                               
                                                                               
Purity//FA Information System Status                                           
====================================                                           
Purity//FA has successfully started for                                        
the first time after an install                                                
or upgrade. Purity//FA 6.5.8 (202408090136+b967c2f84655-65x)                   
is now set to be the default.                                                  
                                                                               
                                                                               
Broadcast message from root@apn1purstgp0102-ct0 (somewhere) (Wed Jul 23 18:41:5
                                                                               
                                                                               
Purity//FA Information System Status                                           
====================================                                           
Purity//FA has successfully started for                                        
the first time after an install                                                
or upgrade. Purity//FA 6.5.8 (202408090136+b967c2f84655-65x)                   
is now set to be the default.                                                  
                                                                               

SAN is ready.
Waiting for Software Check:.Checking iobalance before proceeding, sampling for 30 seconds, retrying 1 times, adding 30 seconds with each retry
Try 1/2: Sampling I/O for 30 seconds
^C
Exit without saving changes.
CONFIG_TASK_COMPLETED:CONFIG_TASK_PURESETUP_EXITED
puresetup@PCTFJ251200AE:~$ puresetup timezone
##########################################
#   Welcome to the Purity Setup Wizard   #
##########################################
Name       Created                  Expires
puresetup  2025-07-23 18:42:27 PDT  2025-07-23 19:42:27 PDT
Changing the time zone will require a reboot on this controller.
Current time zone: America/Los_Angeles
Change time zone [requires reboot] (y/n):yChange time zone [requires reboot] (y/n): y
Configuring tzdata
------------------

Please select the geographic area in which you live. Subsequent configuration 
questions will narrow this down by presenting a list of cities, representing the
time zones in which they are located.

  1. Africa      4. Australia     7. Atlantic Ocean  10. Pacific Ocean
  2. America     5. Arctic Ocean  8. Europe          11. US
  3. Antarctica  6. Asia          9. Indian Ocean    12. None of the above

Geographic area: 

Geographic area: 2


Please select the city or region corresponding to your time zone.

  1. Adak                       80. Juneau
  2. Anchorage                  81. Louisville (Kentucky)
  3. Anguilla                   82. Monticello (Kentucky)
  4. Antigua                    83. Kralendijk
  5. Araguaina                  84. La Paz
  6. Buenos Aires (Argentina)   85. Lima
  7. Catamarca (Argentina)      86. Los Angeles
  8. Cordoba (Argentina)        87. Lower Princes
  9. Jujuy (Argentina)          88. Maceio
  10. La Rioja (Argentina)      89. Managua
  11. Mendoza (Argentina)       90. Manaus
  12. Rio Gallegos (Argentina)  91. Marigot
  13. Salta (Argentina)         92. Martinique
  14. San Juan (Argentina)      93. Matamoros
  15. San Luis (Argentina)      94. Mazatlan
  16. Tucuman (Argentina)       95. Menominee
  17. Ushuaia (Argentina)       96. Merida
  18. Aruba                     97. Metlakatla
[More] 

  19. Asuncion                  98. Mexico City
  20. Atikokan                  99. Miquelon
  21. Atka                      100. Moncton
  22. Bahia                     101. Monterrey
  23. Bahia Banderas            102. Montevideo
  24. Barbados                  103. Montreal
  25. Belem                     104. Montserrat
  26. Belize                    105. Nassau
  27. Blanc-Sablon              106. New York
  28. Boa Vista                 107. Nipigon
  29. Bogota                    108. Nome
  30. Boise                     109. Fernando de Noronha
  31. Cambridge Bay             110. Beulah (North Dakota)
  32. Campo Grande              111. Center (North Dakota)
  33. Cancun                    112. New Salem (North Dakota)
  34. Caracas                   113. Nuuk
  35. Cayenne                   114. Ojinaga
  36. Cayman                    115. Panama
  37. Chicago                   116. Pangnirtung
  38. Chihuahua                 117. Paramaribo
  39. Ciudad_Juarez             118. Phoenix
  40. Coral Harbour             119. Port-au-Prince
[More] 

  41. Costa Rica                120. Port of Spain
  42. Creston                   121. Porto Acre
  43. Cuiaba                    122. Porto Velho
  44. Curaçao                  123. Puerto Rico
  45. Danmarkshavn              124. Punta Arenas
  46. Dawson                    125. Rainy River
  47. Dawson Creek              126. Rankin Inlet
  48. Denver                    127. Recife
  49. Detroit                   128. Regina
  50. Dominica                  129. Resolute
  51. Edmonton                  130. Rio Branco
  52. Eirunepe                  131. Santa Isabel
  53. El Salvador               132. Santarém
  54. Ensenada                  133. Santiago
  55. Fort Nelson               134. Santo Domingo
  56. Fortaleza                 135. São Paulo
  57. Glace Bay                 136. Scoresbysund
  58. Godthab                   137. Shiprock
  59. Goose Bay                 138. Sitka
  60. Grand Turk                139. St Barthelemy
  61. Grenada                   140. St Johns
  62. Guadeloupe                141. St Kitts
[More] 

  63. Guatemala                 142. St Lucia
  64. Guayaquil                 143. St Thomas
  65. Guyana                    144. St Vincent
  66. Halifax                   145. Swift Current
  67. Havana                    146. Tegucigalpa
  68. Hermosillo                147. Thule
  69. Indianapolis (Indiana)    148. Thunder Bay
  70. Knox (Indiana)            149. Tijuana
  71. Marengo (Indiana)         150. Toronto
  72. Petersburg (Indiana)      151. Tortola
  73. Tell City (Indiana)       152. Vancouver
  74. Vevay (Indiana)           153. Virgin
  75. Vincennes (Indiana)       154. Whitehorse
  76. Winamac (Indiana)         155. Winnipeg
  77. Inuvik                    156. Yakutat
  78. Iqaluit                   157. Yellowknife
  79. Jamaica

Time zone: 106



Current default time zone: 'America/New_York'
Local time is now:      Wed Jul 23 21:42:34 EDT 2025.
Universal Time is now:  Thu Jul 24 01:42:34 UTC 2025.

'/cache/timezone/localtime' -> '/usr/share/zoneinfo/America/New_York'
Confirm time zone change from America/Los_Angeles to America/New_York
(y/N):y(y/N): y
Press ENTER to reboot

This controller will be online after reboot.
CONFIG_TASK_COMPLETED:CONFIG_TASK_PURESETUP_EXITED
puresetup@PCTFJ251200AE:~$ =~=~=~=~=~=~=~=~=~=~=~= PuTTY log 2025.07.23 21:47:58 =~=~=~=~=~=~=~=~=~=~=~=
 GNU GRUB  version 2.06

/----------------------------------------------------------------------------\||||||||||||||||||||||||||\----------------------------------------------------------------------------/     Use the ^ and v keys to select which entry is highlighted.          
      Press enter to boot the selected OS, `e' to edit the commands       
      before booting or `c' for a command-line.                            *Purity 6.5.8 (202408090136+b967c2f84655) with kernel 5.15.123+ (2024071402>
 Purity 6.5.5 (202404130351+34e2b1e66ad3) with kernel 5.15.123+ (2024031915>
                                                                                                                                                                                                                                                                                                                                                                                                                                                                                                                                                                                                                                                                                                                                                                                                                                                                        The highlighted entry will be executed automatically in 3s.                    The highlighted entry will be executed automatically in 2s.                    The highlighted entry will be executed automatically in 1s.                    The highlighted entry will be executed automatically in 0s.                 
WARNING! You agree that, by accessing this system, your actions may be monitored. 

Unauthorized access to this system is forbidden and will be prosecuted to the 

fullest extent of the law, in the jurisdiction of Hamilton County, Ohio, United 

States of America.
apn1purstgp0102-ct0 login: pureeng
1) Authenticate via CloudAssist
2) Authenticate via command line
3) Restore challenge
Type the number corresponding to the authentication method you want to use.

Selection: 1

An email for identity verification will be sent once email is entered.
Please follow the authentication instructions provided there and return to this screen when finished or if email has not been received.


Enter an email address: fharris@purestorage.com
Successfully authenticated

Wed Jul 23 21:49:56 2025
Welcome pureeng. This is Purity Version 6.5.8 on FlashArray apn1purstgp0102
http://www.purestorage.com/
pureeng@apn1purstgp0102-ct0:~$ puresudo su
     root@apn1purstgp0102-ct0:/var/home/pureeng# purearray list --space
Name             Capacity  Parity  Provisioned Size  Virtual  Thin Provisioning  Data Reduction  Total Reduction  Unique  Snapshots  Shared  System  Replication  Total
apn1purstgp0102  57.08T    100%    529607G           173.99T  66%                6.9 to 1        20.6 to 1        16.63T  907.19G    9.06T   0.00    0.00         26.57T
     root@apn1purstgp0102-ct0:/var/home/pureeng# 
     root@apn1purstgp0102-ct0:/var/home/pureeng# fcpureportlist=`pureport list --initiator | awk '/Target/,0' | cut -d. -f1 | awk '{print $1,$5}' | grep -v '-' | grep -v "Initiator" | uniq -c; echo`; fcpureportlistcount=`echo "$fcpureportlist" | awk '{total += $1} END {print total}'`; echo -e "$fcpureportlist\n\n"; echo -e "\tTotal FC connections: $fcpureportlistcount\n\n";
      1 10:00:D0:67:26:06:02:C1 CT0
      1 10:00:D0:67:26:06:02:C1 CT1
      1 10:00:D0:67:26:06:02:C9 CT0
      1 10:00:D0:67:26:06:02:C9 CT1
      1 10:00:D0:67:26:06:12:A1 CT0
      1 10:00:D0:67:26:06:12:A1 CT1
      1 10:00:D0:67:26:06:12:A9 CT0
      1 10:00:D0:67:26:06:12:A9 CT1
      1 10:00:D0:67:26:06:1C:61 CT0
      1 10:00:D0:67:26:06:1C:61 CT1
      1 10:00:D0:67:26:06:1C:69 CT0
      1 10:00:D0:67:26:06:1C:69 CT1
      1 10:00:D0:67:26:06:2B:41 CT0
      1 10:00:D0:67:26:06:2B:41 CT1
      1 10:00:D0:67:26:06:2B:49 CT0
      1 10:00:D0:67:26:06:2B:49 CT1
      1 10:00:D0:67:26:06:2B:61 CT0
      1 10:00:D0:67:26:06:2B:61 CT1
      1 10:00:D0:67:26:06:2B:69 CT0
      1 10:00:D0:67:26:06:2B:69 CT1
      1 10:00:D0:67:26:06:2B:D1 CT0
      1 10:00:D0:67:26:06:2B:D1 CT1
      1 10:00:D0:67:26:06:2B:D9 CT0
      1 10:00:D0:67:26:06:2B:D9 CT1
      1 10:00:D0:67:26:06:4B:F1 CT0
      1 10:00:D0:67:26:06:4B:F1 CT1
      1 10:00:D0:67:26:06:4B:F9 CT0
      1 10:00:D0:67:26:06:4B:F9 CT1
      1 10:00:D0:67:26:06:5B:11 CT0
      1 10:00:D0:67:26:06:5B:11 CT1
      1 10:00:D0:67:26:06:5B:19 CT0
      1 10:00:D0:67:26:06:5B:19 CT1
      1 10:00:D0:67:26:06:5B:81 CT0
      1 10:00:D0:67:26:06:5B:81 CT1
      1 10:00:D0:67:26:06:5B:89 CT0
      1 10:00:D0:67:26:06:5B:89 CT1
      1 10:00:D0:67:26:06:8A:51 CT0
      1 10:00:D0:67:26:06:8A:51 CT1
      1 10:00:D0:67:26:06:8A:59 CT0
      1 10:00:D0:67:26:06:8A:59 CT1
      1 10:00:D0:67:26:06:8A:81 CT0
      1 10:00:D0:67:26:06:8A:81 CT1
      1 10:00:D0:67:26:06:8A:89 CT0
      1 10:00:D0:67:26:06:8A:89 CT1
      1 10:00:D0:67:26:06:DF:61 CT0
      1 10:00:D0:67:26:06:DF:61 CT1
      1 10:00:D0:67:26:06:DF:69 CT0
      1 10:00:D0:67:26:06:DF:69 CT1
      1 10:00:D0:67:26:06:EF:C1 CT0
      1 10:00:D0:67:26:06:EF:C1 CT1
      1 10:00:D0:67:26:06:EF:C9 CT0
      1 10:00:D0:67:26:06:EF:C9 CT1
      1 10:00:D0:67:26:06:FB:31 CT0
      1 10:00:D0:67:26:06:FB:31 CT1
      1 10:00:D0:67:26:06:FB:39 CT0
      1 10:00:D0:67:26:06:FB:39 CT1
      1 10:00:D0:67:26:06:FB:C1 CT0
      1 10:00:D0:67:26:06:FB:C1 CT1
      1 10:00:D0:67:26:06:FB:C9 CT0
      1 10:00:D0:67:26:06:FB:C9 CT1
      1 10:00:D0:67:26:06:FB:D1 CT0
      1 10:00:D0:67:26:06:FB:D1 CT1
      1 10:00:D0:67:26:06:FB:D9 CT0
      1 10:00:D0:67:26:06:FB:D9 CT1
      1 10:00:DE:A0:3F:E0:00:20 CT0
      1 10:00:DE:A0:3F:E0:00:20 CT1
      1 10:00:DE:A0:3F:E0:00:22 CT0
      1 10:00:DE:A0:3F:E0:00:22 CT1
      1 10:00:DE:A0:3F:E0:00:28 CT0
      1 10:00:DE:A0:3F:E0:00:28 CT1
      1 10:00:DE:A0:3F:E0:00:2A CT0
      1 10:00:DE:A0:3F:E0:00:2A CT1
      1 10:00:DE:A0:3F:E0:00:2C CT0
      1 10:00:DE:A0:3F:E0:00:2C CT1
      1 10:00:DE:A0:3F:E0:00:2E CT0
      1 10:00:DE:A0:3F:E0:00:2E CT1
      1 10:00:DE:A0:3F:E0:00:30 CT0
      1 10:00:DE:A0:3F:E0:00:30 CT1
      1 10:00:DE:A0:3F:E0:00:32 CT0
      1 10:00:DE:A0:3F:E0:00:32 CT1
      1 10:00:DE:A0:3F:E0:00:44 CT0
      1 10:00:DE:A0:3F:E0:00:44 CT1
      1 10:00:DE:A0:3F:E0:00:46 CT0
      1 10:00:DE:A0:3F:E0:00:46 CT1
      1 10:00:DE:A0:3F:E0:00:4C CT0
      1 10:00:DE:A0:3F:E0:00:4C CT1
      1 10:00:DE:A0:3F:E0:00:4E CT0
      1 10:00:DE:A0:3F:E0:00:4E CT1
      1 10:00:DE:A0:3F:E0:00:50 CT0
      1 10:00:DE:A0:3F:E0:00:50 CT1
      1 10:00:DE:A0:3F:E0:00:52 CT0
      1 10:00:DE:A0:3F:E0:00:52 CT1
      1 10:00:DE:A0:3F:E0:00:5C CT0
      1 10:00:DE:A0:3F:E0:00:5C CT1
      1 10:00:DE:A0:3F:E0:00:5E CT0
      1 10:00:DE:A0:3F:E0:00:5E CT1
      1 10:00:DE:A0:3F:E0:00:64 CT0
      1 10:00:DE:A0:3F:E0:00:64 CT1
      1 10:00:DE:A0:3F:E0:00:66 CT0
      1 10:00:DE:A0:3F:E0:00:66 CT1
      1 10:00:DE:A0:3F:E0:00:6C CT0
      1 10:00:DE:A0:3F:E0:00:6C CT1
      1 10:00:DE:A0:3F:E0:00:6E CT0
      1 10:00:DE:A0:3F:E0:00:6E CT1
      1 10:00:DE:A0:3F:E0:00:78 CT0
      1 10:00:DE:A0:3F:E0:00:78 CT1
      1 10:00:DE:A0:3F:E0:00:7A CT0
      1 10:00:DE:A0:3F:E0:00:7A CT1
      1 10:00:DE:A0:3F:E0:00:A8 CT0
      1 10:00:DE:A0:3F:E0:00:A8 CT1
      1 10:00:DE:A0:3F:E0:00:AA CT0
      1 10:00:DE:A0:3F:E0:00:AA CT1
      1 10:00:DE:A0:3F:E0:00:C0 CT0
      1 10:00:DE:A0:3F:E0:00:C0 CT1
      1 10:00:DE:A0:3F:E0:00:C2 CT0
      1 10:00:DE:A0:3F:E0:00:C2 CT1
      1 10:00:DE:A0:3F:E0:00:C4 CT0
      1 10:00:DE:A0:3F:E0:00:C4 CT1
      1 10:00:DE:A0:3F:E0:00:C6 CT0
      1 10:00:DE:A0:3F:E0:00:C6 CT1
      1 10:00:DE:A0:3F:E0:00:C8 CT0
      1 10:00:DE:A0:3F:E0:00:C8 CT1
      1 10:00:DE:A0:3F:E0:00:CA CT0
      1 10:00:DE:A0:3F:E0:00:CA CT1
      1 10:00:DE:A0:3F:E0:00:DC CT0
      1 10:00:DE:A0:3F:E0:00:DC CT1
      1 10:00:DE:A0:3F:E0:00:DE CT0
      1 10:00:DE:A0:3F:E0:00:DE CT1
      1 10:00:DE:A0:3F:E0:01:00 CT0
      1 10:00:DE:A0:3F:E0:01:00 CT1
      1 10:00:DE:A0:3F:E0:01:02 CT0
      1 10:00:DE:A0:3F:E0:01:02 CT1
      1 10:00:DE:A0:3F:E0:01:04 CT0
      1 10:00:DE:A0:3F:E0:01:04 CT1
      1 10:00:DE:A0:3F:E0:01:06 CT0
      1 10:00:DE:A0:3F:E0:01:06 CT1
      1 10:00:EC:EB:B8:81:20:91 CT0
      1 10:00:EC:EB:B8:81:20:91 CT1
      1 10:00:EC:EB:B8:81:20:99 CT0
      1 10:00:EC:EB:B8:81:20:99 CT1
      1 10:00:EC:EB:B8:81:30:71 CT0
      1 10:00:EC:EB:B8:81:30:71 CT1
      1 10:00:EC:EB:B8:81:30:79 CT0
      1 10:00:EC:EB:B8:81:30:79 CT1
      1 10:00:EC:EB:B8:81:32:F1 CT0
      1 10:00:EC:EB:B8:81:32:F1 CT1
      1 10:00:EC:EB:B8:81:32:F9 CT0
      1 10:00:EC:EB:B8:81:32:F9 CT1
      1 10:00:EC:EB:B8:81:40:81 CT0
      1 10:00:EC:EB:B8:81:40:81 CT1
      1 10:00:EC:EB:B8:81:40:89 CT0
      1 10:00:EC:EB:B8:81:40:89 CT1
      1 10:00:EC:EB:B8:81:42:01 CT0
      1 10:00:EC:EB:B8:81:42:01 CT1
      1 10:00:EC:EB:B8:81:42:09 CT0
      1 10:00:EC:EB:B8:81:42:09 CT1
      1 10:00:EC:EB:B8:81:50:A1 CT0
      1 10:00:EC:EB:B8:81:50:A1 CT1
      1 10:00:EC:EB:B8:81:50:A9 CT0
      1 10:00:EC:EB:B8:81:50:A9 CT1
      1 10:00:EC:EB:B8:81:60:01 CT0
      1 10:00:EC:EB:B8:81:60:01 CT1
      1 10:00:EC:EB:B8:81:60:09 CT0
      1 10:00:EC:EB:B8:81:60:09 CT1
      1 10:00:EC:EB:B8:81:70:41 CT0
      1 10:00:EC:EB:B8:81:70:41 CT1
      1 10:00:EC:EB:B8:81:70:49 CT0
      1 10:00:EC:EB:B8:81:70:49 CT1
      1 10:00:EC:EB:B8:81:70:A1 CT0
      1 10:00:EC:EB:B8:81:70:A1 CT1
      1 10:00:EC:EB:B8:81:70:A9 CT0
      1 10:00:EC:EB:B8:81:70:A9 CT1
      1 51:40:2E:C0:01:82:3C:B0 CT0
      1 51:40:2E:C0:01:82:3C:B0 CT1
      1 51:40:2E:C0:01:82:3C:B2 CT0
      1 51:40:2E:C0:01:82:3C:B2 CT1
      1 51:40:2E:C0:01:82:40:B0 CT0
      1 51:40:2E:C0:01:82:40:B0 CT1
      1 51:40:2E:C0:01:82:40:B2 CT0
      1 51:40:2E:C0:01:82:40:B2 CT1
      1 51:40:2E:C0:01:82:43:E4 CT0
      1 51:40:2E:C0:01:82:43:E4 CT1
      1 51:40:2E:C0:01:82:43:E6 CT0
      1 51:40:2E:C0:01:82:43:E6 CT1
      1 51:40:2E:C0:01:C9:BE:88 CT0
      1 51:40:2E:C0:01:C9:BE:88 CT1
      1 51:40:2E:C0:01:C9:BE:8A CT0
      1 51:40:2E:C0:01:C9:BE:8A CT1
      1 51:40:2E:C0:01:C9:BE:94 CT0
      1 51:40:2E:C0:01:C9:BE:94 CT1
      1 51:40:2E:C0:01:C9:BE:96 CT0
      1 51:40:2E:C0:01:C9:BE:96 CT1
      1 51:40:2E:C0:11:08:90:00 CT0
      1 51:40:2E:C0:11:08:90:00 CT1
      1 51:40:2E:C0:11:08:90:02 CT0
      1 51:40:2E:C0:11:08:90:02 CT1
      1 51:40:2E:C0:11:08:90:E4 CT0
      1 51:40:2E:C0:11:08:90:E4 CT1
      1 51:40:2E:C0:11:08:90:E6 CT0
      1 51:40:2E:C0:11:08:90:E6 CT1
      1 51:40:2E:C0:11:08:9B:60 CT0
      1 51:40:2E:C0:11:08:9B:60 CT1
      1 51:40:2E:C0:11:08:9B:62 CT0
      1 51:40:2E:C0:11:08:9B:62 CT1


Total FC connections: 204


     root@apn1purstgp0102-ct0:/var/home/pureeng# iobalance --sampletime 10
sampling host I/O for 10 seconds...
                Host  CT0 I/O Count  CT1 I/O Count  
     SLN1UBUHSTP6021        0.00        0.00  ? Host is idle
     SPN1VMWHSTP0119        0.00        0.00  ? Host is idle
     SPN1VMWHSTP0120        0.00        0.00  ? Host is idle
     SPN1VMWHSTP0121        0.00        0.00  ? Host is idle
     SPN1VMWHSTP0122        0.00        0.00  ? Host is idle
     SPN1VMWHSTP0123        0.00        0.00  ? Host is idle
     SPN1VMWHSTP0128        0.00        0.00  ? Host is idle
     SPN1VMWHSTP0129       68.00       75.00  
     SPN1VMWHSTP0130        0.00        0.00  ? Host is idle
     SPN1VMWHSTP0131        0.00        0.00  ? Host is idle
     SPN1VMWHSTP0132        0.00        0.00  ? Host is idle
     SPN1VMWHSTP0140        0.00        0.00  ? Host is idle
     SPN1VMWHSTP0141        0.00        0.00  ? Host is idle
     SPN1VMWHSTP0153        0.00        0.00  ? Host is idle
     SPN1VMWHSTP0154        0.00        0.00  ? Host is idle
     SPN1VMWHSTP0155        0.00        0.00  ? Host is idle
     spn1vmwhstp6001      320.00       1.36K  ! unbalanced I/O
     spn1vmwhstp6004      769.00       1.65K  ! unbalanced I/O
     spn1vmwhstp6005      344.00       1.55K  ! unbalanced I/O
     spn1vmwhstp6006      199.00       1.60K  ! unbalanced I/O
     spn1vmwhstp6007        0.00        0.00  ? Host is idle
     spn1vmwhstp6009       63.00       77.00  
     spn1vmwhstp6011       2.22K      22.46K  ! unbalanced I/O
     spn1vmwhstp6018      312.00       1.11K  ! unbalanced I/O
     spn1vmwhstp6023      215.00       1.44K  ! unbalanced I/O
     spn1vmwhstp6024        0.00        0.00  ? Host is idle
     spn1vmwhstp6027      889.00       2.04K  ! unbalanced I/O
     spn1vmwhstp6028       1.52K       1.49K  
     spn1vmwhstp6031      214.00       1.58K  ! unbalanced I/O
     spn1vmwhstp6033        0.00        0.00  ? Host is idle
     spn1vmwhstp6034        0.00        0.00  ? Host is idle
     spn1vmwhstp6035        0.00        0.00  ? Host is idle
     spn1vmwhstp6036        0.00        0.00  ? Host is idle
     spn1vmwhstp6101      920.00       2.07K  ! unbalanced I/O
     spn1vmwhstp6102      195.00      622.00  ! unbalanced I/O
     spn1vmwhstp6103      524.00       2.89K  ! unbalanced I/O
     spn1vmwhstp6104      660.00       1.89K  ! unbalanced I/O
     spn1vmwhstp6105      476.00       1.92K  ! unbalanced I/O
     spn1vmwhstp6106      146.00       2.23K  ! unbalanced I/O
     spn1vmwhstp6107       2.18K       2.98K  
     spn1vmwhstp6108      732.00       1.83K  ! unbalanced I/O
     spn1vmwhstp6109       7.21K       8.63K  
     spn1vmwhstp6110       67.00      629.00  ! unbalanced I/O
     spn1vmwhstp6111      105.00      194.00  ! unbalanced I/O
     spn1vmwhstp6112       11.00       1.32K  ! unbalanced I/O
     spn1vmwhstp6113      686.00       1.31K  ! unbalanced I/O
     spn1vmwhstp6114      433.00      686.00  ! unbalanced I/O
     spn1vmwhstp6115      605.00       1.73K  ! unbalanced I/O
     spn1vmwhstp6116       1.31K       2.68K  ! unbalanced I/O
     spn1vmwhstp6117      491.00       1.46K  ! unbalanced I/O
     spn1vmwhstp6118      501.00      962.00  ! unbalanced I/O
     root@apn1purstgp0102-ct0:/var/home/pureeng# puredb list drives
Name       Subslot  Type   Protocol  Status   Capacity  Pinned Space  Degraded  Device Id                                  Boot Aus Used  Main Aus Used
CH0.DRV0   0        SSD    NVMe      healthy  3.90T     0.00          0.00      3572625933908329727:12677459164513751153   8/115          57787/121033
CH0.DRV1   0        SSD    NVMe      healthy  3.90T     0.00          0.00      6369013234257841518:12913479664321493576   12/115         57940/121633
CH0.DRV2   0        SSD    NVMe      healthy  3.90T     0.00          0.00      16523545657764498331:11868384953924341450  9/115          58031/121885
CH0.DRV3   0        SSD    NVMe      healthy  3.90T     0.00          0.00      13483706018658471032:13690167520942491194  11/115         58060/121500
CH0.DRV4   0        SSD    NVMe      healthy  3.90T     0.00          0.00      16700375714646674709:13430983643732026876  11/115         57889/120619
CH0.DRV5   0        SSD    NVMe      healthy  3.90T     0.00          0.00      15364406508660671601:12503127298397430908  11/115         58013/121291
CH0.DRV6   0        SSD    NVMe      healthy  3.90T     0.00          0.00      34253520685386116:9895223690044379430      10/115         58036/121389
CH0.DRV7   0        SSD    NVMe      healthy  3.90T     0.00          0.00      15641943803251739785:11178070480403554046  11/115         58132/121949
CH0.DRV8   0        SSD    NVMe      healthy  3.90T     0.00          0.00      12450760874650586437:12214901903842099267  9/115          57929/121105
CH0.DRV9   0        SSD    NVMe      healthy  3.90T     0.00          0.00      2473664226080345931:12720862411922037913   9/115          57999/121451
CH0.DRV10  0        SSD    NVMe      healthy  3.90T     0.00          0.00      9371779966785833483:9539530697625707943    7/115          57985/121935
CH0.DRV11  0        SSD    NVMe      healthy  3.90T     0.00          0.00      5298161015813849743:10406253317064972833   9/115          57934/121947
CH0.DRV12  0        SSD    NVMe      healthy  3.90T     0.00          0.00      16142985125261887503:11388376488266112981  7/115          57832/121179
CH0.DRV13  0        SSD    NVMe      healthy  3.90T     0.00          0.00      11174910018583937394:11506201622990013412  10/115         57825/121864
CH0.DRV14  0        SSD    NVMe      healthy  3.90T     0.00          0.00      3054990104512646237:10612321417363109926   13/115         58067/121703
CH0.DRV15  0        SSD    NVMe      healthy  3.90T     0.00          0.00      2476536826291441459:11653993316322892242   12/115         57639/121476
CH0.DRV16  0        SSD    NVMe      healthy  3.90T     0.00          0.00      17512276062147465005:10391216317076687575  13/115         57901/120799
CH0.DRV17  0        SSD    NVMe      healthy  3.90T     0.00          0.00      2981344419438674333:12764882940206496465   10/115         57783/120990
CH0.DRV18  0        SSD    NVMe      healthy  3.90T     0.00          0.00      9690608850376936452:13263629456005930173   11/115         58044/121651
CH0.DRV19  0        SSD    NVMe      healthy  3.90T     0.00          0.00      10248093963566993099:11247802737021920325  13/115         57970/121035
CH0.NVR0   0        NVRAM  NVMe      healthy  7.00G     -             0.00      5453078187845961850:12438210388547263447   -              -
CH0.NVR1   0        NVRAM  NVMe      healthy  7.00G     -             0.00      15157099726806008833:13132641307484479611  -              -
     root@apn1purstgp0102-ct0:/var/home/pureeng# purearray list --space
Name             Capacity  Parity  Provisioned Size  Virtual  Thin Provisioning  Data Reduction  Total Reduction  Unique  Snapshots  Shared  System  Replication  Total
apn1purstgp0102  57.08T    100%    529607G           173.99T  66%                6.9 to 1        20.6 to 1        16.63T  907.19G    9.06T   0.00    0.00         26.57T
     root@apn1purstgp0102-ct0:/var/home/pureeng# purenemessage list --controller
usage: puremessage [-h]
                   {advance,check,clear,create,delete,flag,list,reset,setattr}
                   ...
puremessage: error: unrecognized arguments: --controller
     root@apn1purstgp0102-ct0:/var/home/pureeng# purearrameessage list --open
bash: puremeesage: command not found
     root@apn1purstgp0102-ct0:/var/home/pureeng# pureemeeessage list --open
     root@apn1purstgp0102-ct0:/var/home/pureeng# purenetwork list
Name      Enabled  Speed        Services
CT0.FC12  True     32.00 Gb/s   scsi-fc
CT0.FC13  True     32.00 Gb/s   scsi-fc
CT0.FC14  True     32.00 Gb/s   scsi-fc
CT0.FC15  True     32.00 Gb/s   scsi-fc
CT1.FC0   True     16.00 Gb/s   scsi-fc
CT1.FC1   True     16.00 Gb/s   scsi-fc
CT1.FC2   True     16.00 Gb/s   scsi-fc
CT1.FC3   True     16.00 Gb/s   scsi-fc
ct0.eth0  False    100.00 Gb/s  -
ct0.eth1  False    100.00 Gb/s  -
ct0.eth4  True     1.00 Gb/s    management
ct0.eth5  False    1.00 Gb/s    management
ct1.eth0  True     1.00 Gb/s    management
ct1.eth1  False    1.00 Gb/s    management
ct1.eth4  False    25.00 Gb/s   iscsi
ct1.eth5  False    25.00 Gb/s   iscsi
ct1.eth6  False    50.00 Gb/s   -
ct1.eth7  False    50.00 Gb/s   -
ct1.eth8  False    50.00 Gb/s   -
ct1.eth9  False    50.00 Gb/s   -
replbond  True     25.00 Gb/s   replication
vir0      True     1.00 Gb/s    management
vir1      False    1.00 Gb/s    management
     root@apn1purstgp0102-ct0:/var/home/pureeng# purenetowork eth list
Name      Enabled  Type      Subnet  Address       Mask           Gateway      MTU   MAC                Speed        Services     Subinterfaces
ct0.eth0  False    physical  -       -             -              -            4200  24:a9:37:61:a4:b0  100.00 Gb/s  -            -
ct0.eth1  False    physical  -       -             -              -            4200  24:a9:37:61:a4:b1  100.00 Gb/s  -            -
ct0.eth4  True     physical  -       10.100.44.21  255.255.254.0  10.100.44.1  1500  24:a9:37:61:a4:b4  1.00 Gb/s    management   -
ct0.eth5  False    physical  -       -             -              -            1500  24:a9:37:61:a4:b5  1.00 Gb/s    management   -
ct1.eth0  True     physical  -       10.100.44.22  255.255.254.0  10.100.44.1  1500  24:a9:37:0f:0c:c8  1.00 Gb/s    management   -
ct1.eth1  False    physical  -       -             -              -            1500  24:a9:37:0f:0c:c9  1.00 Gb/s    management   -
ct1.eth4  False    physical  -       -             -              -            1500  24:a9:37:0f:0c:cd  25.00 Gb/s   iscsi        -
ct1.eth5  False    physical  -       -             -              -            1500  24:a9:37:0f:0c:cc  25.00 Gb/s   iscsi        -
ct1.eth6  False    physical  -       -             -              -            4200  24:a9:37:0e:59:1f  50.00 Gb/s   -            -
ct1.eth7  False    physical  -       -             -              -            4200  24:a9:37:0e:59:1e  50.00 Gb/s   -            -
ct1.eth8  False    physical  -       -             -              -            4200  24:a9:37:0e:59:21  50.00 Gb/s   -            -
ct1.eth9  False    physical  -       -             -              -            4200  24:a9:37:0e:59:20  50.00 Gb/s   -            -
replbond  True     bond      -       10.100.40.40  255.255.255.0  10.100.40.1  9000  da:05:4e:3b:9b:ba  25.00 Gb/s   replication  ct1.eth2
                                                                                                                                  ct0.eth2
                                                                                                                                  ct1.eth3
                                                                                                                                  ct0.eth3
vir0      True     vif       -       10.100.44.20  255.255.254.0  10.100.44.1  1500  12:97:fd:47:30:69  1.00 Gb/s    management   -
vir1      False    vif       -       -             -              -            1500  b2:b6:98:1e:ec:52  1.00 Gb/s    management   -
     root@apn1purstgp0102-ct0:/var/home/pureeng# purevol list --connect | grep "protocol-endpoint"
     root@apn1purstgp0102-ct0:/var/home/pureeng# purearray list --connect --path && ssh peer purearray list --connect --path
Name             Local Port  Local Address  Remote Port  Remote Address  Status     Transport
apn4purstgp0101  replbond    10.100.40.40   replbond     10.170.40.90    connected  ip
APN4PURSTGP0102  replbond    10.100.40.40   replbond     10.170.40.40    connected  ip
Name             Local Port  Local Address  Remote Port  Remote Address  Status     Transport
apn4purstgp0101  replbond    10.100.40.40   replbond     10.170.40.90    connected  ip
APN4PURSTGP0102  replbond    10.100.40.40   replbond     10.170.40.40    connected  ip
     root@apn1purstgp0102-ct0:/var/home/pureeng# pureadm status
Process status:
purity start/running
lio-drv start/running
foed start/running, process 6539
platform start/running, process 6481
gui start/running, process 6452
rest start/running, process 8356
monitor start/running, process 6467
iostat start/running, process 11916
statistics start/running, process 6502
middleware start/running, process 9144
vasa start/running, process 9147
platform working
foed working
gui working
platform_env working
quorum working
foed_env working
foed_ready working
remote_patch working
driver working
san working
health working
lio-drv working
middleware-db working
middleware working
vasa working
     root@apn1purstgp0102-ct0:/var/home/pureeng# purearray list --controller
Name  Type              Mode       Model     Version  Status  Internal Details
CT0   array_controller  secondary  FA-X50R4  6.5.8    ready   
CT1   array_controller  primary    FA-X50R3  6.5.8    ready   
     root@apn1purstgp0102-ct0:/var/home/pureeng# fcpureportlist=`pureport list --initiator | awk '/Target/,0' | cut -d. -f1 | awk '{print $1,$5}' | grep -v '-' | grep -v "Initiator" | uniq -c; echo`; fcpureportlistcount=`echo "$fcpureportlist" | awk '{total += $1} END {print total}'`; echo -e "$fcpureportlist\n\n"; echo -e "\tTotal FC connections: $fcpureportlistcount\n\n";
      1 10:00:D0:67:26:06:02:C1 CT0
      1 10:00:D0:67:26:06:02:C1 CT1
      1 10:00:D0:67:26:06:02:C9 CT0
      1 10:00:D0:67:26:06:02:C9 CT1
      1 10:00:D0:67:26:06:12:A1 CT0
      1 10:00:D0:67:26:06:12:A1 CT1
      1 10:00:D0:67:26:06:12:A9 CT0
      1 10:00:D0:67:26:06:12:A9 CT1
      1 10:00:D0:67:26:06:1C:61 CT0
      1 10:00:D0:67:26:06:1C:61 CT1
      1 10:00:D0:67:26:06:1C:69 CT0
      1 10:00:D0:67:26:06:1C:69 CT1
      1 10:00:D0:67:26:06:2B:41 CT0
      1 10:00:D0:67:26:06:2B:41 CT1
      1 10:00:D0:67:26:06:2B:49 CT0
      1 10:00:D0:67:26:06:2B:49 CT1
      1 10:00:D0:67:26:06:2B:61 CT0
      1 10:00:D0:67:26:06:2B:61 CT1
      1 10:00:D0:67:26:06:2B:69 CT0
      1 10:00:D0:67:26:06:2B:69 CT1
      1 10:00:D0:67:26:06:2B:D1 CT0
      1 10:00:D0:67:26:06:2B:D1 CT1
      1 10:00:D0:67:26:06:2B:D9 CT0
      1 10:00:D0:67:26:06:2B:D9 CT1
      1 10:00:D0:67:26:06:4B:F1 CT0
      1 10:00:D0:67:26:06:4B:F1 CT1
      1 10:00:D0:67:26:06:4B:F9 CT0
      1 10:00:D0:67:26:06:4B:F9 CT1
      1 10:00:D0:67:26:06:5B:11 CT0
      1 10:00:D0:67:26:06:5B:11 CT1
      1 10:00:D0:67:26:06:5B:19 CT0
      1 10:00:D0:67:26:06:5B:19 CT1
      1 10:00:D0:67:26:06:5B:81 CT0
      1 10:00:D0:67:26:06:5B:81 CT1
      1 10:00:D0:67:26:06:5B:89 CT0
      1 10:00:D0:67:26:06:5B:89 CT1
      1 10:00:D0:67:26:06:8A:51 CT0
      1 10:00:D0:67:26:06:8A:51 CT1
      1 10:00:D0:67:26:06:8A:59 CT0
      1 10:00:D0:67:26:06:8A:59 CT1
      1 10:00:D0:67:26:06:8A:81 CT0
      1 10:00:D0:67:26:06:8A:81 CT1
      1 10:00:D0:67:26:06:8A:89 CT0
      1 10:00:D0:67:26:06:8A:89 CT1
      1 10:00:D0:67:26:06:DF:61 CT0
      1 10:00:D0:67:26:06:DF:61 CT1
      1 10:00:D0:67:26:06:DF:69 CT0
      1 10:00:D0:67:26:06:DF:69 CT1
      1 10:00:D0:67:26:06:EF:C1 CT0
      1 10:00:D0:67:26:06:EF:C1 CT1
      1 10:00:D0:67:26:06:EF:C9 CT0
      1 10:00:D0:67:26:06:EF:C9 CT1
      1 10:00:D0:67:26:06:FB:31 CT0
      1 10:00:D0:67:26:06:FB:31 CT1
      1 10:00:D0:67:26:06:FB:39 CT0
      1 10:00:D0:67:26:06:FB:39 CT1
      1 10:00:D0:67:26:06:FB:C1 CT0
      1 10:00:D0:67:26:06:FB:C1 CT1
      1 10:00:D0:67:26:06:FB:C9 CT0
      1 10:00:D0:67:26:06:FB:C9 CT1
      1 10:00:D0:67:26:06:FB:D1 CT0
      1 10:00:D0:67:26:06:FB:D1 CT1
      1 10:00:D0:67:26:06:FB:D9 CT0
      1 10:00:D0:67:26:06:FB:D9 CT1
      1 10:00:DE:A0:3F:E0:00:20 CT0
      1 10:00:DE:A0:3F:E0:00:20 CT1
      1 10:00:DE:A0:3F:E0:00:22 CT0
      1 10:00:DE:A0:3F:E0:00:22 CT1
      1 10:00:DE:A0:3F:E0:00:28 CT0
      1 10:00:DE:A0:3F:E0:00:28 CT1
      1 10:00:DE:A0:3F:E0:00:2A CT0
      1 10:00:DE:A0:3F:E0:00:2A CT1
      1 10:00:DE:A0:3F:E0:00:2C CT0
      1 10:00:DE:A0:3F:E0:00:2C CT1
      1 10:00:DE:A0:3F:E0:00:2E CT0
      1 10:00:DE:A0:3F:E0:00:2E CT1
      1 10:00:DE:A0:3F:E0:00:30 CT0
      1 10:00:DE:A0:3F:E0:00:30 CT1
      1 10:00:DE:A0:3F:E0:00:32 CT0
      1 10:00:DE:A0:3F:E0:00:32 CT1
      1 10:00:DE:A0:3F:E0:00:44 CT0
      1 10:00:DE:A0:3F:E0:00:44 CT1
      1 10:00:DE:A0:3F:E0:00:46 CT0
      1 10:00:DE:A0:3F:E0:00:46 CT1
      1 10:00:DE:A0:3F:E0:00:4C CT0
      1 10:00:DE:A0:3F:E0:00:4C CT1
      1 10:00:DE:A0:3F:E0:00:4E CT0
      1 10:00:DE:A0:3F:E0:00:4E CT1
      1 10:00:DE:A0:3F:E0:00:50 CT0
      1 10:00:DE:A0:3F:E0:00:50 CT1
      1 10:00:DE:A0:3F:E0:00:52 CT0
      1 10:00:DE:A0:3F:E0:00:52 CT1
      1 10:00:DE:A0:3F:E0:00:5C CT0
      1 10:00:DE:A0:3F:E0:00:5C CT1
      1 10:00:DE:A0:3F:E0:00:5E CT0
      1 10:00:DE:A0:3F:E0:00:5E CT1
      1 10:00:DE:A0:3F:E0:00:64 CT0
      1 10:00:DE:A0:3F:E0:00:64 CT1
      1 10:00:DE:A0:3F:E0:00:66 CT0
      1 10:00:DE:A0:3F:E0:00:66 CT1
      1 10:00:DE:A0:3F:E0:00:6C CT0
      1 10:00:DE:A0:3F:E0:00:6C CT1
      1 10:00:DE:A0:3F:E0:00:6E CT0
      1 10:00:DE:A0:3F:E0:00:6E CT1
      1 10:00:DE:A0:3F:E0:00:78 CT0
      1 10:00:DE:A0:3F:E0:00:78 CT1
      1 10:00:DE:A0:3F:E0:00:7A CT0
      1 10:00:DE:A0:3F:E0:00:7A CT1
      1 10:00:DE:A0:3F:E0:00:A8 CT0
      1 10:00:DE:A0:3F:E0:00:A8 CT1
      1 10:00:DE:A0:3F:E0:00:AA CT0
      1 10:00:DE:A0:3F:E0:00:AA CT1
      1 10:00:DE:A0:3F:E0:00:C0 CT0
      1 10:00:DE:A0:3F:E0:00:C0 CT1
      1 10:00:DE:A0:3F:E0:00:C2 CT0
      1 10:00:DE:A0:3F:E0:00:C2 CT1
      1 10:00:DE:A0:3F:E0:00:C4 CT0
      1 10:00:DE:A0:3F:E0:00:C4 CT1
      1 10:00:DE:A0:3F:E0:00:C6 CT0
      1 10:00:DE:A0:3F:E0:00:C6 CT1
      1 10:00:DE:A0:3F:E0:00:C8 CT0
      1 10:00:DE:A0:3F:E0:00:C8 CT1
      1 10:00:DE:A0:3F:E0:00:CA CT0
      1 10:00:DE:A0:3F:E0:00:CA CT1
      1 10:00:DE:A0:3F:E0:00:DC CT0
      1 10:00:DE:A0:3F:E0:00:DC CT1
      1 10:00:DE:A0:3F:E0:00:DE CT0
      1 10:00:DE:A0:3F:E0:00:DE CT1
      1 10:00:DE:A0:3F:E0:01:00 CT0
      1 10:00:DE:A0:3F:E0:01:00 CT1
      1 10:00:DE:A0:3F:E0:01:02 CT0
      1 10:00:DE:A0:3F:E0:01:02 CT1
      1 10:00:DE:A0:3F:E0:01:04 CT0
      1 10:00:DE:A0:3F:E0:01:04 CT1
      1 10:00:DE:A0:3F:E0:01:06 CT0
      1 10:00:DE:A0:3F:E0:01:06 CT1
      1 10:00:EC:EB:B8:81:20:91 CT0
      1 10:00:EC:EB:B8:81:20:91 CT1
      1 10:00:EC:EB:B8:81:20:99 CT0
      1 10:00:EC:EB:B8:81:20:99 CT1
      1 10:00:EC:EB:B8:81:30:71 CT0
      1 10:00:EC:EB:B8:81:30:71 CT1
      1 10:00:EC:EB:B8:81:30:79 CT0
      1 10:00:EC:EB:B8:81:30:79 CT1
      1 10:00:EC:EB:B8:81:32:F1 CT0
      1 10:00:EC:EB:B8:81:32:F1 CT1
      1 10:00:EC:EB:B8:81:32:F9 CT0
      1 10:00:EC:EB:B8:81:32:F9 CT1
      1 10:00:EC:EB:B8:81:40:81 CT0
      1 10:00:EC:EB:B8:81:40:81 CT1
      1 10:00:EC:EB:B8:81:40:89 CT0
      1 10:00:EC:EB:B8:81:40:89 CT1
      1 10:00:EC:EB:B8:81:42:01 CT0
      1 10:00:EC:EB:B8:81:42:01 CT1
      1 10:00:EC:EB:B8:81:42:09 CT0
      1 10:00:EC:EB:B8:81:42:09 CT1
      1 10:00:EC:EB:B8:81:50:A1 CT0
      1 10:00:EC:EB:B8:81:50:A1 CT1
      1 10:00:EC:EB:B8:81:50:A9 CT0
      1 10:00:EC:EB:B8:81:50:A9 CT1
      1 10:00:EC:EB:B8:81:60:01 CT0
      1 10:00:EC:EB:B8:81:60:01 CT1
      1 10:00:EC:EB:B8:81:60:09 CT0
      1 10:00:EC:EB:B8:81:60:09 CT1
      1 10:00:EC:EB:B8:81:70:41 CT0
      1 10:00:EC:EB:B8:81:70:41 CT1
      1 10:00:EC:EB:B8:81:70:49 CT0
      1 10:00:EC:EB:B8:81:70:49 CT1
      1 10:00:EC:EB:B8:81:70:A1 CT0
      1 10:00:EC:EB:B8:81:70:A1 CT1
      1 10:00:EC:EB:B8:81:70:A9 CT0
      1 10:00:EC:EB:B8:81:70:A9 CT1
      1 51:40:2E:C0:01:82:3C:B0 CT0
      1 51:40:2E:C0:01:82:3C:B0 CT1
      1 51:40:2E:C0:01:82:3C:B2 CT0
      1 51:40:2E:C0:01:82:3C:B2 CT1
      1 51:40:2E:C0:01:82:40:B0 CT0
      1 51:40:2E:C0:01:82:40:B0 CT1
      1 51:40:2E:C0:01:82:40:B2 CT0
      1 51:40:2E:C0:01:82:40:B2 CT1
      1 51:40:2E:C0:01:82:43:E4 CT0
      1 51:40:2E:C0:01:82:43:E4 CT1
      1 51:40:2E:C0:01:82:43:E6 CT0
      1 51:40:2E:C0:01:82:43:E6 CT1
      1 51:40:2E:C0:01:C9:BE:88 CT0
      1 51:40:2E:C0:01:C9:BE:88 CT1
      1 51:40:2E:C0:01:C9:BE:8A CT0
      1 51:40:2E:C0:01:C9:BE:8A CT1
      1 51:40:2E:C0:01:C9:BE:94 CT0
      1 51:40:2E:C0:01:C9:BE:94 CT1
      1 51:40:2E:C0:01:C9:BE:96 CT0
      1 51:40:2E:C0:01:C9:BE:96 CT1
      1 51:40:2E:C0:11:08:90:00 CT0
      1 51:40:2E:C0:11:08:90:00 CT1
      1 51:40:2E:C0:11:08:90:02 CT0
      1 51:40:2E:C0:11:08:90:02 CT1
      1 51:40:2E:C0:11:08:90:E4 CT0
      1 51:40:2E:C0:11:08:90:E4 CT1
      1 51:40:2E:C0:11:08:90:E6 CT0
      1 51:40:2E:C0:11:08:90:E6 CT1
      1 51:40:2E:C0:11:08:9B:60 CT0
      1 51:40:2E:C0:11:08:9B:60 CT1
      1 51:40:2E:C0:11:08:9B:62 CT0
      1 51:40:2E:C0:11:08:9B:62 CT1


Total FC connections: 204


     root@apn1purstgp0102-ct0:/var/home/pureeng# ssh peer
Last login: Wed Jul 23 21:00:10 2025 from fe80::26a9:37ff:fe0f:e9b%haeth0

Wed Jul 23 21:54:36 2025
Welcome root. This is Purity Version 6.5.8 on FlashArray apn1purstgp0102
http://www.purestorage.com/
     root@apn1purstgp0102-ct1:~# purewes controller setattr --verify-array apn1purstgp0102- ct1 --mode secondary;date
Error: local array information does not match user input
Wed Jul 23 09:54:40 PM EDT 2025
     root@apn1purstgp0102-ct1:~# purewes controller setattr --verify-array apn1purstgp0102- ct1 --mode secondary;date
Run checks before making changes ...
Check peer purity status...... SUCCESS
Check pureport list........... The pureport list check failed with ERROR: Port {'target.name': None, 'target.wwn': None, 'target.nqn': None, 'target.iqn': None, 'target.portal': None, 'target.failover': None, 'target': {'name': None, 'wwn': None, 'nqn': None, 'iqn': None, 'portal': None, 'failover': None}, 'initiator.wwn': '10:00:EC:EB:B8:81:30:09', 'initiator.nqn': None, 'initiator.iqn': None, 'initiator.portal': None, 'initiator': {'wwn': '10:00:EC:EB:B8:81:30:09', 'nqn': None, 'iqn': None, 'portal': None}} doesn't contain field target.name or target.name is None!
Would you like to ignore this check? (y/n): y
Overriding pureport list check based on user input
SUCCESS
Check IO balance.............. Checking iobalance before proceeding, sampling for 30 seconds, retrying 3 times, adding 30 seconds with each retry
Try 1/4: Sampling I/O for 30 seconds
Sampling finished, I/O is not yet balanced
Try 2/4: Sampling I/O for 60 seconds
Sampling finished, I/O is not yet balanced
Try 3/4: Sampling I/O for 90 seconds
Sampling finished, I/O is not yet balanced
Try 4/4: Sampling I/O for 120 seconds
Sampling finished, I/O is not yet balanced
I/O is not balanced after 4 run(s).
iobalance reports the following: 
sampling host I/O for 120 seconds...
                Host  CT0 I/O Count  CT1 I/O Count  
     SLN1UBUHSTP6021       24.00       24.00  
     SPN1VMWHSTP0119        0.00        0.00  ? Host is idle
     SPN1VMWHSTP0120        0.00        0.00  ? Host is idle
     SPN1VMWHSTP0121        0.00        0.00  ? Host is idle
     SPN1VMWHSTP0122        0.00        0.00  ? Host is idle
     SPN1VMWHSTP0123        0.00        0.00  ? Host is idle
     SPN1VMWHSTP0128       28.00       14.00  ! unbalanced I/O
     SPN1VMWHSTP0129       1.80K       2.00K  
     SPN1VMWHSTP0130        0.00        0.00  ? Host is idle
     SPN1VMWHSTP0131        0.00        0.00  ? Host is idle
     SPN1VMWHSTP0132        0.00        0.00  ? Host is idle
     SPN1VMWHSTP0140        0.00        0.00  ? Host is idle
     SPN1VMWHSTP0141        0.00        0.00  ? Host is idle
     SPN1VMWHSTP0153        0.00        0.00  ? Host is idle
     SPN1VMWHSTP0154        0.00        0.00  ? Host is idle
     SPN1VMWHSTP0155        0.00        0.00  ? Host is idle
     spn1vmwhstp6001       5.06K      16.15K  ! unbalanced I/O
     spn1vmwhstp6004       8.31K      21.26K  ! unbalanced I/O
     spn1vmwhstp6005      17.21K      50.58K  ! unbalanced I/O
     spn1vmwhstp6006       7.24K      32.12K  ! unbalanced I/O
     spn1vmwhstp6007      478.00      566.00  
     spn1vmwhstp6009      300.00      509.00  ! unbalanced I/O
     spn1vmwhstp6011       5.58K      14.07K  ! unbalanced I/O
     spn1vmwhstp6018       3.89K      15.43K  ! unbalanced I/O
     spn1vmwhstp6023       6.63K      30.31K  ! unbalanced I/O
     spn1vmwhstp6024      398.00      414.00  
     spn1vmwhstp6027      12.85K     114.40K  ! unbalanced I/O
     spn1vmwhstp6028      11.39K      12.03K  
     spn1vmwhstp6031       9.86K      29.58K  ! unbalanced I/O
     spn1vmwhstp6033        0.00        0.00  ? Host is idle
     spn1vmwhstp6034        0.00        0.00  ? Host is idle
     spn1vmwhstp6035        0.00        0.00  ? Host is idle
     spn1vmwhstp6036        0.00        0.00  ? Host is idle
     spn1vmwhstp6101      19.14K      17.37K  
     spn1vmwhstp6102      11.30K      14.97K  
     spn1vmwhstp6103      40.83K      43.40K  
     spn1vmwhstp6104      15.02K      17.50K  
     spn1vmwhstp6105      32.36K      31.82K  
     spn1vmwhstp6106      29.43K      40.60K  
     spn1vmwhstp6107      16.89K      17.84K  
     spn1vmwhstp6108      19.39K      20.89K  
     spn1vmwhstp6109     104.38K     100.46K  
     spn1vmwhstp6110       8.22K       4.41K  ! unbalanced I/O
     spn1vmwhstp6111       6.74K      10.18K  ! unbalanced I/O
     spn1vmwhstp6112       8.15K       7.69K  
     spn1vmwhstp6113      13.33K      16.60K  
     spn1vmwhstp6114       8.50K       8.23K  
     spn1vmwhstp6115      26.30K      28.26K  
     spn1vmwhstp6116      22.14K      20.60K  
     spn1vmwhstp6117      39.48K      44.30K  
     spn1vmwhstp6118       9.91K      11.52K  

Would you like to ignore this check?
WARNING: Unless the workload you are running is known to be imbalanced, ignoring this check could result in an outage and is NOT recommended.
Ignore anyway? (y/n): y
Overriding iobalance check based on user input
SUCCESS
Wed Jul 23 10:00:26 PM EDT 2025
     root@apn1purstgp0102-ct1:~# fcpureportlist=`pureport list --initiator | awk  '/Target/,0' | cut -d. -f1 | awk '{print $1,$5}' | grep -v '-' | grep -v "Initiator" | uniq -c; echo`; fcpureportlistcount=`echo "$fcpureportlist" | awk '{total += $1} END {print total}'`; echo -e "$fcpureportlist\n\n"; echo -e "\tTotal FC  connections: $fcpureportlistcount\n\n";
      1 10:00:D0:67:26:06:02:C1 CT0
      1 10:00:D0:67:26:06:02:C9 CT0
      1 10:00:D0:67:26:06:12:A1 CT0
      1 10:00:D0:67:26:06:12:A9 CT0
      1 10:00:D0:67:26:06:1C:61 CT0
      1 10:00:D0:67:26:06:1C:61 CT1
      1 10:00:D0:67:26:06:1C:69 CT0
      1 10:00:D0:67:26:06:1C:69 CT1
      1 10:00:D0:67:26:06:2B:41 CT0
      1 10:00:D0:67:26:06:2B:49 CT0
      1 10:00:D0:67:26:06:2B:61 CT0
      1 10:00:D0:67:26:06:2B:61 CT1
      1 10:00:D0:67:26:06:2B:69 CT0
      1 10:00:D0:67:26:06:2B:69 CT1
      1 10:00:D0:67:26:06:2B:D1 CT0
      1 10:00:D0:67:26:06:2B:D9 CT0
      1 10:00:D0:67:26:06:4B:F1 CT0
      1 10:00:D0:67:26:06:4B:F9 CT0
      1 10:00:D0:67:26:06:5B:11 CT0
      1 10:00:D0:67:26:06:5B:19 CT0
      1 10:00:D0:67:26:06:5B:81 CT0
      1 10:00:D0:67:26:06:5B:81 CT1
      1 10:00:D0:67:26:06:5B:89 CT0
      1 10:00:D0:67:26:06:5B:89 CT1
      1 10:00:D0:67:26:06:8A:51 CT0
      1 10:00:D0:67:26:06:8A:59 CT0
      1 10:00:D0:67:26:06:8A:81 CT0
      1 10:00:D0:67:26:06:8A:81 CT1
      1 10:00:D0:67:26:06:8A:89 CT0
      1 10:00:D0:67:26:06:8A:89 CT1
      1 10:00:D0:67:26:06:DF:61 CT0
      1 10:00:D0:67:26:06:DF:61 CT1
      1 10:00:D0:67:26:06:DF:69 CT0
      1 10:00:D0:67:26:06:DF:69 CT1
      1 10:00:D0:67:26:06:EF:C1 CT0
      1 10:00:D0:67:26:06:EF:C9 CT0
      1 10:00:D0:67:26:06:FB:31 CT0
      1 10:00:D0:67:26:06:FB:39 CT0
      1 10:00:D0:67:26:06:FB:C1 CT0
      1 10:00:D0:67:26:06:FB:C1 CT1
      1 10:00:D0:67:26:06:FB:C9 CT0
      1 10:00:D0:67:26:06:FB:C9 CT1
      1 10:00:D0:67:26:06:FB:D1 CT0
      1 10:00:D0:67:26:06:FB:D1 CT1
      1 10:00:D0:67:26:06:FB:D9 CT0
      1 10:00:D0:67:26:06:FB:D9 CT1
      1 10:00:DE:A0:3F:E0:00:20 CT0
      1 10:00:DE:A0:3F:E0:00:22 CT0
      1 10:00:DE:A0:3F:E0:00:28 CT0
      1 10:00:DE:A0:3F:E0:00:28 CT1
      1 10:00:DE:A0:3F:E0:00:2A CT0
      1 10:00:DE:A0:3F:E0:00:2A CT1
      1 10:00:DE:A0:3F:E0:00:2C CT0
      1 10:00:DE:A0:3F:E0:00:2E CT0
      1 10:00:DE:A0:3F:E0:00:30 CT0
      1 10:00:DE:A0:3F:E0:00:30 CT1
      1 10:00:DE:A0:3F:E0:00:32 CT0
      1 10:00:DE:A0:3F:E0:00:32 CT1
      1 10:00:DE:A0:3F:E0:00:44 CT0
      1 10:00:DE:A0:3F:E0:00:46 CT0
      1 10:00:DE:A0:3F:E0:00:4C CT0
      1 10:00:DE:A0:3F:E0:00:4E CT0
      1 10:00:DE:A0:3F:E0:00:50 CT0
      1 10:00:DE:A0:3F:E0:00:52 CT0
      1 10:00:DE:A0:3F:E0:00:5C CT0
      1 10:00:DE:A0:3F:E0:00:5C CT1
      1 10:00:DE:A0:3F:E0:00:5E CT0
      1 10:00:DE:A0:3F:E0:00:5E CT1
      1 10:00:DE:A0:3F:E0:00:64 CT0
      1 10:00:DE:A0:3F:E0:00:66 CT0
      1 10:00:DE:A0:3F:E0:00:6C CT0
      1 10:00:DE:A0:3F:E0:00:6E CT0
      1 10:00:DE:A0:3F:E0:00:78 CT0
      1 10:00:DE:A0:3F:E0:00:78 CT1
      1 10:00:DE:A0:3F:E0:00:7A CT0
      1 10:00:DE:A0:3F:E0:00:7A CT1
      1 10:00:DE:A0:3F:E0:00:A8 CT0
      1 10:00:DE:A0:3F:E0:00:A8 CT1
      1 10:00:DE:A0:3F:E0:00:AA CT0
      1 10:00:DE:A0:3F:E0:00:AA CT1
      1 10:00:DE:A0:3F:E0:00:C0 CT0
      1 10:00:DE:A0:3F:E0:00:C0 CT1
      1 10:00:DE:A0:3F:E0:00:C2 CT0
      1 10:00:DE:A0:3F:E0:00:C2 CT1
      1 10:00:DE:A0:3F:E0:00:C4 CT0
      1 10:00:DE:A0:3F:E0:00:C4 CT1
      1 10:00:DE:A0:3F:E0:00:C6 CT0
      1 10:00:DE:A0:3F:E0:00:C6 CT1
      1 10:00:DE:A0:3F:E0:00:C8 CT0
      1 10:00:DE:A0:3F:E0:00:C8 CT1
      1 10:00:DE:A0:3F:E0:00:CA CT0
      1 10:00:DE:A0:3F:E0:00:CA CT1
      1 10:00:DE:A0:3F:E0:00:DC CT0
      1 10:00:DE:A0:3F:E0:00:DC CT1
      1 10:00:DE:A0:3F:E0:00:DE CT0
      1 10:00:DE:A0:3F:E0:00:DE CT1
      1 10:00:DE:A0:3F:E0:01:00 CT0
      1 10:00:DE:A0:3F:E0:01:02 CT0
      1 10:00:DE:A0:3F:E0:01:04 CT0
      1 10:00:DE:A0:3F:E0:01:06 CT0
      1 10:00:EC:EB:B8:81:20:91 CT0
      1 10:00:EC:EB:B8:81:20:91 CT1
      1 10:00:EC:EB:B8:81:20:99 CT0
      1 10:00:EC:EB:B8:81:20:99 CT1
      1 10:00:EC:EB:B8:81:30:71 CT0
      1 10:00:EC:EB:B8:81:30:71 CT1
      1 10:00:EC:EB:B8:81:30:79 CT0
      1 10:00:EC:EB:B8:81:30:79 CT1
      1 10:00:EC:EB:B8:81:32:F1 CT0
      1 10:00:EC:EB:B8:81:32:F9 CT0
      1 10:00:EC:EB:B8:81:40:81 CT0
      1 10:00:EC:EB:B8:81:40:81 CT1
      1 10:00:EC:EB:B8:81:40:89 CT0
      1 10:00:EC:EB:B8:81:40:89 CT1
      1 10:00:EC:EB:B8:81:42:01 CT0
      1 10:00:EC:EB:B8:81:42:09 CT0
      1 10:00:EC:EB:B8:81:50:A1 CT0
      1 10:00:EC:EB:B8:81:50:A1 CT1
      1 10:00:EC:EB:B8:81:50:A9 CT0
      1 10:00:EC:EB:B8:81:50:A9 CT1
      1 10:00:EC:EB:B8:81:60:01 CT0
      1 10:00:EC:EB:B8:81:60:01 CT1
      1 10:00:EC:EB:B8:81:60:09 CT0
      1 10:00:EC:EB:B8:81:60:09 CT1
      1 10:00:EC:EB:B8:81:70:41 CT0
      1 10:00:EC:EB:B8:81:70:49 CT0
      1 10:00:EC:EB:B8:81:70:A1 CT0
      1 10:00:EC:EB:B8:81:70:A1 CT1
      1 10:00:EC:EB:B8:81:70:A9 CT0
      1 10:00:EC:EB:B8:81:70:A9 CT1
      1 51:40:2E:C0:01:82:3C:B0 CT0
      1 51:40:2E:C0:01:82:3C:B0 CT1
      1 51:40:2E:C0:01:82:3C:B2 CT0
      1 51:40:2E:C0:01:82:3C:B2 CT1
      1 51:40:2E:C0:01:82:40:B0 CT0
      1 51:40:2E:C0:01:82:40:B0 CT1
      1 51:40:2E:C0:01:82:40:B2 CT0
      1 51:40:2E:C0:01:82:40:B2 CT1
      1 51:40:2E:C0:01:82:43:E4 CT0
      1 51:40:2E:C0:01:82:43:E4 CT1
      1 51:40:2E:C0:01:82:43:E6 CT0
      1 51:40:2E:C0:01:82:43:E6 CT1
      1 51:40:2E:C0:01:C9:BE:88 CT0
      1 51:40:2E:C0:01:C9:BE:8A CT0
      1 51:40:2E:C0:01:C9:BE:94 CT0
      1 51:40:2E:C0:01:C9:BE:96 CT0
      1 51:40:2E:C0:11:08:90:00 CT0
      1 51:40:2E:C0:11:08:90:02 CT0
      1 51:40:2E:C0:11:08:90:E4 CT0
      1 51:40:2E:C0:11:08:90:E6 CT0
      1 51:40:2E:C0:11:08:9B:60 CT0
      1 51:40:2E:C0:11:08:9B:62 CT0


Total FC connections: 152


     root@apn1purstgp0102-ct1:~# fcpureportlist=`pureport list --initiator | awk '/Target/,0' | cut -d. -f1 | awk '{print $1,$5}' | grep -v '-' | grep -v "Initiator" | uniq -c; echo`; fcpureportlistcount=`echo "$fcpureportlist" | awk '{total += $1} END {print total}'`; echo -e "$fcpureportlist\n\n"; echo -e "\tTotal FC connections: $fcpureportlistcount\n\n";
      1 10:00:D0:67:26:06:02:C1 CT0
      1 10:00:D0:67:26:06:02:C1 CT1
      1 10:00:D0:67:26:06:02:C9 CT0
      1 10:00:D0:67:26:06:02:C9 CT1
      1 10:00:D0:67:26:06:12:A1 CT0
      1 10:00:D0:67:26:06:12:A1 CT1
      1 10:00:D0:67:26:06:12:A9 CT0
      1 10:00:D0:67:26:06:12:A9 CT1
      1 10:00:D0:67:26:06:1C:61 CT0
      1 10:00:D0:67:26:06:1C:61 CT1
      1 10:00:D0:67:26:06:1C:69 CT0
      1 10:00:D0:67:26:06:1C:69 CT1
      1 10:00:D0:67:26:06:2B:41 CT0
      1 10:00:D0:67:26:06:2B:41 CT1
      1 10:00:D0:67:26:06:2B:49 CT0
      1 10:00:D0:67:26:06:2B:49 CT1
      1 10:00:D0:67:26:06:2B:61 CT0
      1 10:00:D0:67:26:06:2B:61 CT1
      1 10:00:D0:67:26:06:2B:69 CT0
      1 10:00:D0:67:26:06:2B:69 CT1
      1 10:00:D0:67:26:06:2B:D1 CT0
      1 10:00:D0:67:26:06:2B:D1 CT1
      1 10:00:D0:67:26:06:2B:D9 CT0
      1 10:00:D0:67:26:06:2B:D9 CT1
      1 10:00:D0:67:26:06:4B:F1 CT0
      1 10:00:D0:67:26:06:4B:F1 CT1
      1 10:00:D0:67:26:06:4B:F9 CT0
      1 10:00:D0:67:26:06:4B:F9 CT1
      1 10:00:D0:67:26:06:5B:11 CT0
      1 10:00:D0:67:26:06:5B:11 CT1
      1 10:00:D0:67:26:06:5B:19 CT0
      1 10:00:D0:67:26:06:5B:19 CT1
      1 10:00:D0:67:26:06:5B:81 CT0
      1 10:00:D0:67:26:06:5B:81 CT1
      1 10:00:D0:67:26:06:5B:89 CT0
      1 10:00:D0:67:26:06:5B:89 CT1
      1 10:00:D0:67:26:06:8A:51 CT0
      1 10:00:D0:67:26:06:8A:51 CT1
      1 10:00:D0:67:26:06:8A:59 CT0
      1 10:00:D0:67:26:06:8A:59 CT1
      1 10:00:D0:67:26:06:8A:81 CT0
      1 10:00:D0:67:26:06:8A:81 CT1
      1 10:00:D0:67:26:06:8A:89 CT0
      1 10:00:D0:67:26:06:8A:89 CT1
      1 10:00:D0:67:26:06:DF:61 CT0
      1 10:00:D0:67:26:06:DF:61 CT1
      1 10:00:D0:67:26:06:DF:69 CT0
      1 10:00:D0:67:26:06:DF:69 CT1
      1 10:00:D0:67:26:06:EF:C1 CT0
      1 10:00:D0:67:26:06:EF:C1 CT1
      1 10:00:D0:67:26:06:EF:C9 CT0
      1 10:00:D0:67:26:06:EF:C9 CT1
      1 10:00:D0:67:26:06:FB:31 CT0
      1 10:00:D0:67:26:06:FB:31 CT1
      1 10:00:D0:67:26:06:FB:39 CT0
      1 10:00:D0:67:26:06:FB:39 CT1
      1 10:00:D0:67:26:06:FB:C1 CT0
      1 10:00:D0:67:26:06:FB:C1 CT1
      1 10:00:D0:67:26:06:FB:C9 CT0
      1 10:00:D0:67:26:06:FB:C9 CT1
      1 10:00:D0:67:26:06:FB:D1 CT0
      1 10:00:D0:67:26:06:FB:D1 CT1
      1 10:00:D0:67:26:06:FB:D9 CT0
      1 10:00:D0:67:26:06:FB:D9 CT1
      1 10:00:DE:A0:3F:E0:00:20 CT0
      1 10:00:DE:A0:3F:E0:00:20 CT1
      1 10:00:DE:A0:3F:E0:00:22 CT0
      1 10:00:DE:A0:3F:E0:00:22 CT1
      1 10:00:DE:A0:3F:E0:00:28 CT0
      1 10:00:DE:A0:3F:E0:00:28 CT1
      1 10:00:DE:A0:3F:E0:00:2A CT0
      1 10:00:DE:A0:3F:E0:00:2A CT1
      1 10:00:DE:A0:3F:E0:00:2C CT0
      1 10:00:DE:A0:3F:E0:00:2C CT1
      1 10:00:DE:A0:3F:E0:00:2E CT0
      1 10:00:DE:A0:3F:E0:00:2E CT1
      1 10:00:DE:A0:3F:E0:00:30 CT0
      1 10:00:DE:A0:3F:E0:00:30 CT1
      1 10:00:DE:A0:3F:E0:00:32 CT0
      1 10:00:DE:A0:3F:E0:00:32 CT1
      1 10:00:DE:A0:3F:E0:00:44 CT0
      1 10:00:DE:A0:3F:E0:00:44 CT1
      1 10:00:DE:A0:3F:E0:00:46 CT0
      1 10:00:DE:A0:3F:E0:00:46 CT1
      1 10:00:DE:A0:3F:E0:00:4C CT0
      1 10:00:DE:A0:3F:E0:00:4C CT1
      1 10:00:DE:A0:3F:E0:00:4E CT0
      1 10:00:DE:A0:3F:E0:00:4E CT1
      1 10:00:DE:A0:3F:E0:00:50 CT0
      1 10:00:DE:A0:3F:E0:00:50 CT1
      1 10:00:DE:A0:3F:E0:00:52 CT0
      1 10:00:DE:A0:3F:E0:00:52 CT1
      1 10:00:DE:A0:3F:E0:00:5C CT0
      1 10:00:DE:A0:3F:E0:00:5C CT1
      1 10:00:DE:A0:3F:E0:00:5E CT0
      1 10:00:DE:A0:3F:E0:00:5E CT1
      1 10:00:DE:A0:3F:E0:00:64 CT0
      1 10:00:DE:A0:3F:E0:00:64 CT1
      1 10:00:DE:A0:3F:E0:00:66 CT0
      1 10:00:DE:A0:3F:E0:00:66 CT1
      1 10:00:DE:A0:3F:E0:00:6C CT0
      1 10:00:DE:A0:3F:E0:00:6C CT1
      1 10:00:DE:A0:3F:E0:00:6E CT0
      1 10:00:DE:A0:3F:E0:00:6E CT1
      1 10:00:DE:A0:3F:E0:00:78 CT0
      1 10:00:DE:A0:3F:E0:00:78 CT1
      1 10:00:DE:A0:3F:E0:00:7A CT0
      1 10:00:DE:A0:3F:E0:00:7A CT1
      1 10:00:DE:A0:3F:E0:00:A8 CT0
      1 10:00:DE:A0:3F:E0:00:A8 CT1
      1 10:00:DE:A0:3F:E0:00:AA CT0
      1 10:00:DE:A0:3F:E0:00:AA CT1
      1 10:00:DE:A0:3F:E0:00:C0 CT0
      1 10:00:DE:A0:3F:E0:00:C0 CT1
      1 10:00:DE:A0:3F:E0:00:C2 CT0
      1 10:00:DE:A0:3F:E0:00:C2 CT1
      1 10:00:DE:A0:3F:E0:00:C4 CT0
      1 10:00:DE:A0:3F:E0:00:C4 CT1
      1 10:00:DE:A0:3F:E0:00:C6 CT0
      1 10:00:DE:A0:3F:E0:00:C6 CT1
      1 10:00:DE:A0:3F:E0:00:C8 CT0
      1 10:00:DE:A0:3F:E0:00:C8 CT1
      1 10:00:DE:A0:3F:E0:00:CA CT0
      1 10:00:DE:A0:3F:E0:00:CA CT1
      1 10:00:DE:A0:3F:E0:00:DC CT0
      1 10:00:DE:A0:3F:E0:00:DC CT1
      1 10:00:DE:A0:3F:E0:00:DE CT0
      1 10:00:DE:A0:3F:E0:00:DE CT1
      1 10:00:DE:A0:3F:E0:01:00 CT0
      1 10:00:DE:A0:3F:E0:01:00 CT1
      1 10:00:DE:A0:3F:E0:01:02 CT0
      1 10:00:DE:A0:3F:E0:01:02 CT1
      1 10:00:DE:A0:3F:E0:01:04 CT0
      1 10:00:DE:A0:3F:E0:01:04 CT1
      1 10:00:DE:A0:3F:E0:01:06 CT0
      1 10:00:DE:A0:3F:E0:01:06 CT1
      1 10:00:EC:EB:B8:81:20:91 CT0
      1 10:00:EC:EB:B8:81:20:91 CT1
      1 10:00:EC:EB:B8:81:20:99 CT0
      1 10:00:EC:EB:B8:81:20:99 CT1
      1 10:00:EC:EB:B8:81:30:71 CT0
      1 10:00:EC:EB:B8:81:30:71 CT1
      1 10:00:EC:EB:B8:81:30:79 CT0
      1 10:00:EC:EB:B8:81:30:79 CT1
      1 10:00:EC:EB:B8:81:32:F1 CT0
      1 10:00:EC:EB:B8:81:32:F1 CT1
      1 10:00:EC:EB:B8:81:32:F9 CT0
      1 10:00:EC:EB:B8:81:32:F9 CT1
      1 10:00:EC:EB:B8:81:40:81 CT0
      1 10:00:EC:EB:B8:81:40:81 CT1
      1 10:00:EC:EB:B8:81:40:89 CT0
      1 10:00:EC:EB:B8:81:40:89 CT1
      1 10:00:EC:EB:B8:81:42:01 CT0
      1 10:00:EC:EB:B8:81:42:01 CT1
      1 10:00:EC:EB:B8:81:42:09 CT0
      1 10:00:EC:EB:B8:81:42:09 CT1
      1 10:00:EC:EB:B8:81:50:A1 CT0
      1 10:00:EC:EB:B8:81:50:A1 CT1
      1 10:00:EC:EB:B8:81:50:A9 CT0
      1 10:00:EC:EB:B8:81:50:A9 CT1
      1 10:00:EC:EB:B8:81:60:01 CT0
      1 10:00:EC:EB:B8:81:60:01 CT1
      1 10:00:EC:EB:B8:81:60:09 CT0
      1 10:00:EC:EB:B8:81:60:09 CT1
      1 10:00:EC:EB:B8:81:70:41 CT0
      1 10:00:EC:EB:B8:81:70:41 CT1
      1 10:00:EC:EB:B8:81:70:49 CT0
      1 10:00:EC:EB:B8:81:70:49 CT1
      1 10:00:EC:EB:B8:81:70:A1 CT0
      1 10:00:EC:EB:B8:81:70:A1 CT1
      1 10:00:EC:EB:B8:81:70:A9 CT0
      1 10:00:EC:EB:B8:81:70:A9 CT1
      1 51:40:2E:C0:01:82:3C:B0 CT0
      1 51:40:2E:C0:01:82:3C:B0 CT1
      1 51:40:2E:C0:01:82:3C:B2 CT0
      1 51:40:2E:C0:01:82:3C:B2 CT1
      1 51:40:2E:C0:01:82:40:B0 CT0
      1 51:40:2E:C0:01:82:40:B0 CT1
      1 51:40:2E:C0:01:82:40:B2 CT0
      1 51:40:2E:C0:01:82:40:B2 CT1
      1 51:40:2E:C0:01:82:43:E4 CT0
      1 51:40:2E:C0:01:82:43:E4 CT1
      1 51:40:2E:C0:01:82:43:E6 CT0
      1 51:40:2E:C0:01:82:43:E6 CT1
      1 51:40:2E:C0:01:C9:BE:88 CT0
      1 51:40:2E:C0:01:C9:BE:88 CT1
      1 51:40:2E:C0:01:C9:BE:8A CT0
      1 51:40:2E:C0:01:C9:BE:8A CT1
      1 51:40:2E:C0:01:C9:BE:94 CT0
      1 51:40:2E:C0:01:C9:BE:94 CT1
      1 51:40:2E:C0:01:C9:BE:96 CT0
      1 51:40:2E:C0:01:C9:BE:96 CT1
      1 51:40:2E:C0:11:08:90:00 CT0
      1 51:40:2E:C0:11:08:90:00 CT1
      1 51:40:2E:C0:11:08:90:02 CT0
      1 51:40:2E:C0:11:08:90:02 CT1
      1 51:40:2E:C0:11:08:90:E4 CT0
      1 51:40:2E:C0:11:08:90:E4 CT1
      1 51:40:2E:C0:11:08:90:E6 CT0
      1 51:40:2E:C0:11:08:90:E6 CT1
      1 51:40:2E:C0:11:08:9B:60 CT0
      1 51:40:2E:C0:11:08:9B:60 CT1
      1 51:40:2E:C0:11:08:9B:62 CT0
      1 51:40:2E:C0:11:08:9B:62 CT1


Total FC connections: 204


     root@apn1purstgp0102-ct1:~# iobalance --sampletime 10
sampling host I/O for 10 seconds...
stats collection aborted due to port failover
Ports of one controller have failed over to the ports of the other controller. Only one controller is serving I/O for all hosts.
     root@apn1purstgp0102-ct1:~# pureiobalance --sampletime 10
sampling host I/O for 10 seconds...
                Host  CT0 I/O Count  CT1 I/O Count  
     SLN1UBUHSTP6021        0.00        2.00  ! no I/O to CT0
     SPN1VMWHSTP0119        0.00        0.00  ? Host is idle
     SPN1VMWHSTP0120        0.00        0.00  ? Host is idle
     SPN1VMWHSTP0121        0.00        0.00  ? Host is idle
     SPN1VMWHSTP0122        0.00        0.00  ? Host is idle
     SPN1VMWHSTP0123        0.00        0.00  ? Host is idle
     SPN1VMWHSTP0128        3.00        1.00  
     SPN1VMWHSTP0129      110.00        0.00  ! no I/O to CT1
     SPN1VMWHSTP0130        0.00        0.00  ? Host is idle
     SPN1VMWHSTP0131        0.00        0.00  ? Host is idle
     SPN1VMWHSTP0132        0.00        0.00  ? Host is idle
     SPN1VMWHSTP0140        0.00        0.00  ? Host is idle
     SPN1VMWHSTP0141        0.00        0.00  ? Host is idle
     SPN1VMWHSTP0153        0.00        0.00  ? Host is idle
     SPN1VMWHSTP0154        0.00        0.00  ? Host is idle
     SPN1VMWHSTP0155        0.00        0.00  ? Host is idle
     spn1vmwhstp6001       5.57K      161.00  ! unbalanced I/O
     spn1vmwhstp6004       1.30K      379.00  ! unbalanced I/O
     spn1vmwhstp6005       3.08K        4.00  ! unbalanced I/O
     spn1vmwhstp6006       4.50K      424.00  ! unbalanced I/O
     spn1vmwhstp6007        0.00        0.00  ? Host is idle
     spn1vmwhstp6009        0.00        3.00  ! no I/O to CT0
     spn1vmwhstp6011       2.79K      398.00  ! unbalanced I/O
     spn1vmwhstp6018      898.00      120.00  ! unbalanced I/O
     spn1vmwhstp6023       1.27K       1.41K  
     spn1vmwhstp6024        0.00        0.00  ? Host is idle
     spn1vmwhstp6027       2.54K        0.00  ! no I/O to CT1
     spn1vmwhstp6028       1.16K      306.00  ! unbalanced I/O
     spn1vmwhstp6031       2.61K       89.00  ! unbalanced I/O
     spn1vmwhstp6033        0.00        0.00  ? Host is idle
     spn1vmwhstp6034        0.00        0.00  ? Host is idle
     spn1vmwhstp6035        0.00        0.00  ? Host is idle
     spn1vmwhstp6036        0.00        0.00  ? Host is idle
     spn1vmwhstp6101       2.30K      556.00  ! unbalanced I/O
     spn1vmwhstp6102      638.00      249.00  ! unbalanced I/O
     spn1vmwhstp6103       2.23K       2.23K  
     spn1vmwhstp6104       1.27K       1.20K  
     spn1vmwhstp6105       2.28K      443.00  ! unbalanced I/O
     spn1vmwhstp6106       6.59K       6.74K  
     spn1vmwhstp6107       1.22K       1.07K  
     spn1vmwhstp6108       8.99K      911.00  ! unbalanced I/O
     spn1vmwhstp6109      11.28K       8.23K  
     spn1vmwhstp6110       1.28K      351.00  ! unbalanced I/O
     spn1vmwhstp6111      185.00       18.00  ! unbalanced I/O
     spn1vmwhstp6112       1.59K      590.00  ! unbalanced I/O
     spn1vmwhstp6113       1.30K      819.00  ! unbalanced I/O
     spn1vmwhstp6114      399.00      711.00  ! unbalanced I/O
     spn1vmwhstp6115       6.40K      790.00  ! unbalanced I/O
     spn1vmwhstp6116       2.39K      541.00  ! unbalanced I/O
     spn1vmwhstp6117       2.75K      168.00  ! unbalanced I/O
     spn1vmwhstp6118      560.00      739.00  
     root@apn1purstgp0102-ct1:~# purehw list
Name       Status         Identify  Slot  Index  Speed       Temperature  Voltage  Details
CH0        ok             off       -     0      -           -            -        -
CH0.BAY0   ok             off       -     0      -           -            -        -
CH0.BAY1   ok             off       -     1      -           -            -        -
CH0.BAY2   ok             off       -     2      -           -            -        -
CH0.BAY3   ok             off       -     3      -           -            -        -
CH0.BAY4   ok             off       -     4      -           -            -        -
CH0.BAY5   ok             off       -     5      -           -            -        -
CH0.BAY6   ok             off       -     6      -           -            -        -
CH0.BAY7   ok             off       -     7      -           -            -        -
CH0.BAY8   ok             off       -     8      -           -            -        -
CH0.BAY9   ok             off       -     9      -           -            -        -
CH0.BAY10  ok             off       -     10     -           -            -        -
CH0.BAY11  ok             off       -     11     -           -            -        -
CH0.BAY12  ok             off       -     12     -           -            -        -
CH0.BAY13  ok             off       -     13     -           -            -        -
CH0.BAY14  ok             off       -     14     -           -            -        -
CH0.BAY15  ok             off       -     15     -           -            -        -
CH0.BAY16  ok             off       -     16     -           -            -        -
CH0.BAY17  ok             off       -     17     -           -            -        -
CH0.BAY18  ok             off       -     18     -           -            -        -
CH0.BAY19  ok             off       -     19     -           -            -        -
CH0.NVB0   ok             off       -     0      -           -            -        -
CH0.NVB1   ok             off       -     1      -           -            -        -
CH0.NVB2   not_installed  off       -     2      -           -            -        -
CH0.NVB3   not_installed  off       -     3      -           -            -        -
CH0.PWR0   ok             -         -     0      -           -            206 V    -
CH0.PWR1   ok             -         -     1      -           -            206 V    -
CH0.TMP0   ok             -         -     0      -           25 C         -        -
CT0        ok             off       -     0      -           -            -        -
CT0.ETH0   ok             -         -     0      0.00 b/s    -            -        -
CT0.ETH1   ok             -         -     1      0.00 b/s    -            -        -
CT0.ETH2   ok             -         -     2      10.00 Gb/s  -            -        -
CT0.ETH3   ok             -         -     3      10.00 Gb/s  -            -        -
CT0.ETH4   ok             -         -     4      1.00 Gb/s   -            -        -
CT0.ETH5   ok             -         -     5      0.00 b/s    -            -        -
CT0.FAN0   ok             -         -     0      -           -            -        -
CT0.FAN1   ok             -         -     1      -           -            -        -
CT0.FAN2   ok             -         -     2      -           -            -        -
CT0.FAN3   ok             -         -     3      -           -            -        -
CT0.FAN4   ok             -         -     4      -           -            -        -
CT0.FAN5   ok             -         -     5      -           -            -        -
CT0.FC12   ok             -         3     12     16.00 Gb/s  -            -        -
CT0.FC13   ok             -         3     13     16.00 Gb/s  -            -        -
CT0.FC14   ok             -         3     14     0.00 b/s    -            -        -
CT0.FC15   ok             -         3     15     0.00 b/s    -            -        -
CT0.TMP0   ok             -         -     0      -           40 C         -        -
CT0.TMP1   ok             -         -     1      -           41 C         -        -
CT0.TMP2   ok             -         -     2      -           60 C         -        -
CT0.TMP3   ok             -         -     3      -           58 C         -        -
CT0.TMP4   ok             -         -     4      -           44 C         -        -
CT0.TMP5   ok             -         -     5      -           44 C         -        -
CT0.TMP6   ok             -         -     6      -           29 C         -        -
CT0.TMP7   ok             -         -     7      -           32 C         -        -
CT0.TMP8   ok             -         -     8      -           53 C         -        -
CT0.TMP9   ok             -         -     9      -           39 C         -        -
CT0.TMP11  ok             -         -     11     -           37 C         -        -
CT0.TMP12  ok             -         -     12     -           37 C         -        -
CT0.TMP13  ok             -         -     13     -           39 C         -        -
CT0.TMP14  ok             -         -     14     -           38 C         -        -
CT0.TMP15  ok             -         -     15     -           37 C         -        -
CT0.TMP17  ok             -         -     17     -           37 C         -        -
CT0.TMP19  ok             -         -     19     -           36 C         -        -
CT0.TMP20  ok             -         -     20     -           36 C         -        -
CT0.TMP21  ok             -         -     21     -           40 C         -        -
CT0.TMP22  ok             -         -     22     -           39 C         -        -
CT0.TMP23  ok             -         -     23     -           38 C         -        -
CT1        ok             off       -     1      -           -            -        -
CT1.ETH0   ok             -         -     0      1.00 Gb/s   -            -        -
CT1.ETH1   ok             -         -     1      0.00 b/s    -            -        -
CT1.ETH2   ok             -         -     2      10.00 Gb/s  -            -        -
CT1.ETH3   ok             -         -     3      10.00 Gb/s  -            -        -
CT1.ETH4   ok             -         -     4      0.00 b/s    -            -        -
CT1.ETH5   ok             -         -     5      0.00 b/s    -            -        -
CT1.ETH6   ok             -         -     6      0.00 b/s    -            -        -
CT1.ETH7   ok             -         -     7      0.00 b/s    -            -        -
CT1.ETH8   ok             -         -     8      0.00 b/s    -            -        -
CT1.ETH9   ok             -         -     9      0.00 b/s    -            -        -
CT1.FAN0   ok             -         -     0      -           -            -        -
CT1.FAN1   ok             -         -     1      -           -            -        -
CT1.FAN2   ok             -         -     2      -           -            -        -
CT1.FAN3   ok             -         -     3      -           -            -        -
CT1.FAN4   ok             -         -     4      -           -            -        -
CT1.FAN5   ok             -         -     5      -           -            -        -
CT1.FC0    ok             -         0     0      16.00 Gb/s  -            -        -
CT1.FC1    ok             -         0     1      16.00 Gb/s  -            -        -
CT1.FC2    ok             -         0     2      0.00 b/s    -            -        -
CT1.FC3    ok             -         0     3      0.00 b/s    -            -        -
CT1.SAS4   ok             -         1     4      0.00 b/s    -            -        -
CT1.SAS5   ok             -         1     5      0.00 b/s    -            -        -
CT1.SAS6   ok             -         1     6      0.00 b/s    -            -        -
CT1.SAS7   ok             -         1     7      0.00 b/s    -            -        -
CT1.TMP0   ok             -         -     0      -           41 C         -        -
CT1.TMP1   ok             -         -     1      -           41 C         -        -
CT1.TMP2   ok             -         -     2      -           36 C         -        -
CT1.TMP3   ok             -         -     3      -           43 C         -        -
CT1.TMP4   ok             -         -     4      -           41 C         -        -
CT1.TMP5   ok             -         -     5      -           43 C         -        -
CT1.TMP6   ok             -         -     6      -           44 C         -        -
CT1.TMP7   ok             -         -     7      -             -
CT1.TMP15  ok             -         -     15     -           36 C         -        -
CT1.TMP16  ok             -         -     16     -           34 C         -        -
CT1.TMP17  ok             -         -     17     -           35 C         -        -
CT1.TMP18  ok             -         -     18     -           35 C         -        -
CT1.TMP19  ok             -         -     19     -           36 C         -        -
CT1.TMP20  ok             -         -     20     -           34 C         -        -
CT1.TMP21  ok             -         -     21     -           42 C         -        -
CT1.TMP22  ok             -         -     22     -           39 C         -        -
CT1.TMP23  ok             -         -     23     -           41 C         -        -
CT1.TMP24  ok             -         -     24     -           42 C         -        -
CT1.TMP25  ok             -         -     25     -           44 C         -        -
CT1.TMP26  ok             -         -     26     -           37 C         -        -
     root@apn1purstgp0102-ct1:~# puremessage list --open
     root@apn1purstgp0102-ct1:~# puremessage list --open --hidden
ID        Time                     Severity  Category  Code   Component     Name  Event                                             Expected  Actual  Details
11712229  2025-07-23 22:00:37 EDT  critical  array     50001  portal_state  ct1   Portal state: offline, time: 2025-07-23 22:00:26  -         -       Portal state offline
11712232  2025-07-23 22:02:25 EDT  info      array     50002  portal_state  ct1   Portal state: online, time: 2025-07-23 22:02:04   -         -       Portal state online
     root@apn1purstgp0102-ct1:~# puredb list drives
Name       Subslot  Type   Protocol  Status   Capacity  Pinned Space  Degraded  Device Id                                  Boot Aus Used  Main Aus Used
CH0.DRV0   0        SSD    NVMe      healthy  3.90T     0.00          0.00      3572625933908329727:12677459164513751153   5/115          57834/121033
CH0.DRV1   0        SSD    NVMe      healthy  3.90T     0.00          0.00      6369013234257841518:12913479664321493576   4/115          57984/121633
CH0.DRV2   0        SSD    NVMe      healthy  3.90T     0.00          0.00      16523545657764498331:11868384953924341450  5/115          58092/121885
CH0.DRV3   0        SSD    NVMe      healthy  3.90T     0.00          0.00      13483706018658471032:13690167520942491194  8/115          58115/121500
CH0.DRV4   0        SSD    NVMe      healthy  3.90T     0.00          0.00      16700375714646674709:13430983643732026876  5/115          57943/120619
CH0.DRV5   0        SSD    NVMe      healthy  3.90T     0.00          0.00      15364406508660671601:12503127298397430908  4/115          58060/121291
CH0.DRV6   0        SSD    NVMe      healthy  3.90T     0.00          0.00      34253520685386116:9895223690044379430      5/115          58090/121389
CH0.DRV7   0        SSD    NVMe      healthy  3.90T     0.00          0.00      15641943803251739785:11178070480403554046  2/115          58181/121949
CH0.DRV8   0        SSD    NVMe      healthy  3.90T     0.00          0.00      12450760874650586437:12214901903842099267  4/115          57977/121105
CH0.DRV9   0        SSD    NVMe      healthy  3.90T     0.00          0.00      2473664226080345931:12720862411922037913   5/115          58042/121451
CH0.DRV10  0        SSD    NVMe      healthy  3.90T     0.00          0.00      9371779966785833483:9539530697625707943    3/115          58040/121935
CH0.DRV11  0        SSD    NVMe      healthy  3.90T     0.00          0.00      5298161015813849743:10406253317064972833   4/115          57992/121947
CH0.DRV12  0        SSD    NVMe      healthy  3.90T     0.00          0.00      16142985125261887503:11388376488266112981  4/115          57884/121179
CH0.DRV13  0        SSD    NVMe      healthy  3.90T     0.00          0.00      11174910018583937394:11506201622990013412  5/115          57873/121864
CH0.DRV14  0        SSD    NVMe      healthy  3.90T     0.00          0.00      3054990104512646237:10612321417363109926   4/115          58119/121703
CH0.DRV15  0        SSD    NVMe      healthy  3.90T     0.00          0.00      2476536826291441459:11653993316322892242   3/115          57691/121476
CH0.DRV16  0        SSD    NVMe      healthy  3.90T     0.00          0.00      17512276062147465005:10391216317076687575  4/115          57956/120799
CH0.DRV17  0        SSD    NVMe      healthy  3.90T     0.00          0.00      2981344419438674333:12764882940206496465   4/115          57837/120990
CH0.DRV18  0        SSD    NVMe      healthy  3.90T     0.00          0.00      9690608850376936452:13263629456005930173   5/115          58095/121651
CH0.DRV19  0        SSD    NVMe      healthy  3.90T     0.00          0.00      10248093963566993099:11247802737021920325  4/115          58017/121035
CH0.NVR0   0        NVRAM  NVMe      healthy  7.00G     -             0.00      5453078187845961850:12438210388547263447   -              -
CH0.NVR1   0        NVRAM  NVMe      healthy  7.00G     -             0.00      15157099726806008833:13132641307484479611  -              -
     root@apn1purstgp0102-ct1:~# purearray list --space
Name             Capacity  Parity  Provisioned Size  Virtual  Thin Provisioning  Data Reduction  Total Reduction  Unique  Snapshots  Shared  System  Replication  Total
apn1purstgp0102  57.08T    100%    529607G           173.99T  66%                6.9 to 1        20.6 to 1        16.63T  907.19G    9.06T   0.00    0.00         26.57T
     root@apn1purstgp0102-ct1:~# purearray list --controller
Name  Type              Mode       Model     Version  Status  Internal Details
CT0   array_controller  primary    FA-X50R4  6.5.8    ready   
CT1   array_controller  secondary  FA-X50R3  6.5.8    ready   
     root@apn1purstgp0102-ct1:~# =~=~=~=~=~=~=~=~=~=~=~= PuTTY log 2025.07.23 22:07:04 =~=~=~=~=~=~=~=~=~=~=~=

pureeng@APN1PURSTGP0101-ct1:~$ puredb list drivesarray list --space
Name             Capacity  Parity  Provisioned Size  Virtual  Thin Provisioning  Data Reduction  Total Reduction  Unique  Snapshots  Shared  System  Replication  Total
APN1PURSTGP0101  114.14T   86%     357752G           149.63T  57%                2.5 to 1        7.6 to 1         47.98T  16.18T     8.22T   0.00    0.00         72.38T
pureeng@APN1PURSTGP0101-ct1:~$ purearray list --spacedb list drives
Name       Subslot  Type   Protocol  Status   Capacity  Pinned Space  Degraded  Device Id                                  Boot Aus Used  Main Aus Used
(unknown)  0        SSD              failed   1.74T     0.00          1.01T     533388834292189580:12523985344566059512    1/218          138798/228632
(unknown)  0        SSD              failed   1.74T     0.00          1.01T     5278320420875291547:11590548212261771517   1/218          139636/228632
(unknown)  0        SSD              failed   1.74T     0.00          1.02T     7870053929362015265:11045163051494229766   1/218          140189/228632
(unknown)  0        SSD              failed   1.74T     0.00          1.02T     6609644053325955928:9940751303597767333    1/218          141382/228632
CH0.DRV0   1        SSD    SAS       healthy  476.45G   0.00          16.00M    10479954809636997221:11303447695088902160  5/51           46347/60920
CH0.DRV0   2        SSD    SAS       healthy  476.45G   0.00          0.00      9868822310282936464:11744790575579258602   2/51           46625/60920
CH0.DRV1   1        SSD    SAS       healthy  476.45G   0.00          16.00M    18103114817379977491:10778763720101872679  4/51           46393/60920
CH0.DRV1   2        SSD    SAS       healthy  476.45G   0.00          0.00      7118279482036666695:11747579657820882988   2/51           46583/60920
CH0.DRV2   1        SSD    SAS       healthy  476.45G   0.00          0.00      7956228413667033412:10892723327819515403   1/51           45761/60920
CH0.DRV2   2        SSD    SAS       healthy  476.45G   0.00          8.00M     13157268613488329303:9571205771797211490   5/51           45400/60920
CH0.DRV3   1        SSD    SAS       healthy  476.45G   0.00          16.00M    11226943443904250726:13638912651390930506  5/51           46307/60920
CH0.DRV3   2        SSD    SAS       healthy  476.45G   0.00          0.00      3828470870870412324:12037760788839626442   1/51           46544/60920
CH0.DRV4   1        SSD    SAS       healthy  476.45G   0.00          8.00M     10881165077684571879:12535577612202005626  5/51           46465/60920
CH0.DRV4   2        SSD    SAS       healthy  476.45G   0.00          0.00      6882593850123046588:12580994233252714778   1/51           46585/60920
CH0.DRV5   1        SSD    SAS       healthy  476.45G   0.00          0.00      5067728860684567643:11183355901542046153   2/51           46470/60920
CH0.DRV5   2        SSD    SAS       healthy  476.45G   0.00          16.00M    14053810971952103984:9416773770970649908   5/51           46435/60920
CH0.DRV6   1        SSD    SAS       healthy  476.45G   0.00          0.00      2989745926490312591:13780343231163584861   2/51           46526/60920
CH0.DRV6   2        SSD    SAS       healthy  476.45G   0.00          16.00M    277142992118565829:9462328084177851956     7/51           46492/60920
CH0.DRV7   1        SSD    SAS       healthy  476.45G   0.00          0.00      10131150332711160640:10757968482029540872  2/51           46650/60920
CH0.DRV7   2        SSD    SAS       healthy  476.45G   0.00          8.00M     9033959303363117090:12164750153042269206   7/51           46460/60920
CH0.DRV8   1        SSD    SAS       healthy  476.45G   0.00          0.00      8504035700918338668:11506823053977171997   1/51           46648/60920
CH0.DRV8   2        SSD    SAS       healthy  476.45G   0.00          8.00M     4322096303909193791:9603012573705227215    5/51           46436/60920
CH0.DRV9   1        SSD    SAS       healthy  476.45G   0.00          0.00      7925634567603571495:11588896344732010339   2/51           46600/60920
CH0.DRV9   2        SSD    SAS       healthy  476.45G   0.00          16.00M    6508882969484869929:10132603669063009052   3/51           46450/60920
CH0.DRV10  1        SSD    SAS       healthy  476.45G   0.00          8.00M     12376200736601032239:12530248469425627560  5/51           46437/60920
CH0.DRV10  2        SSD    SAS       healthy  476.45G   0.00          0.00      11196496411330758017:9273599629081776825   2/51           46323/60920
CH0.DRV11  1        SSD    SAS       healthy  476.45G   0.00          8.00M     18166826003985943149:9799162917012403663   4/51           46480/60920
CH0.DRV11  2        SSD    SAS       healthy  476.45G   0.00          0.00      14751613164605098518:13487045335603636138  2/51           46386/60920
CH0.DRV12  1        SSD    SAS       healthy  476.45G   0.00          8.00M     4381415178684810993:13202857364520457290   4/51           46475/60920
CH0.DRV12  2        SSD    SAS       healthy  476.45G   0.00          0.00      12373907835760428584:13784051144697599231  2/51           46362/60920
CH0.DRV13  1        SSD    SAS       healthy  476.45G   0.00          0.00      1257538428335900113:13676700206523351894   1/51           46304/60920
CH0.DRV13  2        SSD    SAS       healthy  476.45G   0.00          8.00M     8271965027869280412:11607751245208546998   3/51           46413/60920
CH0.DRV14  1        SSD    SAS       healthy  476.45G   0.00          0.00      4644930956613995220:10990969997952566508   2/51           46312/60920
CH0.DRV14  2        SSD    SAS       healthy  476.45G   0.00          0.00      6757566032320481736:11658665824142336952   5/51           46424/60920
CH0.DRV15  1        SSD    SAS       healthy  476.45G   0.00          8.00M     17844303282492099472:13373076042123504722  5/51           46467/60920
CH0.DRV15  2        SSD    SAS       healthy  476.45G   0.00          0.00      8345974262567356314:9235109441474899031    1/51           46449/60920
CH0.DRV16  1        SSD    SAS       healthy  476.45G   0.00          0.00      8214843448025500756:10862048857481715024   2/51           46369/60920
CH0.DRV16  2        SSD    SAS       healthy  476.45G   0.00          8.00M     16771906559234883620:10579644827563169215  6/51           46302/60920
CH0.DRV17  1        SSD    SAS       healthy  476.45G   0.00          8.00M     17122064822204910034:13644835691911295297  4/51           46492/60920
CH0.DRV17  2        SSD    SAS       healthy  476.45G   0.00          0.00      1071299431517802248:11145041430546604368   1/51           46340/60920
CH0.DRV18  1        SSD    SAS       healthy  476.45G   0.00          8.00M     9378378685604908698:9754315785181006014    6/51           46477/60920
CH0.DRV18  2        SSD    SAS       healthy  476.45G   0.00          0.00      14331830088086340576:10741251859989732285  2/51           46252/60920
CH0.DRV19  1        SSD    SAS       healthy  476.45G   0.00          0.00      15818335377758374319:12596004009729697688  1/51           46390/60920
CH0.DRV19  2        SSD    SAS       healthy  476.45G   0.00          0.00      2459164728862787526:11731279316651946639   4/51           46410/60920
CH0.NVR0   0        NVRAM  NVMe      healthy  7.00G     -             0.00      11150655147506617605:10464475301457495750  -              -
CH0.NVR1   0        NVRAM  NVMe      healthy  7.00G     -             0.00      5018146301964536312:9592671682973351333    -              -
SH0.DRV0   1        SSD    SAS       healthy  446.67G   0.00          8.00M     14807702745257037258:10931797080742547008  4/47           43672/57108
SH0.DRV0   2        SSD    SAS       healthy  446.67G   0.00          0.00      3898748130720498521:11848305756491526204   1/47           43386/57108
SH0.DRV1   1        SSD    SAS       healthy  446.67G   0.00          8.00M     9523972036544054098:9356044292152072360    5/47           43616/57108
SH0.DRV1   2        SSD    SAS       healthy  446.67G   0.00          0.00      12352484890592429042:11058589660988098590  3/47           43285/57108
SH0.DRV2   1        SSD    SAS       healthy  446.67G   0.00          8.00M     1263915586994520813:10870362293275343579   4/47           43548/57108
SH0.DRV2   2        SSD    SAS       healthy  446.67G   0.00          0.00      5941515783508412751:10557936755158903275   5/47           43373/57108
SH0.DRV3   1        SSD    SAS       healthy  446.67G   0.00          0.00      15769550320408153292:10033427251490065792  3/47           43422/57108
SH0.DRV3   2        SSD    SAS       healthy  446.67G   0.00          8.00M     9946175960494654319:10521745597241805556   4/47           43657/57108
SH0.DRV4   1        SSD    SAS       healthy  446.67G   0.00          8.00M     1154633512396211166:13051720968304645111   3/47           43583/57108
SH0.DRV4   2        SSD    SAS       healthy  446.67G   0.00          0.00      7600497092574331058:13467000135737618120   3/47           43208/57108
SH0.DRV5   1        SSD    SAS       healthy  446.67G   0.00          0.00      4751984882407001998:12293237099515768749   7/47           43615/57108
SH0.DRV5   2        SSD    SAS       healthy  446.67G   0.00          0.00      8310542182620479794:13831968601059469196   2/47           43410/57108
SH0.DRV6   1        SSD    SAS       healthy  446.67G   0.00          8.00M     731193351536591639:13180117707647125290    7/47           43465/57108
SH0.DRV6   2        SSD    SAS       healthy  446.67G   0.00          0.00      14021293069506265805:9827151480710616705   4/47           43570/57108
SH0.DRV7   1        SSD    SAS       healthy  446.67G   0.00          0.00      12854263909099259416:9738446272046290521   5/47           43320/57108
SH0.DRV7   2        SSD    SAS       healthy  446.67G   0.00          0.00      17028235690852304427:13726676032746279431  5/47           43468/57108
SH0.DRV8   1        SSD    SAS       healthy  446.67G   0.00          8.00M     3642392020644154272:11370014760375170293   5/47           43594/57108
SH0.DRV8   2        SSD    SAS       healthy  446.67G   0.00          0.00      2087433548332287034:10485575784352360299   4/47           43471/57108
SH0.DRV9   1        SSD    SAS       healthy  446.67G   0.00          0.00      765090403995108920:12057978944268657061    1/47           43240/57108
SH0.DRV9   2        SSD    SAS       healthy  446.67G   0.00          8.00M     10201331986733288763:11847740098442537352  7/47           43576/57108
SH0.DRV10  1        SSD    SAS       healthy  446.67G   0.00          8.00M     2030914761871213537:11530852330504923790   7/47           43558/57108
SH0.DRV10  2        SSD    SAS       healthy  446.67G   0.00          0.00      381819852438063563:13667495905189958986    6/47           43387/57108
SH0.DRV11  1        SSD    SAS       healthy  446.67G   0.00          0.00      8274109897664840560:10260415721005589490   5/47           43372/57108
SH0.DRV11  2        SSD    SAS       healthy  446.67G   0.00          8.00M     10654248693282916886:9658503982386877894   5/47           43650/57108
SH0.DRV12  1        SSD    SAS       healthy  446.67G   0.00          0.00      6733229192205519634:11428367086090859027   1/47           43525/57108
SH0.DRV12  2        SSD    SAS       healthy  446.67G   0.00          8.00M     9367971439224177231:12576165303031511525   1/47           43496/57108
SH0.DRV13  1        SSD    SAS       healthy  446.67G   0.00          0.00      16908373967798027913:12990606344534878331  1/47           43614/57108
SH0.DRV13  2        SSD    SAS       healthy  446.67G   0.00          0.00      624500139011819680:12097390000608700342    3/47           43407/57108
SH0.DRV14  1        SSD    SAS       healthy  446.67G   0.00          0.00      9704918458824543198:12435362723321168244   4/47           43704/57108
SH0.DRV14  2        SSD    SAS       healthy  446.67G   0.00          8.00M     5031984000681985731:9789495932932424615    1/47           43400/57108
SH0.DRV15  1        SSD    SAS       healthy  446.67G   0.00          0.00      17376394968891932790:10202362604875947710  4/47           43474/57108
SH0.DRV15  2        SSD    SAS       healthy  446.67G   0.00          8.00M     2384820692168166955:12583188334483269724   2/47           43516/57108
SH0.DRV16  1        SSD    SAS       healthy  446.67G   0.00          8.00M     2820455769188614729:10330941573438503128   3/47           43687/57108
SH0.DRV16  2        SSD    SAS       healthy  446.67G   0.00          0.00      11196942252498765518:12755741677566413939  2/47           43533/57108
SH0.DRV17  1        SSD    SAS       healthy  446.67G   0.00          0.00      3385604085076413865:12343445030287486409   3/47           43424/57108
SH0.DRV17  2        SSD    SAS       healthy  446.67G   0.00          0.00      5450701720218520135:10377482205921262409   2/47           43656/57108
SH0.DRV18  1        SSD    SAS       healthy  446.67G   0.00          8.00M     17320857476256647518:13180184485823348989  1/47           43517/57108
SH0.DRV18  2        SSD    SAS       healthy  446.67G   0.00          0.00      12764107890233985979:10310272109241809252  2/47           43627/57108
SH0.DRV19  1        SSD    SAS       healthy  446.67G   0.00          8.00M     6720438470367331622:13192899002618671297   1/47           43466/57108
SH0.DRV19  2        SSD    SAS       healthy  446.67G   0.00          0.00      88224686522974349:10039604934706950288     3/47           43435/57108
SH0.DRV20  1        SSD    SAS       healthy  446.67G   0.00          0.00      15501955604269908237:10781065974719831767  3/47           43502/57108
SH0.DRV20  2        SSD    SAS       healthy  446.67G   0.00          8.00M     12780631011026292019:11433122765407927921  3/47           43634/57108
SH0.DRV21  1        SSD    SAS       healthy  446.67G   0.00          8.00M     6285226469977050833:12460824147587532035   3/47           43565/57108
SH0.DRV21  2        SSD    SAS       healthy  446.67G   0.00          0.00      1919967342171473194:9570980298239428308    2/47           43651/57108
SH0.DRV22  1        SSD    SAS       healthy  446.67G   0.00          8.00M     17661298766172604157:13319207134517676108  3/47           43556/57108
SH0.DRV22  2        SSD    SAS       healthy  446.67G   0.00          0.00      3167931267959245546:12927312306386355284   4/47           43588/57108
SH0.DRV23  1        SSD    SAS       healthy  446.67G   0.00          8.00M     5351744804604757499:10816096763353391350   3/47           43535/57108
SH0.DRV23  2        SSD    SAS       healthy  446.67G   0.00          0.00      7561991347743378338:13392244650760111350   5/47           43504/57108
SH1.DRV0   1        SSD    SAS       healthy  1.74T     0.00          1.02T     9178773014268431649:10172641296809415382   16/218         179303/228632
SH1.DRV0   2        SSD    SAS       healthy  1.74T     0.00          1.02T     13209512470540011350:12604802848092923643  12/218         179065/228632
SH1.DRV2   1        SSD    SAS       healthy  1.74T     0.00          1.02T     8339720187729496654:10336098512409768957   10/218         179270/228632
SH1.DRV2   2        SSD    SAS       healthy  1.74T     0.00          1.02T     10568378605369180343:9387644661198847935   16/218         179143/228632
SH1.DRV3   1        SSD    SAS       healthy  1.74T     0.00          1.02T     181255863855302411:13238745451940266358    12/218         178211/228632
SH1.DRV3   2        SSD    SAS       healthy  1.74T     0.00          1.02T     14815858161026026410:9938885690745973866   12/218         178710/228632
SH1.DRV4   1        SSD    SAS       healthy  1.74T     0.00          1.02T     4433709892058107085:11423108710505694660   12/218         179530/228632
SH1.DRV4   2        SSD    SAS       healthy  1.74T     0.00          1.02T     6083030218096658731:11632873540796835343   11/218         179073/228632
SH1.DRV5   1        SSD    SAS       healthy  1.74T     0.00          1.01T     17913230613012695650:11367513380491315890  11/218         177082/228632
SH1.DRV5   2        SSD    SAS       healthy  1.74T     0.00          1.01T     3665928182538258892:10551193918230536685   14/218         177363/228632
SH1.DRV6   1        SSD    SAS       healthy  1.74T     0.00          1.02T     12468039728280192865:10611444648496252723  12/218         179369/228632
SH1.DRV6   2        SSD    SAS       healthy  1.74T     0.00          1.02T     17879011362312306840:13182812937698398038  11/218         179149/228632
SH1.DRV7   1        SSD    SAS       healthy  1.74T     0.00          1.01T     11147557689087181480:9684619610446090983   10/218         177329/228632
SH1.DRV7   2        SSD    SAS       healthy  1.74T     0.00          1.01T     18221616101392730420:10183955095211246833  9/218          176919/228632
SH1.DRV8   1        SSD    SAS       healthy  1.74T     0.00          1.02T     7124122645821016440:10303610546916547557   12/218         178213/228632
SH1.DRV8   2        SSD    SAS       healthy  1.74T     0.00          1.02T     9788140050548410747:10377481310036927959   12/218         178409/228632
SH1.DRV10  1        SSD    SAS       healthy  1.74T     0.00          1.02T     16409472868491873381:12237921151240483865  13/218         179276/228632
SH1.DRV10  2        SSD    SAS       healthy  1.74T     0.00          1.02T     1948412829869557067:10807300344964655650   15/218         179078/228632
SH1.DRV11  1        SSD    SAS       healthy  1.74T     0.00          1.01T     16666718729486028282:13656165593093239292  16/218         178095/228632
SH1.DRV11  2        SSD    SAS       healthy  1.74T     0.00          1.01T     15678036656657353246:9255689578731160993   7/218          177785/228632
SH1.DRV12  1        SSD    SAS       healthy  893.35G   0.00          3.06G     4619189435075808803:9764573163409487354    6/104          86419/114283
SH1.DRV12  2        SSD    SAS       healthy  893.35G   0.00          2.80G     481929628055782943:12023792696653977599    4/104          86795/114283
SH1.DRV13  1        SSD    SAS       healthy  893.35G   0.00          3.16G     835162006220720499:13109676776348126686    10/104         86352/114283
SH1.DRV13  2        SSD    SAS       healthy  893.35G   0.00          2.93G     6372997023956815416:10581940106522594080   7/104          86550/114283
SH1.DRV14  1        SSD    SAS       healthy  893.35G   0.00          2.91G     12914813921603898742:12914684958056848324  4/104          86537/114283
SH1.DRV14  2        SSD    SAS       healthy  893.35G   0.00          3.02G     5969252936073430255:11291427837511204807   5/104          86449/114283
SH1.DRV15  1        SSD    SAS       healthy  893.35G   0.00          2.97G     13288006791711376638:9804059797380138838   7/104          86450/114283
SH1.DRV15  2        SSD    SAS       healthy  893.35G   0.00          2.95G     16527025533309636501:12185083821196603923  5/104          86848/114283
SH1.DRV16  1        SSD    SAS       healthy  893.35G   0.00          2.96G     14568526664560821874:9615571000075639285   7/104          86380/114283
SH1.DRV16  2        SSD    SAS       healthy  893.35G   0.00          2.77G     11972962855596805209:10178021908348668554  9/104          86692/114283
SH1.DRV17  1        SSD    SAS       healthy  893.35G   0.00          2.99G     14873705347474998421:9584409939174253753   9/104          86304/114283
SH1.DRV17  2        SSD    SAS       healthy  893.35G   0.00          2.90G     1461311765194230813:10608052555873465941   6/104          86663/114283
SH1.DRV18  1        SSD    SAS       healthy  893.35G   0.00          3.02G     5076820100938548549:9585842073756203722    8/104          86516/114283
SH1.DRV18  2        SSD    SAS       healthy  893.35G   0.00          2.89G     9688499431499320876:9674538581729837574    4/104          86674/114283
SH1.DRV19  1        SSD    SAS       healthy  893.35G   0.00          2.95G     7198142171325156084:11077275968111081958   6/104          86492/114283
SH1.DRV19  2        SSD    SAS       healthy  893.35G   0.00          3.03G     4447874519422158624:13768595717464954775   5/104          86380/114283
SH1.DRV20  1        SSD    SAS       healthy  893.35G   0.00          2.98G     12739013741502218500:10595698422208853104  12/104         86413/114283
SH1.DRV20  2        SSD    SAS       healthy  893.35G   0.00          2.88G     5685973751343565293:9404813565752694406    4/104          86683/114283
SH1.DRV21  1        SSD    SAS       healthy  893.35G   0.00          2.98G     16070674604350259793:10032302306859437021  4/104          86184/114283
SH1.DRV21  2        SSD    SAS       healthy  893.35G   0.00          2.73G     5842127975275055676:10804350510885436494   5/104          86601/114283
SH1.DRV22  1        SSD    SAS       healthy  893.35G   0.00          3.05G     9386142690367523678:12702725746702551526   4/104          86317/114283
SH1.DRV22  2        SSD    SAS       healthy  893.35G   0.00          2.96G     15289828645623907504:9785820100032469452   7/104          86534/114283
SH1.DRV23  1        SSD    SAS       healthy  893.35G   0.00          3.07G     9631610834560699524:10595767072408755674   7/104          86225/114283
SH1.DRV23  2        SSD    SAS       healthy  893.35G   0.00          2.74G     5303929164200559556:12817565195579290757   5/104          86495/114283
SH2.DRV0   1        SSD    SAS       healthy  893.35G   0.00          16.00M    1021608000174835609:11421567822722649735   6/104          86427/114283
SH2.DRV0   2        SSD    SAS       healthy  893.35G   0.00          8.00M     17020626074387759288:13604533962838847070  4/104          86155/114283
SH2.DRV1   1        SSD    SAS       healthy  893.35G   0.00          8.00M     15378783200628525507:11250535088484717675  6/104          86247/114283
SH2.DRV1   2        SSD    SAS       healthy  893.35G   0.00          24.00M    12168765885751839606:10756584240239655022  8/104          86453/114283
SH2.DRV2   1        SSD    SAS       healthy  893.35G   0.00          8.00M     6112037771959419846:13089046103017775251   6/104          86268/114283
SH2.DRV2   2        SSD    SAS       healthy  893.35G   0.00          16.00M    43695677364980714:12347506245693463434     6/104          86556/114283
SH2.DRV3   1        SSD    SAS       healthy  893.35G   0.00          24.00M    9326770431534514367:13230221561033724952   6/104          86543/114283
SH2.DRV3   2        SSD    SAS       healthy  893.35G   0.00          0.00      10946037270054782432:10490491473027155939  6/104          86383/114283
SH2.DRV4   1        SSD    SAS       healthy  893.35G   0.00          0.00      1455083707435992403:13414895177219750626   4/104          86135/114283
SH2.DRV4   2        SSD    SAS       healthy  893.35G   0.00          24.00M    1978836289365493261:12857405223463488762   7/104          86673/114283
SH2.DRV5   1        SSD    SAS       healthy  893.35G   0.00          16.00M    6557464013241534211:10336500306849938186   5/104          86572/114283
SH2.DRV5   2        SSD    SAS       healthy  893.35G   0.00          8.00M     7405590929709615866:9939131139651249203    6/104          86508/114283
SH2.DRV6   1        SSD    SAS       healthy  893.35G   0.00          8.00M     694009733469454476:13636290014554306939    2/104          86298/114283
SH2.DRV6   2        SSD    SAS       healthy  893.35G   0.00          16.00M    16858873665173932130:11174163009529682695  7/104          86798/114283
SH2.DRV7   1        SSD    SAS       healthy  893.35G   0.00          24.00M    1318073449789213638:11389581051310509658   4/104          86583/114283
SH2.DRV7   2        SSD    SAS       healthy  893.35G   0.00          8.00M     4109913563777223317:13818578737681615400   4/104          86261/114283
SH2.DRV8   1        SSD    SAS       healthy  893.35G   0.00          16.00M    15119202735333986224:11093817201485750100  7/104          86454/114283
SH2.DRV8   2        SSD    SAS       healthy  893.35G   0.00          8.00M     153463865471028379:11145027137553436668    4/104          86131/114283
SH2.DRV9   1        SSD    SAS       healthy  893.35G   0.00          8.00M     9263103042472264602:12953048225249514272   6/104          86359/114283
SH2.DRV9   2        SSD    SAS       healthy  893.35G   0.00          24.00M    15195978401915093113:10810566265526833057  8/104          86540/114283
SH2.DRV10  1        SSD    SAS       healthy  893.35G   0.00          16.00M    12433487331377236500:10680751154085680527  4/104          86759/114283
SH2.DRV10  2        SSD    SAS       healthy  893.35G   0.00          8.00M     5064168054874654745:11910577353814071022   4/104          86127/114283
SH2.DRV11  1        SSD    SAS       healthy  893.35G   0.00          24.00M    15949351831996942640:10934508190602386623  10/104         86394/114283
SH2.DRV11  2        SSD    SAS       healthy  893.35G   0.00          8.00M     3867048166848416421:12932899219797463262   2/104          86117/114283
SH2.DRV12  1        SSD    SAS       healthy  893.35G   0.00          8.00M     17076304420698015645:9529384215202844806   6/104          85926/114283
SH2.DRV12  2        SSD    SAS       healthy  893.35G   0.00          0.00      6563310057766274213:9328168341357060221    8/104          85959/114283
SH2.DRV13  1        SSD    SAS       healthy  893.35G   0.00          8.00M     11158718867015419319:12284711313319401136  5/104          85943/114283
SH2.DRV13  2        SSD    SAS       healthy  893.35G   0.00          0.00      11714898276353918465:10055193242949884601  5/104          85739/114283
SH2.DRV14  1        SSD    SAS       healthy  893.35G   0.00          0.00      9594789555635833859:12046797636764113122   6/104          85944/114283
SH2.DRV14  2        SSD    SAS       healthy  893.35G   0.00          8.00M     9201927134555029708:12815564549108325604   4/104          85969/114283
SH2.DRV15  1        SSD    SAS       healthy  893.35G   0.00          8.00M     10484436512354485022:13063737338238031749  1/104          85855/114283
SH2.DRV15  2        SSD    SAS       healthy  893.35G   0.00          0.00      9735257454835746173:12651406345162225751   4/104          85855/114283
SH2.DRV16  1        SSD    SAS       healthy  893.35G   0.00          0.00      13955531196308931140:9744599827801493031   5/104          86047/114283
SH2.DRV16  2        SSD    SAS       healthy  893.35G   0.00          0.00      9035117770801367142:10397975393480633866   5/104          85993/114283
SH2.DRV17  1        SSD    SAS       healthy  893.35G   0.00          0.00      3274100445359656895:11268140725204436115   5/104          85838/114283
SH2.DRV17  2        SSD    SAS       healthy  893.35G   0.00          8.00M     11886929362486317019:13469344908758018573  4/104          85935/114283
SH2.DRV18  1        SSD    SAS       healthy  893.35G   0.00          0.00      5287242928533422693:10387702901669842983   8/104          85899/114283
SH2.DRV18  2        SSD    SAS       healthy  893.35G   0.00          8.00M     7563449090104577511:11093087441255508733   5/104          86097/114283
SH2.DRV19  1        SSD    SAS       healthy  893.35G   0.00          0.00      1333532947835408082:13603274675419561205   5/104          85827/114283
SH2.DRV19  2        SSD    SAS       healthy  893.35G   0.00          8.00M     11270460882294491557:12892480044333680744  5/104          85974/114283
SH2.DRV20  1        SSD    SAS       healthy  893.35G   0.00          8.00M     3104433827584821466:12266827529711054180   5/104          85900/114283
SH2.DRV20  2        SSD    SAS       healthy  893.35G   0.00          0.00      1761622338906443265:10388124337854897420   6/104          85911/114283
SH2.DRV21  1        SSD    SAS       healthy  893.35G   0.00          0.00      2795865784069079423:11219964967784987751   4/104          85927/114283
SH2.DRV21  2        SSD    SAS       healthy  893.35G   0.00          8.00M     17175819972936092468:13283254291789044705  4/104          85789/114283
SH2.DRV22  1        SSD    SAS       healthy  893.35G   0.00          0.00      13003518261113146941:9293850073015997563   3/104          85896/114283
SH2.DRV22  2        SSD    SAS       healthy  893.35G   0.00          8.00M     11666601724904228927:12494611693003439130  5/104          86022/114283
SH2.DRV23  1        SSD    SAS       healthy  893.35G   0.00          0.00      5603460601075286328:12435582931246111499   7/104          85858/114283
SH2.DRV23  2        SSD    SAS       healthy  893.35G   0.00          0.00      5184197398002681597:12700361190780694006   5/104          85672/114283
SH9.DRV0   0        SSD    NVMe      healthy  1.92T     0.00          432.00M   4222581646526989377:9850929189584851186    3/30           944/20641
SH9.DRV1   0        SSD    NVMe      healthy  1.92T     0.00          432.00M   8814880020195461913:12216003514669769565   6/30           927/20639
SH9.DRV2   0        SSD    NVMe      healthy  1.92T     0.00          432.00M   17958549586106797359:13201388199598314997  4/30           930/20626
SH9.DRV3   0        SSD    NVMe      healthy  1.92T     0.00          540.00M   13739341376982503384:10296649807407305615  6/30           952/20665
SH9.DRV4   0        SSD    NVMe      healthy  1.92T     0.00          324.00M   3016554463106124863:9896157528336802127    5/30           938/20651
SH9.DRV5   0        SSD    NVMe      healthy  1.92T     0.00          324.00M   7652549471253644724:11413169751297179031   6/30           938/20659
SH9.DRV6   0        SSD    NVMe      healthy  1.92T     0.00          324.00M   12516425371988738898:11684029780135289614  2/30           952/20687
SH9.DRV7   0        SSD    NVMe      healthy  1.92T     0.00          540.00M   11304313446997511025:12710623795935058800  3/30           964/20648
SH9.DRV8   0        SSD    NVMe      healthy  1.92T     0.00          540.00M   5608614174220503314:13322007023998265429   4/30           946/20668
SH9.DRV9   0        SSD    NVMe      healthy  1.92T     0.00          432.00M   9900077060250356295:12628780717272205272   7/30           949/20599
SH9.DRV10  0        SSD    NVMe      healthy  1.92T     0.00          540.00M   2888171877183606374:9565603484904265571    3/30           941/20664
SH9.DRV11  0        SSD    NVMe      healthy  1.92T     0.00          540.00M   523625427435471318:11531682306389052614    4/30           944/20656
SH9.DRV12  0        SSD    NVMe      healthy  1.92T     0.00          540.00M   7433573595108494422:11476677281875363072   6/30           940/20644
SH9.DRV13  0        SSD    NVMe      healthy  1.92T     0.00          540.00M   669620925004990673:12757303687497438028    3/30           943/20633
pureeng@APN1PURSTGP0101-ct1:~$ =~=~=~=~=~=~=~=~=~=~=~= PuTTY log 2025.07.23 22:10:16 =~=~=~=~=~=~=~=~=~=~=~=
 GNU GRUB  version 2.06

/----------------------------------------------------------------------------\||||||||||||||||||||||||||\----------------------------------------------------------------------------/     Use the ^ and v keys to select which entry is highlighted.          
      Press enter to boot the selected OS, `e' to edit the commands       
      before booting or `c' for a command-line.                             Purity 6.5.5 (202404130351+34e2b1e66ad3) with kernel 5.15.123+ (2024031915>
*Purity 6.5.5 (202404130351+34e2b1e66ad3) with kernel 5.15.123+ (2024031915>
                                                                                                                                                                                                                                                                                                                                                                                                                                                                                                                                                                                                                                                                                                                                                                                                                                                                        The highlighted entry will be executed automatically in 3s.                    The highlighted entry will be executed automatically in 2s.                    The highlighted entry will be executed automatically in 1s.                    The highlighted entry will be executed automatically in 0s.                 
Purity

PCTFJ25150013 login: puresetup
Password: 
<fw_update_tool>
===================================================================
=                            NOTICE                               =
===================================================================
=                                                                 =
=    Firmware is currently being checked and/or updated           =
=    on this controller.                                          =
=                                                                 =
=    If updates are necessary they will be applied automatically, =
=    and one or more automatic reboots may occur as a result.     =
=    A completion notice will be provided when done.              =
=                                                                 =
=    DO NOT RESTART OR REMOVE POWER WHILE UPDATE IS IN PROGRESS   =
=                                                                 =
===================================================================
<fw_update_tool>

Wed Jul 23 19:10:05 2025
Welcome puresetup. This is Purity Version 6.5.5 on FlashArray PCTFJ25150013
http://www.purestorage.com/
puresetup@PCTFJ25150013:~$ mount /dev/sdb1 /mnt
puresetup@PCTFJ25150013:~$ cp /mnt/6.5.8/* .
puresetup@PCTFJ25150013:~$                                                                                
Broadcast message from root@PCTFJ25150013 (somewhere) (Wed Jul 23 19:12:05 2025
                                                                               
===================================================================            
=                   UPDATE AND/OR CHECK COMPLETE                  =            
=                                                                 =            
=    The firmware checks/updates on this system are now complete. =            
=    No further action is required, and the controller will       =            
=    continue running as usual                                    =            
=                                                                 =            
===================================================================            
                                                                               
                                                                               

puresetup@PCTFJ25150013:~$ pureinstall purity_6.5.8_202408090136+b967c2f84655.ppkg
Installing Purity on alternate partition labeled second.
Erasing Purity software image from alternate partition second to prepare for installation.
WARNING: Do not interrupt this process!!
Unpacking new Purity software.
................................................................................................................................................................................................................................................................................................................................................................................................................................................................................................................................................................................................................................................................................................................................................................................................................................................................................................................................................................................................................................................................................................................................................................................................................................................................................................
Verifying package...

Finalizing installation. This may take several minutes.
Executing /altroot/opt/purextras/bin/finish-install.sh
Executing /altroot/opt/purextras/bin/finish-install.azure-propagate.sh
Executing /altroot/opt/purextras/bin/finish-install.cbs.sh
Executing /altroot/opt/purextras/bin/finish-install.cdu-pureinstall-lib.sh
Executing /altroot/opt/purextras/bin/finish-install.fix-dpkg.sh
Purity installed.
Installation complete. The new Purity version will load at next reboot.

Important!
The first boot of a new Purity version may take longer if the new version includes controller firmware updates.
DO NOT REBOOT THE CONTROLLER DURING THE FIRMWARE UPDATE.

Refer to http://community.purestorage.com for more information about the Purity upgrade process and firmware updates.
puresetup@PCTFJ25150013:~$ pureboot reboot --offline
[Errno 111] Connection refused
 GNU GRUB  version 2.06

/----------------------------------------------------------------------------\||||||||||||||||||||||||||\----------------------------------------------------------------------------/     Use the ^ and v keys to select which entry is highlighted.          
      Press enter to boot the selected OS, `e' to edit the commands       
      before booting or `c' for a command-line.                             Purity 6.5.5 (202404130351+34e2b1e66ad3) with kernel 5.15.123+ (2024031915>
*Purity 6.5.8 (202408090136+b967c2f84655) with kernel 5.15.123+ (2024071402>
                                                                                                                                                                                                                                                                                                                                                                                                                                                                                                                                                                                                                                                                                                                                                                                                                                                                        The highlighted entry will be executed automatically in 3s.                    The highlighted entry will be executed automatically in 2s.                    The highlighted entry will be executed automatically in 1s.                    The highlighted entry will be executed automatically in 0s.                 
Purity

PCTFJ25150013 login: puresetup
Password: 
<fw_update_tool>
===================================================================
=                            NOTICE                               =
===================================================================
=                                                                 =
=    Firmware is currently being checked and/or updated           =
=    on this controller.                                          =
=                                                                 =
=    If updates are necessary they will be applied automatically, =
=    and one or more automatic reboots may occur as a result.     =
=    A completion notice will be provided when done.              =
=                                                                 =
=    DO NOT RESTART OR REMOVE POWER WHILE UPDATE IS IN PROGRESS   =
=                                                                 =
===================================================================
<fw_update_tool>
Last login: Wed Jul 23 19:10:04 PDT 2025 on ttyS0

Thu Jul 24 02:22:31 2025
Welcome puresetup. This is Purity Version 6.5.8 on FlashArray PCTFJ25150013
http://www.purestorage.com/
puresetup@PCTFJ25150013:~$ pureboot list
===================================================================
=                            NOTICE                               =
===================================================================
=                                                                 =
=    Firmware is currently being checked and/or updated           =
=    on this controller.                                          =
=                                                                 =
=    If updates are necessary they will be applied automatically, =
=    and one or more automatic reboots may occur as a result.     =
=    A completion notice will be provided when done.              =
=                                                                 =
=    DO NOT RESTART OR REMOVE POWER WHILE UPDATE IS IN PROGRESS   =
=                                                                 =
===================================================================


Marked entry (*) is currently running
Marked entry (-->) will run at next reboot
    0. Purity 6.5.5 (202404130351+34e2b1e66ad3) with kernel 5.15.123+ (202403191505+d9f0e688c788) on first (/dev/sda3)
*-->1. Purity 6.5.8 (202408090136+b967c2f84655) with kernel 5.15.123+ (202407140227+e4052619b975) on second (/dev/sda4)
puresetup@PCTFJ25150013:~$  GNU GRUB  version 2.06

/----------------------------------------------------------------------------\||||||||||||||||||||||||||\----------------------------------------------------------------------------/     Use the ^ and v keys to select which entry is highlighted.          
      Press enter to boot the selected OS, `e' to edit the commands       
      before booting or `c' for a command-line.                             Purity 6.5.5 (202404130351+34e2b1e66ad3) with kernel 5.15.123+ (2024031915>
*Purity 6.5.8 (202408090136+b967c2f84655) with kernel 5.15.123+ (2024071402>
                                                                                                                                                                                                                                                                                                                                                                                                                                                                                                                                                                                                                                                                                                                                                                                                                                                                        The highlighted entry will be executed automatically in 3s.                    The highlighted entry will be executed automatically in 2s.                    The highlighted entry will be executed automatically in 1s.                    The highlighted entry will be executed automatically in 0s.                 
Purity

PCTFJ25150013 login: puresetup
Password: 
Last login: Wed Jul 23 19:22:31 PDT 2025 on ttyS0

Thu Jul 24 02:34:33 2025
Welcome puresetup. This is Purity Version 6.5.8 on FlashArray PCTFJ25150013
http://www.purestorage.com/
puresetup@PCTFJ25150013:~$ puresetup replace --from-controller FA-X50R3
##########################################
#   Welcome to the Purity Setup Wizard   #
##########################################
Controller hardware model is compatible with the controller purity version
[Errno 111] Connection refused
Local controller model is FA-X50R4.
Drive detected storage type is X.
FA-X50R3 found to be replaced by FA-X50R4 has storage type X.
Controller type supports multiple storage types, detecting type of storage installed...
Detected storage type X
Pre-existing storage type X was found on the device
Successfully configured storage type X for array controller
Check Cobalt NDU controllers.. OK
Check RDL..................... OK
Check shelf cabling........... OK
Check controller link......... OK
Check power supply............ OK
Check PCIE AER errors......... OK
Check io card pci id's........ OK
Check LOM MAC addresses....... OK
Getting local controller type. Local controller type is cobalt_a.
Getting local controller variant. Not a generic controller, Exiting.
Checking peer controller for tunables

Apply PS_CACHED_GC_MIN_STALE_OBJECTS = 4096 #
 (y/n):y
Apply PS_CACHED_GC_MIN_STALE_OBJECTS = 4096 #
 (y/n): y
Tunable parameter set: PS_CACHED_GC_MIN_STALE_OBJECTS=4096

Apply ATOM_5177 = DEF # CLOUD-113977
 (y/n):y
Apply ATOM_5177 = DEF # CLOUD-113977
 (y/n): y
Tunable parameter set: ATOM_5177=DEF

Apply ATOM_SECURITY_BUNDLE_FA_2024_01_15 = PCTFL20220119,PCTFL20220127,6.1.25 #
 (y/n):y
Apply ATOM_SECURITY_BUNDLE_FA_2024_01_15 = PCTFL20220119,PCTFL20220127,6.1.25 #
 (y/n): y
Tunable parameter set: ATOM_SECURITY_BUNDLE_FA_2024_01_15=PCTFL20220119,PCTFL20220127,6.1.25

Apply PS_FILEGW_SMB_HIDE_DOT_SNAPSHOT = 0 # Set during upgrade to 6.3.18 - CLOUD
 (y/n):y
Apply PS_FILEGW_SMB_HIDE_DOT_SNAPSHOT = 0 # Set during upgrade to 6.3.18 - CLOUD
 (y/n): y
Tunable parameter set: PS_FILEGW_SMB_HIDE_DOT_SNAPSHOT=0

Apply PS_DISABLE_ERADICATION = 1 # CS0842763
 (y/n):y
Apply PS_DISABLE_ERADICATION = 1 # CS0842763
 (y/n): y
Tunable parameter set: PS_DISABLE_ERADICATION=1

Apply ATOM_10072 = GH # CLOUD-152371
 (y/n):y
Apply ATOM_10072 = GH # CLOUD-152371
 (y/n): y
Tunable parameter set: ATOM_10072=GH

Apply ATOM_SECURITY_PATCH_FA_2025_A = PCTFL20220119,PCTFL20220127,6.5.8 # CLOUD-
 (y/n):y
Apply ATOM_SECURITY_PATCH_FA_2025_A = PCTFL20220119,PCTFL20220127,6.5.8 # CLOUD-
 (y/n): y
Tunable parameter set: ATOM_SECURITY_PATCH_FA_2025_A=PCTFL20220119,PCTFL20220127,6.5.8
Stopping purity to ensure tunables are properly loaded.
Press ENTER to reboot
y 
Please run puresetup again after reboot.
[Errno 111] Connection refused
 GNU GRUB  version 2.06

/----------------------------------------------------------------------------\||||||||||||||||||||||||||\----------------------------------------------------------------------------/     Use the ^ and v keys to select which entry is highlighted.          
      Press enter to boot the selected OS, `e' to edit the commands       
      before booting or `c' for a command-line.                             Purity 6.5.5 (202404130351+34e2b1e66ad3) with kernel 5.15.123+ (2024031915>
*Purity 6.5.8 (202408090136+b967c2f84655) with kernel 5.15.123+ (2024071402>
                                                                                                                                                                                                                                                                                                                                                                                                                                                                                                                                                                                                                                                                                                                                                                                                                                                                        The highlighted entry will be executed automatically in 3s.                    The highlighted entry will be executed automatically in 2s.                    The highlighted entry will be executed automatically in 1s.                    The highlighted entry will be executed automatically in 0s.                 
Purity

PCTFJ25150013 login: puresetup
Password: 
Last login: Wed Jul 23 19:34:32 PDT 2025 on ttyS0

Thu Jul 24 02:39:20 2025
Welcome puresetup. This is Purity Version 6.5.8 on FlashArray PCTFJ25150013
http://www.purestorage.com/
puresetup@PCTFJ25150013:~$ pureboot list

Marked entry (*) is currently running
Marked entry (-->) will run at next reboot
    0. Purity 6.5.5 (202404130351+34e2b1e66ad3) with kernel 5.15.123+ (202403191505+d9f0e688c788) on first (/dev/sda3)
*-->1. Purity 6.5.8 (202408090136+b967c2f84655) with kernel 5.15.123+ (202407140227+e4052619b975) on second (/dev/sda4)
puresetup@PCTFJ25150013:~$ puresetup replace --from-controller FA-X50R3
##########################################
#   Welcome to the Purity Setup Wizard   #
##########################################
Controller hardware model is compatible with the controller purity version
[Errno 111] Connection refused
Local controller model is FA-X50R4.
Drive detected storage type is X.
FA-X50R3 found to be replaced by FA-X50R4 has storage type X.
Controller type supports multiple storage types, detecting type of storage installed...
Detected storage type X
Pre-existing storage type X was found on the device
Successfully configured storage type X for array controller
Check Cobalt NDU controllers.. OK
Check RDL..................... OK
Check shelf cabling........... OK
Check controller link......... OK
Check power supply............ OK
Check PCIE AER errors......... OK
Check io card pci id's........ OK
Check LOM MAC addresses....... OK
Getting local controller type. Local controller type is cobalt_a.
Getting local controller variant. Not a generic controller, Exiting.
Checking peer controller for tunables
purity.service stablized: done
purity start/running
platform: ..done
foed: .done
gui: ....done
rest: done
platform_env: 0.done
quorum: ......done
foed_env: 1.0.done
foed_ready: done
remote_patch: done
driver: done
san: Skip waiting for san during HW NDU
service middleware not healthy.
Wait until all services are working, check service status again in 10s ...
[FA-X50R3.CT1.ETH1] does not need to be migrated since it has no configuration and is not a subinterface.
[FA-X50R3.CT1.ETH4] does not need to be migrated since it has no configuration and is not a subinterface.
[FA-X50R3.CT1.ETH5] does not need to be migrated since it has no configuration and is not a subinterface.
[FA-X50R3.CT1.ETH6] does not need to be migrated since it has no configuration and is not a subinterface.
[FA-X50R3.CT1.ETH7] does not need to be migrated since it has no configuration and is not a subinterface.
[FA-X50R3.CT1.ETH8] does not need to be migrated since it has no configuration and is not a subinterface.
[FA-X50R3.CT1.ETH9] does not need to be migrated since it has no configuration and is not a subinterface.
Please move ports as shown below:
[FA-X50R3.CT1.ETH0] ====>> [FA-X50R4.CT1.ETH4](Slot: LOM)
[FA-X50R3.CT1.ETH2] ====>> [FA-X50R4.CT1.ETH2](Slot: LOM)
Press Enter to show more lines...
[FA-X50R3.CT1.ETH3] ====>> [FA-X50R4.CT1.ETH3](Slot: LOM)
[FA-X50R3.CT1.FC0] ====>> [FA-X50R4.CT1.FC12](Slot:3)
[FA-X50R3.CT1.FC1] ====>> [FA-X50R4.CT1.FC13](Slot:3)
[FA-X50R3.CT1.FC2] ====>> [FA-X50R4.CT1.FC14](Slot:3)
[FA-X50R3.CT1.FC3] ====>> [FA-X50R4.CT1.FC15](Slot:3)

After the cables have been moved, type "CONTINUE": continue
Configuring network ports...
Perform ping test on port ETH4 ....... OK
Checking SAN connectivity.
SAN is ready.
                                                                               
Broadcast message from root@apn1purstgp0102-ct1 (somewhere) (Wed Jul 23 19:43:1
                                                                               
                                                                               
Purity//FA Information System Status                                           
====================================                                           
Purity//FA has successfully started for                                        
the first time after an install                                                
or upgrade. Purity//FA 6.5.8 (202408090136+b967c2f84655-65x)                   
is now set to be the default.                                                  
                                                                               
                                                                               
Broadcast message from root@apn1purstgp0102-ct1 (somewhere) (Wed Jul 23 19:43:1
                                                                               
                                                                               
Purity//FA Information System Status                                           
====================================                                           
Purity//FA has successfully started for                                        
the first time after an install                                                
or upgrade. Purity//FA 6.5.8 (202408090136+b967c2f84655-65x)                   
is now set to be the default.                                                  
                                                                               
Waiting for Software Check:.Checking iobalance before proceeding, sampling for 30 seconds, retrying 1 times, adding 30 seconds with each retry
Try 1/2: Sampling I/O for 30 seconds
^V  ^C
Exit without saving changes.
CONFIG_TASK_COMPLETED:CONFIG_TASK_PURESETUP_EXITED
puresetup@PCTFJ25150013:~$ fcpureportlist=`pureport list --initiator | awk '/Target/,0' | cut -d. -f1 | awk '{print $1,$5}' | grep -v '-' | grep -v "Initiator" | uniq -c; echo`; fcpureportlistcount=`echo "$fcpureportlist" | awk '{total += $1} END {print total}'`; echo -e "$fcpureportlist\n\n"; echo -e "\tTotal FC connections: $fcpureportlistcount\n\n";
      1 10:00:D0:67:26:06:02:C1 CT0
      1 10:00:D0:67:26:06:02:C1 CT1
      1 10:00:D0:67:26:06:02:C9 CT0
      1 10:00:D0:67:26:06:02:C9 CT1
      1 10:00:D0:67:26:06:12:A1 CT0
      1 10:00:D0:67:26:06:12:A1 CT1
      1 10:00:D0:67:26:06:12:A9 CT0
      1 10:00:D0:67:26:06:12:A9 CT1
      1 10:00:D0:67:26:06:1C:61 CT0
      1 10:00:D0:67:26:06:1C:61 CT1
      1 10:00:D0:67:26:06:1C:69 CT0
      1 10:00:D0:67:26:06:1C:69 CT1
      1 10:00:D0:67:26:06:2B:41 CT0
      1 10:00:D0:67:26:06:2B:41 CT1
      1 10:00:D0:67:26:06:2B:49 CT0
      1 10:00:D0:67:26:06:2B:49 CT1
      1 10:00:D0:67:26:06:2B:61 CT0
      1 10:00:D0:67:26:06:2B:61 CT1
      1 10:00:D0:67:26:06:2B:69 CT0
      1 10:00:D0:67:26:06:2B:69 CT1
      1 10:00:D0:67:26:06:2B:D1 CT0
      1 10:00:D0:67:26:06:2B:D1 CT1
      1 10:00:D0:67:26:06:2B:D9 CT0
      1 10:00:D0:67:26:06:2B:D9 CT1
      1 10:00:D0:67:26:06:4B:F1 CT0
      1 10:00:D0:67:26:06:4B:F1 CT1
      1 10:00:D0:67:26:06:4B:F9 CT0
      1 10:00:D0:67:26:06:4B:F9 CT1
      1 10:00:D0:67:26:06:5B:11 CT0
      1 10:00:D0:67:26:06:5B:11 CT1
      1 10:00:D0:67:26:06:5B:19 CT0
      1 10:00:D0:67:26:06:5B:19 CT1
      1 10:00:D0:67:26:06:5B:81 CT0
      1 10:00:D0:67:26:06:5B:81 CT1
      1 10:00:D0:67:26:06:5B:89 CT0
      1 10:00:D0:67:26:06:5B:89 CT1
      1 10:00:D0:67:26:06:8A:51 CT0
      1 10:00:D0:67:26:06:8A:51 CT1
      1 10:00:D0:67:26:06:8A:59 CT0
      1 10:00:D0:67:26:06:8A:59 CT1
      1 10:00:D0:67:26:06:8A:81 CT0
      1 10:00:D0:67:26:06:8A:81 CT1
      1 10:00:D0:67:26:06:8A:89 CT0
      1 10:00:D0:67:26:06:8A:89 CT1
      1 10:00:D0:67:26:06:DF:61 CT0
      1 10:00:D0:67:26:06:DF:61 CT1
      1 10:00:D0:67:26:06:DF:69 CT0
      1 10:00:D0:67:26:06:DF:69 CT1
      1 10:00:D0:67:26:06:EF:C1 CT0
      1 10:00:D0:67:26:06:EF:C1 CT1
      1 10:00:D0:67:26:06:EF:C9 CT0
      1 10:00:D0:67:26:06:EF:C9 CT1
      1 10:00:D0:67:26:06:FB:31 CT0
      1 10:00:D0:67:26:06:FB:31 CT1
      1 10:00:D0:67:26:06:FB:39 CT0
      1 10:00:D0:67:26:06:FB:39 CT1
      1 10:00:D0:67:26:06:FB:C1 CT0
      1 10:00:D0:67:26:06:FB:C1 CT1
      1 10:00:D0:67:26:06:FB:C9 CT0
      1 10:00:D0:67:26:06:FB:C9 CT1
      1 10:00:D0:67:26:06:FB:D1 CT0
      1 10:00:D0:67:26:06:FB:D1 CT1
      1 10:00:D0:67:26:06:FB:D9 CT0
      1 10:00:D0:67:26:06:FB:D9 CT1
      1 10:00:DE:A0:3F:E0:00:20 CT0
      1 10:00:DE:A0:3F:E0:00:20 CT1
      1 10:00:DE:A0:3F:E0:00:22 CT0
      1 10:00:DE:A0:3F:E0:00:22 CT1
      1 10:00:DE:A0:3F:E0:00:28 CT0
      1 10:00:DE:A0:3F:E0:00:28 CT1
      1 10:00:DE:A0:3F:E0:00:2A CT0
      1 10:00:DE:A0:3F:E0:00:2A CT1
      1 10:00:DE:A0:3F:E0:00:2C CT0
      1 10:00:DE:A0:3F:E0:00:2C CT1
      1 10:00:DE:A0:3F:E0:00:2E CT0
      1 10:00:DE:A0:3F:E0:00:2E CT1
      1 10:00:DE:A0:3F:E0:00:30 CT0
      1 10:00:DE:A0:3F:E0:00:30 CT1
      1 10:00:DE:A0:3F:E0:00:32 CT0
      1 10:00:DE:A0:3F:E0:00:32 CT1
      1 10:00:DE:A0:3F:E0:00:44 CT0
      1 10:00:DE:A0:3F:E0:00:44 CT1
      1 10:00:DE:A0:3F:E0:00:46 CT0
      1 10:00:DE:A0:3F:E0:00:46 CT1
      1 10:00:DE:A0:3F:E0:00:4C CT0
      1 10:00:DE:A0:3F:E0:00:4C CT1
      1 10:00:DE:A0:3F:E0:00:4E CT0
      1 10:00:DE:A0:3F:E0:00:4E CT1
      1 10:00:DE:A0:3F:E0:00:50 CT0
      1 10:00:DE:A0:3F:E0:00:50 CT1
      1 10:00:DE:A0:3F:E0:00:52 CT0
      1 10:00:DE:A0:3F:E0:00:52 CT1
      1 10:00:DE:A0:3F:E0:00:5C CT0
      1 10:00:DE:A0:3F:E0:00:5C CT1
      1 10:00:DE:A0:3F:E0:00:5E CT0
      1 10:00:DE:A0:3F:E0:00:5E CT1
      1 10:00:DE:A0:3F:E0:00:64 CT0
      1 10:00:DE:A0:3F:E0:00:64 CT1
      1 10:00:DE:A0:3F:E0:00:66 CT0
      1 10:00:DE:A0:3F:E0:00:66 CT1
      1 10:00:DE:A0:3F:E0:00:6C CT0
      1 10:00:DE:A0:3F:E0:00:6C CT1
      1 10:00:DE:A0:3F:E0:00:6E CT0
      1 10:00:DE:A0:3F:E0:00:6E CT1
      1 10:00:DE:A0:3F:E0:00:78 CT0
      1 10:00:DE:A0:3F:E0:00:78 CT1
      1 10:00:DE:A0:3F:E0:00:7A CT0
      1 10:00:DE:A0:3F:E0:00:7A CT1
      1 10:00:DE:A0:3F:E0:00:A8 CT0
      1 10:00:DE:A0:3F:E0:00:A8 CT1
      1 10:00:DE:A0:3F:E0:00:AA CT0
      1 10:00:DE:A0:3F:E0:00:AA CT1
      1 10:00:DE:A0:3F:E0:00:C0 CT0
      1 10:00:DE:A0:3F:E0:00:C0 CT1
      1 10:00:DE:A0:3F:E0:00:C2 CT0
      1 10:00:DE:A0:3F:E0:00:C2 CT1
      1 10:00:DE:A0:3F:E0:00:C4 CT0
      1 10:00:DE:A0:3F:E0:00:C4 CT1
      1 10:00:DE:A0:3F:E0:00:C6 CT0
      1 10:00:DE:A0:3F:E0:00:C6 CT1
      1 10:00:DE:A0:3F:E0:00:C8 CT0
      1 10:00:DE:A0:3F:E0:00:C8 CT1
      1 10:00:DE:A0:3F:E0:00:CA CT0
      1 10:00:DE:A0:3F:E0:00:CA CT1
      1 10:00:DE:A0:3F:E0:00:DC CT0
      1 10:00:DE:A0:3F:E0:00:DC CT1
      1 10:00:DE:A0:3F:E0:00:DE CT0
      1 10:00:DE:A0:3F:E0:00:DE CT1
      1 10:00:DE:A0:3F:E0:01:00 CT0
      1 10:00:DE:A0:3F:E0:01:00 CT1
      1 10:00:DE:A0:3F:E0:01:02 CT0
      1 10:00:DE:A0:3F:E0:01:02 CT1
      1 10:00:DE:A0:3F:E0:01:04 CT0
      1 10:00:DE:A0:3F:E0:01:04 CT1
      1 10:00:DE:A0:3F:E0:01:06 CT0
      1 10:00:DE:A0:3F:E0:01:06 CT1
      1 10:00:EC:EB:B8:81:20:91 CT0
      1 10:00:EC:EB:B8:81:20:91 CT1
      1 10:00:EC:EB:B8:81:20:99 CT0
      1 10:00:EC:EB:B8:81:20:99 CT1
      1 10:00:EC:EB:B8:81:30:71 CT0
      1 10:00:EC:EB:B8:81:30:71 CT1
      1 10:00:EC:EB:B8:81:30:79 CT0
      1 10:00:EC:EB:B8:81:30:79 CT1
      1 10:00:EC:EB:B8:81:32:F1 CT0
      1 10:00:EC:EB:B8:81:32:F1 CT1
      1 10:00:EC:EB:B8:81:32:F9 CT0
      1 10:00:EC:EB:B8:81:32:F9 CT1
      1 10:00:EC:EB:B8:81:40:81 CT0
      1 10:00:EC:EB:B8:81:40:81 CT1
      1 10:00:EC:EB:B8:81:40:89 CT0
      1 10:00:EC:EB:B8:81:40:89 CT1
      1 10:00:EC:EB:B8:81:42:01 CT0
      1 10:00:EC:EB:B8:81:42:01 CT1
      1 10:00:EC:EB:B8:81:42:09 CT0
      1 10:00:EC:EB:B8:81:42:09 CT1
      1 10:00:EC:EB:B8:81:50:A1 CT0
      1 10:00:EC:EB:B8:81:50:A1 CT1
      1 10:00:EC:EB:B8:81:50:A9 CT0
      1 10:00:EC:EB:B8:81:50:A9 CT1
      1 10:00:EC:EB:B8:81:60:01 CT0
      1 10:00:EC:EB:B8:81:60:01 CT1
      1 10:00:EC:EB:B8:81:60:09 CT0
      1 10:00:EC:EB:B8:81:60:09 CT1
      1 10:00:EC:EB:B8:81:70:41 CT0
      1 10:00:EC:EB:B8:81:70:41 CT1
      1 10:00:EC:EB:B8:81:70:49 CT0
      1 10:00:EC:EB:B8:81:70:49 CT1
      1 10:00:EC:EB:B8:81:70:A1 CT0
      1 10:00:EC:EB:B8:81:70:A1 CT1
      1 10:00:EC:EB:B8:81:70:A9 CT0
      1 10:00:EC:EB:B8:81:70:A9 CT1
      1 51:40:2E:C0:01:82:3C:B0 CT0
      1 51:40:2E:C0:01:82:3C:B0 CT1
      1 51:40:2E:C0:01:82:3C:B2 CT0
      1 51:40:2E:C0:01:82:3C:B2 CT1
      1 51:40:2E:C0:01:82:40:B0 CT0
      1 51:40:2E:C0:01:82:40:B0 CT1
      1 51:40:2E:C0:01:82:40:B2 CT0
      1 51:40:2E:C0:01:82:40:B2 CT1
      1 51:40:2E:C0:01:82:43:E4 CT0
      1 51:40:2E:C0:01:82:43:E4 CT1
      1 51:40:2E:C0:01:82:43:E6 CT0
      1 51:40:2E:C0:01:82:43:E6 CT1
      1 51:40:2E:C0:01:C9:BE:88 CT0
      1 51:40:2E:C0:01:C9:BE:88 CT1
      1 51:40:2E:C0:01:C9:BE:8A CT0
      1 51:40:2E:C0:01:C9:BE:8A CT1
      1 51:40:2E:C0:01:C9:BE:94 CT0
      1 51:40:2E:C0:01:C9:BE:94 CT1
      1 51:40:2E:C0:01:C9:BE:96 CT0
      1 51:40:2E:C0:01:C9:BE:96 CT1
      1 51:40:2E:C0:11:08:90:00 CT0
      1 51:40:2E:C0:11:08:90:00 CT1
      1 51:40:2E:C0:11:08:90:02 CT0
      1 51:40:2E:C0:11:08:90:02 CT1
      1 51:40:2E:C0:11:08:90:E4 CT0
      1 51:40:2E:C0:11:08:90:E4 CT1
      1 51:40:2E:C0:11:08:90:E6 CT0
      1 51:40:2E:C0:11:08:90:E6 CT1
      1 51:40:2E:C0:11:08:9B:60 CT0
      1 51:40:2E:C0:11:08:9B:60 CT1
      1 51:40:2E:C0:11:08:9B:62 CT0
      1 51:40:2E:C0:11:08:9B:62 CT1


Total FC connections: 204


puresetup@PCTFJ25150013:~$ puresetup timezone
##########################################
#   Welcome to the Purity Setup Wizard   #
##########################################
Name       Created                  Expires
puresetup  2025-07-23 19:43:43 PDT  2025-07-23 20:43:43 PDT
Changing the time zone will require a reboot on this controller.
Current time zone: America/Los_Angeles
Change time zone [requires reboot] (y/n):yChange time zone [requires reboot] (y/n): y
Configuring tzdata
------------------

Please select the geographic area in which you live. Subsequent configuration 
questions will narrow this down by presenting a list of cities, representing the
time zones in which they are located.

  1. Africa      4. Australia     7. Atlantic Ocean  10. Pacific Ocean
  2. America     5. Arctic Ocean  8. Europe          11. US
  3. Antarctica  6. Asia          9. Indian Ocean    12. None of the above

Geographic area: 2


Please select the city or region corresponding to your time zone.

  1. Adak                       80. Juneau
  2. Anchorage                  81. Louisville (Kentucky)
  3. Anguilla                   82. Monticello (Kentucky)
  4. Antigua                    83. Kralendijk
  5. Araguaina                  84. La Paz
  6. Buenos Aires (Argentina)   85. Lima
  7. Catamarca (Argentina)      86. Los Angeles
  8. Cordoba (Argentina)        87. Lower Princes
  9. Jujuy (Argentina)          88. Maceio
  10. La Rioja (Argentina)      89. Managua
  11. Mendoza (Argentina)       90. Manaus
  12. Rio Gallegos (Argentina)  91. Marigot
  13. Salta (Argentina)         92. Martinique
  14. San Juan (Argentina)      93. Matamoros
  15. San Luis (Argentina)      94. Mazatlan
  16. Tucuman (Argentina)       95. Menominee
  17. Ushuaia (Argentina)       96. Merida
  18. Aruba                     97. Metlakatla
[More] 

  19. Asuncion                  98. Mexico City
  20. Atikokan                  99. Miquelon
  21. Atka                      100. Moncton
  22. Bahia                     101. Monterrey
  23. Bahia Banderas            102. Montevideo
  24. Barbados                  103. Montreal
  25. Belem                     104. Montserrat
  26. Belize                    105. Nassau
  27. Blanc-Sablon              106. New York
  28. Boa Vista                 107. Nipigon
  29. Bogota                    108. Nome
  30. Boise                     109. Fernando de Noronha
  31. Cambridge Bay             110. Beulah (North Dakota)
  32. Campo Grande              111. Center (North Dakota)
  33. Cancun                    112. New Salem (North Dakota)
  34. Caracas                   113. Nuuk
  35. Cayenne                   114. Ojinaga
  36. Cayman                    115. Panama
  37. Chicago                   116. Pangnirtung
  38. Chihuahua                 117. Paramaribo
  39. Ciudad_Juarez             118. Phoenix
  40. Coral Harbour             119. Port-au-Prince
[More] 

  41. Costa Rica                120. Port of Spain
  42. Creston                   121. Porto Acre
  43. Cuiaba                    122. Porto Velho
  44. Curaçao                  123. Puerto Rico
  45. Danmarkshavn              124. Punta Arenas
  46. Dawson                    125. Rainy River
  47. Dawson Creek              126. Rankin Inlet
  48. Denver                    127. Recife
  49. Detroit                   128. Regina
  50. Dominica                  129. Resolute
  51. Edmonton                  130. Rio Branco
  52. Eirunepe                  131. Santa Isabel
  53. El Salvador               132. Santarém
  54. Ensenada                  133. Santiago
  55. Fort Nelson               134. Santo Domingo
  56. Fortaleza                 135. São Paulo
  57. Glace Bay                 136. Scoresbysund
  58. Godthab                   137. Shiprock
  59. Goose Bay                 138. Sitka
  60. Grand Turk                139. St Barthelemy
  61. Grenada                   140. St Johns
  62. Guadeloupe                141. St Kitts
[More] 

  63. Guatemala                 142. St Lucia
  64. Guayaquil                 143. St Thomas
  65. Guyana                    144. St Vincent
  66. Halifax                   145. Swift Current
  67. Havana                    146. Tegucigalpa
  68. Hermosillo                147. Thule
  69. Indianapolis (Indiana)    148. Thunder Bay
  70. Knox (Indiana)            149. Tijuana
  71. Marengo (Indiana)         150. Toronto
  72. Petersburg (Indiana)      151. Tortola
  73. Tell City (Indiana)       152. Vancouver
  74. Vevay (Indiana)           153. Virgin
  75. Vincennes (Indiana)       154. Whitehorse
  76. Winamac (Indiana)         155. Winnipeg
  77. Inuvik                    156. Yakutat
  78. Iqaluit                   157. Yellowknife
  79. Jamaica

Time zone: 106



Current default time zone: 'America/New_York'
Local time is now:      Wed Jul 23 22:43:49 EDT 2025.
Universal Time is now:  Thu Jul 24 02:43:49 UTC 2025.

'/cache/timezone/localtime' -> '/usr/share/zoneinfo/America/New_York'
Confirm time zone change from America/Los_Angeles to America/New_York
(y/N):y(y/N): y
Press ENTER to reboot

This controller will be online after reboot.
