=~=~=~=~=~=~=~=~=~=~=~= PuTTY log 2025.05.03 10:11:52 =~=~=~=~=~=~=~=~=~=~=~=


NY2Pure04-ct0 login: pureeng

1) Authenticate via CloudAssist
2) Authenticate via command line
3) Restore challenge
Type the number corresponding to the authentication method you want to use.

Selection: 1

An email for identity verification will be sent once email is entered.
Please follow the authentication instructions provided there and return to this screen when finished or if email has not been received.


Enter an email address: fharris@purestorage.com
Successfully authenticated
Last login: Fri Aug 18 18:18:54 EDT 2023 from 10.2.4.10 on pts/1

Sat May 03 10:12:58 2025
Welcome pureeng. This is Purity Version 6.7.2 on FlashArray NY2Pure04
http://www.purestorage.com/
pureeng@NY2Pure04-ct0:~$ purearray list --controller
Name  Type              Mode       Model     Version  Status  Current Mode Since       Internal Details
CT0   array_controller  primary    FA-X20R2  6.7.2    ready   2025-04-14 07:06:27 EDT  
CT1   array_controller  secondary  FA-X20R2  6.7.2    ready   2025-04-14 07:16:44 EDT  
pureeng@NY2Pure04-ct0:~$ purealert tag --timeout 180m --maintenance
Name         Created                  Expires
maintenance  2025-05-03 10:17:40 EDT  2025-05-03 13:17:40 EDT
pureeng@NY2Pure04-ct0:~$ sudo su
     root@NY2Pure04-ct0:/var/home/pureeng# purearray phonehome --send-today && ssh peer purearray phonehome --send-today

Status   Action
running  send_today
phonehome is already running
Status   Action
running  send_today
     root@NY2Pure04-ct0:/var/home/pureeng# purehw list
Name       Status         Identify  Slot  Index  Speed       Temperature  Voltage  Details
CH0        ok             off       -     0      -           -            -        -
CH0.BAY0   ok             off       -     0      -           -            -        -
CH0.BAY1   ok             off       -     1      -           -            -        -
CH0.BAY2   ok             off       -     2      -           -            -        -
CH0.BAY3   ok             off       -     3      -           -            -        -
CH0.BAY4   ok             off       -     4      -           -            -        -
CH0.BAY5   ok             off       -     5      -           -            -        -
CH0.BAY6   ok             off       -     6      -           -            -        -
CH0.BAY7   ok             off       -     7      -           -            -        -
CH0.BAY8   ok             off       -     8      -           -            -        -
CH0.BAY9   ok             off       -     9      -           -            -        -
CH0.BAY10  ok             off       -     10     -           -            -        -
CH0.BAY11  ok             off       -     11     -           -            -        -
CH0.BAY12  ok             off       -     12     -           -            -        -
CH0.BAY13  ok             off       -     13     -           -            -        -
CH0.BAY14  ok             off       -     14     -           -            -        -
CH0.BAY15  ok             off       -     15     -           -            -        -
CH0.BAY16  ok             off       -     16     -           -            -        -
CH0.BAY17  ok             off       -     17     -           -            -        -
CH0.BAY18  ok             off       -     18     -           -            -        -
CH0.BAY19  ok             off       -     19     -           -            -        -
CH0.NVB0   ok             off       -     0      -           -            -        -
CH0.NVB1   ok             off       -     1      -           -            -        -
CH0.NVB2   not_installed  off       -     2      -           -            -        -
CH0.NVB3   not_installed  off       -     3      -           -            -        -
CH0.PWR0   ok             -         -     0      -           -            207 V    -
CH0.PWR1   ok             -         -     1      -           -            206 V    -
CH0.TMP0   ok             -         -     0      -           25 C         -        -
CT0        ok             off       -     0      -           -            -        -
CT0.ETH0   ok             -         -     0      1.00 Gb/s   -            -        -
CT0.ETH1   ok             -         -     1      0.00 b/s    -            -        -
CT0.ETH2   ok             -         -     2      0.00 b/s    -            -        -
CT0.ETH3   ok             -         -     3      0.00 b/s    -            -        -
CT0.ETH4   ok             -         -     4      0.00 b/s    -            -        -
CT0.ETH5   ok             -         -     5      0.00 b/s    -            -        -
CT0.FAN0   ok             -         -     0      -           -            -        -
CT0.FAN1   ok             -         -     1      -           -            -        -
CT0.FAN2   ok             -         -     2      -           -            -        -
CT0.FAN3   ok             -         -     3      -           -            -        -
CT0.FAN4   ok             -         -     4      -           -            -        -
CT0.FAN5   ok             -         -     5      -           -            -        -
CT0.FC8    ok             -         2     8      16.00 Gb/s  -            -        -
CT0.FC9    ok             -         2     9      16.00 Gb/s  -            -        -
CT0.SAS0   ok             -         -     0      0.00 b/s    -            -        -
CT0.SAS1   ok             -         -     1      0.00 b/s    -            -        -
CT0.SAS2   ok             -         -     2      0.00 b/s    -            -        -
CT0.SAS3   ok             -         -     3      0.00 b/s    -            -        -
CT0.TMP0   ok             -         -     0      -           38 C         -        -
CT0.TMP1   ok             -         -     1      -           38 C         -        -
CT0.TMP2   ok             -         -     2      -           33 C         -        -
CT0.TMP3   ok             -         -     3      -           44 C         -        -
CT0.TMP4   ok             -         -     4      -           43 C         -        -
CT0.TMP5   ok             -         -     5      -           39 C         -        -
CT0.TMP6   ok             -         -     6      -           43 C         -        -
CT0.TMP7   ok             -         -     7      -           33 C         -        -
CT0.TMP8   ok             -         -     8      -           33 C         -        -
CT0.TMP9   ok             -         -     9      -           34 C         -        -
CT0.TMP10  ok             -         -     10     -           34 C         -        -
CT0.TMP11  ok             -         -     11     -           33 C         -        -
CT0.TMP12  ok             -         -     12     -           33 C         -        -
CT0.TMP13  ok             -         -     13     -           37 C         -        -
CT0.TMP14  ok             -         -     14     -           37 C         -        -
CT0.TMP15  ok             -         -     15     -           36 C         -        -
CT0.TMP16  ok             -         -     16     -           34 C         -        -
CT0.TMP17  ok             -         -     17     -           34 C         -        -
CT0.TMP18  ok             -         -     18     -           34 C         -        -
CT0.TMP19  ok             -         -     19     -           39 C         -        -
CT0.TMP20  ok             -         -     20     -           35 C         -        -
CT0.TMP21  ok             -         -     21     -           39 C         -        -
CT0.TMP22  ok             -         -     22     -           38 C         -        -
CT0.TMP23  ok             -         -     23     -           40 C         -        -
CT0.TMP24  ok             -         -     24     -           41 C         -        -
CT0.TMP25  ok             -         -     25     -           41 C         -        -
CT0.TMP26  ok             -         -     26     -           33 C         -        -
CT1        ok             off       -     1      -           -            -        -
CT1.ETH0   ok             -         -     0      1.00 Gb/s   -            -        -
CT1.ETH1   ok             -         -     1      0.00 b/s    -            -        -
CT1.ETH2   ok             -         -     2      0.00 b/s    -            -        -
CT1.ETH3   ok             -         -     3      0.00 b/s    -            -        -
CT1.ETH4   ok             -         -     4      0.00 b/s    -            -        -
CT1.ETH5   ok             -         -     5      0.00 b/s    -            -        -
CT1.FAN0   ok             -         -     0      -           -            -        -
CT1.FAN1   ok             -         -     1      -           -            -        -
CT1.FAN2   ok             -         -     2      -           -            -        -
CT1.FAN3   ok             -         -     3      -           -            -        -
CT1.FAN4   ok             -         -     4      -           -            -        -
CT1.FAN5   ok             -         -     5      -           -            -        -
CT1.FC8    ok             -         2     8      16.00 Gb/s  -            -        -
CT1.FC9    ok             -         2     9      16.00 Gb/s  -            -        -
CT1.SAS0   ok             -         -     0      0.00 b/s    -            -        -
CT1.SAS1   ok             -         -     1      0.00 b/s    -            -        -
CT1.SAS2   ok             -         -     2      0.00 b/s    -            -        -
CT1.SAS3   ok             -         -     3      0.00 b/s    -            -        -
CT1.TMP0   ok             -         -     0      -           39 C         -        -
CT1.TMP1   ok             -         -     1      -           39 C         -        -
CT1.TMP2   ok             -         -     2      -           36 C         -        -
CT1.TMP3   ok             -         -     3      -           41 C         -        -
CT1.TMP4   ok             -         -     4      -           40 C         -        -
CT1.TMP5   ok             -         -     5      -           41 C         -        -
CT1.TMP6   ok             -         -     6      -           41 C         -        -
CT1.TMP7   ok             -         -     7      -           35 C         -        -
CT1.TMP8   ok             -         -     8      -           36 C         -        -
CT1.TMP9   ok             -         -     9      -           36 C         -        -
CT1.TMP10  ok             -         -     10     -           36 C         -        -
CT1.TMP11  ok             -         -     11     -           36 C         -        -
CT1.TMP12  ok             -         -     12     -           36 C         -        -
CT1.TMP13  ok             -         -     13     -           37 C         -        -
CT1.TMP14  ok             -         -     14     -           37 C         -        -
CT1.TMP15  ok             -         -     15     -           37 C         -        -
CT1.TMP16  ok             -         -     16     -           36 C         -        -
CT1.TMP17  ok             -         -     17     -           36 C         -        -
CT1.TMP18  ok             -         -     18     -           36 C         -        -
CT1.TMP19  ok             -         -     19     -           38 C         -        -
CT1.TMP20  ok             -         -     20     -           38 C         -        -
CT1.TMP21  ok             -         -     21     -           38 C         -        -
CT1.TMP22  ok             -         -     22     -           39 C         -        -
CT1.TMP23  ok             -         -     23     -           38 C         -        -
CT1.TMP24  ok             -         -     24     -           39 Cpuremessage list --open
ID        Time                     Severity  Category  Code  Component  Name      Event    Expected  Actual  Details
13372444  2025-03-29 00:19:57 EDT  warning   array     42    hardware   ct0.eth3  failure  -         -       
13372445  2025-03-29 00:19:57 EDT  warning   array     42    hardware   ct0.eth2  failure  -         -       
     root@NY2Pure04-ct0:/var/home/pureeng# purenetwork eth list
Name       Enabled  Type       Subnet  Address        Mask           Gateway         MTU   MAC                Speed       Services     Subinterfaces
ct0.eth0   True     physical   -       10.124.240.11  255.255.255.0  10.124.240.254  1500  24:a9:37:07:3b:02  1.00 Gb/s   management   -
ct0.eth1   False    physical   -       -              -              -               1500  24:a9:37:07:3b:03  1.00 Gb/s   management   -
ct0.eth4   False    physical   -       -              -              -               1500  24:a9:37:07:3b:07  25.00 Gb/s  iscsi        -
ct0.eth5   False    physical   -       -              -              -               1500  24:a9:37:07:3b:06  25.00 Gb/s  iscsi        -
ct1.eth0   True     physical   -       10.124.240.12  255.255.255.0  10.124.240.254  1500  24:a9:37:07:01:f6  1.00 Gb/s   management   -
ct1.eth1   False    physical   -       -              -              -               1500  24:a9:37:07:01:f7  1.00 Gb/s   management   -
ct1.eth4   False    physical   -       -              -              -               1500  24:a9:37:07:01:fb  25.00 Gb/s  iscsi        -
ct1.eth5   False    physical   -       -              -              -               1500  24:a9:37:07:01:fa  25.00 Gb/s  iscsi        -
replbond   False    bond       -       -              -              -               1500  32:60:ad:a6:21:4d  0.00 b/s    replication  -
replbond0  True     lacp_bond  -       10.124.0.186   255.255.252.0  10.124.3.254    1500  3a:8e:52:aa:1d:e2  50.00 Gb/s  replication  ct0.eth2
                                                                                                                                       ct0.eth3
replbond1  True     lacp_bond  -       10.124.0.187   255.255.252.0  10.124.3.254    1500  82:cb:31:67:74:80  50.00 Gb/s  replication  ct1.eth2
                                                                                                                                       ct1.eth3
vir0       True     vif        -       10.124.240.10  255.255.255.0  10.124.240.254  1500  46:be:2c:7f:72:49  1.00 Gb/s   management   -
vir1       False    vif        -       -              -              -               1500  fe:0d:33:b6:10:3c  1.00 Gb/s   management   -
     root@NY2Pure04-ct0:/var/home/pureeng# purenetwork list
Name       Enabled  Speed       Services
CT0.FC8    True     16.00 Gb/s  scsi-fc
CT0.FC9    True     16.00 Gb/s  scsi-fc
CT1.FC8    True     16.00 Gb/s  scsi-fc
CT1.FC9    True     16.00 Gb/s  scsi-fc
ct0.eth0   True     1.00 Gb/s   management
ct0.eth1   False    1.00 Gb/s   management
ct0.eth4   False    25.00 Gb/s  iscsi
ct0.eth5   False    25.00 Gb/s  iscsi
ct1.eth0   True     1.00 Gb/s   management
ct1.eth1   False    1.00 Gb/s   management
ct1.eth4   False    25.00 Gb/s  iscsi
ct1.eth5   False    25.00 Gb/s  iscsi
replbond   False    0.00 b/s    replication
replbond0  True     50.00 Gb/s  replication
replbond1  True     50.00 Gb/s  replication
vir0       True     1.00 Gb/s   management
vir1       False    1.00 Gb/s   management
     root@NY2Pure04-ct0:/var/home/pureeng# purenetwork fc list
Name     Enabled  WWN                      Speed       Services
CT0.FC8  True     52:4A:93:74:9D:77:62:08  16.00 Gb/s  scsi-fc
CT0.FC9  True     52:4A:93:74:9D:77:62:09  16.00 Gb/s  scsi-fc
CT1.FC8  True     52:4A:93:74:9D:77:62:18  16.00 Gb/s  scsi-fc
CT1.FC9  True     52:4A:93:74:9D:77:62:19  16.00 Gb/s  scsi-fc
     root@NY2Pure04-ct0:/var/home/pureeng# stty columns 250;stty rows 40
     root@NY2Pure04-ct0:/var/home/pureeng# pureadm status; ssh peer pureadm status
Process status:
purity start/running
lio-drv start/running
foed start/running, process 14758
platform start/running, process 14677
gui start/running, process 14638
rest start/running, process 21687
monitor start/running, process 14665
iostat start/running, process 21844
statistics start/running, process 14684
middleware start/running, process 18060
vasa start/running, process 17986
platform working
foed working
gui working
platform_env working
quorum working
foed_env working
remote_patch working
driver working
san working
health working
lio-drv working
middleware-db working
middleware working
vasa working
Process status:
purity start/running
lio-drv start/running
foed start/running, process 14958
platform start/running, process 14861
gui start/running, process 14841
rest start/running, process 21968
monitor start/running, process 14852
iostat start/running, process 22039
statistics start/running, process 14919
middleware start/running, process 18356
vasa start/running, process 18320
platform working
foed working
gui working
platform_env working
quorum working
foed_env working
remote_patch working
driver working
san working
health working
lio-drv working
middleware-db working
middleware working
vasa working
     root@NY2Pure04-ct0:/var/home/pureeng# purearray list --space
Name       Capacity  Parity  Provisioned Size  Virtual  Thin Provisioning  Data Reduction  Total Reduction  Unique  Snapshots  Shared   System  Replication  Total
NY2Pure04  26.52T    100%    37264G            16.41T   55%                5.7 to 1        12.7 to 1        2.47T   13.70G     406.56G  0.00    0.00         2.88T
     root@NY2Pure04-ct0:/var/home/pureeng# puredrive list
Name       Type   Status   Capacity  Details
CH0.BAY0   SSD    healthy  1.02T     -
CH0.BAY1   SSD    healthy  1.02T     -
CH0.BAY2   SSD    healthy  1.02T     -
CH0.BAY3   SSD    healthy  1.02T     -
CH0.BAY4   SSD    healthy  1.02T     -
CH0.BAY5   SSD    healthy  1.02T     -
CH0.BAY6   SSD    healthy  1.02T     -
CH0.BAY7   SSD    healthy  1.02T     -
CH0.BAY8   SSD    healthy  1.02T     -
CH0.BAY9   SSD    healthy  1.02T     -
CH0.BAY10  SSD    healthy  3.84T     -
CH0.BAY11  SSD    healthy  3.84T     -
CH0.BAY12  SSD    healthy  3.84T     -
CH0.BAY13  SSD    healthy  3.84T     -
CH0.BAY14  SSD    healthy  3.84T     -
CH0.BAY15  SSD    healthy  3.84T     -
CH0.BAY16  SSD    healthy  3.84T     -
CH0.BAY17  SSD    healthy  3.84T     -
CH0.BAY18  SSD    healthy  3.84T     -
CH0.BAY19  SSD    healthy  3.84T     -
CH0.NVB0   NVRAM  healthy  7.52G     -
CH0.NVB1   NVRAM  healthy  7.52G     -
CH0.NVB2   NVRAM  unused   0.00      -
CH0.NVB3   NVRAM  unused   0.00      -
     root@NY2Pure04-ct0:/var/home/pureeng# puresetup show 
##########################################
#   Welcome to the Purity Setup Wizard   #
##########################################
  Physical IP:           10.124.240.11
  Virtual IP:            10.124.240.10
  Netmask:               255.255.255.0
  Gateway:               10.124.240.254
  DNS Servers:           10.130.0.1,10.130.0.3
  DNS Domain:            fcstone.com
  NTP Servers:           time1.purestorage.com,time2.purestorage.com,ntp.fcstone.com
  SMTP Relay Host:       apps-outbound.fcstone.com
  SMTP Sender Domain:    stonex.com
  Alert Email Recipients:flasharray-alerts@purestorage.com,systemsengineering@stonex.com
  HTTP proxy:            
  Capacity Limit:        
  Capacity Limit Target: 
  Physical IP:           10.124.240.12
  Netmask:               255.255.255.0
  Gateway:               10.124.240.254
CONFIG_TASK_COMPLETED:CONFIG_TASK_PURESETUP_EXITED
     root@NY2Pure04-ct0:/var/home/pureeng# puretune --list 
Warning: failed to retrieve some tunable status (local puredb, peer puredb, local puredb-platform, peer puredb-platform, local puredb-chastity, peer puredb-chastity)
Inconsistently or unnecessarily set tunables:
PURITY_START_ON_BOOT:
local pureadm             - 1 
peer pureadm              - 1 
local puredb              - <unset> 
peer puredb               - <unset> 
local puredb --platform   - <unset> 
peer puredb --platform    - <unset> 
local puredb --chastity   - <unset> 
peer puredb --chastity    - <unset> 
PS_FILEGW_SMB_HIDE_DOT_SNAPSHOT:
local pureadm             - 0  (Set during upgrade to 6.3.11 - CLOUD-75192)
peer pureadm              - 0  (Set during upgrade to 6.3.11 - CLOUD-75192)
local puredb              - <unset> 
peer puredb               - <unset> 
local puredb --platform   - <unset> 
peer puredb --platform    - <unset> 
local puredb --chastity   - <unset> 
peer puredb --chastity    - <unset> 
ATOM_5206:
local pureadm             - 1 
peer pureadm              - 1 
local puredb              - <unset> 
peer puredb               - <unset> 
local puredb --platform   - <unset> 
peer puredb --platform    - <unset> 
local puredb --chastity   - <unset> 
peer puredb --chastity    - <unset> 
     root@NY2Pure04-ct0:/var/home/pureeng# cat /etc/timezone 
America/New_York
     root@NY2Pure04-ct0:/var/home/pureeng# purearray list --connect --path
     root@NY2Pure04-ct0:/var/home/pureeng# iobalance --sampletime 30
sampling host I/O for 30 seconds...
                Host  CT0 I/O Count  CT1 I/O Count  
      NY2-LP-OQMXDB1      108.00      102.00  
      NY2-LP-OQMXDB2      107.00      108.00  
      SUSNYN2MXUCS01      124.00      152.00  
      SUSNYN2MXUCS02      210.00      160.00  
      SUSNYN2MXUCS03      320.00      160.00  ! unbalanced I/O
      SUSNYN2MXUCS04       80.00      145.00  ! unbalanced I/O
      SUSNYN2MXUCS05      128.00       56.00  ! unbalanced I/O
      SUSNYN2MXUCS06      394.00       97.00  ! unbalanced I/O
      SUSNYN2MXUCS07      121.00       81.00  
      SUSNYN2MXUCS08       49.00      107.00  ! unbalanced I/O
     root@NY2Pure04-ct0:/var/home/pureeng# fcpureportlist=`pureport list --initiator | awk '/Target/,0' | cut -d. -f1 | awk '{print $1,$5}' | grep -v '-' | grep -v "Initiator" | uniq -c; echo`; fcpureportlistcount=`echo "$fcpureportlist" | awk '{total += $1} END {print total}'`; echo -e "$fcpureportlist\n\n"; echo -e "\tTotal FC connections: $fcpureportlistcount\n\n";
      1 20:00:00:25:B5:A1:22:00 CT0
      1 20:00:00:25:B5:A1:22:00 CT1
      1 20:00:00:25:B5:A1:22:01 CT0
      1 20:00:00:25:B5:A1:22:01 CT1
      1 20:00:00:25:B5:A1:22:02 CT0
      1 20:00:00:25:B5:A1:22:02 CT1
      1 20:00:00:25:B5:A1:22:03 CT0
      1 20:00:00:25:B5:A1:22:03 CT1
      1 20:00:00:25:B5:A1:22:04 CT0
      1 20:00:00:25:B5:A1:22:04 CT1
      1 20:00:00:25:B5:A1:22:05 CT0
      1 20:00:00:25:B5:A1:22:05 CT1
      1 20:00:00:25:B5:A1:22:06 CT0
      1 20:00:00:25:B5:A1:22:06 CT1
      1 20:00:00:25:B5:A1:22:07 CT0
      1 20:00:00:25:B5:A1:22:07 CT1
      1 20:00:00:25:B5:A1:22:0A CT0
      1 20:00:00:25:B5:A1:22:0A CT1
      1 20:00:00:25:B5:A1:22:0B CT0
      1 20:00:00:25:B5:A1:22:0B CT1
      1 20:00:00:25:B5:B1:22:00 CT0
      1 20:00:00:25:B5:B1:22:00 CT1
      1 20:00:00:25:B5:B1:22:01 CT0
      1 20:00:00:25:B5:B1:22:01 CT1
      1 20:00:00:25:B5:B1:22:02 CT0
      1 20:00:00:25:B5:B1:22:02 CT1
      1 20:00:00:25:B5:B1:22:03 CT0
      1 20:00:00:25:B5:B1:22:03 CT1
      1 20:00:00:25:B5:B1:22:04 CT0
      1 20:00:00:25:B5:B1:22:04 CT1
      1 20:00:00:25:B5:B1:22:05 CT0
      1 20:00:00:25:B5:B1:22:05 CT1
      1 20:00:00:25:B5:B1:22:06 CT0
      1 20:00:00:25:B5:B1:22:06 CT1
      1 20:00:00:25:B5:B1:22:07 CT0
      1 20:00:00:25:B5:B1:22:07 CT1
      1 20:00:00:25:B5:B1:22:0A CT0
      1 20:00:00:25:B5:B1:22:0A CT1
      1 20:00:00:25:B5:B1:22:0B CT0
      1 20:00:00:25:B5:B1:22:0B CT1


Total FC connections: 40


     root@NY2Pure04-ct0:/var/home/pureeng#   list=`pureport list --initiator`; echo; for i in {0..1}; do for j in {0..9}; do cnt=`echo "$list"|grep CT$i.FC$j|wc -l`;echo CT$i.FC$j $cnt; done; echo; done

CT0.FC0 0
CT0.FC1 0
CT0.FC2 0
CT0.FC3 0
CT0.FC4 0
CT0.FC5 0
CT0.FC6 0
CT0.FC7 0
CT0.FC8 10
CT0.FC9 10

CT1.FC0 0
CT1.FC1 0
CT1.FC2 0
CT1.FC3 0
CT1.FC4 0
CT1.FC5 0
CT1.FC6 0
CT1.FC7 0
CT1.FC8 10
CT1.FC9 10

     root@NY2Pure04-ct0:/var/home/pureeng# purearray phonehome --status
Status  Action
-       -
     root@NY2Pure04-ct0:/var/home/pureeng# purearray list --cttonrnoontroller
Name  Type              Mode       Model     Version  Status  Current Mode Since       Internal Details
CT0   array_controller  primary    FA-X20R2  6.7.2    ready   2025-04-14 07:06:27 EDT  
CT1   array_controller  secondary  FA-X20R2  6.7.2    ready   2025-04-14 07:16:44 EDT  
     root@NY2Pure04-ct0:/var/home/pureeng# date;purewes controller setattr --verify-array NY2Pure04 ct0 --mode secondary
Sat May  3 10:25:24 AM EDT 2025
Run checks before making changes ...
Check peer purity status...... SUCCESS
Check pureport list........... The pureport list check failed with ERROR: Port {'target.name': None, 'target.iqn': None, 'target.wwn': None, 'target.nqn': None, 'target.portal': None, 'target.failover': None, 'target': {'name': None, 'iqn': None, 'wwn': None, 'nqn': None, 'portal': None, 'failover': None}, 'initiator.wwn': '20:00:00:25:B5:B1:22:08', 'initiator.iqn': None, 'initiator.nqn': None, 'initiator.portal': None, 'initiator': {'wwn': '20:00:00:25:B5:B1:22:08', 'iqn': None, 'nqn': None, 'portal': None}} doesn't contain field target.name or target.name is None!
Would you like to ignore this check? (y/n): y
Overriding pureport list check based on user input
SUCCESS
Check IO balance.............. Checking iobalance before proceeding, sampling for 30 seconds, retrying 3 times, adding 30 seconds with each retry
Try 1/4: Sampling I/O for 30 seconds
Sampling finished, I/O is not yet balanced
Try 2/4: Sampling I/O for 60 seconds
Sampling finished, I/O is not yet balanced
Try 3/4: Sampling I/O for 90 seconds
Sampling finished, I/O is not yet balanced
Try 4/4: Sampling I/O for 120 seconds
Sampling finished, I/O is not yet balanced
I/O is not balanced after 4 run(s).
iobalance reports the following: 
sampling host I/O for 120 seconds...
                Host  CT0 I/O Count  CT1 I/O Count  
      NY2-LP-OQMXDB1      499.00      499.00  
      NY2-LP-OQMXDB2      471.00      468.00  
      SUSNYN2MXUCS01      801.00      386.00  ! unbalanced I/O
      SUSNYN2MXUCS02      303.00      296.00  
      SUSNYN2MXUCS03      901.00      805.00  
      SUSNYN2MXUCS04      595.00      254.00  ! unbalanced I/O
      SUSNYN2MXUCS05      658.00      381.00  ! unbalanced I/O
      SUSNYN2MXUCS06       1.27K      440.00  ! unbalanced I/O
      SUSNYN2MXUCS07      431.00      341.00  
      SUSNYN2MXUCS08      334.00      405.00  

Would you like to ignore this check?
WARNING: Unless the workload you are running is known to be imbalanced, ignoring this check could result in an outage and is NOT recommended.
Ignore anyway? (y/n): y
Overriding iobalance check based on user input
SUCCESS
     root@NY2Pure04-ct0:/var/home/pureeng# purealert list --tag
Name         Created                  Expires
maintenance  2025-05-03 10:17:40 EDT  2025-05-03 13:17:40 EDT
     root@NY2Pure04-ct0:/var/home/pureeng# purearray list --controller
Name  Type              Mode       Model     Version  Status     Current Mode Since       Internal Details
CT0   array_controller  secondary  FA-X20R2  6.7.2    not ready  2025-05-03 10:31:10 EDT  SAN disabled; portal is not open
CT1   array_controller  primary    FA-X20R2  6.7.2    ready      2025-05-03 10:31:05 EDT  
     root@NY2Pure04-ct0:/var/home/pureeng# purearray list --controller
Name  Type              Mode       Model     Version  Status  Current Mode Since       Internal Details
CT0   array_controller  secondary  FA-X20R2  6.7.2    ready   2025-05-03 10:31:10 EDT  
CT1   array_controller  primary    FA-X20R2  6.7.2    ready   2025-05-03 10:31:05 EDT  
     root@NY2Pure04-ct0:/var/home/pureeng# 
     root@NY2Pure04-ct0:/var/home/pureeng# fcpureportlist=`pureport list --initiator | awk '/Target/,0' | cut -d. -f1 | awk '{print $1,$5}' | grep -v '-' | grep -v "Initiator" | uniq -c; echo`; fcpureportlistcount=`echo "$fcpureportlist" | awk '{total += $1} END {print total}'`; echo -e "$fcpureportlist\n\n"; echo -e "\tTotal FC connections: $fcpureportlistcount\n\n";
      1 20:00:00:25:B5:A1:22:00 CT0
      1 20:00:00:25:B5:A1:22:00 CT1
      1 20:00:00:25:B5:A1:22:01 CT0
      1 20:00:00:25:B5:A1:22:01 CT1
      1 20:00:00:25:B5:A1:22:02 CT0
      1 20:00:00:25:B5:A1:22:02 CT1
      1 20:00:00:25:B5:A1:22:03 CT0
      1 20:00:00:25:B5:A1:22:03 CT1
      1 20:00:00:25:B5:A1:22:04 CT0
      1 20:00:00:25:B5:A1:22:04 CT1
      1 20:00:00:25:B5:A1:22:05 CT0
      1 20:00:00:25:B5:A1:22:05 CT1
      1 20:00:00:25:B5:A1:22:06 CT0
      1 20:00:00:25:B5:A1:22:06 CT1
      1 20:00:00:25:B5:A1:22:07 CT0
      1 20:00:00:25:B5:A1:22:07 CT1
      1 20:00:00:25:B5:A1:22:0A CT0
      1 20:00:00:25:B5:A1:22:0A CT1
      1 20:00:00:25:B5:A1:22:0B CT0
      1 20:00:00:25:B5:A1:22:0B CT1
      1 20:00:00:25:B5:B1:22:00 CT0
      1 20:00:00:25:B5:B1:22:00 CT1
      1 20:00:00:25:B5:B1:22:01 CT0
      1 20:00:00:25:B5:B1:22:01 CT1
      1 20:00:00:25:B5:B1:22:02 CT0
      1 20:00:00:25:B5:B1:22:02 CT1
      1 20:00:00:25:B5:B1:22:03 CT0
      1 20:00:00:25:B5:B1:22:03 CT1
      1 20:00:00:25:B5:B1:22:04 CT0
      1 20:00:00:25:B5:B1:22:04 CT1
      1 20:00:00:25:B5:B1:22:05 CT0
      1 20:00:00:25:B5:B1:22:05 CT1
      1 20:00:00:25:B5:B1:22:06 CT0
      1 20:00:00:25:B5:B1:22:06 CT1
      1 20:00:00:25:B5:B1:22:07 CT0
      1 20:00:00:25:B5:B1:22:07 CT1
      1 20:00:00:25:B5:B1:22:0A CT0
      1 20:00:00:25:B5:B1:22:0A CT1
      1 20:00:00:25:B5:B1:22:0B CT0
      1 20:00:00:25:B5:B1:22:0B CT1


Total FC connections: 40


     root@NY2Pure04-ct0:/var/home/pureeng# iobalance --sampletime 10
sampling host I/O for 10 seconds...
                Host  CT0 I/O Count  CT1 I/O Count  
      NY2-LP-OQMXDB1       38.00       34.00  
      NY2-LP-OQMXDB2       33.00       32.00  
      SUSNYN2MXUCS01       55.00       62.00  
      SUSNYN2MXUCS02       53.00       46.00  
      SUSNYN2MXUCS03       53.00      125.00  ! unbalanced I/O
      SUSNYN2MXUCS04       45.00       16.00  ! unbalanced I/O
      SUSNYN2MXUCS05       53.00       74.00  
      SUSNYN2MXUCS06       23.00       63.00  ! unbalanced I/O
      SUSNYN2MXUCS07        5.00       18.00  
      SUSNYN2MXUCS08       68.00       62.00  
     root@NY2Pure04-ct0:/var/home/pureeng# purehw list type --p--type pwr
Name      Status  Identify  Slot  Index  Speed  Temperature  Voltage  Details
CH0.PWR0  ok      -         -     0      -      -            206 V    -
CH0.PWR1  ok      -         -     1      -      -            206 V    -
     root@NY2Pure04-ct0:/var/home/pureeng# puremessage list --open
ID        Time                     Severity  Category  Code  Component  Name      Event    Expected  Actual  Details
15076980  2025-05-03 10:31:16 EDT  warning   array     42    hardware   ct1.eth3  failure  -         -       
15076981  2025-05-03 10:31:16 EDT  warning   array     42    hardware   ct1.eth2  failure  -         -       
     root@NY2Pure04-ct0:/var/home/pureeng# fcpureportlist=`pureport list --initiator | awk '/Target/,0' | cut -d. -f1 | awk '{print $1,$5}' | grep -v '-' | grep -v "Initiator" | uniq -c; echo`; fcpureportlistcount=`echo "$fcpureportlist" | awk '{total += $1} END {print total}'`; echo -e "$fcpureportlist\n\n"; echo -e "\tTotal FC connections: $fcpureportlistcount\n\n";
      1 20:00:00:25:B5:A1:22:00 CT0
      1 20:00:00:25:B5:A1:22:00 CT1
      1 20:00:00:25:B5:A1:22:01 CT0
      1 20:00:00:25:B5:A1:22:01 CT1
      1 20:00:00:25:B5:A1:22:02 CT0
      1 20:00:00:25:B5:A1:22:02 CT1
      1 20:00:00:25:B5:A1:22:03 CT0
      1 20:00:00:25:B5:A1:22:03 CT1
      1 20:00:00:25:B5:A1:22:04 CT0
      1 20:00:00:25:B5:A1:22:04 CT1
      1 20:00:00:25:B5:A1:22:05 CT0
      1 20:00:00:25:B5:A1:22:05 CT1
      1 20:00:00:25:B5:A1:22:06 CT0
      1 20:00:00:25:B5:A1:22:06 CT1
      1 20:00:00:25:B5:A1:22:07 CT0
      1 20:00:00:25:B5:A1:22:07 CT1
      1 20:00:00:25:B5:A1:22:0A CT0
      1 20:00:00:25:B5:A1:22:0A CT1
      1 20:00:00:25:B5:A1:22:0B CT0
      1 20:00:00:25:B5:A1:22:0B CT1
      1 20:00:00:25:B5:B1:22:00 CT0
      1 20:00:00:25:B5:B1:22:00 CT1
      1 20:00:00:25:B5:B1:22:01 CT0
      1 20:00:00:25:B5:B1:22:01 CT1
      1 20:00:00:25:B5:B1:22:02 CT0
      1 20:00:00:25:B5:B1:22:02 CT1
      1 20:00:00:25:B5:B1:22:03 CT0
      1 20:00:00:25:B5:B1:22:03 CT1
      1 20:00:00:25:B5:B1:22:04 CT0
      1 20:00:00:25:B5:B1:22:04 CT1
      1 20:00:00:25:B5:B1:22:05 CT0
      1 20:00:00:25:B5:B1:22:05 CT1
      1 20:00:00:25:B5:B1:22:06 CT0
      1 20:00:00:25:B5:B1:22:06 CT1
      1 20:00:00:25:B5:B1:22:07 CT0
      1 20:00:00:25:B5:B1:22:07 CT1
      1 20:00:00:25:B5:B1:22:0A CT0
      1 20:00:00:25:B5:B1:22:0A CT1
      1 20:00:00:25:B5:B1:22:0B CT0
      1 20:00:00:25:B5:B1:22:0B CT1


Total FC connections: 40


     root@NY2Pure04-ct0:/var/home/pureeng# purearray list --controller
Name  Type              Mode       Model     Version  Status  Current Mode Since       Internal Details
CT0   array_controller  secondary  FA-X20R2  6.7.2    ready   2025-05-03 10:31:10 EDT  
CT1   array_controller  primary    FA-X20R2  6.7.2    ready   2025-05-03 10:31:05 EDT  
     root@NY2Pure04-ct0:/var/home/pureeng# =~=~=~=~=~=~=~=~=~=~=~= PuTTY log 2025.05.03 10:44:17 =~=~=~=~=~=~=~=~=~=~=~=


Purity

PCTFJ2511011B login: pre  uresetup

Password: 
<fw_update_tool>
===================================================================
=                            NOTICE                               =
===================================================================
=                                                                 =
=    Firmware is currently being checked and/or updated           =
=    on this controller.                                          =
=                                                                 =
=    If updates are necessary they will be applied automatically, =
=    and one or more automatic reboots may occur as a result.     =
=    A completion notice will be provided when done.              =
=                                                                 =
=    DO NOT RESTART OR REMOVE POWER WHILE UPDATE IS IN PROGRESS   =
=                                                                 =
===================================================================
<fw_update_tool>

Sat May 03 14:44:01 2025
Welcome puresetup. This is Purity Version 6.5.5 on FlashArray PCTFJ2511011B
http://www.purestorage.com/
puresetup@PCTFJ2511011B:~$ ls mount /dev/sdb1 /mnt
The disk contains an unclean file system (0, 0).
The file system wasn't safely closed on Windows. Fixing.
puresetup@PCTFJ2511011B:~$ cp /mnt/7j6.76.7.2/* .
puresetup@PCTFJ2511011B:~$ 
                                                                               

Broadcast message from root@PCTFJ2511011B (somewhere) (Sat May  3 14:45:38 2025

                                                                               

===================================================================            

=                   UPDATE AND/OR CHECK COMPLETE                  =            

=                                                                 =            

=    The firmware checks/updates on this system are now complete. =            

=    No further action is required, and the controller will       =            

=    continue running as usual                                    =            

=                                                                 =            

===================================================================            

                                                                               

                                                                               


puresetup@PCTFJ2511011B:~$ pureinstall purity_6.7.2_202501290440+0d1c24065579.ppkg
Installing Purity on alternate partition labeled second.
Erasing Purity software image from alternate partition second to prepare for installation.
WARNING: Do not interrupt this process!!
Unpacking new Purity software.
............................................................................................................................................................................................................................................................................................................................................................................................................................................................................................................................................................................................................................................................................................................................................................................................................................................................................................................................................................................................................................................................................................................................................................................................................................................................................................................................................................................................................................
Verifying package...

Finalizing installation. This may take several minutes.
Executing /altroot/opt/purextras/bin/finish-install.sh
Executing /altroot/opt/purextras/bin/finish-install.azure-propagate.sh
Executing /altroot/opt/purextras/bin/finish-install.cbs.sh
Executing /altroot/opt/purextras/bin/finish-install.fix-dpkg.sh
Purity installed.
Installation complete. The new Purity version will load at next reboot.

Important!
The first boot of a new Purity version may take longer if the new version includes controller firmware updates.
DO NOT REBOOT THE CONTROLLER DURING THE FIRMWARE UPDATE.

Refer to http://community.purestorage.com for more information about the Purity upgrade process and firmware updates.
puresetup@PCTFJ2511011B:~$ pureboot reboot --offline
[Errno 111] Connection refused
 GNU GRUB  version 2.06


/----------------------------------------------------------------------------\||||||||||||||||||||||||||\----------------------------------------------------------------------------/     Use the ^ and v keys to select which entry is highlighted.          

      Press enter to boot the selected OS, `e' to edit the commands       

      before booting or `c' for a command-line.                             Purity 6.5.5 (202404130351+34e2b1e66ad3) with kernel 5.15.123+ (2024031915>

*Purity 6.7.2 (202501290440+0d1c24065579) with kernel 5.15.123+ (2025011604>

                                                                                                                                                                                                                                                                                                                                                                                                                                                                                                                                                                                                                                                                                                                                                                                                                                                                        The highlighted entry will be executed automatically in 3s.                    The highlighted entry will be executed automatically in 2s.                    The highlighted entry will be executed automatically in 1s.                    The highlighted entry will be executed automatically in 0s.                 

Purity

PCTFJ2511011B login: puresetup

Password: 

Login incorrect
PCTFJ2511011B login: puresetup
Password: 
<fw_update_tool>
===================================================================
=                            NOTICE                               =
===================================================================
=                                                                 =
=    Firmware is currently being checked and/or updated           =
=    on this controller.                                          =
=                                                                 =
=    If updates are necessary they will be applied automatically, =
=    and one or more automatic reboots may occur as a result.     =
=    A completion notice will be provided when done.              =
=                                                                 =
=    DO NOT RESTART OR REMOVE POWER WHILE UPDATE IS IN PROGRESS   =
=                                                                 =
===================================================================
<fw_update_tool>
Last login: Sat May  3 14:44:01 UTC 2025 on ttyS0

Sat May 03 14:51:25 2025
Welcome puresetup. This is Purity Version 6.7.2 on FlashArray PCTFJ2511011B
http://www.purestorage.com/
puresetup@PCTFJ2511011B:~$  GNU GRUB  version 2.06


/----------------------------------------------------------------------------\||||||||||||||||||||||||||\----------------------------------------------------------------------------/     Use the ^ and v keys to select which entry is highlighted.          

      Press enter to boot the selected OS, `e' to edit the commands       

      before booting or `c' for a command-line.                             Purity 6.5.5 (202404130351+34e2b1e66ad3) with kernel 5.15.123+ (2024031915>

*Purity 6.7.2 (202501290440+0d1c24065579) with kernel 5.15.123+ (2025011604>

                                                                                                                                                                                                                                                                                                                                                                                                                                                                                                                                                                                                                                                                                                                                                                                                                                                                        The highlighted entry will be executed automatically in 3s.                    The highlighted entry will be executed automatically in 2s.                    The highlighted entry will be executed automatically in 1s.                    The highlighted entry will be executed automatically in 0s.                 

Purity

PCTFJ2511011B login: puresetup

Password: 
<fw_update_tool>
===================================================================
=                            NOTICE                               =
===================================================================
=                                                                 =
=    Firmware is currently being checked and/or updated           =
=    on this controller.                                          =
=                                                                 =
=    If updates are necessary they will be applied automatically, =
=    and one or more automatic reboots may occur as a result.     =
=    A completion notice will be provided when done.              =
=                                                                 =
=    DO NOT RESTART OR REMOVE POWER WHILE UPDATE IS IN PROGRESS   =
=                                                                 =
===================================================================
<fw_update_tool>
Last login: Sat May  3 14:51:25 UTC 2025 on ttyS0

Sat May 03 15:05:20 2025
Welcome puresetup. This is Purity Version 6.7.2 on FlashArray PCTFJ2511011B
http://www.purestorage.com/
puresetup@PCTFJ2511011B:~$  GNU GRUB  version 2.06


/----------------------------------------------------------------------------\||||||||||||||||||||||||||\----------------------------------------------------------------------------/     Use the ^ and v keys to select which entry is highlighted.          

      Press enter to boot the selected OS, `e' to edit the commands       

      before booting or `c' for a command-line.                             Purity 6.5.5 (202404130351+34e2b1e66ad3) with kernel 5.15.123+ (2024031915>

*Purity 6.7.2 (202501290440+0d1c24065579) with kernel 5.15.123+ (2025011604>

                                                                                                                                                                                                                                                                                                                                                                                                                                                                                                                                                                                                                                                                                                                                                                                                                                                                        The highlighted entry will be executed automatically in 3s.                    The highlighted entry will be executed automatically in 2s.                    The highlighted entry will be executed automatically in 1s.                    The highlighted entry will be executed automatically in 0s.                 

Purity

PCTFJ2511011B login: puresetup

Password: 
Last login: Sat May  3 15:05:20 UTC 2025 on ttyS0

Sat May 03 15:09:02 2025
Welcome puresetup. This is Purity Version 6.7.2 on FlashArray PCTFJ2511011B
http://www.purestorage.com/
puresetup@PCTFJ2511011B:~$ pureboot list

Marked entry (*) is currently running
Marked entry (-->) will run at next reboot
    0. Purity 6.5.5 (202404130351+34e2b1e66ad3) with kernel 5.15.123+ (202403191505+d9f0e688c788) on first (/dev/sda3)
*-->1. Purity 6.7.2 (202501290440+0d1c24065579) with kernel 5.15.123+ (202501160448+1cb33bf4bf4f) on second (/dev/sda4)
puresetup@PCTFJ2511011B:~$ puresetup replace --from-controller   FA-X20R2 
##########################################
#   Welcome to the Purity Setup Wizard   #
##########################################
May 03 15:09:24.682 puresetup: PROGRESS: Starting controller replacement
May 03 15:09:24.685 puresetup.py: PROGRESS: Checking if the current Purity version supports this controller model
Controller hardware model is compatible with the controller purity version
[Errno 111] Connection refused
FA-X20R4 supports multiple storage types, configuring...
The controller will be rebooted when puresetup finishes
Pre-configured storage type X was found on the controller, will proceed to overwrite
Detected storage type X from peer
Successfully configured storage type X for controller
May 03 15:09:25.105 puresetup.py: PROGRESS: Running hardware checks
May 03 15:09:25.105 puresetup.py: PROGRESS: Detecting shelves connected to the array
Check Cobalt NDU controllers.. OK
Check RDL..................... OK
Check shelf cabling........... OK
Check controller link......... OK
Check power supply............ OK
Check PCIE AER errors......... OK
Check io card pci id's........ OK
Check LOM MAC addresses....... OK
Getting local controller type.
Local controller type is cobalt_sas_a.
Getting local controller variant.
Not a generic controller, Exiting.
May 03 15:09:36.497 puresetup: PROGRESS: Running platinum NDU checks
2025-05-03T15:09:38 [WARN/control] unable to connect to socket /run/lldpd.socket: No such file or directory
2025-05-03T15:09:38 [WARN/lldpctl] not able to get the list of interfaces. Unable to connect to lldpd daemon
Checking peer controller for tunables
Enable secondary offload feature (y/n)? Please check the tunables set from the 
p

re-upgrade list. If the PS_SUPPORTS_SECONDARY_OFFLOAD doesn't show up in the li
s

t or is set to 1, reply "y". If the PS_SUPPORTS_SECONDARY_OFFLOAD is set to 0 r
e

ply "n".:nEnable secondary offload feature (y/n)? Please check the tunables set from the 
p

re-upgrade list. If the PS_SUPPORTS_SECONDARY_OFFLOAD doesn't show up in the li
s

t or is set to 1, reply "y". If the PS_SUPPORTS_SECONDARY_OFFLOAD is set to 0 r
e

ply "n".: n



Apply PS_FILEGW_SMB_HIDE_DOT_SNAPSHOT = 0 # Set during upgrade to 6.3.11 - CLOU
D

 (y/n):y

Apply PS_FILEGW_SMB_HIDE_DOT_SNAPSHOT = 0 # Set during upgrade to 6.3.11 - CLOU
D

 (y/n): y

Tunable parameter set: PS_FILEGW_SMB_HIDE_DOT_SNAPSHOT=0


Apply ATOM_5206 = 1 #

 (y/n):y

Apply ATOM_5206 = 1 #

 (y/n): y

Tunable parameter set: ATOM_5206=1


Apply PS_SUPPORTS_SECONDARY_OFFLOAD = 0 # Enable/disable secondary offload as r
e

 (y/n):y

Apply PS_SUPPORTS_SECONDARY_OFFLOAD = 0 # Enable/disable secondary offload as r
e

 (y/n): y

Peer tunable check failed, aborting setup. Please contact Pure Storage Support.
CONFIG_TASK_COMPLETED:CONFIG_TASK_PURESETUP_EXITED
puresetup@PCTFJ2511011B:~$ puresetup replace --from-controller   FA-X20R2 
##########################################
#   Welcome to the Purity Setup Wizard   #
##########################################
May 03 15:11:45.377 puresetup: PROGRESS: Starting controller replacement
May 03 15:11:45.380 puresetup.py: PROGRESS: Checking if the current Purity version supports this controller model
Controller hardware model is compatible with the controller purity version
[Errno 111] Connection refused
FA-X20R4 supports multiple storage types, configuring...
The controller will be rebooted when puresetup finishes
Pre-configured storage type X was found on the controller, will proceed to overwrite
Detected storage type X from peer
Successfully configured storage type X for controller
May 03 15:11:45.802 puresetup.py: PROGRESS: Running hardware checks
May 03 15:11:45.802 puresetup.py: PROGRESS: Detecting shelves connected to the array
Check Cobalt NDU controllers.. OK
Check RDL..................... OK
Check shelf cabling........... OK
Check controller link......... OK
Check power supply............ OK
Check PCIE AER errors......... OK
Check io card pci id's........ OK
Check LOM MAC addresses....... OK
Getting local controller type.
Local controller type is cobalt_sas_a.
Getting local controller variant.
Not a generic controller, Exiting.
May 03 15:11:56.525 puresetup: PROGRESS: Running platinum NDU checks
2025-05-03T15:11:57 [WARN/control] unable to connect to socket /run/lldpd.socket: No such file or directory
2025-05-03T15:11:57 [WARN/lldpctl] not able to get the list of interfaces. Unable to connect to lldpd daemon
Checking peer controller for tunables
Enable secondary offload feature (y/n)? Please check the tunables set from the 
p

re-upgrade list. If the PS_SUPPORTS_SECONDARY_OFFLOAD doesn't show up in the li
s

t or is set to 1, reply "y". If the PS_SUPPORTS_SECONDARY_OFFLOAD is set to 0 r
e

ply "n".:yEnable secondary offload feature (y/n)? Please check the tunables set from the 
p

re-upgrade list. If the PS_SUPPORTS_SECONDARY_OFFLOAD doesn't show up in the li
s

t or is set to 1, reply "y". If the PS_SUPPORTS_SECONDARY_OFFLOAD is set to 0 r
e

ply "n".: y

purity.service stablized: done
purity start/running
platform: ..done
foed: .done
gui: ........done
rest: done
platform_env: 0.done
quorum: ..done
foed_env: 1.1.1.1.1.1.1.1.1.1.1.1.1.1.1.1.1.1.1.1.1.1.1.1.1.1.1.1.1.1.1.1.1.1.1.1.1.1.1.1.1.1.1.1.1.1.1.1.1.1.1.1.1.1.1.1.1.1.1.1.1.1.1.0.done
remote_patch: done
driver: done
san: Skip waiting for san during HW NDU
May 03 15:13:37.308 puresetup: PROGRESS: Checking all purity services are working
Diagnostics software not installed, no work needed.
May 03 15:13:43.603 puresetup.py: WARNING: Could not restart patch svc on peer: [Errno 2] No such file or directory: 'ssh peer service software_patch_svc restart'
May 03 15:13:43.611 puresetup: PROGRESS: Displaying port migration instructions
[FA-X20R2.CT0.ETH1] does not need to be migrated since it has no configuration and is not a subinterface.
[FA-X20R2.CT0.ETH4] does not need to be migrated since it has no configuration and is not a subinterface.
[FA-X20R2.CT0.ETH5] does not need to be migrated since it has no configuration and is not a subinterface.
Please move ports as shown below:
[FA-X20R2.CT0.ETH0] ====>> [FA-X20R4.CT0.ETH4](Slot: LOM)
[FA-X20R2.CT0.ETH2] ====>> [FA-X20R4.CT0.ETH2](Slot: LOM)
[FA-X20R2.CT0.ETH3] ====>> [FA-X20R4.CT0.ETH3](Slot: LOM)
[FA-X20R2.CT0.FC8] ====>> [FA-X20R4.CT0.FC12](Slot:3)
[FA-X20R2.CT0.FC9] ====>> [FA-X20R4.CT0.FC13](Slot:3)

After the cables have been moved, type "CONTINUE": continue
May 03 15:15:23.510 puresetup: PROGRESS: Configuring network ports...
Perform ping test on port ETH4 ....... OK
Checking SAN connectivity
.
                                                                               
Broadcast message from root@NY2Pure04-ct0 (somewhere) (Sat May  3 15:16:27 2025
                                                                               
                                                                               
Purity//FA Information System Status                                           
====================================                                           
Purity//FA has successfully started for                                        
the first time after an install                                                
or upgrade. Purity//FA 6.7.2 (202501290440+0d1c24065579-67x)                   
is now set to be the default.                                                  
                                                                               

                                                                               

Broadcast message from root@NY2Pure04-ct0 (somewhere) (Sat May  3 15:16:27 2025

                                                                               

                                                                               

Purity//FA Information System Status                                           

====================================                                           

Purity//FA has successfully started for                                        

the first time after an install                                                

or upgrade. Purity//FA 6.7.2 (202501290440+0d1c24065579-67x)                   

is now set to be the default.                                                  

                                                                               


SAN is ready.
Waiting for Software Check:
Attempt 1/5 ...
May 03 15:16:29.078 puresetup.py: PROGRESS: Detecting shelves connected to the array
Checking iobalance before proceeding, sampling for 30 seconds, retrying 1 times, adding 30 seconds with each retry
Try 1/2: Sampling I/O for 30 seconds
Sampling finished, I/O is not yet balanced
Try 2/2: Sampling I/O for 60 seconds
Sampling finished, I/O is not yet balanced
I/O is not balanced after 2 run(s).
iobalance reports the following: 
sampling host I/O for 60 seconds...
                Host  CT0 I/O Count  CT1 I/O Count  
      NY2-LP-OQMXDB1      189.00      188.00  
      NY2-LP-OQMXDB2      226.00      225.00  
      SUSNYN2MXUCS01      265.00      419.00  ! unbalanced I/O
      SUSNYN2MXUCS02      112.00      175.00  ! unbalanced I/O
      SUSNYN2MXUCS03      367.00      385.00  
      SUSNYN2MXUCS04      246.00      338.00  
      SUSNYN2MXUCS05      228.00      159.00  
      SUSNYN2MXUCS06      523.00      135.00  ! unbalanced I/O
      SUSNYN2MXUCS07      254.00      226.00  
      SUSNYN2MXUCS08      153.00      134.00  

Would you like to ignore this check?
WARNING: Unless the workload you are running is known to be imbalanced, ignoring this check could result in an outage and is NOT recommended.
Ignore anyway? (y/n): y
Overriding iobalance check based on user input
SUCCESS
passwd: password expiry information changed.
Current time zone: Etc/UTC
Change time zone [requires reboot] (y/n):ynChange time zone [requires reboot] (y/n): n

Press ENTER to reboot

Secondary controller will be ready to use after reboot.

May 03 15:21:38.824 puresetup: PROGRESS: Replacement complete
Secondary controller is ready to use.
CONFIG_TASK_COMPLETED:CONFIG_TASK_PURESETUP_EXITED
puresetup@PCTFJ2511011B:~$  GNU GRUB  version 2.06


+----------------------------------------------------------------------------+||||||||||||||||||||||||+----------------------------------------------------------------------------+     Use the ^ and v keys to select which entry is highlighted.          

      Press enter to boot the selected OS, `e' to edit the commands       

      before booting or `c' for a command-line.                            *Purity 6.7.2 (202501290440+0d1c24065579) with kernel 5.15.123+ (2025011604> Purity 6.5.5 (202404130351+34e2b1e66ad3) with kernel 5.15.123+ (2024031915>                                                                                                                                                                                                                                                                                                                                                                                                                                                                                                                                                                                                                                                                                                                                                                                         GNU GRUB  version 2.06


/----------------------------------------------------------------------------\||||||||||||||||||||||||||\----------------------------------------------------------------------------/     Use the ^ and v keys to select which entry is highlighted.          

      Press enter to boot the selected OS, `e' to edit the commands       

      before booting or `c' for a command-line.                            *Purity 6.7.2 (202501290440+0d1c24065579) with kernel 5.15.123+ (2025011604>

 Purity 6.5.5 (202404130351+34e2b1e66ad3) with kernel 5.15.123+ (2024031915>

                                                                                                                                                                                                                                                                                                                                                                                                                                                                                                                                                                                                                                                                                                                                                                                                                                                                        The highlighted entry will be executed automatically in 3s.                    The highlighted entry will be executed automatically in 3s.                    The highlighted entry will be executed automatically in 2s.                    The highlighted entry will be executed automatically in 2s.                    The highlighted entry will be executed automatically in 1s.                    The highlighted entry will be executed automatically in 1s.                    The highlighted entry will be executed automatically in 0s.                    The highlighted entry will be executed automatically in 0s.                 

BOOTING AT 2025-5-3 15:22:30 Purity 6.7.2 (202501290440+0d1c24065579) with

kernel 5.15.123+ (202501160448+1cb33bf4bf4f) on second (/dev/sda4)


BOOTING AT 2025-5-3 15:22:30 Purity 6.7.2 (202501290440+0d1c24065579) with

kernel 5.15.123+ (202501160448+1cb33bf4bf4f) on second (/dev/sda4)





NY2Pure04-ct0 login: pureeng

1) Authenticate via CloudAssist
2) Authenticate via command line
3) Restore challenge
Type the number corresponding to the authentication method you want to use.

Selection: 1

An email for identity verification will be sent once email is entered.
Please follow the authentication instructions provided there and return to this screen when finished or if email has not been received.


Enter an email address: fharris@purestorage.com
Successfully authenticated

Sat May 03 15:25:19 2025
Welcome pureeng. This is Purity Version 6.7.2 on FlashArray NY2Pure04
http://www.purestorage.com/
pureeng@NY2Pure04-ct0:~$ purethunune lsit
usage: puretune [-h]
                (--set tunable value JIRA | --unset tunable | --list [LIST ...])
                [--app NAME | --local | --cloud-store | --virtual-drives]
                [--csv] [--ignore-puredb] [--ignore-fe-fsck] [--verbose]
                [--verbose-debug]
puretune: error: one of the arguments --set --unset --list is required
pureeng@NY2Pure04-ct0:~$ sudo su
     root@NY2Pure04-ct0:/var/home/pureeng# puretune list
usage: puretune [-h]
                (--set tunable value JIRA | --unset tunable | --list [LIST ...])
                [--app NAME | --local | --cloud-store | --virtual-drives]
                [--csv] [--ignore-puredb] [--ignore-fe-fsck] [--verbose]
                [--verbose-debug]
puretune: error: one of the arguments --set --unset --list is required
     root@NY2Pure04-ct0:/var/home/pureeng# puretune --list
Warning: failed to retrieve some tunable status (local puredb, peer puredb, local puredb-platform, peer puredb-platform, local puredb-chastity, peer puredb-chastity)
Inconsistently or unnecessarily set tunables:
PS_FILEGW_SMB_HIDE_DOT_SNAPSHOT:
local pureadm             - 0  (Set during upgrade to 6.3.11 - CLOUD-75192)
peer pureadm              - 0  (Set during upgrade to 6.3.11 - CLOUD-75192)
local puredb              - <unset> 
peer puredb               - <unset> 
local puredb --platform   - <unset> 
peer puredb --platform    - <unset> 
local puredb --chastity   - <unset> 
peer puredb --chastity    - <unset> 
ATOM_5206:
local pureadm             - 1 
peer pureadm              - 1 
local puredb              - <unset> 
peer puredb               - <unset> 
local puredb --platform   - <unset> 
peer puredb --platform    - <unset> 
local puredb --chastity   - <unset> 
peer puredb --chastity    - <unset> 
PURITY_START_ON_BOOT:
local pureadm             - 1 
peer pureadm              - 1 
local puredb              - <unset> 
peer puredb               - <unset> 
local puredb --platform   - <unset> 
peer puredb --platform    - <unset> 
local puredb --chastity   - <unset> 
peer puredb --chastity    - <unset> 
     root@NY2Pure04-ct0:/var/home/pureeng# puretune --local --set PS_SUPPORTS_SECONDARY_OFFLOAD 0 'XR4 NDU disable secondary offload'
Set tunable on local (filegw skipped, pureadm done, puredb done, puremw --mig done, puremw done)
Tunable successfully set
     root@NY2Pure04-ct0:/var/home/pureeng# purentune --list
Warning: failed to retrieve some tunable status (peer puredb, peer puredb-platform, peer puredb-chastity)
Inconsistently or unnecessarily set tunables:
PS_FILEGW_SMB_HIDE_DOT_SNAPSHOT:
local pureadm             - 0  (Set during upgrade to 6.3.11 - CLOUD-75192)
peer pureadm              - 0  (Set during upgrade to 6.3.11 - CLOUD-75192)
local puredb              - <unset> 
peer puredb               - <unset> 
local puredb --platform   - <unset> 
peer puredb --platform    - <unset> 
local puredb --chastity   - <unset> 
peer puredb --chastity    - <unset> 
ATOM_5206:
local pureadm             - 1 
peer pureadm              - 1 
local puredb              - <unset> 
peer puredb               - <unset> 
local puredb --platform   - <unset> 
peer puredb --platform    - <unset> 
local puredb --chastity   - <unset> 
peer puredb --chastity    - <unset> 
PURITY_START_ON_BOOT:
local pureadm             - 1 
peer pureadm              - 1 
local puredb              - <unset> 
peer puredb               - <unset> 
local puredb --platform   - <unset> 
peer puredb --platform    - <unset> 
local puredb --chastity   - <unset> 
peer puredb --chastity    - <unset> 
PS_SUPPORTS_SECONDARY_OFFLOAD:
local pureadm             - 0  ('XR4 NDU disable secondary offload')
peer pureadm              - <unset> 
local puredb              - 0 
peer puredb               - <unset> 
local puredb --platform   - 0 
peer puredb --platform    - <unset> 
local puredb --chastity   - 0 
peer puredb --chastity    - <unset> 
     root@NY2Pure04-ct0:/var/home/pureeng# ssh peer
Last login: Fri Aug 18 18:31:20 2023 from fe80::26a9:37ff:fe07:3b01%haeth0


Sat May 03 11:26:32 2025
Welcome root. This is Purity Version 6.7.2 on FlashArray NY2Pure04
http://www.purestorage.com/
     root@NY2Pure04-ct1:~# puretune --local --set PS_SUPPORTS_SECONDARY_OFFLOAD 0 'XR4 NDU disable secondary offload'
Set tunable on local (filegw skipped, pureadm done, puredb done, puremw --mig done, puremw done)
Tunable successfully set
     root@NY2Pure04-ct1:~# cat /etc/timezone
America/New_York
     root@NY2Pure04-ct1:~# exit
logout
     root@NY2Pure04-ct0:/var/home/pureeng# cat /etc/stimezone
Etc/UTC
     root@NY2Pure04-ct0:/var/home/pureeng# fcpureportlist=`pureport list --initiator | awk '/Target/,0' | cut -d. -f1 | awk '{print $1,$5}' | grep -v '-' | grep 
 -v "Initiator" | uniq -c; echo`; fcpureportlistcount=`echo "$fcpureportlist" | awk '{total += $1} END {print total}'`; echo -e "$fcpureportlist\n\n"; echo -e "\tTotal FC connections: $fcpureportlistcount\n\n";
      1 20:00:00:25:B5:A1:22:00 CT0
      1 20:00:00:25:B5:A1:22:00 CT1
      1 20:00:00:25:B5:A1:22:01 CT0
      1 20:00:00:25:B5:A1:22:01 CT1
      1 20:00:00:25:B5:A1:22:02 CT0
      1 20:00:00:25:B5:A1:22:02 CT1
      1 20:00:00:25:B5:A1:22:03 CT0
      1 20:00:00:25:B5:A1:22:03 CT1
      1 20:00:00:25:B5:A1:22:04 CT0
      1 20:00:00:25:B5:A1:22:04 CT1
      1 20:00:00:25:B5:A1:22:05 CT0
      1 20:00:00:25:B5:A1:22:05 CT1
      1 20:00:00:25:B5:A1:22:06 CT0
      1 20:00:00:25:B5:A1:22:06 CT1
      1 20:00:00:25:B5:A1:22:07 CT0
      1 20:00:00:25:B5:A1:22:07 CT1
      1 20:00:00:25:B5:A1:22:0A CT0
      1 20:00:00:25:B5:A1:22:0A CT1
      1 20:00:00:25:B5:A1:22:0B CT0
      1 20:00:00:25:B5:A1:22:0B CT1
      1 20:00:00:25:B5:B1:22:00 CT0
      1 20:00:00:25:B5:B1:22:00 CT1
      1 20:00:00:25:B5:B1:22:01 CT0
      1 20:00:00:25:B5:B1:22:01 CT1
      1 20:00:00:25:B5:B1:22:02 CT0
      1 20:00:00:25:B5:B1:22:02 CT1
      1 20:00:00:25:B5:B1:22:03 CT0
      1 20:00:00:25:B5:B1:22:03 CT1
      1 20:00:00:25:B5:B1:22:04 CT0
      1 20:00:00:25:B5:B1:22:04 CT1
      1 20:00:00:25:B5:B1:22:05 CT0
      1 20:00:00:25:B5:B1:22:05 CT1
      1 20:00:00:25:B5:B1:22:06 CT0
      1 20:00:00:25:B5:B1:22:06 CT1
      1 20:00:00:25:B5:B1:22:07 CT0
      1 20:00:00:25:B5:B1:22:07 CT1
      1 20:00:00:25:B5:B1:22:0A CT0
      1 20:00:00:25:B5:B1:22:0A CT1
      1 20:00:00:25:B5:B1:22:0B CT0
      1 20:00:00:25:B5:B1:22:0B CT1


Total FC connections: 40


     root@NY2Pure04-ct0:/var/home/pureeng# puresetup timezone
##########################################
#   Welcome to the Purity Setup Wizard   #
##########################################
Name       Created                  Expires
puresetup  2025-05-03 15:27:20 UTC  2025-05-03 16:27:20 UTC
Changing the time zone will require a reboot on this controller.
Current time zone: Etc/UTC
Change time zone [requires reboot] (y/n):yChange time zone [requires reboot] (y/n): y

Configuring tzdata
------------------

Please select the geographic area in which you live. Subsequent configuration 
questions will narrow this down by presenting a list of cities, representing the
time zones in which they are located.

  1. Africa      4. Australia     7. Atlantic Ocean  10. Pacific Ocean
  2. America     5. Arctic Ocean  8. Europe          11. US
  3. Antarctica  6. Asia          9. Indian Ocean    12. None of the above

Geographic area: 2


Please select the city or region corresponding to your time zone.

  1. Adak                       80. Juneau
  2. Anchorage                  81. Louisville (Kentucky)
  3. Anguilla                   82. Monticello (Kentucky)
  4. Antigua                    83. Kralendijk
  5. Araguaina                  84. La Paz
  6. Buenos Aires (Argentina)   85. Lima
  7. Catamarca (Argentina)      86. Los Angeles
  8. Cordoba (Argentina)        87. Lower Princes
  9. Jujuy (Argentina)          88. Maceio
  10. La Rioja (Argentina)      89. Managua
  11. Mendoza (Argentina)       90. Manaus
  12. Rio Gallegos (Argentina)  91. Marigot
  13. Salta (Argentina)         92. Martinique
  14. San Juan (Argentina)      93. Matamoros
  15. San Luis (Argentina)      94. Mazatlan
  16. Tucuman (Argentina)       95. Menominee
  17. Ushuaia (Argentina)       96. Merida
  18. Aruba                     97. Metlakatla
[More] 

  19. Asuncion                  98. Mexico City
  20. Atikokan                  99. Miquelon
  21. Atka                      100. Moncton
  22. Bahia                     101. Monterrey
  23. Bahia Banderas            102. Montevideo
  24. Barbados                  103. Montreal
  25. Belem                     104. Montserrat
  26. Belize                    105. Nassau
  27. Blanc-Sablon              106. New York
  28. Boa Vista                 107. Nipigon
  29. Bogota                    108. Nome
  30. Boise                     109. Fernando de Noronha
  31. Cambridge Bay             110. Beulah (North Dakota)
  32. Campo Grande              111. Center (North Dakota)
  33. Cancun                    112. New Salem (North Dakota)
  34. Caracas                   113. Nuuk
  35. Cayenne                   114. Ojinaga
  36. Cayman                    115. Panama
  37. Chicago                   116. Pangnirtung
  38. Chihuahua                 117. Paramaribo
  39. Ciudad_Juarez             118. Phoenix
  40. Coral Harbour             119. Port-au-Prince
[More] 

  41. Costa Rica                120. Port of Spain
  42. Creston                   121. Porto Acre
  43. Cuiaba                    122. Porto Velho
  44. Curaçao                  123. Puerto Rico
  45. Danmarkshavn              124. Punta Arenas
  46. Dawson                    125. Rainy River
  47. Dawson Creek              126. Rankin Inlet
  48. Denver                    127. Recife
  49. Detroit                   128. Regina
  50. Dominica                  129. Resolute
  51. Edmonton                  130. Rio Branco
  52. Eirunepe                  131. Santa Isabel
  53. El Salvador               132. Santarém
  54. Ensenada                  133. Santiago
  55. Fort Nelson               134. Santo Domingo
  56. Fortaleza                 135. São Paulo
  57. Glace Bay                 136. Scoresbysund
  58. Godthab                   137. Shiprock
  59. Goose Bay                 138. Sitka
  60. Grand Turk                139. St Barthelemy
  61. Grenada                   140. St Johns
  62. Guadeloupe                141. St Kitts
[More] 

  63. Guatemala                 142. St Lucia
  64. Guayaquil                 143. St Thomas
  65. Guyana                    144. St Vincent
  66. Halifax                   145. Swift Current
  67. Havana                    146. Tegucigalpa
  68. Hermosillo                147. Thule
  69. Indianapolis (Indiana)    148. Thunder Bay
  70. Knox (Indiana)            149. Tijuana
  71. Marengo (Indiana)         150. Toronto
  72. Petersburg (Indiana)      151. Tortola
  73. Tell City (Indiana)       152. Vancouver
  74. Vevay (Indiana)           153. Virgin
  75. Vincennes (Indiana)       154. Whitehorse
  76. Winamac (Indiana)         155. Winnipeg
  77. Inuvik                    156. Yakutat
  78. Iqaluit                   157. Yellowknife
  79. Jamaica

Time zone: 

Time zone: 106



Current default time zone: 'America/New_York'
Local time is now:      Sat May  3 11:27:27 EDT 2025.
Universal Time is now:  Sat May  3 15:27:27 UTC 2025.

'/cache/timezone/localtime' -> '/usr/share/zoneinfo/America/New_York'
Confirm time zone change from Etc/UTC to America/New_York
(y/N):y(y/N): y

Press ENTER to reboot

This controller will be online after reboot.
CONFIG_TASK_COMPLETED:CONFIG_TASK_PURESETUP_EXITED
     root@NY2Pure04-ct0:/var/home/pureeng#  GNU GRUB  version 2.06


+----------------------------------------------------------------------------+||||||||||||||||||||||||+----------------------------------------------------------------------------+     Use the ^ and v keys to select which entry is highlighted.          

      Press enter to boot the selected OS, `e' to edit the commands       

      before booting or `c' for a command-line.                            *Purity 6.7.2 (202501290440+0d1c24065579) with kernel 5.15.123+ (2025011604> Purity 6.5.5 (202404130351+34e2b1e66ad3) with kernel 5.15.123+ (2024031915>                                                                                                                                                                                                                                                                                                                                                                                                                                                                                                                                                                                                                                                                                                                                                                                         GNU GRUB  version 2.06


/----------------------------------------------------------------------------\||||||||||||||||||||||||||\----------------------------------------------------------------------------/     Use the ^ and v keys to select which entry is highlighted.          

      Press enter to boot the selected OS, `e' to edit the commands       

      before booting or `c' for a command-line.                            *Purity 6.7.2 (202501290440+0d1c24065579) with kernel 5.15.123+ (2025011604>

 Purity 6.5.5 (202404130351+34e2b1e66ad3) with kernel 5.15.123+ (2024031915>

                                                                                                                                                                                                                                                                                                                                                                                                                                                                                                                                                                                                                                                                                                                                                                                                                                                                        The highlighted entry will be executed automatically in 3s.                    The highlighted entry will be executed automatically in 3s.                    The highlighted entry will be executed automatically in 2s.                    The highlighted entry will be executed automatically in 2s.                    The highlighted entry will be executed automatically in 1s.                    The highlighted entry will be executed automatically in 1s.                    The highlighted entry will be executed automatically in 0s.                    The highlighted entry will be executed automatically in 0s.                 

BOOTING AT 2025-5-3 15:29:2 Purity 6.7.2 (202501290440+0d1c24065579) with

kernel 5.15.123+ (202501160448+1cb33bf4bf4f) on second (/dev/sda4)


BOOTING AT 2025-5-3 15:29:2 Purity 6.7.2 (202501290440+0d1c24065579) with

kernel 5.15.123+ (202501160448+1cb33bf4bf4f) on second (/dev/sda4)





NY2Pure04-ct0 login: pureeng

1) Authenticate via CloudAssist
2) Authenticate via command line
3) Restore challenge
Type the number corresponding to the authentication method you want to use.

Selection: 1

An email for identity verification will be sent once email is entered.
Please follow the authentication instructions provided there and return to this screen when finished or if email has not been received.


Enter an email address: fharris@purestorage.com
Successfully authenticated
Last login: Sat May  3 11:25:19 EDT 2025 on ttyS0

Sat May 03 11:31:47 2025
Welcome pureeng. This is Purity Version 6.7.2 on FlashArray NY2Pure04
http://www.purestorage.com/
pureeng@NY2Pure04-ct0:~$ purearhw lsit
usage: purehw [-h] {disable,enable,list,setattr} ...
purehw: error: argument subcommand: invalid choice: 'lsit' (choose from 'list', 'setattr', 'disable', 'enable')
pureeng@NY2Pure04-ct0:~$ purehw list
Name       Status         Identify  Slot  Index  Speed       Temperature  Voltage  Details
CH0        ok             off       -     0      -           -            -        -
CH0.BAY0   ok             off       -     0      -           -            -        -
CH0.BAY1   ok             off       -     1      -           -            -        -
CH0.BAY2   ok             off       -     2      -           -            -        -
CH0.BAY3   ok             off       -     3      -           -            -        -
CH0.BAY4   ok             off       -     4      -           -            -        -
CH0.BAY5   ok             off       -     5      -           -            -        -
CH0.BAY6   ok             off       -     6      -           -            -        -
CH0.BAY7   ok             off       -     7      -           -            -        -
CH0.BAY8   ok             off       -     8      -           -            -        -
CH0.BAY9   ok             off       -     9      -           -            -        -
CH0.BAY10  ok             off       -     10     -           -            -        -
CH0.BAY11  ok             off       -     11     -           -            -        -
CH0.BAY12  ok             off       -     12     -           -            -        -
CH0.BAY13  ok             off       -     13     -           -            -        -
CH0.BAY14  ok             off       -     14     -           -            -        -
CH0.BAY15  ok             off       -     15     -           -            -        -
CH0.BAY16  ok             off       -     16     -           -            -        -
CH0.BAY17  ok             off       -     17     -           -            -        -
CH0.BAY18  ok             off       -     18     -           -            -        -
CH0.BAY19  ok             off       -     19     -           -            -        -
CH0.NVB0   ok             off       -     0      -           -            -        -
CH0.NVB1   ok             off       -     1      -           -            -        -
CH0.NVB2   not_installed  off       -     2      -           -            -        -
CH0.NVB3   not_installed  off       -     3      -           -            -        -
CH0.PWR0   ok             -         -     0      -           -            206 V    -
CH0.PWR1   ok             -         -     1      -           -            205 V    -
CH0.TMP0   ok             -         -     0      -           25 C         -        -
CT0        degraded       off       -     0      -           -            -        cross-controller link down
CT0.ETH0   ok             -         -     0      0.00 b/s    -            -        -
CT0.ETH1   ok             -         -     1      0.00 b/s    -            -        -
CT0.ETH2   ok             -         -     2      0.00 b/s    -            -        -
CT0.ETH3   ok             -         -     3      0.00 b/s    -            -        -
CT0.ETH4   ok             -         -     4      1.00 Gb/s   -            -        -
CT0.ETH5   ok             -         -     5      0.00 b/s    -            -        -
CT0.FAN0   ok             -         -     0      -           -            -        -
CT0.FAN1   ok             -         -     1      -           -            -        -
CT0.FAN2   ok             -         -     2      -           -            -        -
CT0.FAN3   ok             -         -     3      -           -            -        -
CT0.FAN4   ok             -         -     4      -           -            -        -
CT0.FAN5   ok             -         -     5      -           -            -        -
CT0.FC12   ok             -         3     12     0.00 b/s    -            -        -
CT0.FC13   ok             -         3     13     0.00 b/s    -            -        -
CT0.TMP0   ok             -         -     0      -           38 C         -        -
CT0.TMP1   ok             -         -     1      -           40 C         -        -
CT0.TMP2   ok             -         -     2      -           50 C         -        -
CT0.TMP3   ok             -         -     3      -           50 C         -        -
CT0.TMP4   ok             -         -     4      -           40 C         -        -
CT0.TMP5   ok             -         -     5      -           42 C         -        -
CT0.TMP6   ok             -         -     6      -           30 C         -        -
CT0.TMP7   ok             -         -     7      -           30 C         -        -
CT0.TMP8   ok             -         -     8      -           46 C         -        -
CT0.TMP9   ok             -         -     9      -           35 C         -        -
CT0.TMP11  ok             -         -     11     -           33 C         -        -
CT0.TMP13  ok             -         -     13     -           35 C         -        -
CT0.TMP15  ok             -         -     15     -           34 C         -        -
CT0.TMP17  ok             -         -     17     -           35 C         -        -
CT0.TMP19  ok             -         -     19     -           34 C         -        -
CT0.TMP21  ok             -         -     21     -           37 C         -        -
CT0.TMP23  ok             -         -     23     -           36 C         -        -
CT1        ok             off       -     1      -           -            -        -
CT1.ETH0   ok             -         -     0      1.00 Gb/s   -            -        -
CT1.ETH1   ok             -         -     1      0.00 b/s    -            -        -
CT1.ETH2   ok             -         -     2      0.00 b/s    -            -        -
CT1.ETH3   ok             -         -     3      0.00 b/s    -            -        -
CT1.ETH4   ok             -         -     4      0.00 b/s    -            -        -
CT1.ETH5   ok             -         -     5      0.00 b/s    -            -        -
CT1.FAN0   ok             -         -     0      -           -            -        -
CT1.FAN1   ok             -         -     1      -           -            -        -
CT1.FAN2   ok             -         -     2      -           -            -        -
CT1.FAN3   ok             -         -     3      -           -            -        -
CT1.FAN4   ok             -         -     4      -           -            -        -
CT1.FAN5   ok             -         -     5      -           -            -        -
CT1.FC8    ok             -         2     8      16.00 Gb/s  -            -        -
CT1.FC9    ok             -         2     9      16.00 Gb/s  -            -        -
CT1.SAS0   ok             -         -     0      0.00 b/s    -            -        -
CT1.SAS1   ok             -         -     1      0.00 b/s    -            -        -
CT1.SAS2   ok             -         -     2      0.00 b/s    -            -        -
CT1.SAS3   ok             -         -     3      0.00 b/s    -            -        -
CT1.TMP0   ok             -         -     0      -           39 C         -        -
CT1.TMP1   ok             -         -     1      -           40 C         -        -
CT1.TMP2   ok             -         -     2      -           36 C         -        -
CT1.TMP3   ok             -         -     3      -           42 C         -        -
CT1.TMP4   ok             -         -     4      -           43 C         -        -
CT1.TMP5   ok             -         -     5      -           41 C         -        -
CT1.TMP6   ok             -         -     6      -           42 C         -        -
CT1.TMP7   ok             -         -     7      -           35 C         -        -
CT1.TMP8   ok             -         -     8      -           35 C         -        -
CT1.TMP9   ok             -         -     9      -           36 C         -        -
CT1.TMP10  ok             -         -     10     -           36 C         -        -
CT1.TMP11  ok             -         -     11     -           36 C         -        -
CT1.TMP12  ok             -         -     12     -           36 C         -        -
CT1.TMP13  ok             -         -     13     -           38 C         -        -
CT1.TMP14  ok             -         -     14     -           38 C         -        -
CT1.TMP15  ok             -         -     15     -           37 C         -        -
CT1.TMP16  ok             -         -     16     -           36 C         -        -
CT1.TMP17  ok             -         -     17     -           36 C         -        -
CT1.TMP18  ok             -         -     18     -           36 C         -        -
CT1.TMP19  ok             -         -     19     -           39 C         -        -
CT1.TMP20  ok             -         -     20     -           37 C         -        -
CT1.TMP21  ok             -         -     21     -           39 C         -        -
CT1.TMP22  ok             -         -     22     -           39 C         -        -
CT1.TMP23  ok             -         -     23     -           39 C         -        -
CT1.TMP24  ok             -         -     24     -           39 C         -        -
CT1.TMP25  ok             -         -     25     -           42 C         -        -
CT1.TMP26  ok             -         -     26     -           37 C         -        -
pureeng@NY2Pure04-ct0:~$ sudo su
     root@NY2Pure04-ct0:/var/home/pureeng# puremessage list --open
ID        Time                     Severity  Category  Code  Component  Name      Event    Expected  Actual  Details
15076980  2025-05-03 10:31:16 EDT  warning   array     42    hardware   ct1.eth3  failure  -         -       
15076981  2025-05-03 10:31:16 EDT  warning   array     42    hardware   ct1.eth2  failure  -         -       
     root@NY2Pure04-ct0:/var/home/pureeng# pupuredrive list
Name       Type   Status   Capacity  Details
CH0.BAY0   SSD    healthy  1.02T     -
CH0.BAY1   SSD    healthy  1.02T     -
CH0.BAY2   SSD    healthy  1.02T     -
CH0.BAY3   SSD    healthy  1.02T     -
CH0.BAY4   SSD    healthy  1.02T     -
CH0.BAY5   SSD    healthy  1.02T     -
CH0.BAY6   SSD    healthy  1.02T     -
CH0.BAY7   SSD    healthy  1.02T     -
CH0.BAY8   SSD    healthy  1.02T     -
CH0.BAY9   SSD    healthy  1.02T     -
CH0.BAY10  SSD    healthy  3.84T     -
CH0.BAY11  SSD    healthy  3.84T     -
CH0.BAY12  SSD    healthy  3.84T     -
CH0.BAY13  SSD    healthy  3.84T     -
CH0.BAY14  SSD    healthy  3.84T     -
CH0.BAY15  SSD    healthy  3.84T     -
CH0.BAY16  SSD    healthy  3.84T     -
CH0.BAY17  SSD    healthy  3.84T     -
CH0.BAY18  SSD    healthy  3.84T     -
CH0.BAY19  SSD    healthy  3.84T     -
CH0.NVB0   NVRAM  healthy  7.52G     -
CH0.NVB1   NVRAM  healthy  7.52G     -
CH0.NVB2   NVRAM  unused   0.00      -
CH0.NVB3   NVRAM  unused   0.00      -
     root@NY2Pure04-ct0:/var/home/pureeng# pupurehw list
Name       Status         Identify  Slot  Index  Speed       Temperature  Voltage  Details
CH0        ok             off       -     0      -           -            -        -
CH0.BAY0   ok             off       -     0      -           -            -        -
CH0.BAY1   ok             off       -     1      -           -            -        -
CH0.BAY2   ok             off       -     2      -           -            -        -
CH0.BAY3   ok             off       -     3      -           -            -        -
CH0.BAY4   ok             off       -     4      -           -            -        -
CH0.BAY5   ok             off       -     5      -           -            -        -
CH0.BAY6   ok             off       -     6      -           -            -        -
CH0.BAY7   ok             off       -     7      -           -            -        -
CH0.BAY8   ok             off       -     8      -           -            -        -
CH0.BAY9   ok             off       -     9      -           -            -        -
CH0.BAY10  ok             off       -     10     -           -            -        -
CH0.BAY11  ok             off       -     11     -           -            -        -
CH0.BAY12  ok             off       -     12     -           -            -        -
CH0.BAY13  ok             off       -     13     -           -            -        -
CH0.BAY14  ok             off       -     14     -           -            -        -
CH0.BAY15  ok             off       -     15     -           -            -        -
CH0.BAY16  ok             off       -     16     -           -            -        -
CH0.BAY17  ok             off       -     17     -           -            -        -
CH0.BAY18  ok             off       -     18     -           -            -        -
CH0.BAY19  ok             off       -     19     -           -            -        -
CH0.NVB0   ok             off       -     0      -           -            -        -
CH0.NVB1   ok             off       -     1      -           -            -        -
CH0.NVB2   not_installed  off       -     2      -           -            -        -
CH0.NVB3   not_installed  off       -     3      -           -            -        -
CH0.PWR0   ok             -         -     0      -           -            206 V    -
CH0.PWR1   ok             -         -     1      -           -            205 V    -
CH0.TMP0   ok             -         -     0      -           25 C         -        -
CT0        ok             off       -     0      -           -            -        -
CT0.ETH0   ok             -         -     0      0.00 b/s    -            -        -
CT0.ETH1   ok             -         -     1      0.00 b/s    -            -        -
CT0.ETH2   ok             -         -     2      0.00 b/s    -            -        -
CT0.ETH3   ok             -         -     3      0.00 b/s    -            -        -
CT0.ETH4   ok             -         -     4      1.00 Gb/s   -            -        -
CT0.ETH5   ok             -         -     5      0.00 b/s    -            -        -
CT0.FAN0   ok             -         -     0      -           -            -        -
CT0.FAN1   ok             -         -     1      -           -            -        -
CT0.FAN2   ok             -         -     2      -           -            -        -
CT0.FAN3   ok             -         -     3      -           -            -        -
CT0.FAN4   ok             -         -     4      -           -            -        -
CT0.FAN5   ok             -         -     5      -           -            -        -
CT0.FC12   ok             -         3     12     32.00 Gb/s  -            -        -
CT0.FC13   ok             -         3     13     32.00 Gb/s  -            -        -
CT0.TMP0   ok             -         -     0      -           38 C         -        -
CT0.TMP1   ok             -         -     1      -           40 C         -        -
CT0.TMP2   ok             -         -     2      -           50 C         -        -
CT0.TMP3   ok             -         -     3      -           50 C         -        -
CT0.TMP4   ok             -         -     4      -           40 C         -        -
CT0.TMP5   ok             -         -     5      -           42 C         -        -
CT0.TMP6   ok             -         -     6      -           30 C         -        -
CT0.TMP7   ok             -         -     7      -           30 C         -        -
CT0.TMP8   ok             -         -     8      -           48 C         -        -
CT0.TMP9   ok             -         -     9      -           36 C         -        -
CT0.TMP11  ok             -         -     11     -           34 C         -        -
CT0.TMP13  ok             -         -     13     -           36 C         -        -
CT0.TMP15  ok             -         -     15     -           34 C         -        -
CT0.TMP17  ok             -         -     17     -           36 C         -        -
CT0.TMP19  ok             -         -     19     -           34 C         -        -
CT0.TMP21  ok             -         -     21     -           38 C         -        -
CT0.TMP23  ok             -         -     23     -           37 C         -        -
CT1        ok             off       -     1      -           -            -        -
CT1.ETH0   ok             -         -     0      1.00 Gb/s   -            -        -
CT1.ETH1   ok             -         -     1      0.00 b/s    -            -        -
CT1.ETH2   ok             -         -     2      0.00 b/s    -            -        -
CT1.ETH3   ok             -         -     3      0.00 b/s    -            -        -
CT1.ETH4   ok             -         -     4      0.00 b/s    -            -        -
CT1.ETH5   ok             -         -     5      0.00 b/s    -            -        -
CT1.FAN0   ok             -         -     0      -           -            -        -
CT1.FAN1   ok             -         -     1      -           -            -        -
CT1.FAN2   ok             -         -     2      -           -            -        -
CT1.FAN3   ok             -         -     3      -           -            -        -
CT1.FAN4   ok             -         -     4      -           -            -        -
CT1.FAN5   ok             -         -     5      -           -            -        -
CT1.FC8    ok             -         2     8      16.00 Gb/s  -            -        -
CT1.FC9    ok             -         2     9      16.00 Gb/s  -            -        -
CT1.SAS0   ok             -         -     0      0.00 b/s    -            -        -
CT1.SAS1   ok             -         -     1      0.00 b/s    -            -        -
CT1.SAS2   ok             -         -     2      0.00 b/s    -            -        -
CT1.SAS3   ok             -         -     3      0.00 b/s    -            -        -
CT1.TMP0   ok             -         -     0      -           39 C         -        -
CT1.TMP1   ok             -         -     1      -           39 C         -        -
CT1.TMP2   ok             -         -     2      -           36 C         -        -
CT1.TMP3   ok             -         -     3      -           42 C         -        -
CT1.TMP4   ok             -         -     4      -           42 C         -        -
CT1.TMP5   ok             -         -     5      -           41 C         -        -
CT1.TMP6   ok             -         -     6      -           42 C         -        -
CT1.TMP7   ok             -         -     7      -           35 C         -        -
CT1.TMP8   ok             -         -     8      -           35 C         -        -
CT1.TMP9   ok             -         -     9      -           36 C         -        -
CT1.TMP10  ok             -         -     10     -           36 C         -        -
CT1.TMP11  ok             -         -     11     -           36 C         -        -
CT1.TMP12  ok             -         -     12     -           36 C         -        -
CT1.TMP13  ok             -         -     13     -           38 C         -        -
CT1.TMP14  ok             -         -     14     -           38 C         -        -
CT1.TMP15  ok             -         -     15     -           37 C         -        -
CT1.TMP16  ok             -         -     16     -           36 C         -        -
CT1.TMP17  ok             -         -     17     -           36 C         -        -
CT1.TMP18  ok             -         -     18     -           36 C         -        -
CT1.TMP19  ok             -         -     19     -           39 C         -        -
.TTMP22  ok             -         -     22     -           39 C         -        -
CT1.TMP23  ok             -         -     23     -           39 C         -        -
CT1.TMP24  ok             -         -     24     -           39 C         -        -
CT1.TMP25  ok             -         -     25     -           41 C         -        -
CT1.TMP26  ok             -         -     26     -           37 C         -        -
     root@NY2Pure04-ct0:/var/home/pureeng# 
     root@NY2Pure04-ct0:/var/home/pureeng# fcpureportlist=`pureport list --initiator | awk '/Target/,0' | cut -d. -f1 | awk '{print $1,$5}' | grep -v '-' | grep -v "Initiator" | uniq -c; echo`; fcpureportlistcount=`echo "$fcpureportlist" | awk '{total += $1} END {print total}'`; echo -e "$fcpureportlist\n\n"; echo -e "\tTotal FC connections: $fcpureportlistcount\n\n";
      1 20:00:00:25:B5:A1:22:00 CT1
      1 20:00:00:25:B5:A1:22:01 CT1
      1 20:00:00:25:B5:A1:22:02 CT1
      1 20:00:00:25:B5:A1:22:03 CT1
      1 20:00:00:25:B5:A1:22:04 CT1
      1 20:00:00:25:B5:A1:22:05 CT1
      1 20:00:00:25:B5:A1:22:06 CT1
      1 20:00:00:25:B5:A1:22:07 CT1
      1 20:00:00:25:B5:A1:22:0A CT1
      1 20:00:00:25:B5:A1:22:0B CT1
      1 20:00:00:25:B5:B1:22:00 CT1
      1 20:00:00:25:B5:B1:22:01 CT1
      1 20:00:00:25:B5:B1:22:02 CT1
      1 20:00:00:25:B5:B1:22:03 CT1
      1 20:00:00:25:B5:B1:22:04 CT1
      1 20:00:00:25:B5:B1:22:05 CT1
      1 20:00:00:25:B5:B1:22:06 CT1
      1 20:00:00:25:B5:B1:22:07 CT1
      1 20:00:00:25:B5:B1:22:0A CT1
      1 20:00:00:25:B5:B1:22:0B CT1


Total FC connections: 20


     root@NY2Pure04-ct0:/var/home/pureeng# fcpureportlist=`pureport list --initiator | awk '/Target/,0' | cut -d. -f1 | awk '{print $1,$5}' | grep -v '-' | grep -v "Initiator" | uniq -c; echo`; fcpureportlistcount=`echo "$fcpureportlist" | awk '{total += $1} END {print total}'`; echo -e "$fcpureportlist\n\n"; echo -e "\tTotal FC connections: $fcpureportlistcount\n\n";
      1 20:00:00:25:B5:A1:22:00 CT1
      1 20:00:00:25:B5:A1:22:01 CT1
      1 20:00:00:25:B5:A1:22:02 CT1
      1 20:00:00:25:B5:A1:22:03 CT1
      1 20:00:00:25:B5:A1:22:04 CT1
      1 20:00:00:25:B5:A1:22:05 CT1
      1 20:00:00:25:B5:A1:22:06 CT1
      1 20:00:00:25:B5:A1:22:07 CT1
      1 20:00:00:25:B5:A1:22:0A CT1
      1 20:00:00:25:B5:A1:22:0B CT1
      1 20:00:00:25:B5:B1:22:00 CT1
      1 20:00:00:25:B5:B1:22:01 CT1
      1 20:00:00:25:B5:B1:22:02 CT1
      1 20:00:00:25:B5:B1:22:03 CT1
      1 20:00:00:25:B5:B1:22:04 CT1
      1 20:00:00:25:B5:B1:22:05 CT1
      1 20:00:00:25:B5:B1:22:06 CT1
      1 20:00:00:25:B5:B1:22:07 CT1
      1 20:00:00:25:B5:B1:22:0A CT1
      1 20:00:00:25:B5:B1:22:0B CT1


Total FC connections: 20


     root@NY2Pure04-ct0:/var/home/pureeng# fcpureportlist=`pureport list --initiator | awk '/Target/,0' | cut -d. -f1 | awk '{print $1,$5}' | grep -v '-' | grep -v "Initiator" | uniq -c; echo`; fcpureportlistcount=`echo "$fcpureportlist" | awk '{total += $1} END {print total}'`; echo -e "$fcpureportlist\n\n"; echo -e "\tTotal FC connections: $fcpureportlistcount\n\n";
      1 20:00:00:25:B5:A1:22:00 CT0
      1 20:00:00:25:B5:A1:22:00 CT1
      1 20:00:00:25:B5:A1:22:01 CT0
      1 20:00:00:25:B5:A1:22:01 CT1
      1 20:00:00:25:B5:A1:22:02 CT0
      1 20:00:00:25:B5:A1:22:02 CT1
      1 20:00:00:25:B5:A1:22:03 CT0
      1 20:00:00:25:B5:A1:22:03 CT1
      1 20:00:00:25:B5:A1:22:04 CT0
      1 20:00:00:25:B5:A1:22:04 CT1
      1 20:00:00:25:B5:A1:22:05 CT0
      1 20:00:00:25:B5:A1:22:05 CT1
      1 20:00:00:25:B5:A1:22:06 CT0
      1 20:00:00:25:B5:A1:22:06 CT1
      1 20:00:00:25:B5:A1:22:07 CT0
      1 20:00:00:25:B5:A1:22:07 CT1
      1 20:00:00:25:B5:A1:22:0A CT0
      1 20:00:00:25:B5:A1:22:0A CT1
      1 20:00:00:25:B5:A1:22:0B CT0
      1 20:00:00:25:B5:A1:22:0B CT1
      1 20:00:00:25:B5:B1:22:00 CT0
      1 20:00:00:25:B5:B1:22:00 CT1
      1 20:00:00:25:B5:B1:22:01 CT0
      1 20:00:00:25:B5:B1:22:01 CT1
      1 20:00:00:25:B5:B1:22:02 CT0
      1 20:00:00:25:B5:B1:22:02 CT1
      1 20:00:00:25:B5:B1:22:03 CT0
      1 20:00:00:25:B5:B1:22:03 CT1
      1 20:00:00:25:B5:B1:22:04 CT0
      1 20:00:00:25:B5:B1:22:04 CT1
      1 20:00:00:25:B5:B1:22:05 CT0
      1 20:00:00:25:B5:B1:22:05 CT1
      1 20:00:00:25:B5:B1:22:06 CT0
      1 20:00:00:25:B5:B1:22:06 CT1
      1 20:00:00:25:B5:B1:22:07 CT0
      1 20:00:00:25:B5:B1:22:07 CT1
      1 20:00:00:25:B5:B1:22:0A CT0
      1 20:00:00:25:B5:B1:22:0A CT1
      1 20:00:00:25:B5:B1:22:0B CT0
      1 20:00:00:25:B5:B1:22:0B CT1


Total FC connections: 40


     root@NY2Pure04-ct0:/var/home/pureeng# iobalance --sampeltime 15
usage: iobalance [-h] [--sampletime SAMPLETIME]
iobalance: error: unrecognized arguments: --sampeltime 15
     root@NY2Pure04-ct0:/var/home/pureeng# iobalance --sampletime 15
sampling host I/O for 15 seconds...
                Host  CT0 I/O Count  CT1 I/O Count  
      NY2-LP-OQMXDB1       99.00       91.00  
      NY2-LP-OQMXDB2      266.00      255.00  
      SUSNYN2MXUCS01       81.00       36.00  ! unbalanced I/O
      SUSNYN2MXUCS02       63.00       56.00  
      SUSNYN2MXUCS03      134.00       97.00  
      SUSNYN2MXUCS04       96.00       64.00  
      SUSNYN2MXUCS05       86.00       86.00  
      SUSNYN2MXUCS06        2.00      118.00  ! unbalanced I/O
      SUSNYN2MXUCS07       12.00       15.00  
      SUSNYN2MXUCS08       69.00       43.00  ! unbalanced I/O
     root@NY2Pure04-ct0:/var/home/pureeng# puretune --list
Consistently set tunables:
PS_SUPPORTS_SECONDARY_OFFLOAD : 0 (''XR4 NDU disable secondary offload'')
Inconsistently or unnecessarily set tunables:
PS_FILEGW_SMB_HIDE_DOT_SNAPSHOT:
local pureadm             - 0  (Set during upgrade to 6.3.11 - CLOUD-75192)
peer pureadm              - 0  (Set during upgrade to 6.3.11 - CLOUD-75192)
local puredb              - <unset> 
peer puredb               - <unset> 
local puredb --platform   - <unset> 
peer puredb --platform    - <unset> 
local puredb --chastity   - <unset> 
peer puredb --chastity    - <unset> 
ATOM_5206:
local pureadm             - 1 
peer pureadm              - 1 
local puredb              - <unset> 
peer puredb               - <unset> 
local puredb --platform   - <unset> 
peer puredb --platform    - <unset> 
local puredb --chastity   - <unset> 
peer puredb --chastity    - <unset> 
PURITY_START_ON_BOOT:
local pureadm             - 1 
peer pureadm              - 1 
local puredb              - <unset> 
peer puredb               - <unset> 
local puredb --platform   - <unset> 
peer puredb --platform    - <unset> 
local puredb --chastity   - <unset> 
peer puredb --chastity    - <unset> 
     root@NY2Pure04-ct0:/var/home/pureeng# purearray list --conroller
usage: purearray [-h]
                 {activate,authorize,cloud-capacity,connect,connection,default-protection,diagnose,disable,disconnect,enable,encryption,eradication-config,erase,eula,factory-reset,factory-reset-token,list,monitor,phonehome,remoteassist,rename,replace,report,setattr,suspend,tag,test,throttle,untag}
                 ...
purearray: error: unrecognized arguments: --conroller
     root@NY2Pure04-ct0:/var/home/pureeng# purearray list --controller
Name  Type              Mode       Model     Version  Status  Current Mode Since       Internal Details
CT0   array_controller  secondary  FA-X20R4  6.7.2    ready   2025-05-03 11:31:05 EDT  
CT1   array_controller  primary    FA-X20R2  6.7.2    ready   2025-05-03 10:31:05 EDT  
     root@NY2Pure04-ct0:/var/home/pureeng# ssh peer
Last login: Sat May  3 11:26:32 2025 from fe80::26a9:37ff:fe64:3111%haeth0


Sat May 03 11:37:52 2025
Welcome root. This is Purity Version 6.7.2 on FlashArray NY2Pure04
http://www.purestorage.com/
     root@NY2Pure04-ct1:~# date;purewes controller setattr --verify-array NY2Pure04 ct1 --mode secondary
Sat May  3 11:38:08 AM EDT 2025
Run checks before making changes ...
Check peer purity status...... SUCCESS
Check pureport list........... The pureport list check failed with ERROR: Port {'target.name': None, 'target.iqn': None, 'target.wwn': None, 'target.nqn': None, 'target.portal': None, 'target.failover': None, 'target': {'name': None, 'iqn': None, 'wwn': None, 'nqn': None, 'portal': None, 'failover': None}, 'initiator.wwn': '20:00:00:25:B5:A1:22:08', 'initiator.iqn': None, 'initiator.nqn': None, 'initiator.portal': None, 'initiator': {'wwn': '20:00:00:25:B5:A1:22:08', 'iqn': None, 'nqn': None, 'portal': None}} doesn't contain field target.name or target.name is None!
Would you like to ignore this check? (y/n): y
Overriding pureport list check based on user input
SUCCESS
Check IO balance.............. Checking iobalance before proceeding, sampling for 30 seconds, retrying 3 times, adding 30 seconds with each retry
Try 1/4: Sampling I/O for 30 seconds
Sampling finished, I/O is not yet balanced
Try 2/4: Sampling I/O for 60 seconds
^CTraceback (most recent call last):
  File "/opt/Purity/bin/purewes", line 7, in <module>
    purewes_main()
  File "/usr/lib/python3/dist-packages/pure/cli/purewes.py", line 322, in purewes_main
    cliargs.func(cliargs)
  File "/usr/lib/python3/dist-packages/pure/cli/purewes.py", line 145, in setattr_controller
    if run_checks(['peer_pureadm', 'port_list', 'iobalance'], args) == False:
  File "/usr/lib/python3/dist-packages/pure/cli/purewes.py", line 75, in run_checks
    result, err_msg = check[0](**cmd_args)
  File "/usr/lib/python3/dist-packages/pure/cli/util/ndu.py", line 84, in check_iobalance
    iobalance, error = p.communicate()
  File "/usr/lib/python3.10/subprocess.py", line 1154, in communicate
    stdout, stderr = self._communicate(input, endtime, timeout)
  File "/usr/lib/python3.10/subprocess.py", line 2021, in _communicate
    ready = selector.select(timeout)
  File "/usr/lib/python3.10/selectors.py", line 416, in select
    fd_event_list = self._selector.poll(timeout)
KeyboardInterrupt

     root@NY2Pure04-ct1:~# purearray list --controller
Name  Type              Mode       Model     Version  Status  Current Mode Since       Internal Details
CT0   array_controller  secondary  FA-X20R4  6.7.2    ready   2025-05-03 11:31:05 EDT  
CT1   array_controller  primary    FA-X20R2  6.7.2    ready   2025-05-03 10:31:05 EDT  
     root@NY2Pure04-ct1:~# purearray list --controllerpurearray list --controllerdate;purewes controller setattr --verify-array NY2Pure04 ct1 --mode secondary
Sat May  3 11:39:21 AM EDT 2025
Run checks before making changes ...
Check peer purity status...... SUCCESS
Check pureport list........... The pureport list check failed with ERROR: Port {'target.name': None, 'target.iqn': None, 'target.wwn': None, 'target.nqn': None, 'target.portal': None, 'target.failover': None, 'target': {'name': None, 'iqn': None, 'wwn': None, 'nqn': None, 'portal': None, 'failover': None}, 'initiator.wwn': '20:00:00:25:B5:A1:22:09', 'initiator.iqn': None, 'initiator.nqn': None, 'initiator.portal': None, 'initiator': {'wwn': '20:00:00:25:B5:A1:22:09', 'iqn': None, 'nqn': None, 'portal': None}} doesn't contain field target.name or target.name is None!
Would you like to ignore this check? (y/n): y
Overriding pureport list check based on user input
SUCCESS
Check IO balance.............. Checking iobalance before proceeding, sampling for 30 seconds, retrying 3 times, adding 30 seconds with each retry
Try 1/4: Sampling I/O for 30 seconds
Sampling finished, I/O is not yet balanced
Try 2/4: Sampling I/O for 60 seconds
Sampling finished, I/O is not yet balanced
Try 3/4: Sampling I/O for 90 seconds
Sampling finished, I/O is not yet balanced
Try 4/4: Sampling I/O for 120 seconds
Sampling finished, I/O is not yet balanced
I/O is not balanced after 4 run(s).
iobalance reports the following: 
sampling host I/O for 120 seconds...
                Host  CT0 I/O Count  CT1 I/O Count  
      NY2-LP-OQMXDB1      528.00      518.00  
      NY2-LP-OQMXDB2      547.00      553.00  
      SUSNYN2MXUCS01      671.00      633.00  
      SUSNYN2MXUCS02      257.00      255.00  
      SUSNYN2MXUCS03      994.00      596.00  ! unbalanced I/O
      SUSNYN2MXUCS04      546.00      357.00  ! unbalanced I/O
      SUSNYN2MXUCS05      519.00      593.00  
      SUSNYN2MXUCS06      910.00      700.00  
      SUSNYN2MXUCS07      362.00      331.00  
      SUSNYN2MXUCS08      376.00      277.00  

Would you like to ignore this check?
WARNING: Unless the workload you are running is known to be imbalanced, ignoring this check could result in an outage and is NOT recommended.
Ignore anyway? (y/n): y
Overriding iobalance check based on user input
SUCCESS
     root@NY2Pure04-ct1:~# purearray list --controller
Name  Type              Mode       Model     Version  Status     Current Mode Since       Internal Details
CT0   array_controller  primary    FA-X20R4  6.7.2    ready      2025-05-03 11:45:21 EDT  
CT1   array_controller  secondary  FA-X20R2  6.7.2    not ready  2025-05-03 11:45:25 EDT  SAN disabled; portal is not open
     root@NY2Pure04-ct1:~# purearray list --controller
Name  Type              Mode       Model     Version  Status  Current Mode Since       Internal Details
CT0   array_controller  primary    FA-X20R4  6.7.2    ready   2025-05-03 11:45:21 EDT  
CT1   array_controller  secondary  FA-X20R2  6.7.2    ready   2025-05-03 11:45:25 EDT  
     root@NY2Pure04-ct1:~# fcpureportlist=`pureport list --initiator | awk '/Target/,0' | cut -d. -f1 | awk '{print $1,$5}' | grep -v '-' | grep -v "Initiator" | uniq -c; echo`; fcpureportlistcount=`echo "$fcpureportlist" | awk '{total += $1} END {print total}'`; echo -e "$fcpureportlist\n\n"; echo -e "\tTotal FC conne 
ctions: $fcpureportlistcount\n\n";
      1 20:00:00:25:B5:A1:22:00 CT0
      1 20:00:00:25:B5:A1:22:00 CT1
      1 20:00:00:25:B5:A1:22:01 CT0
      1 20:00:00:25:B5:A1:22:01 CT1
      1 20:00:00:25:B5:A1:22:02 CT0
      1 20:00:00:25:B5:A1:22:02 CT1
      1 20:00:00:25:B5:A1:22:03 CT0
      1 20:00:00:25:B5:A1:22:03 CT1
      1 20:00:00:25:B5:A1:22:04 CT0
      1 20:00:00:25:B5:A1:22:04 CT1
      1 20:00:00:25:B5:A1:22:05 CT0
      1 20:00:00:25:B5:A1:22:05 CT1
      1 20:00:00:25:B5:A1:22:06 CT0
      1 20:00:00:25:B5:A1:22:06 CT1
      1 20:00:00:25:B5:A1:22:07 CT0
      1 20:00:00:25:B5:A1:22:07 CT1
      1 20:00:00:25:B5:A1:22:0A CT0
      1 20:00:00:25:B5:A1:22:0A CT1
      1 20:00:00:25:B5:A1:22:0B CT0
      1 20:00:00:25:B5:A1:22:0B CT1
      1 20:00:00:25:B5:B1:22:00 CT0
      1 20:00:00:25:B5:B1:22:00 CT1
      1 20:00:00:25:B5:B1:22:01 CT0
      1 20:00:00:25:B5:B1:22:01 CT1
      1 20:00:00:25:B5:B1:22:02 CT0
      1 20:00:00:25:B5:B1:22:02 CT1
      1 20:00:00:25:B5:B1:22:03 CT0
      1 20:00:00:25:B5:B1:22:03 CT1
      1 20:00:00:25:B5:B1:22:04 CT0
      1 20:00:00:25:B5:B1:22:04 CT1
      1 20:00:00:25:B5:B1:22:05 CT0
      1 20:00:00:25:B5:B1:22:05 CT1
      1 20:00:00:25:B5:B1:22:06 CT0
      1 20:00:00:25:B5:B1:22:06 CT1
      1 20:00:00:25:B5:B1:22:07 CT0
      1 20:00:00:25:B5:B1:22:07 CT1
      1 20:00:00:25:B5:B1:22:0A CT0
      1 20:00:00:25:B5:B1:22:0A CT1
      1 20:00:00:25:B5:B1:22:0B CT0
      1 20:00:00:25:B5:B1:22:0B CT1


Total FC connections: 40


     root@NY2Pure04-ct1:~# ibo balabalance --sam[plepletime 15
sampling host I/O for 15 seconds...
                Host  CT0 I/O Count  CT1 I/O Count  
      NY2-LP-OQMXDB1       48.00       39.00  
      NY2-LP-OQMXDB2       62.00       58.00  
      SUSNYN2MXUCS01      104.00        7.00  ! unbalanced I/O
      SUSNYN2MXUCS02       79.00      105.00  
      SUSNYN2MXUCS03       50.00      161.00  ! unbalanced I/O
      SUSNYN2MXUCS04      111.00       42.00  ! unbalanced I/O
      SUSNYN2MXUCS05       99.00       14.00  ! unbalanced I/O
      SUSNYN2MXUCS06      153.00       36.00  ! unbalanced I/O
      SUSNYN2MXUCS07        6.00        7.00  
      SUSNYN2MXUCS08       70.00       58.00  
     root@NY2Pure04-ct1:~# puremessage list --open
ID        Time                     Severity  Category  Code  Component  Name      Event    Expected  Actual  Details
13372444  2025-03-29 00:19:57 EDT  warning   array     42    hardware   ct0.eth3  failure  -         -       
13372445  2025-03-29 00:19:57 EDT  warning   array     42    hardware   ct0.eth2  failure  -         -       
     root@NY2Pure04-ct1:~# puremessage list --open --hidden
ID        Time                     Severity  Category  Code  Component  Name      Event    Expected  Actual  Details
13372444  2025-03-29 00:19:57 EDT  warning   array     42    hardware   ct0.eth3  failure  -         -       
13372445  2025-03-29 00:19:57 EDT  warning   array     42    hardware   ct0.eth2  failure  -         -       
     root@NY2Pure04-ct1:~# purehw list
Name       Status         Identify  Slot  Index  Speed       Temperature  Voltage  Details
CH0        ok             off       -     0      -           -            -        -
CH0.BAY0   ok             off       -     0      -           -            -        -
CH0.BAY1   ok             off       -     1      -           -            -        -
CH0.BAY2   ok             off       -     2      -           -            -        -
CH0.BAY3   ok             off       -     3      -           -            -        -
CH0.BAY4   ok             off       -     4      -           -            -        -
CH0.BAY5   ok             off       -     5      -           -            -        -
CH0.BAY6   ok             off       -     6      -           -            -        -
CH0.BAY7   ok             off       -     7      -           -            -        -
CH0.BAY8   ok             off       -     8      -           -            -        -
CH0.BAY9   ok             off       -     9      -           -            -        -
CH0.BAY10  ok             off       -     10     -           -            -        -
CH0.BAY11  ok             off       -     11     -           -            -        -
CH0.BAY12  ok             off       -     12     -           -            -        -
CH0.BAY13  ok             off       -     13     -           -            -        -
CH0.BAY14  ok             off       -     14     -           -            -        -
CH0.BAY15  ok             off       -     15     -           -            -        -
CH0.BAY16  ok             off       -     16     -           -            -        -
CH0.BAY17  ok             off       -     17     -           -            -        -
CH0.BAY18  ok             off       -     18     -           -            -        -
CH0.BAY19  ok             off       -     19     -           -            -        -
CH0.NVB0   ok             off       -     0      -           -            -        -
CH0.NVB1   ok             off       -     1      -           -            -        -
CH0.NVB2   not_installed  off       -     2      -           -            -        -
CH0.NVB3   not_installed  off       -     3      -           -            -        -
CH0.PWR0   ok             -         -     0      -           -            206 V    -
CH0.PWR1   ok             -         -     1      -           -            205 V    -
CH0.TMP0   ok             -         -     0      -           25 C         -        -
CT0        ok             off       -     0      -           -            -        -
CT0.ETH0   ok             -         -     0      0.00 b/s    -            -        -
CT0.ETH1   ok             -         -     1      0.00 b/s    -            -        -
CT0.ETH2   ok             -         -     2      0.00 b/s    -            -        -
CT0.ETH3   ok             -         -     3      0.00 b/s    -            -        -
CT0.ETH4   ok             -         -     4      1.00 Gb/s   -            -        -
CT0.ETH5   ok             -         -     5      0.00 b/s    -            -        -
CT0.FAN0   ok             -         -     0      -           -            -        -
CT0.FAN1   ok             -         -     1      -           -            -        -
CT0.FAN2   ok             -         -     2      -           -            -        -
CT0.FAN3   ok             -         -     3      -           -            -        -
CT0.FAN4   ok             -         -     4      -           -            -        -
CT0.FAN5   ok             -         -     5      -           -            -        -
CT0.FC12   ok             -         3     12     32.00 Gb/s  -            -        -
CT0.FC13   ok             -         3     13     32.00 Gb/s  -            -        -
CT0.TMP0   ok             -         -     0      -           38 C         -        -
CT0.TMP1   ok             -         -     1      -           40 C         -        -
CT0.TMP2   ok             -         -     2      -           52 C         -        -
CT0.TMP3   ok             -         -     3      -           51 C         -        -
CT0.TMP4   ok             -         -     4      -           42 C         -        -
CT0.TMP5   ok             -         -     5      -           44 C         -        -
CT0.TMP6   ok             -         -     6      -           31 C         -        -
CT0.TMP7   ok             -         -     7      -           31 C         -        -
CT0.TMP8   ok             -         -     8      -           50 C         -        -
CT0.TMP9   ok             -         -     9      -           36 C         -        -
CT0.TMP11  ok             -         -     11     -           34 C         -        -
CT0.TMP13  ok             -         -     13     -           35 C         -        -
CT0.TMP15  ok             -         -     15     -           34 C         -        -
CT0.TMP17  ok             -         -     17     -           36 C         -        -
CT0.TMP19  ok             -         -     19     -           34 C         -        -
CT0.TMP21  ok             -         -     21     -           38 C         -        -
CT0.TMP23  ok             -         -     23     -           37 C         -        -
CT1        ok             off       -     1      -           -            -        -
CT1.ETH0   ok             -         -     0      1.00 Gb/s   -            -        -
CT1.ETH1   ok             -         -     1      0.00 b/s    -            -        -
CT1.ETH2   ok             -         -     2      0.00 b/s    -            -        -
CT1.ETH3   ok             -         -     3      0.00 b/s    -            -        -
CT1.ETH4   ok             -         -     4      0.00 b/s    -            -        -
CT1.ETH5   ok             -         -     5      0.00 b/s    -            -        -
CT1.FAN0   ok             -         -     0      -           -            -        -
CT1.FAN1   ok             -         -     1      -           -            -        -
CT1.FAN2   ok             -         -     2      -           -            -        -
CT1.FAN3   ok             -         -     3      -           -            -        -
CT1.FAN4   ok             -         -     4      -           -            -        -
CT1.FAN5   ok             -         -     5      -           -            -        -
CT1.FC8    ok             -         2     8      16.00 Gb/s  -            -        -
CT1.FC9    ok             -         2     9      16.00 Gb/s  -            -        -
CT1.SAS0   ok             -         -     0      0.00 b/s    -            -        -
CT1.SAS1   ok             -         -     1      0.00 b/s    -            -        -
CT1.SAS2   ok             -         -     2      0.00 b/s    -            -        -
CT1.SAS3   ok             -         -     3      0.00 b/s    -            -        -
CT1.TMP0   ok             -         -     0      -           39 C         -        -
CT1.TMP1   ok             -         -     1      -           39 C         -        -
CT1.TMP2   ok             -         -     2      -           36 C         -        -
CT1.TMP3   ok             -         -     3      -           37 C         -        -
CT1.TMP4   ok             -         -     4      -           38 C         -        -
CT1.TMP5   ok             -         -     5      -           39 C         -        -
CT1.TMP6   ok             -         -     6      -           41 C         -        -
CT1.TMP7   ok             -         -     7      -           35 C         -        -
CT1.TMP8   ok             -         -     8      -           35 C         -        -
CT1.TMP9   ok             -         -     9      -           35 C         -        -
CT1.TMP10  ok             -         -     10     -           35 C         -        -
CT1.TMP11  ok             -         -     11     -           35 C         -        -
CT1.TMP12  ok             -         -     12     -           35 C         -        -
CT1.TMP13  ok             -         -     13     -           37 C         -        -
CT1.TMP14  ok             -         -     14     -           37 C         -        -
CT1.TMP15  ok             -         -     15     -           37 C         -        -
CT1.TMP16  ok             -         -     16     -           35 C         -        -
CT1.TMP17  ok             -         -     17     -           36 C         -        -
CT1.TMP18  ok             -         -     18     -           36 C         -        -
CT1.TMP19  ok             -         -     19     -      
     root@NY2Pure04-ct1:~# exit
logout
     root@NY2Pure04-ct0:/var/home/pureeng# purearray list --cotrollntroller
Name  Type              Mode       Model     Version  Status  Current Mode Since       Internal Details
CT0   array_controller  primary    FA-X20R4  6.7.2    ready   2025-05-03 11:45:21 EDT  
CT1   array_controller  secondary  FA-X20R2  6.7.2    ready   2025-05-03 11:45:25 EDT  
     root@NY2Pure04-ct0:/var/home/pureeng#  GNU GRUB  version 2.06


/----------------------------------------------------------------------------\||||||||||||||||||||||||||\----------------------------------------------------------------------------/     Use the ^ and v keys to select which entry is highlighted.          

      Press enter to boot the selected OS, `e' to edit the commands       

      before booting or `c' for a command-line.                            *Purity 6.5.5 (202404130351+34e2b1e66ad3) with kernel 5.15.123+ (2024031915>

 Purity 6.5.5 (202404130351+34e2b1e66ad3) with kernel 5.15.123+ (2024031915>

                                                                                                                                                                                                                                                                                                                                                                                                                                                                                                                                                                                                                                                                                                                                                                                                                                                                        The highlighted entry will be executed automatically in 3s.                    The highlighted entry will be executed automatically in 2s.                    The highlighted entry will be executed automatically in 1s.                    The highlighted entry will be executed automatically in 0s.                 

Purity

PCTFJ2511011A login: pureseutp   tup

Password: 

Sat May 03 15:57:19 2025
Welcome puresetup. This is Purity Version 6.5.5 on FlashArray PCTFJ2511011A
http://www.purestorage.com/
puresetup@PCTFJ2511011A:~$ mount /dev/sdb1 /mnt
puresetup@PCTFJ2511011A:~$ cp /mnt/6.7.2/* .
puresetup@PCTFJ2511011A:~$ pureinstall purity_6.7.2_202501290440+0d1c24065579.ppkg
Installing Purity on alternate partition labeled second.
Erasing Purity software image from alternate partition second to prepare for installation.
WARNING: Do not interrupt this process!!
Unpacking new Purity software.
............................................................................................................................................................................................................................................................................................................................................................................................................................................................................................................................................................................................................................................................................................................................................................................................................................................................................................................................................................................................................................................................................................................................................................................................................................................................................................................................................................................................................................
Verifying package...

Finalizing installation. This may take several minutes.
Executing /altroot/opt/purextras/bin/finish-install.sh
Executing /altroot/opt/purextras/bin/finish-install.azure-propagate.sh
Executing /altroot/opt/purextras/bin/finish-install.cbs.sh
Executing /altroot/opt/purextras/bin/finish-install.fix-dpkg.sh
Purity installed.
Installation complete. The new Purity version will load at next reboot.

Important!
The first boot of a new Purity version may take longer if the new version includes controller firmware updates.
DO NOT REBOOT THE CONTROLLER DURING THE FIRMWARE UPDATE.

Refer to http://community.purestorage.com for more information about the Purity upgrade process and firmware updates.
puresetup@PCTFJ2511011A:~$ pureboot reboot --offline
[Errno 111] Connection refused
 GNU GRUB  version 2.06


/----------------------------------------------------------------------------\||||||||||||||||||||||||||\----------------------------------------------------------------------------/     Use the ^ and v keys to select which entry is highlighted.          

      Press enter to boot the selected OS, `e' to edit the commands       

      before booting or `c' for a command-line.                             Purity 6.5.5 (202404130351+34e2b1e66ad3) with kernel 5.15.123+ (2024031915>

*Purity 6.7.2 (202501290440+0d1c24065579) with kernel 5.15.123+ (2025011604>

                                                                                                                                                                                                                                                                                                                                                                                                                                                                                                                                                                                                                                                                                                                                                                                                                                                                        The highlighted entry will be executed automatically in 3s.                    The highlighted entry will be executed automatically in 2s.                    The highlighted entry will be executed automatically in 1s.                    The highlighted entry will be executed automatically in 0s.                 

Purity

PCTFJ2511011A login: puresetup

Password: 
<fw_update_tool>
===================================================================
=                            NOTICE                               =
===================================================================
=                                                                 =
=    Firmware is currently being checked and/or updated           =
=    on this controller.                                          =
=                                                                 =
=    If updates are necessary they will be applied automatically, =
=    and one or more automatic reboots may occur as a result.     =
=    A completion notice will be provided when done.              =
=                                                                 =
=    DO NOT RESTART OR REMOVE POWER WHILE UPDATE IS IN PROGRESS   =
=                                                                 =
===================================================================
<fw_update_tool>
Last login: Sat May  3 15:57:19 UTC 2025 on ttyS0

Sat May 03 16:02:26 2025
Welcome puresetup. This is Purity Version 6.7.2 on FlashArray PCTFJ2511011A
http://www.purestorage.com/
puresetup@PCTFJ2511011A:~$ pureboot list
===================================================================
=                            NOTICE                               =
===================================================================
=                                                                 =
=    Firmware is currently being checked and/or updated           =
=    on this controller.                                          =
=                                                                 =
=    If updates are necessary they will be applied automatically, =
=    and one or more automatic reboots may occur as a result.     =
=    A completion notice will be provided when done.              =
=                                                                 =
=    DO NOT RESTART OR REMOVE POWER WHILE UPDATE IS IN PROGRESS   =
=                                                                 =
===================================================================


Marked entry (*) is currently running
Marked entry (-->) will run at next reboot
    0. Purity 6.5.5 (202404130351+34e2b1e66ad3) with kernel 5.15.123+ (202403191505+d9f0e688c788) on first (/dev/sda3)
*-->1. Purity 6.7.2 (202501290440+0d1c24065579) with kernel 5.15.123+ (202501160448+1cb33bf4bf4f) on second (/dev/sda4)
puresetup@PCTFJ2511011A:~$ 
puresetup@PCTFJ2511011A:~$ pureboot list
===================================================================
=                            NOTICE                               =
===================================================================
=                                                                 =
=    Firmware is currently being checked and/or updated           =
=    on this controller.                                          =
=                                                                 =
=    If updates are necessary they will be applied automatically, =
=    and one or more automatic reboots may occur as a result.     =
=    A completion notice will be provided when done.              =
=                                                                 =
=    DO NOT RESTART OR REMOVE POWER WHILE UPDATE IS IN PROGRESS   =
=                                                                 =
===================================================================


Marked entry (*) is currently running
Marked entry (-->) will run at next reboot
    0. Purity 6.5.5 (202404130351+34e2b1e66ad3) with kernel 5.15.123+ (202403191505+d9f0e688c788) on first (/dev/sda3)
*-->1. Purity 6.7.2 (202501290440+0d1c24065579) with kernel 5.15.123+ (202501160448+1cb33bf4bf4f) on second (/dev/sda4)
puresetup@PCTFJ2511011A:~$  GNU GRUB  version 2.06


/----------------------------------------------------------------------------\||||||||||||||||||||||||||\----------------------------------------------------------------------------/     Use the ^ and v keys to select which entry is highlighted.          

      Press enter to boot the selected OS, `e' to edit the commands       

      before booting or `c' for a command-line.                             Purity 6.5.5 (202404130351+34e2b1e66ad3) with kernel 5.15.123+ (2024031915>

*Purity 6.7.2 (202501290440+0d1c24065579) with kernel 5.15.123+ (2025011604>

                                                                                                                                                                                                                                                                                                                                                                                                                                                                                                                                                                                                                                                                                                                                                                                                                                                                        The highlighted entry will be executed automatically in 3s.                    The highlighted entry will be executed automatically in 2s.                    The highlighted entry will be executed automatically in 1s.                    The highlighted entry will be executed automatically in 0s.                 

Purity

PCTFJ2511011A login:  GNU GRUB  version 2.06


/----------------------------------------------------------------------------\||||||||||||||||||||||||||\----------------------------------------------------------------------------/     Use the ^ and v keys to select which entry is highlighted.          

      Press enter to boot the selected OS, `e' to edit the commands       

      before booting or `c' for a command-line.                             Purity 6.5.5 (202404130351+34e2b1e66ad3) with kernel 5.15.123+ (2024031915>

*Purity 6.7.2 (202501290440+0d1c24065579) with kernel 5.15.123+ (2025011604>

                                                                                                                                                                                                                                                                                                                                                                                                                                                                                                                                                                                                                                                                                                                                                                                                                                                                        The highlighted entry will be executed automatically in 3s.                    The highlighted entry will be executed automatically in 2s.                    The highlighted entry will be executed automatically in 1s.                    The highlighted entry will be executed automatically in 0s.                 

Purity

PCTFJ2511011A login: pureseutp   tup

Password: 
Last login: Sat May  3 16:02:25 UTC 2025 on ttyS0

Sat May 03 16:59:30 2025
Welcome puresetup. This is Purity Version 6.7.2 on FlashArray PCTFJ2511011A
http://www.purestorage.com/
puresetup@PCTFJ2511011A:~$ pureboot list

Marked entry (*) is currently running
Marked entry (-->) will run at next reboot
    0. Purity 6.5.5 (202404130351+34e2b1e66ad3) with kernel 5.15.123+ (202403191505+d9f0e688c788) on first (/dev/sda3)
*-->1. Purity 6.7.2 (202501290440+0d1c24065579) with kernel 5.15.123+ (202501160448+1cb33bf4bf4f) on second (/dev/sda4)
puresetup@PCTFJ2511011A:~$ puresetup replace --from-controller   FA-X20R2
##########################################
#   Welcome to the Purity Setup Wizard   #
##########################################
May 03 17:00:00.077 puresetup: PROGRESS: Starting controller replacement
May 03 17:00:00.080 puresetup.py: PROGRESS: Checking if the current Purity version supports this controller model
Controller hardware model is compatible with the controller purity version
[Errno 111] Connection refused
FA-X20R4 supports multiple storage types, configuring...
The controller will be rebooted when puresetup finishes
Pre-configured storage type X was found on the controller, will proceed to overwrite
Detected storage type X from peer
Successfully configured storage type X for controller
May 03 17:00:00.570 puresetup.py: PROGRESS: Running hardware checks
May 03 17:00:00.570 puresetup.py: PROGRESS: Detecting shelves connected to the array
Check Cobalt NDU controllers.. OK
Check RDL..................... OK
Check shelf cabling........... OK
Check controller link......... OK
Check power supply............ OK
Check PCIE AER errors......... OK
Check io card pci id's........ OK
Check LOM MAC addresses....... OK
Getting local controller type.
Local controller type is cobalt_sas_a.
Getting local controller variant.
Not a generic controller, Exiting.
May 03 17:00:10.352 puresetup: PROGRESS: Running platinum NDU checks
Checking peer controller for tunables
Enable secondary offload feature (y/n)? Please check the tunables set from the 
p

re-upgrade list. If the PS_SUPPORTS_SECONDARY_OFFLOAD doesn't show up in the li
s

t or is set to 1, reply "y". If the PS_SUPPORTS_SECONDARY_OFFLOAD is set to 0 r
e

ply "n".:nEnable secondary offload feature (y/n)? Please check the tunables set from the 
p

re-upgrade list. If the PS_SUPPORTS_SECONDARY_OFFLOAD doesn't show up in the li
s

t or is set to 1, reply "y". If the PS_SUPPORTS_SECONDARY_OFFLOAD is set to 0 r
e

ply "n".: n



Apply PS_FILEGW_SMB_HIDE_DOT_SNAPSHOT = 0 # Set during upgrade to 6.3.11 - CLOU
D

 (y/n):y

Apply PS_FILEGW_SMB_HIDE_DOT_SNAPSHOT = 0 # Set during upgrade to 6.3.11 - CLOU
D

 (y/n): y

Tunable parameter set: PS_FILEGW_SMB_HIDE_DOT_SNAPSHOT=0


Apply ATOM_5206 = 1 #

 (y/n):y

Apply ATOM_5206 = 1 #

 (y/n): y

Tunable parameter set: ATOM_5206=1


Apply PS_SUPPORTS_SECONDARY_OFFLOAD = 0 # Enable/disable secondary offload as r
e

 (y/n):ny

Apply PS_SUPPORTS_SECONDARY_OFFLOAD = 0 # Enable/disable secondary offload as r
e

 (y/n): y

Peer tunable check failed, aborting setup. Please contact Pure Storage Support.
CONFIG_TASK_COMPLETED:CONFIG_TASK_PURESETUP_EXITED
puresetup@PCTFJ2511011A:~$ puresetup replace --from-controller   FA-X20R2
##########################################
#   Welcome to the Purity Setup Wizard   #
##########################################
May 03 17:00:54.674 puresetup: PROGRESS: Starting controller replacement
May 03 17:00:54.677 puresetup.py: PROGRESS: Checking if the current Purity version supports this controller model
Controller hardware model is compatible with the controller purity version
[Errno 111] Connection refused
FA-X20R4 supports multiple storage types, configuring...
The controller will be rebooted when puresetup finishes
Pre-configured storage type X was found on the controller, will proceed to overwrite
Detected storage type X from peer
Successfully configured storage type X for controller
May 03 17:00:55.095 puresetup.py: PROGRESS: Running hardware checks
May 03 17:00:55.095 puresetup.py: PROGRESS: Detecting shelves connected to the array
Check Cobalt NDU controllers.. OK
Check RDL..................... OK
Check shelf cabling........... OK
Check controller link......... OK
Check power supply............ OK
Check PCIE AER errors......... OK
Check io card pci id's........ OK
Check LOM MAC addresses....... OK
Getting local controller type.
Local controller type is cobalt_sas_a.
Getting local controller variant.
Not a generic controller, Exiting.
May 03 17:01:05.028 puresetup: PROGRESS: Running platinum NDU checks
Checking peer controller for tunables
Enable secondary offload feature (y/n)? Please check the tunables set from the 
p

re-upgrade list. If the PS_SUPPORTS_SECONDARY_OFFLOAD doesn't show up in the li
s

t or is set to 1, reply "y". If the PS_SUPPORTS_SECONDARY_OFFLOAD is set to 0 r
e

ply "n".:nEnable secondary offload feature (y/n)? Please check the tunables set from the 
p

re-upgrade list. If the PS_SUPPORTS_SECONDARY_OFFLOAD doesn't show up in the li
s

t or is set to 1, reply "y". If the PS_SUPPORTS_SECONDARY_OFFLOAD is set to 0 r
e

ply "n".: n



Apply PS_SUPPORTS_SECONDARY_OFFLOAD = 0 # Enable/disable secondary offload as r
e

 (y/n):yn

Apply PS_SUPPORTS_SECONDARY_OFFLOAD = 0 # Enable/disable secondary offload as r
e

 (y/n): n

purity.service stablized: done
purity start/running
platform: ..done
foed: .done
gui: .......done
rest: done
platform_env: 0.done
quorum: ..done
foed_env: 0.done
remote_patch: done
driver: done
san: Skip waiting for san during HW NDU
May 03 17:02:07.415 puresetup: PROGRESS: Checking all purity services are working
May 03 17:02:11.152 puresetup.py: ERROR: middleware not UP. Purity status: Process status:
purity start/running
lio-drv stop/waiting
foed start/running, process 231598
platform start/running, process 231542
gui start/running, process 231527
rest stop/waiting
monitor start/running, process 231538
iostat start/running, process 231532
statistics start/running, process 231551
middleware start/running, process 235283
vasa start/running, process 235284
platform working
foed working
gui working
platform_env working
quorum working
foed_env working
remote_patch working
driver working
san not responding pureport started command failed
health not responding SAN unready at process start; awaiting portals sync
lio-drv not responding
middleware-db working
middleware not responding
vasa not responding

service middleware not healthy.
Wait until all services are working, check service status again in 10s ...
Diagnostics software not installed, no work needed.
May 03 17:02:26.784 puresetup.py: WARNING: Could not restart patch svc on peer: [Errno 2] No such file or directory: 'ssh peer service software_patch_svc restart'
May 03 17:02:26.791 puresetup: PROGRESS: Displaying port migration instructions
[FA-X20R2.CT1.ETH1] does not need to be migrated since it has no configuration and is not a subinterface.
[FA-X20R2.CT1.ETH4] does not need to be migrated since it has no configuration and is not a subinterface.
[FA-X20R2.CT1.ETH5] does not need to be migrated since it has no configuration and is not a subinterface.
Please move ports as shown below:
[FA-X20R2.CT1.ETH0] ====>> [FA-X20R4.CT1.ETH4](Slot: LOM)
[FA-X20R2.CT1.ETH2] ====>> [FA-X20R4.CT1.ETH2](Slot: LOM)
[FA-X20R2.CT1.ETH3] ====>> [FA-X20R4.CT1.ETH3](Slot: LOM)
[FA-X20R2.CT1.FC8] ====>> [FA-X20R4.CT1.FC12](Slot:3)
[FA-X20R2.CT1.FC9] ====>> [FA-X20R4.CT1.FC13](Slot:3)

After the cables have been moved, type "CONTINUE": continue
May 03 17:04:30.771 puresetup: PROGRESS: Configuring network ports...
Perform ping test on port ETH4 ....... OK
Checking SAN connectivity
.
                                                                               
Broadcast message from root@NY2Pure04-ct1 (somewhere) (Sat May  3 17:04:48 2025
                                                                               
                                                                               
Purity//FA Information System Status                                           
====================================                                           
Purity//FA has successfully started for                                        
the first time after an install                                                
or upgrade. Purity//FA 6.7.2 (202501290440+0d1c24065579-67x)                   
is now set to be the default.                                                  
                                                                               

                                                                               

Broadcast message from root@NY2Pure04-ct1 (somewhere) (Sat May  3 17:04:48 2025

                                                                               

                                                                               

Purity//FA Information System Status                                           

====================================                                           

Purity//FA has successfully started for                                        

the first time after an install                                                

or upgrade. Purity//FA 6.7.2 (202501290440+0d1c24065579-67x)                   

is now set to be the default.                                                  

                                                                               


SAN is ready.
Waiting for Software Check:
Attempt 1/5 ...
May 03 17:04:49.193 puresetup.py: PROGRESS: Detecting shelves connected to the array
Checking iobalance before proceeding, sampling for 30 seconds, retrying 1 times, adding 30 seconds with each retry
Try 1/2: Sampling I/O for 30 seconds
Sampling finished, I/O is not yet balanced
Try 2/2: Sampling I/O for 60 seconds
Sampling finished, I/O is not yet balanced
I/O is not balanced after 2 run(s).
iobalance reports the following: 
sampling host I/O for 60 seconds...
                Host  CT0 I/O Count  CT1 I/O Count  
      NY2-LP-OQMXDB1      389.00      391.00  
      NY2-LP-OQMXDB2      389.00      400.00  
      SUSNYN2MXUCS01      505.00      110.00  ! unbalanced I/O
      SUSNYN2MXUCS02      180.00      174.00  
      SUSNYN2MXUCS03      597.00      513.00  
      SUSNYN2MXUCS04      232.00      156.00  
      SUSNYN2MXUCS05      308.00      253.00  
      SUSNYN2MXUCS06      805.00      142.00  ! unbalanced I/O
      SUSNYN2MXUCS07      158.00      222.00  
      SUSNYN2MXUCS08      285.00      213.00  

Would you like to ignore this check?
WARNING: Unless the workload you are running is known to be imbalanced, ignoring this check could result in an outage and is NOT recommended.
Ignore anyway? (y/n): y
Overriding iobalance check based on user input
SUCCESS
passwd: password expiry information changed.
Current time zone: Etc/UTC
Change time zone [requires reboot] (y/n):yChange time zone [requires reboot] (y/n): y

Configuring tzdata
------------------

Please select the geographic area in which you live. Subsequent configuration 
questions will narrow this down by presenting a list of cities, representing the
time zones in which they are located.

  1. Africa      4. Australia     7. Atlantic Ocean  10. Pacific Ocean
  2. America     5. Arctic Ocean  8. Europe          11. US
  3. Antarctica  6. Asia          9. Indian Ocean    12. None of the above

Geographic area: 2


Please select the city or region corresponding to your time zone.

  1. Adak                       80. Juneau
  2. Anchorage                  81. Louisville (Kentucky)
  3. Anguilla                   82. Monticello (Kentucky)
  4. Antigua                    83. Kralendijk
  5. Araguaina                  84. La Paz
  6. Buenos Aires (Argentina)   85. Lima
  7. Catamarca (Argentina)      86. Los Angeles
  8. Cordoba (Argentina)        87. Lower Princes
  9. Jujuy (Argentina)          88. Maceio
  10. La Rioja (Argentina)      89. Managua
  11. Mendoza (Argentina)       90. Manaus
  12. Rio Gallegos (Argentina)  91. Marigot
  13. Salta (Argentina)         92. Martinique
  14. San Juan (Argentina)      93. Matamoros
  15. San Luis (Argentina)      94. Mazatlan
  16. Tucuman (Argentina)       95. Menominee
  17. Ushuaia (Argentina)       96. Merida
  18. Aruba                     97. Metlakatla
[More] 

  19. Asuncion                  98. Mexico City
  20. Atikokan                  99. Miquelon
  21. Atka                      100. Moncton
  22. Bahia                     101. Monterrey
  23. Bahia Banderas            102. Montevideo
  24. Barbados                  103. Montreal
  25. Belem                     104. Montserrat
  26. Belize                    105. Nassau
  27. Blanc-Sablon              106. New York
  28. Boa Vista                 107. Nipigon
  29. Bogota                    108. Nome
  30. Boise                     109. Fernando de Noronha
  31. Cambridge Bay             110. Beulah (North Dakota)
  32. Campo Grande              111. Center (North Dakota)
  33. Cancun                    112. New Salem (North Dakota)
  34. Caracas                   113. Nuuk
  35. Cayenne                   114. Ojinaga
  36. Cayman                    115. Panama
  37. Chicago                   116. Pangnirtung
  38. Chihuahua                 117. Paramaribo
  39. Ciudad_Juarez             118. Phoenix
  40. Coral Harbour             119. Port-au-Prince
[More] 

  41. Costa Rica                120. Port of Spain
  42. Creston                   121. Porto Acre
  43. Cuiaba                    122. Porto Velho
  44. Curaçao                  123. Puerto Rico
  45. Danmarkshavn              124. Punta Arenas
  46. Dawson                    125. Rainy River
  47. Dawson Creek              126. Rankin Inlet
  48. Denver                    127. Recife
  49. Detroit                   128. Regina
  50. Dominica                  129. Resolute
  51. Edmonton                  130. Rio Branco
  52. Eirunepe                  131. Santa Isabel
  53. El Salvador               132. Santarém
  54. Ensenada                  133. Santiago
  55. Fort Nelson               134. Santo Domingo
  56. Fortaleza                 135. São Paulo
  57. Glace Bay                 136. Scoresbysund
  58. Godthab                   137. Shiprock
  59. Goose Bay                 138. Sitka
  60. Grand Turk                139. St Barthelemy
  61. Grenada                   140. St Johns
  62. Guadeloupe                141. St Kitts
[More] 

  63. Guatemala                 142. St Lucia
  64. Guayaquil                 143. St Thomas
  65. Guyana                    144. St Vincent
  66. Halifax                   145. Swift Current
  67. Havana                    146. Tegucigalpa
  68. Hermosillo                147. Thule
  69. Indianapolis (Indiana)    148. Thunder Bay
  70. Knox (Indiana)            149. Tijuana
  71. Marengo (Indiana)         150. Toronto
  72. Petersburg (Indiana)      151. Tortola
  73. Tell City (Indiana)       152. Vancouver
  74. Vevay (Indiana)           153. Virgin
  75. Vincennes (Indiana)       154. Whitehorse
  76. Winamac (Indiana)         155. Winnipeg
  77. Inuvik                    156. Yakutat
  78. Iqaluit                   157. Yellowknife
  79. Jamaica

Time zone: 106



Current default time zone: 'America/New_York'
Local time is now:      Sat May  3 13:06:35 EDT 2025.
Universal Time is now:  Sat May  3 17:06:35 UTC 2025.

'/cache/timezone/localtime' -> '/usr/share/zoneinfo/America/New_York'
Confirm time zone change from Etc/UTC to America/New_York
(y/N):y(y/N): y

Press ENTER to reboot

Secondary controller will be ready to use after reboot.
May 03 17:07:19.398 puresetup: PROGRESS: Replacement complete
Secondary controller is ready to use.
CONFIG_TASK_COMPLETED:CONFIG_TASK_PURESETUP_EXITED
puresetup@PCTFJ2511011A:~$  GNU GRUB  version 2.06


+----------------------------------------------------------------------------+||||||||||||||||||||||||+----------------------------------------------------------------------------+     Use the ^ and v keys to select which entry is highlighted.          

      Press enter to boot the selected OS, `e' to edit the commands       

      before booting or `c' for a command-line.                            *Purity 6.7.2 (202501290440+0d1c24065579) with kernel 5.15.123+ (2025011604> Purity 6.5.5 (202404130351+34e2b1e66ad3) with kernel 5.15.123+ (2024031915>                                                                                                                                                                                                                                                                                                                                                                                                                                                                                                                                                                                                                                                                                                                                                                                         GNU GRUB  version 2.06


/----------------------------------------------------------------------------\||||||||||||||||||||||||||\----------------------------------------------------------------------------/     Use the ^ and v keys to select which entry is highlighted.          

      Press enter to boot the selected OS, `e' to edit the commands       

      before booting or `c' for a command-line.                            *Purity 6.7.2 (202501290440+0d1c24065579) with kernel 5.15.123+ (2025011604>

 Purity 6.5.5 (202404130351+34e2b1e66ad3) with kernel 5.15.123+ (2024031915>

                                                                                                                                                                                                                                                                                                                                                                                                                                                                                                                                                                                                                                                                                                                                                                                                                                                                        The highlighted entry will be executed automatically in 3s.                    The highlighted entry will be executed automatically in 3s.                    The highlighted entry will be executed automatically in 2s.                    The highlighted entry will be executed automatically in 2s.                    The highlighted entry will be executed automatically in 1s.                    The highlighted entry will be executed automatically in 1s.                    The highlighted entry will be executed automatically in 0s.                    The highlighted entry will be executed automatically in 0s.                 

BOOTING AT 2025-5-3 17:8:28 Purity 6.7.2 (202501290440+0d1c24065579) with

kernel 5.15.123+ (202501160448+1cb33bf4bf4f) on second (/dev/sda4)


BOOTING AT 2025-5-3 17:8:28 Purity 6.7.2 (202501290440+0d1c24065579) with

kernel 5.15.123+ (202501160448+1cb33bf4bf4f) on second (/dev/sda4)




     root@NY2Pure04-ct0:/var/home/pureeng# purearray list --cotrntroller
Name  Type              Mode     Model     Version  Status   Current Mode Since       Internal Details
CT0   array_controller  primary  FA-X20R4  6.7.2    ready    2025-05-03 11:45:21 EDT  
CT1   array_controller  offline  -         -        unknown  -                        
     root@NY2Pure04-ct0:/var/home/pureeng# 
     root@NY2Pure04-ct0:/var/home/pureeng# pure-upgrade list
bash: pure-upgrade: command not found
     root@NY2Pure04-ct0:/var/home/pureeng# 
     root@NY2Pure04-ct0:/var/home/pureeng# pure-upgrade listarray list --controllerssh peer
Last login: Fri Apr  4 12:54:32 2025 from 10.125.0.1


Sat May 03 13:11:46 2025
Welcome root. This is Purity Version 6.7.2 on FlashArray NY2Pure04
http://www.purestorage.com/
     root@NY2Pure04-ct1:~# exit
logout
     root@NY2Pure04-ct0:/var/home/pureeng# ssh peerpure-upgrade listarray list --controller
Name  Type              Mode       Model     Version  Status  Current Mode Since       Internal Details
CT0   array_controller  primary    FA-X20R4  6.7.2    ready   2025-05-03 11:45:21 EDT  
CT1   array_controller  secondary  FA-X20R4  6.7.2    ready   2025-05-03 13:10:13 EDT  
     root@NY2Pure04-ct0:/var/home/pureeng# pureiofcpureportlist=`pureport list --initiator | awk '/Target/,0' | cut -d. -f1 | awk '{print $1,$5}' | grep -v '-' | grep -v "Initiator" | uniq -c; echo`; fcpureportlistcount=`echo "$fcpureportlist" | awk '{total += $1} END {print total}'`; echo -e "$fcpureportlist\n\n"; echo -e "\tTotal FC connections: $fcpureportlistcount\n\n";
      1 20:00:00:25:B5:A1:22:00 CT0
      1 20:00:00:25:B5:A1:22:00 CT1
      1 20:00:00:25:B5:A1:22:01 CT0
      1 20:00:00:25:B5:A1:22:01 CT1
      1 20:00:00:25:B5:A1:22:02 CT0
      1 20:00:00:25:B5:A1:22:02 CT1
      1 20:00:00:25:B5:A1:22:03 CT0
      1 20:00:00:25:B5:A1:22:03 CT1
      1 20:00:00:25:B5:A1:22:04 CT0
      1 20:00:00:25:B5:A1:22:04 CT1
      1 20:00:00:25:B5:A1:22:05 CT0
      1 20:00:00:25:B5:A1:22:05 CT1
      1 20:00:00:25:B5:A1:22:06 CT0
      1 20:00:00:25:B5:A1:22:06 CT1
      1 20:00:00:25:B5:A1:22:07 CT0
      1 20:00:00:25:B5:A1:22:07 CT1
      1 20:00:00:25:B5:A1:22:0A CT0
      1 20:00:00:25:B5:A1:22:0A CT1
      1 20:00:00:25:B5:A1:22:0B CT0
      1 20:00:00:25:B5:A1:22:0B CT1
      1 20:00:00:25:B5:B1:22:00 CT0
      1 20:00:00:25:B5:B1:22:00 CT1
      1 20:00:00:25:B5:B1:22:01 CT0
      1 20:00:00:25:B5:B1:22:01 CT1
      1 20:00:00:25:B5:B1:22:02 CT0
      1 20:00:00:25:B5:B1:22:02 CT1
      1 20:00:00:25:B5:B1:22:03 CT0
      1 20:00:00:25:B5:B1:22:03 CT1
      1 20:00:00:25:B5:B1:22:04 CT0
      1 20:00:00:25:B5:B1:22:04 CT1
      1 20:00:00:25:B5:B1:22:05 CT0
      1 20:00:00:25:B5:B1:22:05 CT1
      1 20:00:00:25:B5:B1:22:06 CT0
      1 20:00:00:25:B5:B1:22:06 CT1
      1 20:00:00:25:B5:B1:22:07 CT0
      1 20:00:00:25:B5:B1:22:07 CT1
      1 20:00:00:25:B5:B1:22:0A CT0
      1 20:00:00:25:B5:B1:22:0A CT1
      1 20:00:00:25:B5:B1:22:0B CT0
      1 20:00:00:25:B5:B1:22:0B CT1


Total FC connections: 40


     root@NY2Pure04-ct0:/var/home/pureeng# iobalance --sampletime 10
sampling host I/O for 10 seconds...
                Host  CT0 I/O Count  CT1 I/O Count  
      NY2-LP-OQMXDB1       43.00       18.00  ! unbalanced I/O
      NY2-LP-OQMXDB2       38.00       14.00  ! unbalanced I/O
      SUSNYN2MXUCS01       91.00       46.00  ! unbalanced I/O
      SUSNYN2MXUCS02       61.00       66.00  
      SUSNYN2MXUCS03      131.00       27.00  ! unbalanced I/O
      SUSNYN2MXUCS04       57.00       60.00  
      SUSNYN2MXUCS05       50.00       21.00  ! unbalanced I/O
      SUSNYN2MXUCS06        3.00       75.00  ! unbalanced I/O
      SUSNYN2MXUCS07       67.00       65.00  
      SUSNYN2MXUCS08       36.00       17.00  ! unbalanced I/O
     root@NY2Pure04-ct0:/var/home/pureeng# purehw list
Name       Status         Identify  Slot  Index  Speed       Temperature  Voltage  Details
CH0        ok             off       -     0      -           -            -        -
CH0.BAY0   ok             off       -     0      -           -            -        -
CH0.BAY1   ok             off       -     1      -           -            -        -
CH0.BAY2   ok             off       -     2      -           -            -        -
CH0.BAY3   ok             off       -     3      -           -            -        -
CH0.BAY4   ok             off       -     4      -           -            -        -
CH0.BAY5   ok             off       -     5      -           -            -        -
CH0.BAY6   ok             off       -     6      -           -            -        -
CH0.BAY7   ok             off       -     7      -           -            -        -
CH0.BAY8   ok             off       -     8      -           -            -        -
CH0.BAY9   ok             off       -     9      -           -            -        -
CH0.BAY10  ok             off       -     10     -           -            -        -
CH0.BAY11  ok             off       -     11     -           -            -        -
CH0.BAY12  ok             off       -     12     -           -            -        -
CH0.BAY13  ok             off       -     13     -           -            -        -
CH0.BAY14  ok             off       -     14     -           -            -        -
CH0.BAY15  ok             off       -     15     -           -            -        -
CH0.BAY16  ok             off       -     16     -           -            -        -
CH0.BAY17  ok             off       -     17     -           -            -        -
CH0.BAY18  ok             off       -     18     -           -            -        -
CH0.BAY19  ok             off       -     19     -           -            -        -
CH0.NVB0   ok             off       -     0      -           -            -        -
CH0.NVB1   ok             off       -     1      -           -            -        -
CH0.NVB2   not_installed  off       -     2      -           -            -        -
CH0.NVB3   not_installed  off       -     3      -           -            -        -
CH0.PWR0   ok             -         -     0      -           -            205 V    -
CH0.PWR1   ok             -         -     1      -           -            205 V    -
CH0.TMP0   ok             -         -     0      -           25 C         -        -
CT0        ok             off       -     0      -           -            -        -
CT0.ETH0   ok             -         -     0      0.00 b/s    -            -        -
CT0.ETH1   ok             -         -     1      0.00 b/s    -            -        -
CT0.ETH2   ok             -         -     2      0.00 b/s    -            -        -
CT0.ETH3   ok             -         -     3      0.00 b/s    -            -        -
CT0.ETH4   ok             -         -     4      1.00 Gb/s   -            -        -
CT0.ETH5   ok             -         -     5      0.00 b/s    -            -        -
CT0.FAN0   ok             -         -     0      -           -            -        -
CT0.FAN1   ok             -         -     1      -           -            -        -
CT0.FAN2   ok             -         -     2      -           -            -        -
CT0.FAN3   ok             -         -     3      -           -            -        -
CT0.FAN4   ok             -         -     4      -           -            -        -
CT0.FAN5   ok             -         -     5      -           -            -        -
CT0.FC12   ok             -         3     12     32.00 Gb/s  -            -        -
CT0.FC13   ok             -         3     13     32.00 Gb/s  -            -        -
CT0.TMP0   ok             -         -     0      -           38 C         -        -
CT0.TMP1   ok             -         -     1      -           41 C         -        -
CT0.TMP2   ok             -         -     2      -           60 C         -        -
CT0.TMP3   ok             -         -     3      -           57 C         -        -
CT0.TMP4   ok             -         -     4      -           45 C         -        -
CT0.TMP5   ok             -         -     5      -           46 C         -        -
CT0.TMP6   ok             -         -     6      -           31 C         -        -
CT0.TMP7   ok             -         -     7      -           31 C         -        -
CT0.TMP8   ok             -         -     8      -           52 C         -        -
CT0.TMP9   ok             -         -     9      -           38 C         -        -
CT0.TMP11  ok             -         -     11     -           35 C         -        -
CT0.TMP13  ok             -         -     13     -           37 C         -        -
CT0.TMP15  ok             -         -     15     -           36 C         -        -
CT0.TMP17  ok             -         -     17     -           37 C         -        -
CT0.TMP19  ok             -         -     19     -           35 C         -        -
CT0.TMP21  ok             -         -     21     -           39 C         -        -
CT0.TMP23  ok             -         -     23     -           38 C         -        -
CT1        ok             off       -     1      -           -            -        -
CT1.ETH0   ok             -         -     0      0.00 b/s    -            -        -
CT1.ETH1   ok             -         -     1      0.00 b/s    -            -        -
CT1.ETH2   ok             -         -     2      0.00 b/s    -            -        -
CT1.ETH3   ok             -         -     3      0.00 b/s    -            -        -
CT1.ETH4   ok             -         -     4      1.00 Gb/s   -            -        -
CT1.ETH5   ok             -         -     5      0.00 b/s    -            -        -
CT1.FAN0   ok             -         -     0      -           -            -        -
CT1.FAN1   ok             -         -     1      -           -            -        -
CT1.FAN2   ok             -         -     2      -           -            -        -
CT1.FAN3   ok             -         -     3      -           -            -        -
CT1.FAN4   ok             -         -     4      -           -            -        -
CT1.FAN5   ok             -         -     5      -           -            -        -
CT1.FC12   ok             -         3     12     32.00 Gb/s  -            -        -
CT1.FC13   ok             -         3     13     32.00 Gb/s  -            -        -
CT1.TMP0   ok             -         -     0      -           42 C         -        -
CT1.TMP1   ok             -         -     1      -           42 C         -        -
CT1.TMP2   ok             -         -     2      -           52 C         -        -
CT1.TMP3   ok             -         -     3      -           51 C         -        -
CT1.TMP4   ok             -         -     4      -           43 C         -        -
CT1.TMP5   ok             -         -     5      -           43 C         -        -
CT1.TMP6   ok             -         -     6      -           33 C         -        -
CT1.TMP7   ok             -         -     7      -           34 C         -        -
CT1.TMP8   ok             -         -     8      -           48 C         -        -
CT1.TMP9   ok             -         -     9      -           39 C         -        -
CT1.TMP11  ok             -         -     11     -           36 C         -        -
CT1.TMP13  ok             -         -     13     -           37 C         -        -
CT1.TMP15  ok             -         -     15     -           36 C         -        -
CT1.TMP17  ok             -         -     17     -           37 C         -        -
CT1.TMP19  ok             -         -     19     -           36 C         -        -
CT1.TMP21  ok             -         -     21     -           38 C         -        -
CT1.TMP23  ok             -         -     23     -           37 C         -        -
     root@NY2Pure04-ct0:/var/home/pureeng# puredrive list
Name       Type   Status   Capacity  Details
CH0.BAY0   SSD    healthy  1.02T     -
CH0.BAY1   SSD    healthy  1.02T     -
CH0.BAY2   SSD    healthy  1.02T     -
CH0.BAY3   SSD    healthy  1.02T     -
CH0.BAY4   SSD    healthy  1.02T     -
CH0.BAY5   SSD    healthy  1.02T     -
CH0.BAY6   SSD    healthy  1.02T     -
CH0.BAY7   SSD    healthy  1.02T     -
CH0.BAY8   SSD    healthy  1.02T     -
CH0.BAY9   SSD    healthy  1.02T     -
CH0.BAY10  SSD    healthy  3.84T     -
CH0.BAY11  SSD    healthy  3.84T     -
CH0.BAY12  SSD    healthy  3.84T     -
CH0.BAY13  SSD    healthy  3.84T     -
CH0.BAY14  SSD    healthy  3.84T     -
CH0.BAY15  SSD    healthy  3.84T     -
CH0.BAY16  SSD    healthy  3.84T     -
CH0.BAY17  SSD    healthy  3.84T     -
CH0.BAY18  SSD    healthy  3.84T     -
CH0.BAY19  SSD    healthy  3.84T     -
CH0.NVB0   NVRAM  healthy  7.52G     -
CH0.NVB1   NVRAM  healthy  7.52G     -
CH0.NVB2   NVRAM  unused   0.00      -
CH0.NVB3   NVRAM  unused   0.00      -
     root@NY2Pure04-ct0:/var/home/pureeng# puremessage list --open
ID        Time                     Severity  Category  Code  Component  Name      Event    Expected  Actual  Details
13372444  2025-03-29 00:19:57 EDT  warning   array     42    hardware   ct0.eth3  failure  -         -       
13372445  2025-03-29 00:19:57 EDT  warning   array     42    hardware   ct0.eth2  failure  -         -       
     root@NY2Pure04-ct0:/var/home/pureeng# puretune --local --unset PS_SUPPORTS_SECONDARY_OFFLOAD
Unset tunable on local (filegw skipped, pureadm done, puredb done, puremw --mig done, puremw done)
Tunable successfully unset
     root@NY2Pure04-ct0:/var/home/pureeng# ssssh peer
Last login: Sat May  3 13:11:46 2025 from fe80::26a9:37ff:fe64:3111%haeth0


Sat May 03 13:13:28 2025
Welcome root. This is Purity Version 6.7.2 on FlashArray NY2Pure04
http://www.purestorage.com/
     root@NY2Pure04-ct1:~# puretune --local --unset PS_SUPPORTS_SECONDARY_OFFLOAD
Unset tunable on local (filegw skipped, pureadm done, puredb done, puremw --mig done, puremw done)
Tunable successfully unset
     root@NY2Pure04-ct1:~# purehw list
Name       Status         Identify  Slot  Index  Speed       Temperature  Voltage  Details
CH0        ok             off       -     0      -           -            -        -
CH0.BAY0   ok             off       -     0      -           -            -        -
CH0.BAY1   ok             off       -     1      -           -            -        -
CH0.BAY2   ok             off       -     2      -           -            -        -
CH0.BAY3   ok             off       -     3      -           -            -        -
CH0.BAY4   ok             off       -     4      -           -            -        -
CH0.BAY5   ok             off       -     5      -           -            -        -
CH0.BAY6   ok             off       -     6      -           -            -        -
CH0.BAY7   ok             off       -     7      -           -            -        -
CH0.BAY8   ok             off       -     8      -           -            -        -
CH0.BAY9   ok             off       -     9      -           -            -        -
CH0.BAY10  ok             off       -     10     -           -            -        -
CH0.BAY11  ok             off       -     11     -           -            -        -
CH0.BAY12  ok             off       -     12     -           -            -        -
CH0.BAY13  ok             off       -     13     -           -            -        -
CH0.BAY14  ok             off       -     14     -           -            -        -
CH0.BAY15  ok             off       -     15     -           -            -        -
CH0.BAY16  ok             off       -     16     -           -            -        -
CH0.BAY17  ok             off       -     17     -           -            -        -
CH0.BAY18  ok             off       -     18     -           -            -        -
CH0.BAY19  ok             off       -     19     -           -            -        -
CH0.NVB0   ok             off       -     0      -           -            -        -
CH0.NVB1   ok             off       -     1      -           -            -        -
CH0.NVB2   not_installed  off       -     2      -           -            -        -
CH0.NVB3   not_installed  off       -     3      -           -            -        -
CH0.PWR0   ok             -         -     0      -           -            206 V    -
CH0.PWR1   ok             -         -     1      -           -            205 V    -
CH0.TMP0   ok             -         -     0      -           25 C         -        -
CT0        ok             off       -     0      -           -            -        -
CT0.ETH0   ok             -         -     0      0.00 b/s    -            -        -
CT0.ETH1   ok             -         -     1      0.00 b/s    -            -        -
CT0.ETH2   ok             -         -     2      0.00 b/s    -            -        -
CT0.ETH3   ok             -         -     3      0.00 b/s    -            -        -
CT0.ETH4   ok             -         -     4      1.00 Gb/s   -            -        -
CT0.ETH5   ok             -         -     5      0.00 b/s    -            -        -
CT0.FAN0   ok             -         -     0      -           -            -        -
CT0.FAN1   ok             -         -     1      -           -            -        -
CT0.FAN2   ok             -         -     2      -           -            -        -
CT0.FAN3   ok             -         -     3      -           -            -        -
CT0.FAN4   ok             -         -     4      -           -            -        -
CT0.FAN5   ok             -         -     5      -           -            -        -
CT0.FC12   ok             -         3     12     32.00 Gb/s  -            -        -
CT0.FC13   ok             -         3     13     32.00 Gb/s  -            -        -
CT0.TMP0   ok             -         -     0      -           39 C         -        -
CT0.TMP1   ok             -         -     1      -           41 C         -        -
CT0.TMP2   ok             -         -     2      -           56 C         -        -
CT0.TMP3   ok             -         -     3      -           52 C         -        -
CT0.TMP4   ok             -         -     4      -           44 C         -        -
CT0.TMP5   ok             -         -     5      -           46 C         -        -
CT0.TMP6   ok             -         -     6      -           32 C         -        -
CT0.TMP7   ok             -         -     7      -           31 C         -        -
CT0.TMP8   ok             -         -     8      -           51 C         -        -
CT0.TMP9   ok             -         -     9      -           38 C         -        -
CT0.TMP11  ok             -         -     11     -           36 C         -        -
CT0.TMP13  ok             -         -     13     -           37 C         -        -
CT0.TMP15  ok             -         -     15     -           36 C         -        -
CT0.TMP17  ok             -         -     17     -           37 C         -        -
CT0.TMP19  ok             -         -     19     -           35 C         -        -
CT0.TMP21  ok             -         -     21     -           39 C         -        -
CT0.TMP23  ok             -         -     23     -           38 C         -        -
CT1        ok             off       -     1      -           -            -        -
CT1.ETH0   ok             -         -     0      0.00 b/s    -            -        -
CT1.ETH1   ok             -         -     1      0.00 b/s    -            -        -
CT1.ETH2   ok             -         -     2      0.00 b/s    -            -        -
CT1.ETH3   ok             -         -     3      0.00 b/s    -            -        -
CT1.ETH4   ok             -         -     4      1.00 Gb/s   -            -        -
CT1.ETH5   ok             -         -     5      0.00 b/s    -            -        -
CT1.FAN0   ok             -         -     0      -           -            -        -
CT1.FAN1   ok             -         -     1      -           -            -        -
CT1.FAN2   ok             -         -     2      -           -            -        -
CT1.FAN3   ok             -         -     3      -           -            -        -
CT1.FAN4   ok             -         -     4      -           -            -        -
CT1.FAN5   ok             -         -     5      -           -            -        -
CT1.FC12   ok             -         3     12     32.00 Gb/s  -            -        -
CT1.FC13   ok             -         3     13     32.00 Gb/s  -            -        -
CT1.TMP0   ok             -         -     0      -           42 C         -        -
CT1.TMP1   ok             -         -     1      -           42 C         -        -
CT1.TMP2   ok             -         -     2      -           56 C         -        -
CT1.TMP3   ok             -         -     3      -           56 C         -        -
CT1.TMP4   ok             -         -     4      -           45 C         -        -
CT1.TMP5   ok             -         -     5      -           45 C         -        -
CT1.TMP6   ok             -         -     6      -           34 C         -        -
CT1.TMP7   ok             -         -     7      -           34 C         -        -
CT1.TMP8   ok             -         -     8      -           50 C         -        -
CT1.TMP9   ok             -         -     9      -           40 C         -        -
CT1.TMP11  ok             -         -     11     -           37 C         -        -
CT1.TMP13  ok             -         -     13     -           38 C         -        -
CT1.TMP15  ok             -         -     15     -           37 C         -        -
CT1.TMP17  ok             -         -     17     -           38 C         -        -
CT1.TMP19  ok             -         -     19     -           36 C         -        -
CT1.TMP21  ok             -         -     21     -           39 C         -        -
CT1.TMP23  ok             -         -     23     -           37 C         -        -
     root@NY2Pure04-ct1:~# =~=~=~=~=~=~=~=~=~=~=~= PuTTY log 2025.05.03 13:16:27 =~=~=~=~=~=~=~=~=~=~=~=
