=~=~=~=~=~=~=~=~=~=~=~= PuTTY log 2025.07.12 09:34:22 =~=~=~=~=~=~=~=~=~=~=~=

sum-pure-c-01-ct0 login: pureeng
1) Authenticate via CloudAssist
2) Authenticate via command line
3) Restore challenge
Type the number corresponding to the authentication method you want to use.

Selection: 1

An email for identity verification will be sent once email is entered.
Please follow the authentication instructions provided there and return to this screen when finished or if email has not been received.


Enter an email address: fharris@purestorage.com
Successfully authenticated
Last login: Fri Apr 25 18:45:24 EDT 2025 from 127.0.0.1 on pts/2

Sat Jul 12 09:35:56 2025
Welcome pureeng. This is Purity Version 6.5.10 on FlashArray sum-pure-c-01
http://www.purestorage.com/
pureeng@sum-pure-c-01-ct0:~$ sudo su
     root@sum-pure-c-01-ct0:/var/home/pureeng# purealert tag --timeout 240m --maintenance
Name         Created                  Expires
maintenance  2025-07-12 09:36:23 EDT  2025-07-12 13:36:23 EDT
     root@sum-pure-c-01-ct0:/var/home/pureeng# purearray list --controller
Name  Type              Mode       Model     Version  Status  Internal Details
CT0   array_controller  primary    FA-C40R3  6.5.10   ready   
CT1   array_controller  secondary  FA-C40R3  6.5.10   ready   
     root@sum-pure-c-01-ct0:/var/home/pureeng# puredrive list
Name       Type   Status   Capacity  Details
CH0.BAY0   SSD    healthy  24.70T    -
CH0.BAY1   SSD    healthy  24.70T    -
CH0.BAY2   SSD    healthy  24.70T    -
CH0.BAY3   SSD    healthy  24.70T    -
CH0.BAY4   SSD    healthy  24.70T    -
CH0.BAY5   SSD    healthy  24.70T    -
CH0.BAY6   SSD    healthy  24.70T    -
CH0.BAY7   SSD    healthy  24.70T    -
CH0.BAY8   SSD    healthy  24.70T    -
CH0.BAY9   SSD    healthy  24.70T    -
CH0.BAY10  -      unused   0.00      -
CH0.BAY11  -      unused   0.00      -
CH0.BAY12  -      unused   0.00      -
CH0.BAY13  -      unused   0.00      -
CH0.BAY14  -      unused   0.00      -
CH0.BAY15  -      unused   0.00      -
CH0.BAY16  -      unused   0.00      -
CH0.BAY17  -      unused   0.00      -
CH0.BAY18  -      unused   0.00      -
CH0.BAY19  -      unused   0.00      -
CH0.NVB0   NVRAM  healthy  7.52G     -
CH0.NVB1   NVRAM  healthy  7.52G     -
CH0.NVB2   NVRAM  unused   0.00      -
CH0.NVB3   NVRAM  unused   0.00      -
     root@sum-pure-c-01-ct0:/var/home/pureeng# purearray puwhrehw list
Name       Status         Identify  Slot  Index  Speed       Temperature  Voltage  Details
CH0        ok             off       -     0      -           -            -        -
CH0.BAY0   ok             off       -     0      -           -            -        -
CH0.BAY1   ok             off       -     1      -           -            -        -
CH0.BAY2   ok             off       -     2      -           -            -        -
CH0.BAY3   ok             off       -     3      -           -            -        -
CH0.BAY4   ok             off       -     4      -           -            -        -
CH0.BAY5   ok             off       -     5      -           -            -        -
CH0.BAY6   ok             off       -     6      -           -            -        -
CH0.BAY7   ok             off       -     7      -           -            -        -
CH0.BAY8   ok             off       -     8      -           -            -        -
CH0.BAY9   ok             off       -     9      -           -            -        -
CH0.BAY10  not_installed  off       -     10     -           -            -        -
CH0.BAY11  not_installed  off       -     11     -           -            -        -
CH0.BAY12  not_installed  off       -     12     -           -            -        -
CH0.BAY13  not_installed  off       -     13     -           -            -        -
CH0.BAY14  not_installed  off       -     14     -           -            -        -
CH0.BAY15  not_installed  off       -     15     -           -            -        -
CH0.BAY16  not_installed  off       -     16     -           -            -        -
CH0.BAY17  not_installed  off       -     17     -           -            -        -
CH0.BAY18  not_installed  off       -     18     -           -            -        -
CH0.BAY19  not_installed  off       -     19     -           -            -        -
CH0.NVB0   ok             off       -     0      -           -            -        -
CH0.NVB1   ok             off       -     1      -           -            -        -
CH0.NVB2   not_installed  off       -     2      -           -            -        -
CH0.NVB3   not_installed  off       -     3      -           -            -        -
CH0.PWR0   ok             -         -     0      -           -            202 V    -
CH0.PWR1   ok             -         -     1      -           -            203 V    -
CH0.TMP0   ok             -         -     0      -           25 C         -        -
CT0        ok             off       -     0      -           -            -        -
CT0.ETH0   ok             -         -     0      1.00 Gb/s   -            -        -
CT0.ETH1   ok             -         -     1      0.00 b/s    -            -        -
CT0.ETH2   ok             -         -     2      0.00 b/s    -            -        -
CT0.ETH3   ok             -         -     3      0.00 b/s    -            -        -
CT0.ETH4   ok             -         -     4      0.00 b/s    -            -        -
CT0.ETH5   ok             -         -     5      0.00 b/s    -            -        -
CT0.FAN0   ok             -         -     0      -           -            -        -
CT0.FAN1   ok             -         -     1      -           -            -        -
CT0.FAN2   ok             -         -     2      -           -            -        -
CT0.FAN3   ok             -         -     3      -           -            -        -
CT0.FAN4   ok             -         -     4      -           -            -        -
CT0.FAN5   ok             -         -     5      -           -            -        -
CT0.FC8    ok             -         2     8      16.00 Gb/s  -            -        -
CT0.FC9    ok             -         2     9      16.00 Gb/s  -            -        -
CT0.TMP0   ok             -         -     0      -           38 C         -        -
CT0.TMP1   ok             -         -     1      -           40 C         -        -
CT0.TMP2   ok             -         -     2      -           33 C         -        -
CT0.TMP3   ok             -         -     3      -           49 C         -        -
CT0.TMP4   ok             -         -     4      -           50 C         -        -
CT0.TMP5   ok             -         -     5      -           40 C         -        -
CT0.TMP6   ok             -         -     6      -           47 C         -        -
CT0.TMP7   ok             -         -     7      -           35 C         -        -
CT0.TMP8   ok             -         -     8      -           36 C         -        -
CT0.TMP9   ok             -         -     9      -           37 C         -        -
CT0.TMP10  ok             -         -     10     -           36 C         -        -
CT0.TMP11  ok             -         -     11     -           35 C         -        -
CT0.TMP12  ok             -         -     12     -           35 C         -        -
CT0.TMP13  ok             -         -     13     -           39 C         -        -
CT0.TMP14  ok             -         -     14     -           39 C         -        -
CT0.TMP15  ok             -         -     15     -           39 C         -        -
CT0.TMP16  ok             -         -     16     -           36 C         -        -
CT0.TMP17  ok             -         -     17     -           37 C         -        -
CT0.TMP18  ok             -         -     18     -           37 C         -        -
CT0.TMP19  ok             -         -     19     -           37 C         -        -
CT0.TMP20  ok             -         -     20     -           32 C         -        -
CT0.TMP21  ok             -         -     21     -           41 C         -        -
CT0.TMP22  ok             -         -     22     -           39 C         -        -
CT0.TMP23  ok             -         -     23     -           41 C         -        -
CT0.TMP24  ok             -         -     24     -           42 C         -        -
CT0.TMP25  ok             -         -     25     -           45 C         -        -
CT0.TMP26  ok             -         -     26     -           35 C         -        -
CT1        ok             off       -     1      -           -            -        -
CT1.ETH0   ok             -         -     0      1.00 Gb/s   -            -        -
CT1.ETH1   ok             -         -     1      0.00 b/s    -            -        -
CT1.ETH2   ok             -         -     2      0.00 b/s    -            -        -
CT1.ETH3   ok             -         -     3      0.00 b/s    -            -        -
CT1.ETH4   ok             -         -     4      0.00 b/s    -            -        -
CT1.ETH5   ok             -         -     5      0.00 b/s    -            -        -
CT1.FAN0   ok             -         -     0      -           -            -        -
CT1.FAN1   ok             -         -     1      -           -            -        -
CT1.FAN2   ok             -         -     2      -           -            -        -
CT1.FAN3   ok             -         -     3      -           -            -        -
CT1.FAN4   ok             -         -     4      -           -            -        -
CT1.FAN5   ok             -         -     5      -           -            -        -
CT1.FC8    ok             -         2     8      16.00 Gb/s  -            -        -
CT1.FC9    ok             -         2     9      16.00 Gb/s  -            -        -
CT1.TMP0   ok             -         -     0      -           37 C         -        -
CT1.TMP1   ok             -         -     1      -           39 C         -        -
CT1.TMP2   ok             -         -     2      -           36 C         -        -
CT1.TMP3   ok             -         -     3      -           39 C         -        -
CT1.TMP4   ok             -         -     4      -           42 C         -        -
CT1.TMP5   ok             -         -     5      -           42 C         -        -
CT1.TMP6   ok             -         -     6      -           42 C         -        -
CT1.TMP7   ok             -         -     7      -           36 C         -        -
CT1.TMP8   ok             -         -     8      -           36 C         -        -
CT1.TMP9   ok             -         -     9      -           38 C         -        -
CT1.TMP10  ok             -         -     10     -           36 C         -        -
CT1.TMP11  ok             -         -     11     -           36 C         -        -
CT1.TMP12  ok             -         -     12     -           35 C         -        -
CT1.TMP13  ok             -         -     13     -           39 C         -        -
CT1.TMP14  ok             -         -     14     -           39 C         -        -
CT1.TMP15  ok             -         -     15     -           38 C         -        -
CT1.TMP16  ok             -         -     16     -           38 C         -        -
CT1.TMP17  ok             -         -     17     -           37 C         -        -
CT1.TMP18  ok             -         -     18     -           38 C         -        -
CT1.TMP19  ok             -         -     19     -           37 C         -        -
CT1.TMP20  ok             -         -     20     -           34 C         -        -
CT1.TMP21  ok             -         -     21     -           41 C         -        -
CT1.TMP22  ok             -         -     22     -           37 C         -        -
CT1.TMP23  ok             -         -     23     -           40 C         -        -
CT1.TMP24  ok             -         -     24     -           41 C         -        -
CT1.TMP25  ok             -         -     25     -           40 C         -        -
CT1.TMP26  ok             -         -     26     -           38 C         -        -
     root@sum-pure-c-01-ct0:/var/home/pureeng# puremessage --open list --open
     root@sum-pure-c-01-ct0:/var/home/pureeng# iobalance --sampletime 15
sampling host I/O for 15 seconds...
                Host  CT0 I/O Count  CT1 I/O Count  
     VNIM-MARK-ESXi1      702.00       4.47K  ! unbalanced I/O
     VNIM-MARK-ESXi2      462.00      587.00  
           sumvesx10       36.00       17.00  ! unbalanced I/O
           sumvesx11        6.00        6.00  
           sumvesx12       43.00        0.00  ! no I/O to CT1
           sumvesx13       29.00       53.00  ! unbalanced I/O
           sumvesx14       14.00       27.00  ! unbalanced I/O
           sumvesx15       94.00      114.00  
           sumvesx16      389.00       69.00  ! unbalanced I/O
           sumvesx17        7.00        0.00  ! no I/O to CT1
           sumvesx18        0.00        0.00  ? Host is idle
           sumvesx19      237.00      211.00  
            sumvesx2        9.00        9.00  
           sumvesx20      428.00      295.00  
           sumvesx21       29.00       27.00  
           sumvesx22       25.00       65.00  ! unbalanced I/O
           sumvesx23      842.00      408.00  ! unbalanced I/O
           sumvesx24      270.00      409.00  ! unbalanced I/O
           sumvesx26       24.00       14.00  
           sumvesx27       43.00       49.00  
           sumvesx28       68.00       27.00  ! unbalanced I/O
           sumvesx29       1.57K       1.36K  
            sumvesx3       35.00       32.00  
           sumvesx30        0.00        3.00  ! no I/O to CT0
           sumvesx31       58.00        9.00  ! unbalanced I/O
           sumvesx32       60.00       94.00  ! unbalanced I/O
           sumvesx33        0.00        0.00  ? Host is idle
           sumvesx35        0.00        0.00  ? Host is idle
           sumvesx36        0.00        0.00  ? Host is idle
           sumvesx39      215.00      603.00  ! unbalanced I/O
            sumvesx4        0.00        0.00  ? Host is idle
           sumvesx40      424.00       1.45K  ! unbalanced I/O
           sumvesx41      147.00       1.70K  ! unbalanced I/O
           sumvesx42       71.00      779.00  ! unbalanced I/O
           sumvesx43       10.00       32.00  ! unbalanced I/O
           sumvesx44        5.00       84.00  ! unbalanced I/O
           sumvesx45      103.00       96.00  
           sumvesx46       95.00      201.00  ! unbalanced I/O
           sumvesx47       52.00       54.00  
           sumvesx48      551.00       4.43K  ! unbalanced I/O
           sumvesx49       24.00       34.00  
            sumvesx5        0.00        0.00  ? Host is idle
           sumvesx50      241.00      410.00  ! unbalanced I/O
           sumvesx51      228.00      139.00  ! unbalanced I/O
           sumvesx52       82.00       90.00  
           sumvesx53      214.00       73.00  ! unbalanced I/O
           sumvesx54       71.00       59.00  
           sumvesx55       13.00       35.00  ! unbalanced I/O
           sumvesx56       64.00      134.00  ! unbalanced I/O
           sumvesx57      762.00      113.00  ! unbalanced I/O
           sumvesx58      238.00      465.00  ! unbalanced I/O
           sumvesx59       64.00      192.00  ! unbalanced I/O
            sumvesx6        0.00        0.00  ? Host is idle
           sumvesx60        6.00       49.00  ! unbalanced I/O
           sumvesx61      23.00K      21.39K  
           sumvesx62       18.00       39.00  ! unbalanced I/O
            sumvesx7        0.00        0.00  ? Host is idle
            sumvesx9      228.00      249.00  
     root@sum-pure-c-01-ct0:/var/home/pureeng# fcpureportlist=`pureport list --initiator | awk '/Target/,0' | cut -d. -f1 | awk '{print $1,$5}' | grep -v '-' |  grep -v "Initiator" | uniq -c; echo`; fcpureportlistcount=`echo "$fcpureportlist" | awk '{total += $1} END {print total}'`; echo -e "$fcpureportlist\n\n"; echo -e "\tTotal FC connections: $fcpureportlistcount\n\n";
      1 10:00:00:90:FA:29:D7:C2 CT0
      1 10:00:00:90:FA:29:D7:C2 CT1
      1 10:00:00:90:FA:45:8A:60 CT0
      1 10:00:00:90:FA:45:8A:60 CT1
      1 10:00:00:90:FA:45:8D:1A CT0
      1 10:00:00:90:FA:45:8D:1A CT1
      1 10:00:00:90:FA:45:8F:AA CT0
      1 10:00:00:90:FA:45:8F:AA CT1
      1 10:00:00:FD:45:4E:14:A2 CT0
      1 10:00:00:FD:45:4E:14:A2 CT1
      1 10:00:00:FD:45:4E:14:A3 CT0
      1 10:00:00:FD:45:4E:14:A3 CT1
      1 10:00:00:FD:45:4E:23:56 CT0
      1 10:00:00:FD:45:4E:23:56 CT1
      1 10:00:00:FD:45:4E:23:57 CT0
      1 10:00:00:FD:45:4E:23:57 CT1
      1 10:00:00:FD:45:4E:23:BA CT0
      1 10:00:00:FD:45:4E:23:BA CT1
      1 10:00:00:FD:45:4E:23:BB CT0
      1 10:00:00:FD:45:4E:23:BB CT1
      1 10:00:00:FD:45:4E:24:3E CT0
      1 10:00:00:FD:45:4E:24:3E CT1
      1 10:00:00:FD:45:4E:24:3F CT0
      1 10:00:00:FD:45:4E:24:3F CT1
      1 10:00:00:FD:45:4E:33:82 CT0
      1 10:00:00:FD:45:4E:33:82 CT1
      1 10:00:00:FD:45:4E:33:83 CT0
      1 10:00:00:FD:45:4E:33:83 CT1
      1 10:00:00:FD:45:4E:A1:E6 CT0
      1 10:00:00:FD:45:4E:A1:E6 CT1
      1 10:00:00:FD:45:4E:A1:E7 CT0
      1 10:00:00:FD:45:4E:A1:E7 CT1
      1 10:00:00:FD:45:4E:A6:D6 CT0
      1 10:00:00:FD:45:4E:A6:D6 CT1
      1 10:00:00:FD:45:4E:A6:D7 CT0
      1 10:00:00:FD:45:4E:A6:D7 CT1
      1 10:00:00:FD:45:4E:C1:6A CT0
      1 10:00:00:FD:45:4E:C1:6A CT1
      1 10:00:00:FD:45:4E:C1:6B CT0
      1 10:00:00:FD:45:4E:C1:6B CT1
      1 10:00:00:FD:45:4E:C1:A2 CT0
      1 10:00:00:FD:45:4E:C1:A2 CT1
      1 10:00:00:FD:45:4E:C1:A3 CT0
      1 10:00:00:FD:45:4E:C1:A3 CT1
      1 10:00:14:02:EC:EC:22:2A CT0
      1 10:00:14:02:EC:EC:22:2A CT1
      1 10:00:14:02:EC:EC:22:2B CT0
      1 10:00:14:02:EC:EC:22:2B CT1
      1 10:00:14:02:EC:EC:DF:66 CT0
      1 10:00:14:02:EC:EC:DF:66 CT1
      1 10:00:14:02:EC:EC:DF:67 CT0
      1 10:00:14:02:EC:EC:DF:67 CT1
      1 10:00:14:02:EC:EC:DF:8E CT0
      1 10:00:14:02:EC:EC:DF:8E CT1
      1 10:00:14:02:EC:EC:DF:8F CT0
      1 10:00:14:02:EC:EC:DF:8F CT1
      1 10:00:28:80:23:DE:3C:76 CT0
      1 10:00:28:80:23:DE:3C:76 CT1
      1 10:00:28:80:23:DE:3C:77 CT0
      1 10:00:28:80:23:DE:3C:77 CT1
      1 10:00:5C:B9:01:77:02:BE CT0
      1 10:00:5C:B9:01:77:02:BE CT1
      1 10:00:5C:B9:01:77:02:BF CT0
      1 10:00:5C:B9:01:77:02:BF CT1
      1 10:00:5C:B9:01:77:88:7A CT0
      1 10:00:5C:B9:01:77:88:7A CT1
      1 10:00:5C:B9:01:77:88:7B CT0
      1 10:00:5C:B9:01:77:88:7B CT1
      1 10:00:5C:B9:01:77:98:BA CT0
      1 10:00:5C:B9:01:77:98:BA CT1
      1 10:00:5C:B9:01:77:98:BB CT0
      1 10:00:5C:B9:01:77:98:BB CT1
      1 10:00:5C:B9:01:77:AC:3E CT0
      1 10:00:5C:B9:01:77:AC:3E CT1
      1 10:00:5C:B9:01:77:AC:3F CT0
      1 10:00:5C:B9:01:77:AC:3F CT1
      1 10:00:70:10:6F:76:09:3A CT0
      1 10:00:70:10:6F:76:09:3A CT1
      1 10:00:70:10:6F:76:09:3B CT0
      1 10:00:70:10:6F:76:09:3B CT1
      1 10:00:70:10:6F:76:09:86 CT0
      1 10:00:70:10:6F:76:09:86 CT1
      1 10:00:70:10:6F:76:09:87 CT0
      1 10:00:70:10:6F:76:09:87 CT1
      1 10:00:70:10:6F:76:2A:BA CT0
      1 10:00:70:10:6F:76:2A:BA CT1
      1 10:00:70:10:6F:76:2A:BB CT0
      1 10:00:70:10:6F:76:2A:BB CT1
      1 10:00:70:10:6F:76:59:AA CT0
      1 10:00:70:10:6F:76:59:AA CT1
      1 10:00:70:10:6F:76:59:AB CT0
      1 10:00:70:10:6F:76:59:AB CT1
      1 10:00:70:10:6F:76:D8:2A CT0
      1 10:00:70:10:6F:76:D8:2A CT1
      1 10:00:70:10:6F:76:D8:2B CT0
      1 10:00:70:10:6F:76:D8:2B CT1
      1 10:00:70:10:6F:76:E4:A2 CT0
      1 10:00:70:10:6F:76:E4:A2 CT1
      1 10:00:70:10:6F:76:E4:A3 CT0
      1 10:00:70:10:6F:76:E4:A3 CT1
      1 10:00:98:F2:B3:A2:FC:3A CT0
      1 10:00:98:F2:B3:A2:FC:3A CT1
      1 10:00:98:F2:B3:A2:FC:3B CT0
      1 10:00:98:F2:B3:A2:FC:3B CT1
      1 10:00:98:F2:B3:A2:FC:46 CT0
      1 10:00:98:F2:B3:A2:FC:46 CT1
      1 10:00:98:F2:B3:A2:FC:47 CT0
      1 10:00:98:F2:B3:A2:FC:47 CT1
      1 10:00:98:F2:B3:A2:FC:5A CT0
      1 10:00:98:F2:B3:A2:FC:5A CT1
      1 10:00:98:F2:B3:A2:FC:5B CT0
      1 10:00:98:F2:B3:A2:FC:5B CT1
      1 10:00:98:F2:B3:A2:FC:72 CT0
      1 10:00:98:F2:B3:A2:FC:72 CT1
      1 10:00:98:F2:B3:A2:FC:73 CT0
      1 10:00:98:F2:B3:A2:FC:73 CT1
      1 10:00:98:F2:B3:A2:FC:B6 CT0
      1 10:00:98:F2:B3:A2:FC:B6 CT1
      1 10:00:98:F2:B3:A2:FC:B7 CT0
      1 10:00:98:F2:B3:A2:FC:B7 CT1
      1 10:00:98:F2:B3:A2:FC:C6 BF:9C:02:1E:4F CT0
      1 10:00:D0:BF:9C:02:1E:4F CT1
      1 51:40:2E:C0:17:2B:15:54 CT0
      1 51:40:2E:C0:17:2B:15:54 CT1
      1 51:40:2E:C0:17:2B:15:56 CT0
      1 51:40:2E:C0:17:2B:15:56 CT1
      1 51:40:2E:C0:17:2B:19:B8 CT0
      1 51:40:2E:C0:17:2B:19:B8 CT1
      1 51:40:2E:C0:17:2B:19:BA CT0
      1 51:40:2E:C0:17:2B:19:BA CT1
      1 51:40:2E:C0:17:2B:1A:18 CT0
      1 51:40:2E:C0:17:2B:1A:18 CT1
      1 51:40:2E:C0:17:2B:1A:1A CT0
      1 51:40:2E:C0:17:2B:1A:1A CT1
      1 51:40:2E:C0:17:2B:1A:CC CT0
      1 51:40:2E:C0:17:2B:1A:CC CT1
      1 51:40:2E:C0:17:2B:1A:CE CT0
      1 51:40:2E:C0:17:2B:1A:CE CT1
      1 51:40:2E:C0:17:2B:1B:6C CT0
      1 51:40:2E:C0:17:2B:1B:6C CT1
      1 51:40:2E:C0:17:2B:1B:6E CT0
      1 51:40:2E:C0:17:2B:1B:6E CT1
      1 51:40:2E:C0:17:2B:1B:94 CT0
      1 51:40:2E:C0:17:2B:1B:94 CT1
      1 51:40:2E:C0:17:2B:1B:96 CT0
      1 51:40:2E:C0:17:2B:1B:96 CT1
      1 51:40:2E:C0:17:2B:1B:98 CT0
      1 51:40:2E:C0:17:2B:1B:98 CT1
      1 51:40:2E:C0:17:2B:1B:9A CT0
      1 51:40:2E:C0:17:2B:1B:9A CT1
      1 51:40:2E:C0:17:2B:1B:A4 CT0
      1 51:40:2E:C0:17:2B:1B:A4 CT1
      1 51:40:2E:C0:17:2B:1B:A6 CT0
      1 51:40:2E:C0:17:2B:1B:A6 CT1
      1 51:40:2E:C0:17:2B:1B:F8 CT0
      1 51:40:2E:C0:17:2B:1B:F8 CT1
      1 51:40:2E:C0:17:2B:1B:FA CT0
      1 51:40:2E:C0:17:2B:1B:FA CT1
      1 51:40:2E:C0:17:2B:1C:08 CT0
      1 51:40:2E:C0:17:2B:1C:08 CT1
      1 51:40:2E:C0:17:2B:1C:0A CT0
      1 51:40:2E:C0:17:2B:1C:0A CT1
      1 51:40:2E:C0:17:2B:39:74 CT0
      1 51:40:2E:C0:17:2B:39:74 CT1
      1 51:40:2E:C0:17:2B:39:76 CT0
      1 51:40:2E:C0:17:2B:39:76 CT1
      1 51:40:2E:C0:17:2B:52:4C CT0
      1 51:40:2E:C0:17:2B:52:4C CT1
      1 51:40:2E:C0:17:2B:52:4E CT0
      1 51:40:2E:C0:17:2B:52:4E CT1
      1 51:40:2E:C0:17:2B:52:58 CT0
      1 51:40:2E:C0:17:2B:52:58 CT1
      1 51:40:2E:C0:17:2B:52:5A CT0
      1 51:40:2E:C0:17:2B:52:5A CT1
      1 51:40:2E:C0:17:2B:52:6C CT0
      1 51:40:2E:C0:17:2B:52:6C CT1
      1 51:40:2E:C0:17:2B:52:6E CT0
      1 51:40:2E:C0:17:2B:52:6E CT1
      1 51:40:2E:C0:17:2B:52:D8 CT0
      1 51:40:2E:C0:17:2B:52:D8 CT1
      1 51:40:2E:C0:17:2B:52:DA CT0
      1 51:40:2E:C0:17:2B:52:DA CT1
      1 51:40:2E:C0:17:2B:52:FC CT0
      1 51:40:2E:C0:17:2B:52:FC CT1
      1 51:40:2E:C0:17:2B:52:FE CT0
      1 51:40:2E:C0:17:2B:52:FE CT1
      1 51:40:2E:C0:17:37:52:90 CT0
      1 51:40:2E:C0:17:37:52:90 CT1
      1 51:40:2E:C0:17:37:52:92 CT0
      1 51:40:2E:C0:17:37:52:92 CT1
      1 51:40:2E:C0:17:37:53:14 CT0
      1 51:40:2E:C0:17:37:53:14 CT1
      1 51:40:2E:C0:17:37:53:16 CT0
      1 51:40:2E:C0:17:37:53:16 CT1
      1 51:40:2E:C0:17:37:57:A0 CT0
      1 51:40:2E:C0:17:37:57:A0 CT1
      1 51:40:2E:C0:17:37:57:A2 CT0
      1 51:40:2E:C0:17:37:57:A2 CT1
      1 51:40:2E:C0:17:37:59:7C CT0
      1 51:40:2E:C0:17:37:59:7C CT1
      1 51:40:2E:C0:17:37:59:7E CT0
      1 51:40:2E:C0:17:37:59:7E CT1
      1 51:40:2E:C0:17:37:59:C0 CT0
      1 51:40:2E:C0:17:37:59:C0 CT1
      1 51:40:2E:C0:17:37:59:C2 CT0
      1 51:40:2E:C0:17:37:59:C2 CT1
      1 51:40:2E:C0:17:37:59:D0 CT0
      1 51:40:2E:C0:17:37:59:D0 CT1
      1 51:40:2E:C0:17:37:59:D2 CT0
      1 51:40:2E:C0:17:37:59:D2 CT1
      1 51:40:2E:C0:17:37:59:EC CT0
      1 51:40:2E:C0:17:37:59:EC CT1
      1 51:40:2E:C0:17:37:59:EE CT0
      1 51:40:2E:C0:17:37:59:EE CT1
      1 51:40:2E:C0:17:37:63:10 CT0
      1 51:40:2E:C0:17:37:63:10 CT1
      1 51:40:2E:C0:17:37:63:12 CT0
      1 51:40:2E:C0:17:37:63:12 CT1


Total FC connections: 232


     root@sum-pure-c-01-ct0:/var/home/pureeng# purenetwork eth list
Name      Enabled  Type      Subnet  Address        Mask           Gateway      MTU   MAC                Speed       Services     Subinterfaces
ct0.eth0  True     physical  -       10.120.55.141  255.255.255.0  10.120.55.1  1500  24:a9:37:44:3d:e7  1.00 Gb/s   management   -
ct0.eth1  False    physical  -       -              -              -            1500  24:a9:37:44:3d:e8  1.00 Gb/s   management   -
ct0.eth2  False    physical  -       -              -              -            1500  24:a9:37:44:3d:ea  25.00 Gb/s  replication  -
ct0.eth3  False    physical  -       -              -              -            1500  24:a9:37:44:3d:e9  25.00 Gb/s  replication  -
ct0.eth4  False    physical  -       -              -              -            1500  24:a9:37:44:3d:ec  25.00 Gb/s  iscsi        -
ct0.eth5  False    physical  -       -              -              -            1500  24:a9:37:44:3d:eb  25.00 Gb/s  iscsi        -
ct1.eth0  True     physical  -       10.120.55.142  255.255.255.0  10.120.55.1  1500  24:a9:37:46:6a:43  1.00 Gb/s   management   -
ct1.eth1  False    physical  -       -              -              -            1500  24:a9:37:46:6a:44  1.00 Gb/s   management   -
ct1.eth2  False    physical  -       -              -              -            1500  24:a9:37:46:6a:46  25.00 Gb/s  replication  -
ct1.eth3  False    physical  -       -              -              -            1500  24:a9:37:46:6a:45  25.00 Gb/s  replication  -
ct1.eth4  False    physical  -       -              -              -            1500  24:a9:37:46:6a:48  25.00 Gb/s  iscsi        -
ct1.eth5  False    physical  -       -              -              -            1500  24:a9:37:46:6a:47  25.00 Gb/s  iscsi        -
replbond  False    bond      -       -              -              -            1500  ba:82:dc:11:37:eb  0.00 b/s    replication  -
vir0      True     vif       -       10.120.55.140  255.255.255.0  10.120.55.1  1500  fe:56:05:6c:e4:93  1.00 Gb/s   management   -
vir1      False    vif       -       -              -              -            1500  0a:e3:9f:0d:a3:db  1.00 Gb/s   management   -
     root@sum-pure-c-01-ct0:/var/home/pureeng# purenetwork fc list
Name     Enabled  WWN                      Speed       Services
CT0.FC8  True     52:4A:93:70:7A:FA:A0:08  16.00 Gb/s  scsi-fc
CT0.FC9  True     52:4A:93:70:7A:FA:A0:09  16.00 Gb/s  scsi-fc
CT1.FC8  True     52:4A:93:70:7A:FA:A0:18  16.00 Gb/s  scsi-fc
CT1.FC9  True     52:4A:93:70:7A:FA:A0:19  16.00 Gb/s  scsi-fc
     root@sum-pure-c-01-ct0:/var/home/pureeng# pureport list
Name     WWN                      Portal  IQN  NQN  Failover
CT0.FC8  52:4A:93:70:7A:FA:A0:08  -       -    -    -
CT0.FC9  52:4A:93:70:7A:FA:A0:09  -       -    -    -
CT1.FC8  52:4A:93:70:7A:FA:A0:18  -       -    -    -
CT1.FC9  52:4A:93:70:7A:FA:A0:19  -       -    -    -
     root@sum-pure-c-01-ct0:/var/home/pureeng# puresetp up show
##########################################
#   Welcome to the Purity Setup Wizard   #
##########################################
  Physical IP:             10.120.55.141
  Virtual IP:              10.120.55.140
  Netmask:                 255.255.255.0
  Gateway:                 10.120.55.1
  DNS Servers:             10.120.72.34,10.6.162.34,10.1.162.34
  DNS Domain:              loomissayles.com
  NTP Servers:             ntp.loomissayles.com
  SMTP Relay Host:         mailhost.loomissayles.com
  SMTP Sender Domain:      loomissayles.com
  Alert Email Recipients:  flasharray-alerts@purestorage.com,vmalerts@loomissayles.com
  HTTP proxy:              
  Capacity Limit:          
  Capacity Limit Target:   
  Physical IP:             10.120.55.142
  Netmask:                 255.255.255.0
  Gateway:                 10.120.55.1
CONFIG_TASK_COMPLETED:CONFIG_TASK_PURESETUP_EXITED
     root@sum-pure-c-01-ct0:/var/home/pureeng# purehw list --pftype --pwr
usage: purehw [-h] {disable,enable,list,setattr} ...
purehw: error: argument subcommand: invalid choice: 'type' (choose from 'list', 'setattr', 'disable', 'enable')
     root@sum-pure-c-01-ct0:/var/home/pureeng# purehw list type --pfw
usage: purehw [-h] {disable,enable,list,setattr} ...
purehw: error: unrecognized arguments: --pfw
     root@sum-pure-c-01-ct0:/var/home/pureeng# purehw list type --pfwwr
usage: purehw [-h] {disable,enable,list,setattr} ...
purehw: error: unrecognized arguments: --pwr
     root@sum-pure-c-01-ct0:/var/home/pureeng# purehw list -t-type pwr
Name      Status  Identify  Slot  Index  Speed  Temperature  Voltage  Details
CH0.PWR0  ok      -         -     0      -      -            202 V    -
CH0.PWR1  ok      -         -     1      -      -            203 V    -
     root@sum-pure-c-01-ct0:/var/home/pureeng# cat /etc/timezone
US/Eastern     root@sum-pure-c-01-ct0:/var/home/pureeng# purearray list
Name           ID                                    OS          Version
sum-pure-c-01  ad832cbc-36e7-46ea-8fa2-41f5ba8550d7  Purity//FA  6.5.10
     root@sum-pure-c-01-ct0:/var/home/pureeng# purearray list --controller
Name  Type              Mode       Model     Version  Status  Internal Details
CT0   array_controller  primary    FA-C40R3  6.5.10   ready   
CT1   array_controller  secondary  FA-C40R3  6.5.10   ready   
     root@sum-pure-c-01-ct0:/var/home/pureeng# 
Display all 2513 possibilities? (y or n)
!
./
:
[
[[
]]
{
}
accessdb
aclinkcheck.py
aclocal
aclocal-1.16
acpid
acpidbg
acpi_listen
activate-global-python-argcomplete3
addgnupghome
addgroup
add_in_cards_fingerprint
addpart
addr2line
addr2name
add-shell
--More--     root@sum-pure-c-01-ct0:/var/home/pureeng# troller setattr --verify-array sum-pure-c-01 ct0 --mode secondary;date
bash: troller: command not found
Sat Jul 12 09:40:29 AM EDT 2025
     root@sum-pure-c-01-ct0:/var/home/pureeng# purewes controller setattr --veri fy-array sum-pure-c-01 ct0 --mode secondary;date
Run checks before making changes ...
Check peer purity status...... SUCCESS
Check pureport list........... The pureport list check failed with ERROR: Port {'target.name': None, 'target.wwn': None, 'target.nqn': None, 'target.iqn': None, 'target.portal': None, 'target.failover': None, 'target': {'name': None, 'wwn': None, 'nqn': None, 'iqn': None, 'portal': None, 'failover': None}, 'initiator.wwn': '10:00:98:F2:B3:A2:FC:36', 'initiator.nqn': None, 'initiator.iqn': None, 'initiator.portal': None, 'initiator': {'wwn': '10:00:98:F2:B3:A2:FC:36', 'nqn': None, 'iqn': None, 'portal': None}} doesn't contain field target.name or target.name is None!
Would you like to ignore this check? (y/n): y
Overriding pureport list check based on user input
SUCCESS
Check IO balance.............. Checking iobalance before proceeding, sampling for 30 seconds, retrying 3 times, adding 30 seconds with each retry
Try 1/4: Sampling I/O for 30 seconds
Sampling finished, I/O is not yet balanced
Try 2/4: Sampling I/O for 60 seconds
Sampling finished, I/O is not yet balanced
Try 3/4: Sampling I/O for 90 seconds
Sampling finished, I/O is not yet balanced
Try 4/4: Sampling I/O for 120 seconds
Sampling finished, I/O is not yet balanced
I/O is not balanced after 4 run(s).
iobalance reports the following: 
sampling host I/O for 120 seconds...
                Host  CT0 I/O Count  CT1 I/O Count  
     VNIM-MARK-ESXi1      16.46K     108.97K  ! unbalanced I/O
     VNIM-MARK-ESXi2       2.48K       2.50K  
           sumvesx10      520.00      141.00  ! unbalanced I/O
           sumvesx11       87.00      137.00  ! unbalanced I/O
           sumvesx12      194.00      162.00  
           sumvesx13      445.00      408.00  
           sumvesx14       1.43K      497.00  ! unbalanced I/O
           sumvesx15       1.11K      812.00  
           sumvesx16       1.12K      494.00  ! unbalanced I/O
           sumvesx17      171.00      114.00  
           sumvesx18        0.00        0.00  ? Host is idle
           sumvesx19       2.35K       1.99K  
            sumvesx2       11.00        5.00  
           sumvesx20       2.39K       2.06K  
           sumvesx21      344.00      441.00  
           sumvesx22       2.45K       3.34K  
           sumvesx23       5.05K       3.89K  
           sumvesx24       1.34K       1.08K  
           sumvesx26      347.00      203.00  ! unbalanced I/O
           sumvesx27      352.00      321.00  
           sumvesx28       5.19K       5.04K  
           sumvesx29       2.16K      312.00  ! unbalanced I/O
            sumvesx3       67.00       58.00  
           sumvesx30       40.00       51.00  
           sumvesx31      651.00      164.00  ! unbalanced I/O
           sumvesx32       1.01K       1.25K  
           sumvesx33      100.00       16.00  ! unbalanced I/O
           sumvesx35        6.00        5.00  
           sumvesx36        6.00        5.00  
           sumvesx39       1.51K       8.12K  ! unbalanced I/O
            sumvesx4        0.00        0.00  ? Host is idle
           sumvesx40       5.13K      17.13K  ! unbalanced I/O
           sumvesx41      18.86K      31.77K  ! unbalanced I/O
           sumvesx42       1.37K      11.88K  ! unbalanced I/O
           sumvesx43      119.00      240.00  ! unbalanced I/O
           sumvesx44      280.00      426.00  ! unbalanced I/O
           sumvesx45      334.00      783.00  ! unbalanced I/O
           sumvesx46       1.30K       1.27K  
           sumvesx47      453.00      412.00  
           sumvesx48      38.46K      41.56K  
           sumvesx49      112.00      457.00  ! unbalanced I/O
            sumvesx5        0.00        0.00  ? Host is idle
           sumvesx50       1.40K       2.51K  ! unbalanced I/O
           sumvesx51       1.82K       1.92K  
           sumvesx52      525.00      732.00  
           sumvesx53       1.10K       1.04K  
           sumvesx54      270.00      566.00  ! unbalanced I/O
           sumvesx55      833.00       2.20K  ! unbalanced I/O
           sumvesx56      579.00       1.17K  ! unbalanced I/O
           sumvesx57       2.30K       2.30K  
           sumvesx58       2.51K       4.24K  ! unbalanced I/O
           sumvesx59      272.00      693.00  ! unbalanced I/O
            sumvesx6        0.00        0.00  ? Host is idle
           sumvesx60      134.00      265.00  ! unbalanced I/O
           sumvesx61      81.68K      86.56K  
           sumvesx62      281.00      294.00  
            sumvesx7        0.00        0.00  ? Host is idle
            sumvesx9       2.45K       2.04K  

Would you like to ignore this check?
WARNING: Unless the workload you are running is known to be imbalanced, ignoring this check could result in an outage and is NOT recommended.
Ignore anyway? (y/n): y
Overriding iobalance check based on user input
SUCCESS
Sat Jul 12 09:47:10 AM EDT 2025
     root@sum-pure-c-01-ct0:/var/home/pureeng# purenetwork lsitist
Name      Enabled  Speed       Services
CT0.FC8   True     16.00 Gb/s  scsi-fc
CT0.FC9   True     16.00 Gb/s  scsi-fc
CT1.FC8   True     16.00 Gb/s  scsi-fc
CT1.FC9   True     16.00 Gb/s  scsi-fc
ct0.eth0  True     1.00 Gb/s   management
ct0.eth1  False    1.00 Gb/s   management
ct0.eth2  False    25.00 Gb/s  replication
ct0.eth3  False    25.00 Gb/s  replication
ct0.eth4  False    25.00 Gb/s  iscsi
ct0.eth5  False    25.00 Gb/s  iscsi
ct1.eth0  True     1.00 Gb/s   management
ct1.eth1  False    1.00 Gb/s   management
ct1.eth2  False    25.00 Gb/s  replication
ct1.eth3  False    25.00 Gb/s  replication
ct1.eth4  False    25.00 Gb/s  iscsi
ct1.eth5  False    25.00 Gb/s  iscsi
replbond  False    0.00 b/s    replication
vir0      True     1.00 Gb/s   management
vir1      False    1.00 Gb/s   management
     root@sum-pure-c-01-ct0:/var/home/pureeng# purearray list --controller
Name  Type              Mode       Model     Version  Status  Internal Details
CT0   array_controller  secondary  FA-C40R3  6.5.10   ready   
CT1   array_controller  primary    FA-C40R3  6.5.10   ready   
     root@sum-pure-c-01-ct0:/var/home/pureeng# fcpureportlist=`pureport list --i nitiator | awk '/Target/,0' | cut -d. -f1 | awk '{print $1,$5}' | grep -v '-' | grep -v "Initiator" | uniq -c; echo`; fcpureportlistcount=`echo "$fcpureportlist" | awk '{total += $1} END {print total}'`; echo -e "$fcpureportlist\n\n"; echo -e "\tTotal FC connections: $fcpureportlistcount\n\n";
      1 10:00:00:90:FA:29:D7:C2 CT0
      1 10:00:00:90:FA:29:D7:C2 CT1
      1 10:00:00:90:FA:45:8A:60 CT0
      1 10:00:00:90:FA:45:8A:60 CT1
      1 10:00:00:90:FA:45:8D:1A CT0
      1 10:00:00:90:FA:45:8D:1A CT1
      1 10:00:00:90:FA:45:8F:AA CT0
      1 10:00:00:90:FA:45:8F:AA CT1
      1 10:00:00:FD:45:4E:14:A2 CT0
      1 10:00:00:FD:45:4E:14:A2 CT1
      1 10:00:00:FD:45:4E:14:A3 CT0
      1 10:00:00:FD:45:4E:14:A3 CT1
      1 10:00:00:FD:45:4E:23:56 CT0
      1 10:00:00:FD:45:4E:23:56 CT1
      1 10:00:00:FD:45:4E:23:57 CT0
      1 10:00:00:FD:45:4E:23:57 CT1
      1 10:00:00:FD:45:4E:23:BA CT0
      1 10:00:00:FD:45:4E:23:BA CT1
      1 10:00:00:FD:45:4E:23:BB CT0
      1 10:00:00:FD:45:4E:23:BB CT1
      1 10:00:00:FD:45:4E:24:3E CT0
      1 10:00:00:FD:45:4E:24:3E CT1
      1 10:00:00:FD:45:4E:24:3F CT0
      1 10:00:00:FD:45:4E:24:3F CT1
      1 10:00:00:FD:45:4E:33:82 CT0
      1 10:00:00:FD:45:4E:33:82 CT1
      1 10:00:00:FD:45:4E:33:83 CT0
      1 10:00:00:FD:45:4E:33:83 CT1
      1 10:00:00:FD:45:4E:A1:E6 CT0
      1 10:00:00:FD:45:4E:A1:E6 CT1
      1 10:00:00:FD:45:4E:A1:E7 CT0
      1 10:00:00:FD:45:4E:A1:E7 CT1
      1 10:00:00:FD:45:4E:A6:D6 CT0
      1 10:00:00:FD:45:4E:A6:D6 CT1
      1 10:00:00:FD:45:4E:A6:D7 CT0
      1 10:00:00:FD:45:4E:A6:D7 CT1
      1 10:00:00:FD:45:4E:C1:6A CT0
      1 10:00:00:FD:45:4E:C1:6A CT1
      1 10:00:00:FD:45:4E:C1:6B CT0
      1 10:00:00:FD:45:4E:C1:6B CT1
      1 10:00:00:FD:45:4E:C1:A2 CT0
      1 10:00:00:FD:45:4E:C1:A2 CT1
      1 10:00:00:FD:45:4E:C1:A3 CT0
      1 10:00:00:FD:45:4E:C1:A3 CT1
      1 10:00:14:02:EC:EC:22:2A CT0
      1 10:00:14:02:EC:EC:22:2A CT1
      1 10:00:14:02:EC:EC:22:2B CT0
      1 10:00:14:02:EC:EC:22:2B CT1
      1 10:00:14:02:EC:EC:DF:66 CT0
      1 10:00:14:02:EC:EC:DF:66 CT1
      1 10:00:14:02:EC:EC:DF:67 CT0
      1 10:00:14:02:EC:EC:DF:67 CT1
      1 10:00:14:02:EC:EC:DF:8E CT0
      1 10:00:14:02:EC:EC:DF:8E CT1
      1 10:00:14:02:EC:EC:DF:8F CT0
      1 10:00:14:02:EC:EC:DF:8F CT1
      1 10:00:28:80:23:DE:3C:76 CT0
      1 10:00:28:80:23:DE:3C:76 CT1
      1 10:00:28:80:23:DE:3C:77 CT0
      1 10:00:28:80:23:DE:3C:77 CT1
      1 10:00:5C:B9:01:77:02:BE CT0
      1 10:00:5C:B9:01:77:02:BE CT1
      1 10:00:5C:B9:01:77:02:BF CT0
      1 10:00:5C:B9:01:77:02:BF CT1
      1 10:00:5C:B9:01:77:88:7A CT0
      1 10:00:5C:B9:01:77:88:7A CT1
      1 10:00:5C:B9:01:77:88:7B CT0
      1 10:00:5C:B9:01:77:88:7B CT1
      1 10:00:5C:B9:01:77:98:BA CT0
      1 10:00:5C:B9:01:77:98:BA CT1
      1 10:00:5C:B9:01:77:98:BB CT0
      1 10:00:5C:B9:01:77:98:BB CT1
      1 10:00:5C:B9:01:77:AC:3E CT0
      1 10:00:5C:B9:01:77:AC:3E CT1
      1 10:00:5C:B9:01:77:AC:3F CT0
      1 10:00:5C:B9:01:77:AC:3F CT1
      1 10:00:70:10:6F:76:09:3A CT0
      1 10:00:70:10:6F:76:09:3A CT1
      1 10:00:70:10:6F:76:09:3B CT0
      1 10:00:70:10:6F:76:09:3B CT1
      1 10:00:70:10:6F:76:09:86 CT0
      1 10:00:70:10:6F:76:09:86 CT1
      1 10:00:70:10:6F:76:09:87 CT0
      1 10:00:70:10:6F:76:09:87 CT1
      1 10:00:70:10:6F:76:2A:BA CT0
      1 10:00:70:10:6F:76:2A:BA CT1
      1 10:00:70:10:6F:76:2A:BB CT0
      1 10:00:70:10:6F:76:2A:BB CT1
      1 10:00:70:10:6F:76:59:AA CT0
      1 10:00:70:10:6F:76:59:AA CT1
      1 10:00:70:10:6F:76:59:AB CT0
      1 10:00:70:10:6F:76:59:AB CT1
      1 10:00:70:10:6F:76:D8:2A CT0
      1 10:00:70:10:6F:76:D8:2A CT1
      1 10:00:70:10:6F:76:D8:2B CT0
      1 10:00:70:10:6F:76:D8:2B CT1
      1 10:00:70:10:6F:76:E4:A2 CT0
      1 10:00:70:10:6F:76:E4:A2 CT1
      1 10:00:70:10:6F:76:E4:A3 CT0
      1 10:00:70:10:6F:76:E4:A3 CT1
      1 10:00:98:F2:B3:A2:FC:3A CT0
      1 10:00:98:F2:B3:A2:FC:3A CT1
      1 10:00:98:F2:B3:A2:FC:3B CT0
      1 10:00:98:F2:B3:A2:FC:3B CT1
      1 10:00:98:F2:B3:A2:FC:46 CT0
      1 10:00:98:F2:B3:A2:FC:46 CT1
      1 10:00:98:F2:B3:A2:FC:47 CT0
      1 10:00:98:F2:B3:A2:FC:47 CT1
      1 10:00:98:F2:B3:A2:FC:5A CT0
      1 10:00:98:F2:B3:A2:FC:5A CT1
      1 10:00:98:F2:B3:A2:FC:5B CT0
      1 10:00:98:F2:B3:A2:FC:5B CT1
      1 10:00:98:F2:B3:A2:FC:72 CT0
      1 10:00:98:F2:B3:A2:FC:72 CT1
      1 10:00:98:F2:B3:A2:FC:73 CT0
      1 10:00:98:F2:B3:A2:FC:73 CT1
      1 10:00:98:F2:B3:A2:FC:B6 CT0
      1 10:00:98:F2:B3:A2:FC:B6 CT1
      1 10:00:98:F2:B3:A2:FC:B7 CT0
      1 10:00:98:F2:B3:A2:FC:B7 CT1
      1 10:00:98:F2:B3:A2:FC:C6 CT0
      1 10:00:98:F2:B3:A2:FC:C6 CT1
      1 10:00:98:F2:B3:A2:FC:C7 CT0
      1 10:00:98:F2:B3:A2:FC:C7 CT1
      1 10:00:98:F2:B3:A2:FC:D2 CT0
      1 10:00:98:F2:B3:A2:FC:D2 CT1
      1 10:00:98:F2:B3:A2:FC:D3 CT0
      1 10:00:98:F2:B3:A2:FC:D3 CT1
      1 10:00:98:F2:B3:A2:FC:FA CT0
      1 10:00:98:F2:B3:A2:FC:FA CT1
      1 10:00:98:F2:B3:A2:FC:FB CT0
      1 10:00:98:F2:B3:A2:FC:FB CT1
      1 10:00:D0:BF:9C:02:1E:4E CT0
      1 10:00:D0:BF:9C:02:1E:4E CT1
      1 10:00:D0:BF:9C:02:1E:4F CT0
      1 10:00:D0:BF:9C:02:1E:4F CT1
      1 51:40:2E:C0:17:2B:15:54 CT0
      1 51:40:2E:C0:17:2B:15:54 CT1
      1 51:40:2E:C0:17:2B:15:56 CT0
      1 51:40:2E:C0:17:2B:15:56 CT1
      1 51:40:2E:C0:17:2B:19:B8 CT0
      1 51:40:2E:C0:17:2B:19:B8 CT1
      1 51:40:2E:C0:17:2B:19:BA CT0
      1 51:40:2E:C0:17:2B:19:BA CT1
      1 51:40:2E:C0:17:2B:1A:18 CT0
      1 51:40:2E:C0:17:2B:1A:18 CT1
      1 51:40:2E:C0:17:2B:1A:1A CT0
      1 51:40:2E:C0:17:2B:1A:1A CT1
      1 51:40:2E:C0:17:2B:1A:CC CT0
      1 51:40:2E:C0:17:2B:1A:CC CT1
      1 51:40:2E:C0:17:2B:1A:CE CT0
      1 51:40:2E:C0:17:2B:1A:CE CT1
      1 51:40:2E:C0:17:2B:1B:6C CT0
      1 51:40:2E:C0:17:2B:1B:6C CT1
      1 51:40:2E:C0:17:2B:1B:6E CT0
      1 51:40:2E:C0:17:2B:1B:6E CT1
      1 51:40:2E:C0:17:2B:1B:94 CT0
      1 51:40:2E:C0:17:2B:1B:94 CT1
      1 51:40:2E:C0:17:2B:1B:96 CT0
      1 51:40:2E:C0:17:2B:1B:96 CT1
      1 51:40:2E:C0:17:2B:1B:98 CT0
      1 51:40:2E:C0:17:2B:1B:98 CT1
      1 51:40:2E:C0:17:2B:1B:9A CT0
      1 51:40:2E:C0:17:2B:1B:9A CT1
      1 51:40:2E:C0:17:2B:1B:A4 CT0
      1 51:40:2E:C0:17:2B:1B:A4 CT1
      1 51:40:2E:C0:17:2B:1B:A6 CT0
      1 51:40:2E:C0:17:2B:1B:A6 CT1
      1 51:40:2E:C0:17:2B:1B:F8 CT0
      1 51:40:2E:C0:17:2B:1B:F8 CT1
      1 51:40:2E:C0:17:2B:1B:FA CT0
      1 51:40:2E:C0:17:2B:1B:FA CT1
      1 51:40:2E:C0:17:2B:1C:08 CT0
      1 51:40:2E:C0:17:2B:1C:08 CT1
      1 51:40:2E:C0:17:2B:1C:0A CT0
      1 51:40:2E:C0:17:2B:1C:0A CT1
      1 51:40:2E:C0:17:2B:39:74 CT0
      1 51:40:2E:C0:17:2B:39:74 CT1
      1 51:40:2E:C0:17:2B:39:76 CT0
      1 51:40:2E:C0:17:2B:39:76 CT1
      1 51:40:2E:C0:17:2B:52:4C CT0
      1 51:40:2E:C0:17:2B:52:4C CT1
      1 51:40:2E:C0:17:2B:52:4E CT0
      1 51:40:2E:C0:17:2B:52:4E CT1
      1 51:40:2E:C0:17:2B:52:58 CT0
      1 51:40:2E:C0:17:2B:52:58 CT1
      1 51:40:2E:C0:17:2B:52:5A CT0
      1 51:40:2E:C0:17:2B:52:5A CT1
      1 51:40:2E:C0:17:2B:52:6C CT0
      1 51:40:2E:C0:17:2B:52:6C CT1
      1 51:40:2E:C0:17:2B:52:6E CT0
      1 51:40:2E:C0:17:2B:52:6E CT1
      1 51:40:2E:C0:17:2B:52:D8 CT0
      1 51:40:2E:C0:17:2B:52:D8 CT1
      1 51:40:2E:C0:17:2B:52:DA CT0
      1 51:40:2E:C0:17:2B:52:DA CT1
      1 51:40:2E:C0:17:2B:52:FC CT0
      1 51:40:2E:C0:17:2B:52:FC CT1
      1 51:40:2E:C0:17:2B:52:FE CT0
      1 51:40:2E:C0:17:2B:52:FE CT1
      1 51:40:2E:C0:17:37:52:90 CT0
      1 51:40:2E:C0:17:37:52:90 CT1
      1 51:40:2E:C0:17:37:52:92 CT0
      1 51:40:2E:C0:17:37:52:92 CT1
      1 51:40:2E:C0:17:37:53:14 CT0
      1 51:40:2E:C0:17:37:53:14 CT1
      1 51:40:2E:C0:17:37:53:16 CT0
      1 51:40:2E:C0:17:37:53:16 CT1
      1 51:40:2E:C0:17:37:57:A0 CT0
      1 51:40:2E:C0:17:37:57:A0 CT1
      1 51:40:2E:C0:17:37:57:A2 CT0
      1 51:40:2E:C0:17:37:57:A2 CT1
      1 51:40:2E:C0:17:37:59:7C CT0
      1 51:40:2E:C0:17:37:59:7C CT1
      1 51:40:2E:C0:17:37:59:7E CT0
      1 51:40:2E:C0:17:37:59:7E CT1
      1 51:40:2E:C0:17:37:59:C0 CT0
      1 51:40:2E:C0:17:37:59:C0 CT1
      1 51:40:2E:C0:17:37:59:C2 CT0
      1 51:40:2E:C0:17:37:59:C2 CT1
      1 51:40:2E:C0:17:37:59:D0 CT0
      1 51:40:2E:C0:17:37:59:D0 CT1
      1 51:40:2E:C0:17:37:59:D2 CT0
      1 51:40:2E:C0:17:37:59:D2 CT1
      1 51:40:2E:C0:17:37:59:EC CT0
      1 51:40:2E:C0:17:37:59:EC CT1
      1 51:40:2E:C0:17:37:59:EE CT0
      1 51:40:2E:C0:17:37:59:EE CT1
      1 51:40:2E:C0:17:37:63:10 CT0
      1 51:40:2E:C0:17:37:63:10 CT1
      1 51:40:2E:C0:17:37:63:12 CT0
      1 51:40:2E:C0:17:37:63:12 CT1


Total FC connections: 232


     root@sum-pure-c-01-ct0:/var/home/pureeng# list=`pureport list --initiator`; echo; for i in {0..1}; do for j in {0..9}; do cnt=`echo "$list"|grep CT$i.FC$j| wc -l`;echo CT$i.FC$j $cnt; done; echo; done

CT0.FC0 0
CT0.FC1 0
CT0.FC2 0
CT0.FC3 0
CT0.FC4 0
CT0.FC5 0
CT0.FC6 0
CT0.FC7 0
CT0.FC8 58
CT0.FC9 58

CT1.FC0 0
CT1.FC1 0
CT1.FC2 0
CT1.FC3 0
CT1.FC4 0
CT1.FC5 0
CT1.FC6 0
CT1.FC7 0
CT1.FC8 58
CT1.FC9 58

     root@sum-pure-c-01-ct0:/var/home/pureeng# purepurealert list --tag
Name         Created                  Expires
maintenance  2025-07-12 09:36:23 EDT  2025-07-12 13:36:23 EDT
     root@sum-pure-c-01-ct0:/var/home/pureeng# purehw list
Name       Status         Identify  Slot  Index  Speed       Temperature  Voltage  Details
CH0        ok             off       -     0      -           -            -        -
CH0.BAY0   ok             off       -     0      -           -            -        -
CH0.BAY1   ok             off       -     1      -           -            -        -
CH0.BAY2   ok             off       -     2      -           -            -        -
CH0.BAY3   ok             off       -     3      -           -            -        -
CH0.BAY4   ok             off       -     4      -           -            -        -
CH0.BAY5   ok             off       -     5      -           -            -        -
CH0.BAY6   ok             off       -     6      -           -            -        -
CH0.BAY7   ok             off       -     7      -           -            -        -
CH0.BAY8   ok             off       -     8      -           -            -        -
CH0.BAY9   ok             off       -     9      -           -            -        -
CH0.BAY10  not_installed  off       -     10     -           -            -        -
CH0.BAY11  not_installed  off       -     11     -           -            -        -
CH0.BAY12  not_installed  off       -     12     -           -            -        -
CH0.BAY13  not_installed  off       -     13     -           -            -        -
CH0.BAY14  not_installed  off       -     14     -           -            -        -
CH0.BAY15  not_installed  off       -     15     -           -            -        -
CH0.BAY16  not_installed  off       -     16     -           -            -        -
CH0.BAY17  not_installed  off       -     17     -           -            -        -
CH0.BAY18  not_installed  off       -     18     -           -            -        -
CH0.BAY19  not_installed  off       -     19     -           -            -        -
CH0.NVB0   ok             off       -     0      -           -            -        -
CH0.NVB1   ok             off       -     1      -           -            -        -
CH0.NVB2   not_installed  off       -     2      -           -            -        -
CH0.NVB3   not_installed  off       -     3      -           -            -        -
CH0.PWR0   ok             -         -     0      -           -            202 V    -
CH0.PWR1   ok             -         -     1      -           -            203 V    -
CH0.TMP0   ok             -         -     0      -           25 C         -        -
CT0        ok             off       -     0      -           -            -        -
CT0.ETH0   ok             -         -     0      1.00 Gb/s   -            -        -
CT0.ETH1   ok             -         -     1      0.00 b/s    -            -        -
CT0.ETH2   ok             -         -     2      0.00 b/s    -            -        -
CT0.ETH3   ok             -         -     3      0.00 b/s    -            -        -
CT0.ETH4   ok             -         -     4      0.00 b/s    -            -        -
CT0.ETH5   ok             -         -     5      0.00 b/s    -            -        -
CT0.FAN0   ok             -         -     0      -           -            -        -
CT0.FAN1   ok             -         -     1      -           -            -        -
CT0.FAN2   ok             -         -     2      -           -            -        -
CT0.FAN3   ok             -         -     3      -           -            -        -
CT0.FAN4   ok             -         -     4      -           -            -        -
CT0.FAN5   ok             -         -     5      -           -            -        -
CT0.FC8    ok             -         2     8      16.00 Gb/s  -            -        -
CT0.FC9    ok             -         2     9      16.00 Gb/s  -            -        -
CT0.TMP0   ok             -         -     0      -           37 C         -        -
CT0.TMP1   ok             -         -     1      -           39 C         -        -
CT0.TMP2   ok             -         -     2      -           33 C         -        -
CT0.TMP3   ok             -         -     3      -           37 C         -        -
CT0.TMP4   ok             -         -     4      -           41 C         -        -
CT0.TMP5   ok             -         -     5      -           38 C         -        -
CT0.TMP6   ok             -         -     6      -           43 C         -        -
CT0.TMP7   ok             -         -     7      -           34 C         -        -
CT0.TMP8   ok             -         -     8      -           34 C         -        -
CT0.TMP9   ok             -         -     9      -           35 C         -        -
CT0.TMP10  ok             -         -     10     -           34 C         -        -
CT0.TMP11  ok             -         -     11     -           34 C         -        -
CT0.TMP12  ok             -         -     12     -           34 C         -        -
CT0.TMP13  ok             -         -     13     -           38 C         -        -
CT0.TMP14  ok             -         -     14     -           38 C         -        -
CT0.TMP15  ok             -         -     15     -           38 C         -        -
CT0.TMP16  ok             -         -     16     -           35 C         -        -
CT0.TMP17  ok             -         -     17     -           35 C         -        -
CT0.TMP18  ok             -         -     18     -           36 C         -        -
CT0.TMP19  ok             -         -     19     -           37 C         -        -
CT0.TMP20  ok             -         -     20     -           33 C         -        -
CT0.TMP21  ok             -         -     21     -           39 C         -        -
CT0.TMP22  ok             -         -     22     -           38 C         -        -
CT0.TMP23  ok             -         -     23     -           40 C         -        -
CT0.TMP24  ok             -         -     24     -           41 C         -        -
CT0.TMP25  ok             -         -     25     -           41 C         -        -
CT0.TMP26  ok             -         -     26     -           35 C         -        -
CT1        ok             off       -     1      -           -            -        -
CT1.ETH0   ok             -         -     0      1.00 Gb/s   -            -        -
CT1.ETH1   ok             -         -     1      0.00 b/s    -            -        -
CT1.ETH2   ok             -         -     2      0.00 b/s    -            -        -
CT1.ETH3   ok             -         -     3      0.00 b/s    -            -        -
CT1.ETH4   ok             -         -     4      0.00 b/s    -            -        -
CT1.ETH5   ok             -         -     5      0.00 b/s    -            -        -
CT1.FAN0   ok             -         -     0      -           -            -        -
CT1.FAN1   ok             -         -     1      -           -            -        -
CT1.FAN2   ok             -         -     2      -           -            -        -
CT1.FAN3   ok             -         -     3      -           -            -        -
CT1.FAN4   ok             -         -     4      -           -            -        -
CT1.FAN5   ok             -         -     5      -           -            -        -
CT1.FC8    ok             -         2     8      16.00 Gb/s  -            -        -
CT1.FC9    ok             -         2     9      16.00 Gb/s  -            -        -
CT1.TMP0   ok             -         -     0      -           38 C         -        -
CT1.TMP1   ok             -         -     1      -           40 C         -        -
CT1.TMP2   ok             -         -     2      -           36 C         -        -
CT1.TMP3   ok             -         -     3      -           49 C         -        -
CT1.TMP4   ok             -         -     4      -           54 C         -        -
CT1.TMP5   ok             -         -     5      -           43 C         -        -
CT1      -        -
CT1.TMP12  ok             -         -     12     -           37 C         -        -
CT1.TMP13  ok             -         -     13     -           41 C         -        -
CT1.TMP14  ok             -         -     14     -           41 C         -        -
CT1.TMP15  ok             -         -     15     -           40 C         -        -
CT1.TMP16  ok             -         -     16     -           39 C         -        -
CT1.TMP17  ok             -         -     17     -           39 C         -        -
CT1.TMP18  ok             -         -     18     -           40 C         -        -
CT1.TMP19  ok             -         -     19     -           37 C         -        -
CT1.TMP20  ok             -         -     20     -           35 C         -        -
CT1.TMP21  ok             -         -     21     -           42 C         -        -
CT1.TMP22  ok             -         -     22     -           39 C         -        -
CT1.TMP23  ok             -         -     23     -           42 C         -        -
CT1.TMP24  ok             -         -     24     -           43 C         -        -
CT1.TMP25  ok             -         -     25     -           44 C         -        -
CT1.TMP26  ok             -         -     26     -           38 C         -        -
     root@sum-pure-c-01-ct0:/var/home/pureeng# puremessage list --open
     root@sum-pure-c-01-ct0:/var/home/pureeng# purearray list --controller
Name  Type              Mode       Model     Version  Status  Internal Details
CT0   array_controller  secondary  FA-C40R3  6.5.10   ready   
CT1   array_controller  primary    FA-C40R3  6.5.10   ready   
     root@sum-pure-c-01-ct0:/var/home/pureeng# =~=~=~=~=~=~=~=~=~=~=~= PuTTY log 2025.07.12 09:57:44 =~=~=~=~=~=~=~=~=~=~=~=
 GNU GRUB  version 2.06

/----------------------------------------------------------------------------\||||||||||||||||||||||||||\----------------------------------------------------------------------------/     Use the ^ and v keys to select which entry is highlighted.          
      Press enter to boot the selected OS, `e' to edit the commands       
      before booting or `c' for a command-line.                             Purity 6.5.5 (202404130351+34e2b1e66ad3) with kernel 5.15.123+ (2024031915>
*Purity 6.5.5 (202404130351+34e2b1e66ad3) with kernel 5.15.123+ (2024031915>
                                                                                                                                                                                                                                                                                                                                                                                                                                                                                                                                                                                                                                                                                                                                                                                                                                                                        The highlighted entry will be executed automatically in 3s.                    The highlighted entry will be executed automatically in 2s.                    The highlighted entry will be executed automatically in 1s.                    The highlighted entry will be executed automatically in 0s.                 
Purity

PCTFJ2521007C login: puresetup
Password: 
<fw_update_tool>
===================================================================
=                            NOTICE                               =
===================================================================
=                                                                 =
=    Firmware is currently being checked and/or updated           =
=    on this controller.                                          =
=                                                                 =
=    If updates are necessary they will be applied automatically, =
=    and one or more automatic reboots may occur as a result.     =
=    A completion notice will be provided when done.              =
=                                                                 =
=    DO NOT RESTART OR REMOVE POWER WHILE UPDATE IS IN PROGRESS   =
=                                                                 =
===================================================================
<fw_update_tool>

Sat Jul 12 07:00:04 2025
Welcome puresetup. This is Purity Version 6.5.5 on FlashArray PCTFJ2521007C
http://www.purestorage.com/
puresetup@PCTFJ2521007C:~$ mount /dev/sdb1 /mnt
The disk contains an unclean file system (0, 0).
The file system wasn't safely closed on Windows. Fixing.
puresetup@PCTFJ2521007C:~$ cp /mnt/6.5.10/* .
puresetup@PCTFJ2521007C:~$                                                                                
Broadcast message from root@PCTFJ2521007C (somewhere) (Sat Jul 12 07:01:23 2025
                                                                               
===================================================================            
=                   UPDATE AND/OR CHECK COMPLETE                  =            
=                                                                 =            
=    The firmware checks/updates on this system are now complete. =            
=    No further action is required, and the controller will       =            
=    continue running as usual                                    =            
=                                                                 =            
===================================================================            
                                                                               
                                                                               

puresetup@PCTFJ2521007C:~$ pureinstall purity_6.5.10_202503222031+c6937a2616b9.ppkg
Installing Purity on alternate partition labeled second.
Erasing Purity software image from alternate partition second to prepare for installation.
WARNING: Do not interrupt this process!!
Unpacking new Purity software.
.................................................................................................................................................................................................................................................................................................................................................................................................................................................................................................................................................................................................................................................................................................................................................................................................................................................................................................................................................................................................................................................................................................................................................................................................................................................................................................
Verifying package...

Finalizing installation. This may take several minutes.
Executing /altroot/opt/purextras/bin/finish-install.sh
Executing /altroot/opt/purextras/bin/finish-install.azure-propagate.sh
Executing /altroot/opt/purextras/bin/finish-install.cbs.sh
Executing /altroot/opt/purextras/bin/finish-install.cdu-pureinstall-lib.sh
Executing /altroot/opt/purextras/bin/finish-install.fix-dpkg.sh
Purity installed.
Installation complete. The new Purity version will load at next reboot.

Important!
The first boot of a new Purity version may take longer if the new version includes controller firmware updates.
DO NOT REBOOT THE CONTROLLER DURING THE FIRMWARE UPDATE.

Refer to http://community.purestorage.com for more information about the Purity upgrade process and firmware updates.
puresetup@PCTFJ2521007C:~$ pureboot reboot --offline
[Errno 111] Connection refused
 GNU GRUB  version 2.06

/----------------------------------------------------------------------------\||||||||||||||||||||||||||\----------------------------------------------------------------------------/     Use the ^ and v keys to select which entry is highlighted.          
      Press enter to boot the selected OS, `e' to edit the commands       
      before booting or `c' for a command-line.                             Purity 6.5.5 (202404130351+34e2b1e66ad3) with kernel 5.15.123+ (2024031915>
*Purity 6.5.10 (202503222031+c6937a2616b9) with kernel 5.15.123+ (202502120>
                                                                                                                                                                                                                                                                                                                                                                                                                                                                                                                                                                                                                                                                                                                                                                                                                                                                        The highlighted entry will be executed automatically in 3s.                    The highlighted entry will be executed automatically in 2s.                    The highlighted entry will be executed automatically in 1s.                    The highlighted entry will be executed automatically in 0s.                 
Purity

PCTFJ2521007C login: puresetup
Password: 
<fw_update_tool>
===================================================================
=                            NOTICE                               =
===================================================================
=                                                                 =
=    Firmware is currently being checked and/or updated           =
=    on this controller.                                          =
=                                                                 =
=    If updates are necessary they will be applied automatically, =
=    and one or more automatic reboots may occur as a result.     =
=    A completion notice will be provided when done.              =
=                                                                 =
=    DO NOT RESTART OR REMOVE POWER WHILE UPDATE IS IN PROGRESS   =
=                                                                 =
===================================================================
<fw_update_tool>
Last login: Sat Jul 12 07:00:03 PDT 2025 on ttyS0

Sat Jul 12 14:08:32 2025
Welcome puresetup. This is Purity Version 6.5.10 on FlashArray PCTFJ2521007C
http://www.purestorage.com/
puresetup@PCTFJ2521007C:~$ pureboot list
===================================================================
=                            NOTICE                               =
===================================================================
=                                                                 =
=    Firmware is currently being checked and/or updated           =
=    on this controller.                                          =
=                                                                 =
=    If updates are necessary they will be applied automatically, =
=    and one or more automatic reboots may occur as a result.     =
=    A completion notice will be provided when done.              =
=                                                                 =
=    DO NOT RESTART OR REMOVE POWER WHILE UPDATE IS IN PROGRESS   =
=                                                                 =
===================================================================


Marked entry (*) is currently running
Marked entry (-->) will run at next reboot
    0. Purity 6.5.5 (202404130351+34e2b1e66ad3) with kernel 5.15.123+ (202403191505+d9f0e688c788) on first (/dev/sda3)
*-->1. Purity 6.5.10 (202503222031+c6937a2616b9) with kernel 5.15.123+ (202502120717+4e5bb8230c85) on second (/dev/sda4)
puresetup@PCTFJ2521007C:~$ pureboot list
===================================================================
=                            NOTICE                               =
===================================================================
=                                                                 =
=    Firmware is currently being checked and/or updated           =
=    on this controller.                                          =
=                                                                 =
=    If updates are necessary they will be applied automatically, =
=    and one or more automatic reboots may occur as a result.     =
=    A completion notice will be provided when done.              =
=                                                                 =
=    DO NOT RESTART OR REMOVE POWER WHILE UPDATE IS IN PROGRESS   =
=                                                                 =
===================================================================


Marked entry (*) is currently running
Marked entry (-->) will run at next reboot
    0. Purity 6.5.5 (202404130351+34e2b1e66ad3) with kernel 5.15.123+ (202403191505+d9f0e688c788) on first (/dev/sda3)
*-->1. Purity 6.5.10 (202503222031+c6937a2616b9) with kernel 5.15.123+ (202502120717+4e5bb8230c85) on second (/dev/sda4)
puresetup@PCTFJ2521007C:~$ 
puresetup@PCTFJ2521007C:~$ 
puresetup@PCTFJ2521007C:~$ 
puresetup@PCTFJ2521007C:~$  GNU GRUB  version 2.06

/----------------------------------------------------------------------------\||||||||||||||||||||||||||\----------------------------------------------------------------------------/     Use the ^ and v keys to select which entry is highlighted.          
      Press enter to boot the selected OS, `e' to edit the commands       
      before booting or `c' for a command-line.                             Purity 6.5.5 (202404130351+34e2b1e66ad3) with kernel 5.15.123+ (2024031915>
*Purity 6.5.10 (202503222031+c6937a2616b9) with kernel 5.15.123+ (202502120>
                                                                                                                                                                                                                                                                                                                                                                                                                                                                                                                                                                                                                                                                                                                                                                                                                                                                        The highlighted entry will be executed automatically in 3s.                    The highlighted entry will be executed automatically in 2s.                    The highlighted entry will be executed automatically in 1s.                    The highlighted entry will be executed automatically in 0s.                 
Purity

PCTFJ2521007C login: puresetup
Password: 
<fw_update_tool>
===================================================================
=                            NOTICE                               =
===================================================================
=                                                                 =
=    Firmware is currently being checked and/or updated           =
=    on this controller.                                          =
=                                                                 =
=    If updates are necessary they will be applied automatically, =
=    and one or more automatic reboots may occur as a result.     =
=    A completion notice will be provided when done.              =
=                                                                 =
=    DO NOT RESTART OR REMOVE POWER WHILE UPDATE IS IN PROGRESS   =
=                                                                 =
===================================================================
<fw_update_tool>
Last login: Sat Jul 12 07:08:32 PDT 2025 on ttyS0

Sat Jul 12 14:26:41 2025
Welcome puresetup. This is Purity Version 6.5.10 on FlashArray PCTFJ2521007C
http://www.purestorage.com/
puresetup@PCTFJ2521007C:~$ pureboot list
===================================================================
=                            NOTICE                               =
===================================================================
=                                                                 =
=    Firmware is currently being checked and/or updated           =
=    on this controller.                                          =
=                                                                 =
=    If updates are necessary they will be applied automatically, =
=    and one or more automatic reboots may occur as a result.     =
=    A completion notice will be provided when done.              =
=                                                                 =
=    DO NOT RESTART OR REMOVE POWER WHILE UPDATE IS IN PROGRESS   =
=                                                                 =
===================================================================


Marked entry (*) is currently running
Marked entry (-->) will run at next reboot
    0. Purity 6.5.5 (202404130351+34e2b1e66ad3) with kernel 5.15.123+ (202403191505+d9f0e688c788) on first (/dev/sda3)
*-->1. Purity 6.5.10 (202503222031+c6937a2616b9) with kernel 5.15.123+ (202502120717+4e5bb8230c85) on second (/dev/sda4)
puresetup@PCTFJ2521007C:~$ pureboot list
===================================================================
=                            NOTICE                               =
===================================================================
=                                                                 =
=    Firmware is currently being checked and/or updated           =
=    on this controller.                                          =
=                                                                 =
=    If updates are necessary they will be applied automatically, =
=    and one or more automatic reboots may occur as a result.     =
=    A completion notice will be provided when done.              =
=                                                                 =
=    DO NOT RESTART OR REMOVE POWER WHILE UPDATE IS IN PROGRESS   =
=                                                                 =
===================================================================


Marked entry (*) is currently running
Marked entry (-->) will run at next reboot
    0. Purity 6.5.5 (202404130351+34e2b1e66ad3) with kernel 5.15.123+ (202403191505+d9f0e688c788) on first (/dev/sda3)
*-->1. Purity 6.5.10 (202503222031+c6937a2616b9) with kernel 5.15.123+ (202502120717+4e5bb8230c85) on second (/dev/sda4)
puresetup@PCTFJ2521007C:~$  GNU GRUB  version 2.06

/----------------------------------------------------------------------------\||||||||||||||||||||||||||\----------------------------------------------------------------------------/     Use the ^ and v keys to select which entry is highlighted.          
      Press enter to boot the selected OS, `e' to edit the commands       
      before booting or `c' for a command-line.                             Purity 6.5.5 (202404130351+34e2b1e66ad3) with kernel 5.15.123+ (2024031915>
*Purity 6.5.10 (202503222031+c6937a2616b9) with kernel 5.15.123+ (202502120>
                                                                                                                                                                                                                                                                                                                                                                                                                                                                                                                                                                                                                                                                                                                                                                                                                                                                        The highlighted entry will be executed automatically in 3s.                    The highlighted entry will be executed automatically in 2s.                    The highlighted entry will be executed automatically in 1s.                    The highlighted entry will be executed automatically in 0s.                 
Purity

PCTFJ2521007C login: puresetup
Password: 

Login incorrect
PCTFJ2521007C login: puresetup
Password: 
<fw_update_tool>
===================================================================
=                            NOTICE                               =
===================================================================
=                                                                 =
=    Firmware is currently being checked and/or updated           =
=    on this controller.                                          =
=                                                                 =
=    If updates are necessary they will be applied automatically, =
=    and one or more automatic reboots may occur as a result.     =
=    A completion notice will be provided when done.              =
=                                                                 =
=    DO NOT RESTART OR REMOVE POWER WHILE UPDATE IS IN PROGRESS   =
=                                                                 =
===================================================================
<fw_update_tool>
Last login: Sat Jul 12 07:26:41 PDT 2025 on ttyS0

Sat Jul 12 14:35:53 2025
Welcome puresetup. This is Purity Version 6.5.10 on FlashArray PCTFJ2521007C
http://www.purestorage.com/
puresetup@PCTFJ2521007C:~$                                                                                
Broadcast message from root@PCTFJ2521007C (somewhere) (Sat Jul 12 07:36:19 2025
                                                                               
===================================================================            
=                   UPDATE AND/OR CHECK COMPLETE                  =            
=                                                                 =            
=    The firmware checks/updates on this system are now complete. =            
=    No further action is required, and the controller will       =            
=    continue running as usual                                    =            
=                                                                 =            
===================================================================            
                                                                               
                                                                               

puresetup@PCTFJ2521007C:~$ puresetup replace --from-controller FA-C40R3
##########################################
#   Welcome to the Purity Setup Wizard   #
##########################################
Controller hardware model is compatible with the controller purity version
[Errno 111] Connection refused
Local controller model is FA-C50R4.
Drive detected storage type is C.
FA-C40R3 found to be replaced by FA-C50R4 has storage type C.
Controller type supports multiple storage types, detecting type of storage installed...
Detected storage type C
Pre-existing storage type C was found on the device
Successfully configured storage type C for array controller
Check Cobalt NDU controllers.. OK
Check RDL..................... OK
Check shelf cabling........... OK
Check controller link......... OK
Check power supply............ OK
Check PCIE AER errors......... OK
Check io card pci id's........ OK
Check LOM MAC addresses....... OK
Getting local controller type. Local controller type is cobalt_a.
Getting local controller variant. Not a generic controller, Exiting.
Checking peer controller for tunables

Apply PURESETUP_COMPLETED = 1 #
 (y/n):y
Apply PURESETUP_COMPLETED = 1 #
 (y/n): y
Tunable parameter set: PURESETUP_COMPLETED=1

Apply PS_DISABLE_ERADICATION = 1 # CS0187183
 (y/n):y
Apply PS_DISABLE_ERADICATION = 1 # CS0187183
 (y/n): y
Tunable parameter set: PS_DISABLE_ERADICATION=1

Apply PS_LOCK_PGROUP_SNAPSHOT_RETENTION = 1 # CS0187183
 (y/n):y
Apply PS_LOCK_PGROUP_SNAPSHOT_RETENTION = 1 # CS0187183
 (y/n): y
Tunable parameter set: PS_LOCK_PGROUP_SNAPSHOT_RETENTION=1

Apply ATOM_5208 = 1 #
 (y/n):y
Apply ATOM_5208 = 1 #
 (y/n): y
Tunable parameter set: ATOM_5208=1

Apply ATOM_5177 = DEF # CLOUD-113977
 (y/n):y
Apply ATOM_5177 = DEF # CLOUD-113977
 (y/n): y
Tunable parameter set: ATOM_5177=DEF

Apply ATOM_SECURITY_BUNDLE_FA_2024_01_15 = PCTFJ215000EB,PCTFJ21510046,6.1.13 #
 (y/n):y
Apply ATOM_SECURITY_BUNDLE_FA_2024_01_15 = PCTFJ215000EB,PCTFJ21510046,6.1.13 #
 (y/n): y
Tunable parameter set: ATOM_SECURITY_BUNDLE_FA_2024_01_15=PCTFJ215000EB,PCTFJ21510046,6.1.13

Apply PS_FILEGW_SMB_HIDE_DOT_SNAPSHOT = 0 # Set during upgrade to 6.3.20 - CLOUD
 (y/n):y
Apply PS_FILEGW_SMB_HIDE_DOT_SNAPSHOT = 0 # Set during upgrade to 6.3.20 - CLOUD
 (y/n): y
Tunable parameter set: PS_FILEGW_SMB_HIDE_DOT_SNAPSHOT=0

Apply PS_AU_POSTFILL_TIMEOUT_SEC = 3600 # PURE-243573
 (y/n):y
Apply PS_AU_POSTFILL_TIMEOUT_SEC = 3600 # PURE-243573
 (y/n): y
Tunable parameter set: PS_AU_POSTFILL_TIMEOUT_SEC=3600
Stopping purity to ensure tunables are properly loaded.
Press ENTER to reboot

Please run puresetup again after reboot.
[Errno 111] Connection refused
 GNU GRUB  version 2.06

/----------------------------------------------------------------------------\||||||||||||||||||||||||||\----------------------------------------------------------------------------/     Use the ^ and v keys to select which entry is highlighted.          
      Press enter to boot the selected OS, `e' to edit the commands       
      before booting or `c' for a command-line.                             Purity 6.5.5 (202404130351+34e2b1e66ad3) with kernel 5.15.123+ (2024031915>
*Purity 6.5.10 (202503222031+c6937a2616b9) with kernel 5.15.123+ (202502120>
                                                                                                                                                                                                                                                                                                                                                                                                                                                                                                                                                                                                                                                                                                                                                                                                                                                                        The highlighted entry will be executed automatically in 3s.                    The highlighted entry will be executed automatically in 2s.                    The highlighted entry will be executed automatically in 1s.                    The highlighted entry will be executed automatically in 0s.                 
Purity

PCTFJ2521007C login: puresetup
Password: 
Last login: Sat Jul 12 07:35:52 PDT 2025 on ttyS0

Sat Jul 12 14:43:40 2025
Welcome puresetup. This is Purity Version 6.5.10 on FlashArray PCTFJ2521007C
http://www.purestorage.com/
puresetup@PCTFJ2521007C:~$ puresetup replace --from-controller FA-C40R3
##########################################
#   Welcome to the Purity Setup Wizard   #
##########################################
Controller hardware model is compatible with the controller purity version
[Errno 111] Connection refused
Local controller model is FA-C50R4.
Drive detected storage type is C.
FA-C40R3 found to be replaced by FA-C50R4 has storage type C.
Controller type supports multiple storage types, detecting type of storage installed...
Detected storage type C
Pre-existing storage type C was found on the device
Successfully configured storage type C for array controller
Check Cobalt NDU controllers.. OK
Check RDL..................... OK
Check shelf cabling........... OK
Check controller link......... OK
Check power supply............ OK
Check PCIE AER errors......... OK
Check io card pci id's........ OK
Check LOM MAC addresses....... OK
Getting local controller type. Local controller type is cobalt_a.
Getting local controller variant. Not a generic controller, Exiting.
Checking peer controller for tunables
purity.service stablized: done
purity start/running
platform: ..done
foed: .done
gui: ....done
rest: done
platform_env: 0.done
quorum: ......done
foed_env: 1.1.1.1.1.1.1.1.1.1.1.1.1.1.1.1.1.1.1.1.1.1.1.1.1.1.1.1.1.1.1.1.1.1.1.1.1.1.1.1.1.1.1.1.1.1.1.1.1.1.1.1.1.1.1.1.1.1.1.1.1.1.1.1.1.1.0.done
foed_ready: done
remote_patch: done
driver: done
san: Skip waiting for san during HW NDU
[FA-C40R3.CT0.ETH1] does not need to be migrated since it has no configuration and is not a subinterface.
[FA-C40R3.CT0.ETH2] does not need to be migrated since it has no configuration and is not a subinterface.
[FA-C40R3.CT0.ETH3] does not need to be migrated since it has no configuration and is not a subinterface.
[FA-C40R3.CT0.ETH4] does not need to be migrated since it has no configuration and is not a subinterface.
[FA-C40R3.CT0.ETH5] does not need to be migrated since it has no configuration and is not a subinterface.
Please move ports as shown below:
[FA-C40R3.CT0.ETH0] ====>> [FA-C50R4.CT0.ETH4](Slot: LOM)
[FA-C40R3.CT0.FC8] ====>> [FA-C50R4.CT0.FC12](Slot:3)
[FA-C40R3.CT0.FC9] ====>> [FA-C50R4.CT0.FC13](Slot:3)

After the cables have been moved, type "CONTINUE": continue
Configuring network ports...
Perform ping test on port ETH4 ....... OK
Checking SAN connectivity.
SAN is ready.
                                                                               
Broadcast message from root@sum-pure-c-01-ct0 (somewhere) (Sat Jul 12 07:46:06 
                                                                               
                                                                               
Purity//FA Information System Status                                           
====================================                                           
Purity//FA has successfully started for                                        
the first time after an install                                                
or upgrade. Purity//FA 6.5.10 (202503222031+c6937a2616b9-65x)                  
is now set to be the default.                                                  
                                                                               
                                                                               
Broadcast message from root@sum-pure-c-01-ct0 (somewhere) (Sat Jul 12 07:46:06 
                                                                               
                                                                               
Purity//FA Information System Status                                           
====================================                                           
Purity//FA has successfully started for                                        
the first time after an install                                                
or upgrade. Purity//FA 6.5.10 (202503222031+c6937a2616b9-65x)                  
is now set to be the default.                                                  
                                                                               
Waiting for Software Check:.Checking iobalance before proceeding, sampling for 30 seconds, retrying 1 times, adding 30 seconds with each retry
Try 1/2: Sampling I/O for 30 seconds
^C
Exit without saving changes.
CONFIG_TASK_COMPLETED:CONFIG_TASK_PURESETUP_EXITED
puresetup@PCTFJ2521007C:~$ puresetup timezone
##########################################
#   Welcome to the Purity Setup Wizard   #
##########################################
Name       Created                  Expires
puresetup  2025-07-12 07:46:39 PDT  2025-07-12 08:46:39 PDT
Changing the time zone will require a reboot on this controller.
Current time zone: America/Los_Angeles
Change time zone [requires reboot] (y/n):yChange time zone [requires reboot] (y/n): y
Configuring tzdata
------------------

Please select the geographic area in which you live. Subsequent configuration 
questions will narrow this down by presenting a list of cities, representing the
time zones in which they are located.

  1. Africa      4. Australia     7. Atlantic Ocean  10. Pacific Ocean
  2. America     5. Arctic Ocean  8. Europe          11. US
  3. Antarctica  6. Asia          9. Indian Ocean    12. None of the above

Geographic area: 11


Please select the city or region corresponding to your time zone.

  1. Alaska    4. Central  7. Starke County (Indiana)  10. Pacific Ocean
  2. Aleutian  5. Eastern  8. Michigan                 11. Samoa
  3. Arizona   6. Hawaii   9. Mountain

Time zone: 5



Current default time zone: 'US/Eastern'
Local time is now:      Sat Jul 12 10:46:44 EDT 2025.
Universal Time is now:  Sat Jul 12 14:46:44 UTC 2025.

'/cache/timezone/localtime' -> '/usr/share/zoneinfo/US/Eastern'
Confirm time zone change from America/Los_Angeles to US/Eastern
(y/N):y(y/N): y
Press ENTER to reboot

This controller will be online after reboot.
CONFIG_TASK_COMPLETED:CONFIG_TASK_PURESETUP_EXITED
puresetup@PCTFJ2521007C:~$  GNU GRUB  version 2.06

/----------------------------------------------------------------------------\||||||||||||||||||||||||||\----------------------------------------------------------------------------/     Use the ^ and v keys to select which entry is highlighted.          
      Press enter to boot the selected OS, `e' to edit the commands       
      before booting or `c' for a command-line.                            *Purity 6.5.10 (202503222031+c6937a2616b9) with kernel 5.15.123+ (202502120>
 Purity 6.5.5 (202404130351+34e2b1e66ad3) with kernel 5.15.123+ (2024031915>
                                                                                                                                                                                                                                                                                                                                                                                                                                                                                                                                                                                                                                                                                                                                                                                                                                                                        The highlighted entry will be executed automatically in 3s.                    The highlighted entry will be executed automatically in 2s.                    The highlighted entry will be executed automatically in 1s.                    The highlighted entry will be executed automatically in 0s.                 
sum-pure-c-01-ct0 login: puresetup     eng
1) Authenticate via CloudAssist
2) Authenticate via command line
3) Restore challenge
Type the number corresponding to the authentication method you want to use.

Selection: 1

An email for identity verification will be sent once email is entered.
Please follow the authentication instructions provided there and return to this screen when finished or if email has not been received.


Enter an email address: fharris@purestorage.com
Successfully authenticated

Sat Jul 12 10:51:44 2025
Welcome pureeng. This is Purity Version 6.5.10 on FlashArray sum-pure-c-01
http://www.purestorage.com/
pureeng@sum-pure-c-01-ct0:~$ purearray list --controller
Name  Type              Mode       Model     Version  Status  Internal Details
CT0   array_controller  secondary  FA-C50R4  6.5.10   ready   
CT1   array_controller  primary    FA-C40R3  6.5.10   ready   
pureeng@sum-pure-c-01-ct0:~$ puredrive list
Name       Type   Status   Capacity  Details
CH0.BAY0   SSD    healthy  24.70T    -
CH0.BAY1   SSD    healthy  24.70T    -
CH0.BAY2   SSD    healthy  24.70T    -
CH0.BAY3   SSD    healthy  24.70T    -
CH0.BAY4   SSD    healthy  24.70T    -
CH0.BAY5   SSD    healthy  24.70T    -
CH0.BAY6   SSD    healthy  24.70T    -
CH0.BAY7   SSD    healthy  24.70T    -
CH0.BAY8   SSD    healthy  24.70T    -
CH0.BAY9   SSD    healthy  24.70T    -
CH0.BAY10  -      unused   0.00      -
CH0.BAY11  -      unused   0.00      -
CH0.BAY12  -      unused   0.00      -
CH0.BAY13  -      unused   0.00      -
CH0.BAY14  -      unused   0.00      -
CH0.BAY15  -      unused   0.00      -
CH0.BAY16  -      unused   0.00      -
CH0.BAY17  -      unused   0.00      -
CH0.BAY18  -      unused   0.00      -
CH0.BAY19  -      unused   0.00      -
CH0.NVB0   NVRAM  healthy  7.52G     -
CH0.NVB1   NVRAM  healthy  7.52G     -
CH0.NVB2   NVRAM  unused   0.00      -
CH0.NVB3   NVRAM  unused   0.00      -
pureeng@sum-pure-c-01-ct0:~$ puremessage lis t0t --open
pureeng@sum-pure-c-01-ct0:~$ purehw list
Name       Status         Identify  Slot  Index  Speed       Temperature  Voltage  Details
CH0        ok             off       -     0      -           -            -        -
CH0.BAY0   ok             off       -     0      -           -            -        -
CH0.BAY1   ok             off       -     1      -           -            -        -
CH0.BAY2   ok             off       -     2      -           -            -        -
CH0.BAY3   ok             off       -     3      -           -            -        -
CH0.BAY4   ok             off       -     4      -           -            -        -
CH0.BAY5   ok             off       -     5      -           -            -        -
CH0.BAY6   ok             off       -     6      -           -            -        -
CH0.BAY7   ok             off       -     7      -           -            -        -
CH0.BAY8   ok             off       -     8      -           -            -        -
CH0.BAY9   ok             off       -     9      -           -            -        -
CH0.BAY10  not_installed  off       -     10     -           -            -        -
CH0.BAY11  not_installed  off       -     11     -           -            -        -
CH0.BAY12  not_installed  off       -     12     -           -            -        -
CH0.BAY13  not_installed  off       -     13     -           -            -        -
CH0.BAY14  not_installed  off       -     14     -           -            -        -
CH0.BAY15  not_installed  off       -     15     -           -            -        -
CH0.BAY16  not_installed  off       -     16     -           -            -        -
CH0.BAY17  not_installed  off       -     17     -           -            -        -
CH0.BAY18  not_installed  off       -     18     -           -            -        -
CH0.BAY19  not_installed  off       -     19     -           -            -        -
CH0.NVB0   ok             off       -     0      -           -            -        -
CH0.NVB1   ok             off       -     1      -           -            -        -
CH0.NVB2   not_installed  off       -     2      -           -            -        -
CH0.NVB3   not_installed  off       -     3      -           -            -        -
CH0.PWR0   ok             -         -     0      -           -            202 V    -
CH0.PWR1   ok             -         -     1      -           -            203 V    -
CH0.TMP0   ok             -         -     0      -           25 C         -        -
CT0        ok             off       -     0      -           -            -        -
CT0.ETH0   ok             -         -     0      0.00 b/s    -            -        -
CT0.ETH1   ok             -         -     1      0.00 b/s    -            -        -
CT0.ETH2   ok             -         -     2      0.00 b/s    -            -        -
CT0.ETH3   ok             -         -     3      0.00 b/s    -            -        -
CT0.ETH4   ok             -         -     4      1.00 Gb/s   -            -        -
CT0.ETH5   ok             -         -     5      0.00 b/s    -            -        -
CT0.ETH10  ok             -         1     10     0.00 b/s    -            -        -
CT0.ETH11  ok             -         1     11     0.00 b/s    -            -        -
CT0.FAN0   ok             -         -     0      -           -            -        -
CT0.FAN1   ok             -         -     1      -           -            -        -
CT0.FAN2   ok             -         -     2      -           -            -        -
CT0.FAN3   ok             -         -     3      -           -            -        -
CT0.FAN4   ok             -         -     4      -           -            -        -
CT0.FAN5   ok             -         -     5      -           -            -        -
CT0.FC12   ok             -         3     12     16.00 Gb/s  -            -        -
CT0.FC13   ok             -         3     13     16.00 Gb/s  -            -        -
CT0.FC14   ok             -         3     14     0.00 b/s    -            -        -
CT0.FC15   ok             -         3     15     0.00 b/s    -            -        -
CT0.TMP0   ok             -         -     0      -           39 C         -        -
CT0.TMP1   ok             -         -     1      -           40 C         -        -
CT0.TMP2   ok             -         -     2      -           47 C         -        -
CT0.TMP3   ok             -         -     3      -           48 C         -        -
CT0.TMP4   ok             -         -     4      -           40 C         -        -
CT0.TMP5   ok             -         -     5      -           41 C         -        -
CT0.TMP6   ok             -         -     6      -           29 C         -        -
CT0.TMP7   ok             -         -     7      -           29 C         -        -
CT0.TMP8   ok             -         -     8      -           50 C         -        -
CT0.TMP9   ok             -         -     9      -           34 C         -        -
CT0.TMP11  ok             -         -     11     -           34 C         -        -
CT0.TMP12  ok             -         -     12     -           33 C         -        -
CT0.TMP13  ok             -         -     13     -           35 C         -        -
CT0.TMP14  ok             -         -     14     -           34 C         -        -
CT0.TMP15  ok             -         -     15     -           34 C         -        -
CT0.TMP17  ok             -         -     17     -           35 C         -        -
CT0.TMP19  ok             -         -     19     -           34 C         -        -
CT0.TMP20  ok             -         -     20     -           34 C         -        -
CT0.TMP21  ok             -         -     21     -           38 C         -        -
CT0.TMP22  ok             -         -     22     -           37 C         -        -
CT0.TMP23  ok             -         -     23     -           36 C         -        -
CT1        ok             off       -     1      -           -            -        -
CT1.ETH0   ok             -         -     0      1.00 Gb/s   -            -        -
CT1.ETH1   ok             -         -     1      0.00 b/s    -            -        -
CT1.ETH2   ok             -         -     2      0.00 b/s    -            -        -
CT1.ETH3   ok             -         -     3      0.00 b/s    -            -        -
CT1.ETH4   ok             -         -     4      0.00 b/s    -            -        -
CT1.ETH5   ok             -         -     5      0.00 b/s    -            -        -
CT1.FAN0   ok             -         -     0      -           -            -        -
CT1.FAN1   ok             -         -     1      -           -            -        -
CT1.FAN2   ok             -         -     2      -           -            -        -
CT1.FAN3   ok             -         -     3      -           -            -        -
CT1.FAN4   ok             -         -     4      -           -            -        -
CT1.FAN5   ok             -         -     5      -           -            -        -
CT1.FC8    ok             -         2     8      16.00 Gb/s  -            -        -
CT1.FC9    ok             -         2     9      16.00 Gb/s  -            -        -
CT1.TMP0   ok             -         -     0      -           39 C         -        -
CT1.TMP1   ok             -         -     1      -           41 C         -        -
CT1.TMP2   ok             -         -     2      -           36 C         -        -
CT1.TMP3   ok             -         -     3      -           46 C         -        -
CT1.TMP4   ok             -         -     4      -           48 C         -        -
CT1.TMP5   ok             -         -     5      -           45 C         -        -
CT1.TMP6   ok             -         -     6      -           45 C         -        -
CT1.TMP7   ok             -         -     7      -           36 C         -        -
CT1.TMP8   ok             -         -     8      -           37 C         -        -
CT1.TMP9   ok             -         -     9      -           38 C         -        -
CT1.TMP10  ok             -         -     10     -           37 C         -        -
CT1.TMP11  ok             -         -     11     -           36 C         -        -
CT1.TMP12  ok             -         -     12     -           36 C         -        -
CT1.TMP13  ok             -         -     13     -           40 C         -        -
CT1.TMP14  ok             -         -     14     -           40 C         -        -
CT1.TMP15  ok             -         -     15     -           40 C         -        -
CT1.TMP16  ok             -         -     16     -           38 C         -        -
CT1.TMP17  ok             -         -     17     -           38 C         -        -
CT1.TMP18  ok             -         -     18     -           38 C         -        -
CT1.TMP19  ok             -         -     19     -           38 C         -        -
CT1.TMP20  ok             -         -     20     -           34 C         -        -
CT1.TMP21  ok             -         -     21     -           42 C         -        -
CT1.TMP22  ok             -         -     22     -           39 C         -        -
CT1.TMP23  ok             -         -     23     -           42 C         -        -
CT1.TMP24  ok             -         -     24     -           43 C         -        -
CT1.TMP25  ok             -         -     25     -           43 C         -        -
CT1.TMP26  ok             -         -     26     -           38 C         -        -
pureeng@sum-pure-c-01-ct0:~$ iobalance --sampeletime 10
sampling host I/O for 10 seconds...
                Host  CT0 I/O Count  CT1 I/O Count  
     VNIM-MARK-ESXi1      10.16K      27.52K  ! unbalanced I/O
     VNIM-MARK-ESXi2       84.00      279.00  ! unbalanced I/O
           sumvesx10       10.00       72.00  ! unbalanced I/O
           sumvesx11        1.00        0.00  ! no I/O to CT1
           sumvesx12       26.00        0.00  ! no I/O to CT1
           sumvesx13        0.00       53.00  ! no I/O to CT0
           sumvesx14       44.00        5.00  ! unbalanced I/O
           sumvesx15       13.00       50.00  ! unbalanced I/O
           sumvesx16        0.00      194.00  ! no I/O to CT0
           sumvesx17        0.00        0.00  ? Host is idle
           sumvesx18        0.00        0.00  ? Host is idle
           sumvesx19      126.00      139.00  
            sumvesx2        1.00        1.00  
           sumvesx20        0.00      621.00  ! no I/O to CT0
           sumvesx21        0.00       23.00  ! no I/O to CT0
           sumvesx22       14.00       20.00  
           sumvesx23        0.00       59.00  ! no I/O to CT0
           sumvesx24        0.00      100.00  ! no I/O to CT0
           sumvesx26       11.00        4.00  
           sumvesx27        7.00       29.00  ! unbalanced I/O
           sumvesx28       11.00       14.00  
           sumvesx29        0.00      166.00  ! no I/O to CT0
            sumvesx3        5.00        4.00  
           sumvesx30        0.00        4.00  ! no I/O to CT0
           sumvesx31       31.00        0.00  ! no I/O to CT1
           sumvesx32        0.00       84.00  ! no I/O to CT0
           sumvesx33        0.00        0.00  ? Host is idle
           sumvesx35        0.00        0.00  ? Host is idle
           sumvesx36        0.00        0.00  ? Host is idle
           sumvesx39        0.00      602.00  ! no I/O to CT0
            sumvesx4        0.00        0.00  ? Host is idle
           sumvesx40      300.00       1.14K  ! unbalanced I/O
           sumvesx41      129.00      229.00  ! unbalanced I/O
           sumvesx42        0.00      471.00  ! no I/O to CT0
           sumvesx43        0.00       14.00  ! no I/O to CT0
           sumvesx44       37.00       16.00  ! unbalanced I/O
           sumvesx45       36.00      124.00  ! unbalanced I/O
           sumvesx46       69.00       90.00  
           sumvesx47       17.00       47.00  ! unbalanced I/O
           sumvesx48       61.00      234.00  ! unbalanced I/O
           sumvesx49      234.00      679.00  ! unbalanced I/O
            sumvesx5        0.00        0.00  ? Host is idle
           sumvesx50       57.00      169.00  ! unbalanced I/O
           sumvesx51        0.00      173.00  ! no I/O to CT0
           sumvesx52        0.00      114.00  ! no I/O to CT0
           sumvesx53       33.00      173.00  ! unbalanced I/O
           sumvesx54       50.00       58.00  
           sumvesx55       19.00       23.00  
           sumvesx56        8.00      270.00  ! unbalanced I/O
           sumvesx57       17.00       65.00  ! unbalanced I/O
           sumvesx58       33.00      264.00  ! unbalanced I/O
           sumvesx59       12.00       37.00  ! unbalanced I/O
            sumvesx6        0.00        0.00  ? Host is idle
           sumvesx60       11.00       21.00  
           sumvesx61       31.00      237.00  ! unbalanced I/O
           sumvesx62        7.00       49.00  ! unbalanced I/O
            sumvesx7        0.00        0.00  ? Host is idle
            sumvesx9       42.00       98.00  ! unbalanced I/O
pureeng@sum-pure-c-01-ct0:~$ fcpureportlist=`pureport list --initiator | awk '/Target/,0' | cut -d. -f1 | awk '{print $1,$5}' | grep -v '-' | grep -v "Initiator" | uniq -c; echo`; fcpureportlistcount=`echo "$fcpureportlist" | awk '{total += $1} END {print total}'`; echo -e "$fcpureportlist\n\n"; echo -e "\tTotal FC connections: $fcpureportlistcount\n\n";
      1 10:00:00:90:FA:29:D7:C2 CT0
      1 10:00:00:90:FA:29:D7:C2 CT1
      1 10:00:00:90:FA:45:8A:60 CT0
      1 10:00:00:90:FA:45:8A:60 CT1
      1 10:00:00:90:FA:45:8D:1A CT0
      1 10:00:00:90:FA:45:8D:1A CT1
      1 10:00:00:90:FA:45:8F:AA CT0
      1 10:00:00:90:FA:45:8F:AA CT1
      1 10:00:00:FD:45:4E:14:A2 CT0
      1 10:00:00:FD:45:4E:14:A2 CT1
      1 10:00:00:FD:45:4E:14:A3 CT0
      1 10:00:00:FD:45:4E:14:A3 CT1
      1 10:00:00:FD:45:4E:23:56 CT0
      1 10:00:00:FD:45:4E:23:56 CT1
      1 10:00:00:FD:45:4E:23:57 CT0
      1 10:00:00:FD:45:4E:23:57 CT1
      1 10:00:00:FD:45:4E:23:BA CT0
      1 10:00:00:FD:45:4E:23:BA CT1
      1 10:00:00:FD:45:4E:23:BB CT0
      1 10:00:00:FD:45:4E:23:BB CT1
      1 10:00:00:FD:45:4E:24:3E CT0
      1 10:00:00:FD:45:4E:24:3E CT1
      1 10:00:00:FD:45:4E:24:3F CT0
      1 10:00:00:FD:45:4E:24:3F CT1
      1 10:00:00:FD:45:4E:33:82 CT0
      1 10:00:00:FD:45:4E:33:82 CT1
      1 10:00:00:FD:45:4E:33:83 CT0
      1 10:00:00:FD:45:4E:33:83 CT1
      1 10:00:00:FD:45:4E:A1:E6 CT0
      1 10:00:00:FD:45:4E:A1:E6 CT1
      1 10:00:00:FD:45:4E:A1:E7 CT0
      1 10:00:00:FD:45:4E:A1:E7 CT1
      1 10:00:00:FD:45:4E:A6:D6 CT0
      1 10:00:00:FD:45:4E:A6:D6 CT1
      1 10:00:00:FD:45:4E:A6:D7 CT0
      1 10:00:00:FD:45:4E:A6:D7 CT1
      1 10:00:00:FD:45:4E:C1:6A CT0
      1 10:00:00:FD:45:4E:C1:6A CT1
      1 10:00:00:FD:45:4E:C1:6B CT0
      1 10:00:00:FD:45:4E:C1:6B CT1
      1 10:00:00:FD:45:4E:C1:A2 CT0
      1 10:00:00:FD:45:4E:C1:A2 CT1
      1 10:00:00:FD:45:4E:C1:A3 CT0
      1 10:00:00:FD:45:4E:C1:A3 CT1
      1 10:00:14:02:EC:EC:22:2A CT0
      1 10:00:14:02:EC:EC:22:2A CT1
      1 10:00:14:02:EC:EC:22:2B CT0
      1 10:00:14:02:EC:EC:22:2B CT1
      1 10:00:14:02:EC:EC:DF:66 CT0
      1 10:00:14:02:EC:EC:DF:66 CT1
      1 10:00:14:02:EC:EC:DF:67 CT0
      1 10:00:14:02:EC:EC:DF:67 CT1
      1 10:00:14:02:EC:EC:DF:8E CT0
      1 10:00:14:02:EC:EC:DF:8E CT1
      1 10:00:14:02:EC:EC:DF:8F CT0
      1 10:00:14:02:EC:EC:DF:8F CT1
      1 10:00:28:80:23:DE:3C:76 CT0
      1 10:00:28:80:23:DE:3C:76 CT1
      1 10:00:28:80:23:DE:3C:77 CT0
      1 10:00:28:80:23:DE:3C:77 CT1
      1 10:00:5C:B9:01:77:02:BE CT0
      1 10:00:5C:B9:01:77:02:BE CT1
      1 10:00:5C:B9:01:77:02:BF CT0
      1 10:00:5C:B9:01:77:02:BF CT1
      1 10:00:5C:B9:01:77:88:7A CT0
      1 10:00:5C:B9:01:77:88:7A CT1
      1 10:00:5C:B9:01:77:88:7B CT0
      1 10:00:5C:B9:01:77:88:7B CT1
      1 10:00:5C:B9:01:77:98:BA CT0
      1 10:00:5C:B9:01:77:98:BA CT1
      1 10:00:5C:B9:01:77:98:BB CT0
      1 10:00:5C:B9:01:77:98:BB CT1
      1 10:00:5C:B9:01:77:AC:3E CT0
      1 10:00:5C:B9:01:77:AC:3E CT1
      1 10:00:5C:B9:01:77:AC:3F CT0
      1 10:00:5C:B9:01:77:AC:3F CT1
      1 10:00:70:10:6F:76:09:3A CT0
      1 10:00:70:10:6F:76:09:3A CT1
      1 10:00:70:10:6F:76:09:3B CT0
      1 10:00:70:10:6F:76:09:3B CT1
      1 10:00:70:10:6F:76:09:86 CT0
      1 10:00:70:10:6F:76:09:86 CT1
      1 10:00:70:10:6F:76:09:87 CT0
      1 10:00:70:10:6F:76:09:87 CT1
      1 10:00:70:10:6F:76:2A:BA CT0
      1 10:00:70:10:6F:76:2A:BA CT1
      1 10:00:70:10:6F:76:2A:BB CT0
      1 10:00:70:10:6F:76:2A:BB CT1
      1 10:00:70:10:6F:76:59:AA CT0
      1 10:00:70:10:6F:76:59:AA CT1
      1 10:00:70:10:6F:76:59:AB CT0
      1 10:00:70:10:6F:76:59:AB CT1
      1 10:00:70:10:6F:76:D8:2A CT0
      1 10:00:70:10:6F:76:D8:2A CT1
      1 10:00:70:10:6F:76:D8:2B CT0
      1 10:00:70:10:6F:76:D8:2B CT1
      1 10:00:70:10:6F:76:E4:A2 CT0
      1 10:00:70:10:6F:76:E4:A2 CT1
      1 10:00:70:10:6F:76:E4:A3 CT0
      1 10:00:70:10:6F:76:E4:A3 CT1
      1 10:00:98:F2:B3:A2:FC:3A CT0
      1 10:00:98:F2:B3:A2:FC:3A CT1
      1 10:00:98:F2:B3:A2:FC:3B CT0
      1 10:00:98:F2:B3:A2:FC:3B CT1
      1 10:00:98:F2:B3:A2:FC:46 CT0
      1 10:00:98:F2:B3:A2:FC:46 CT1
      1 10:00:98:F2:B3:A2:FC:47 CT0
      1 10:00:98:F2:B3:A2:FC:47 CT1
      1 10:00:98:F2:B3:A2:FC:5A CT0
      1 10:00:98:F2:B3:A2:FC:5A CT1
      1 10:00:98:F2:B3:A2:FC:5B CT0
      1 10:00:98:F2:B3:A2:FC:5B CT1
      1 10:00:98:F2:B3:A2:FC:72 CT0
      1 10:00:98:F2:B3:A2:FC:72 CT1
      1 10:00:98:F2:B3:A2:FC:73 CT0
      1 10:00:98:F2:B3:A2:FC:73 CT1
      1 10:00:98:F2:B3:A2:FC:B6 CT0
      1 10:00:98:F2:B3:A2:FC:B6 CT1
      1 10:00:98:F2:B3:A2:FC:B7 CT0
      1 10:00:98:F2:B3:A2:FC:B7 CT1
      1 10:00:98:F2:B3:A2:FC:C6 CT0
      1 10:00:98:F2:B3:A2:FC:C6 CT1
      1 10:00:98:F2:B3:A2:FC:C7 CT0
      1 10:00:98:F2:B3:A2:FC:C7 CT1
      1 10:00:98:F2:B3:A2:FC:D2 CT0
      1 10:00:98:F2:B3:A2:FC:D2 CT1
      1 10:00:98:F2:B3:A2:FC:D3 CT0
      1 10:00:98:F2:B3:A2:FC:D3 CT1
      1 10:00:98:F2:B3:A2:FC:FA CT0
      1 10:00:98:F2:B3:A2:FC:FA CT1
      1 10:00:98:F2:B3:A2:FC:FB CT0
      1 10:00:98:F2:B3:A2:FC:FB CT1
      1 10:00:D0:BF:9C:02:1E:4E CT0
      1 10:00:D0:BF:9C:02:1E:4E CT1
      1 10:00:D0:BF:9C:02:1E:4F CT0
      1 10:00:D0:BF:9C:02:1E:4F CT1
      1 51:40:2E:C0:17:2B:15:54 CT0
      1 51:40:2E:C0:17:2B:15:54 CT1
      1 51:40:2E:C0:17:2B:15:56 CT0
      1 51:40:2E:C0:17:2B:15:56 CT1
      1 51:40:2E:C0:17:2B:19:B8 CT0
      1 51:40:2E:C0:17:2B:19:B8 CT1
      1 51:40:2E:C0:17:2B:19:BA CT0
      1 51:40:2E:C0:17:2B:19:BA CT1
      1 51:40:2E:C0:17:2B:1A:18 CT0
      1 51:40:2E:C0:17:2B:1A:18 CT1
      1 51:40:2E:C0:17:2B:1A:1A CT0
      1 51:40:2E:C0:17:2B:1A:1A CT1
      1 51:40:2E:C0:17:2B:1A:CC CT0
      1 51:40:2E:C0:17:2B:1A:CC CT1
      1 51:40:2E:C0:17:2B:1A:CE CT0
      1 51:40:2E:C0:17:2B:1A:CE CT1
      1 51:40:2E:C0:17:2B:1B:6C CT0
      1 51:40:2E:C0:17:2B:1B:6C CT1
      1 51:40:2E:C0:17:2B:1B:6E CT0
      1 51:40:2E:C0:17:2B:1B:6E CT1
      1 51:40:2E:C0:17:2B:1B:94 CT0
      1 51:40:2E:C0:17:2B:1B:94 CT1
      1 51:40:2E:C0:17:2B:1B:96 CT0
      1 51:40:2E:C0:17:2B:1B:96 CT1
      1 51:40:2E:C0:17:2B:1B:98 CT0
      1 51:40:2E:C0:17:2B:1B:98 CT1
      1 51:40:2E:C0:17:2B:1B:9A CT0
      1 51:40:2E:C0:17:2B:1B:9A CT1
      1 51:40:2E:C0:17:2B:1B:A4 CT0
      1 51:40:2E:C0:17:2B:1B:A4 CT1
      1 51:40:2E:C0:17:2B:1B:A6 CT0
      1 51:40:2E:C0:17:2B:1B:A6 CT1
      1 51:40:2E:C0:17:2B:1B:F8 CT0
      1 51:40:2E:C0:17:2B:1B:F8 CT1
      1 51:40:2E:C0:17:2B:1B:FA CT0
      1 51:40:2E:C0:17:2B:1B:FA CT1
      1 51:40:2E:C0:17:2B:1C:08 CT0
      1 51:40:2E:C0:17:2B:1C:08 CT1
      1 51:40:2E:C0:17:2B:1C:0A CT0
      1 51:40:2E:C0:17:2B:1C:0A CT1
      1 51:40:2E:C0:17:2B:39:74 CT0
      1 51:40:2E:C0:17:2B:39:74 CT1
      1 51:40:2E:C0:17:2B:39:76 CT0
      1 51:40:2E:C0:17:2B:39:76 CT1
      1 51:40:2E:C0:17:2B:52:4C CT0
      1 51:40:2E:C0:17:2B:52:4C CT1
      1 51:40:2E:C0:17:2B:52:4E CT0
      1 51:40:2E:C0:17:2B:52:4E CT1
      1 51:40:2E:C0:17:2B:52:58 CT0
      1 51:40:2E:C0:17:2B:52:58 CT1
      1 51:40:2E:C0:17:2B:52:5A CT0
      1 51:40:2E:C0:17:2B:52:5A CT1
      1 51:40:2E:C0:17:2B:52:6C CT0
      1 51:40:2E:C0:17:2B:52:6C CT1
      1 51:40:2E:C0:17:2B:52:6E CT0
      1 51:40:2E:C0:17:2B:52:6E CT1
      1 51:40:2E:C0:17:2B:52:D8 CT0
      1 51:40:2E:C0:17:2B:52:D8 CT1
      1 51:40:2E:C0:17:2B:52:DA CT0
      1 51:40:2E:C0:17:2B:52:DA CT1
      1 51:40:2E:C0:17:2B:52:FC CT0
      1 51:40:2E:C0:17:2B:52:FC CT1
      1 51:40:2E:C0:17:2B:52:FE CT0
      1 51:40:2E:C0:17:2B:52:FE CT1
      1 51:40:2E:C0:17:37:52:90 CT0
      1 51:40:2E:C0:17:37:52:90 CT1
      1 51:40:2E:C0:17:37:52:92 CT0
      1 51:40:2E:C0:17:37:52:92 CT1
      1 51:40:2E:C0:17:37:53:14 CT0
      1 51:40:2E:C0:17:37:53:14 CT1
      1 51:40:2E:C0:17:37:53:16 CT0
      1 51:40:2E:C0:17:37:53:16 CT1
      1 51:40:2E:C0:17:37:57:A0 CT0
      1 51:40:2E:C0:17:37:57:A0 CT1
      1 51:40:2E:C0:17:37:57:A2 CT0
      1 51:40:2E:C0:17:37:57:A2 CT1
      1 51:40:2E:C0:17:37:59:7C CT0
      1 51:40:2E:C0:17:37:59:7C CT1
      1 51:40:2E:C0:17:37:59:7E CT0
      1 51:40:2E:C0:17:37:59:7E CT1
      1 51:40:2E:C0:17:37:59:C0 CT0
      1 51:40:2E:C0:17:37:59:C0 CT1
      1 51:40:2E:C0:17:37:59:C2 CT0
      1 51:40:2E:C0:17:37:59:C2 CT1
      1 51:40:2E:C0:17:37:59:D0 CT0
      1 51:40:2E:C0:17:37:59:D0 CT1
      1 51:40:2E:C0:17:37:59:D2 CT0
      1 51:40:2E:C0:17:37:59:D2 CT1
      1 51:40:2E:C0:17:37:59:EC CT0
      1 51:40:2E:C0:17:37:59:EC CT1
      1 51:40:2E:C0:17:37:59:EE CT0
      1 51:40:2E:C0:17:37:59:EE CT1
      1 51:40:2E:C0:17:37:63:10 CT0
      1 51:40:2E:C0:17:37:63:10 CT1
      1 51:40:2E:C0:17:37:63:12 CT0
      1 51:40:2E:C0:17:37:63:12 CT1


Total FC connections: 232


pureeng@sum-pure-c-01-ct0:~$ list=`pureport list --initiator`; echo; for i in {0 ..1}; do for j in {4..18}; do cnt=`echo "$list"|grep CT$i.FC$j|wc -l`;echo CT$i.FC$j $cnt; done; echo; done

CT0.FC4 0
CT0.FC5 0
CT0.FC6 0
CT0.FC7 0
CT0.FC8 0
CT0.FC9 0
CT0.FC10 0
CT0.FC11 0
CT0.FC12 58
CT0.FC13 58
CT0.FC14 0
CT0.FC15 0
CT0.FC16 0
CT0.FC17 0
CT0.FC18 0

CT1.FC4 0
CT1.FC5 0
CT1.FC6 0
CT1.FC7 0
CT1.FC8 58
CT1.FC9 58
CT1.FC10 0
CT1.FC11 0
CT1.FC12 0
CT1.FC13 0
CT1.FC14 0
CT1.FC15 0
CT1.FC16 0
CT1.FC17 0
CT1.FC18 0

pureeng@sum-pure-c-01-ct0:~$ purenetwork eth list
Name       Enabled  Type      Subnet  Address        Mask           Gateway      MTU   MAC                Speed        Services     Subinterfaces
ct0.eth0   False    physical  -       -              -              -            1500  24:a9:37:61:f9:c4  100.00 Gb/s  -            -
ct0.eth1   False    physical  -       -              -              -            1500  24:a9:37:61:f9:c5  100.00 Gb/s  -            -
ct0.eth2   False    physical  -       -              -              -            1500  24:a9:37:61:f9:c6  25.00 Gb/s   replication  -
ct0.eth3   False    physical  -       -              -              -            1500  24:a9:37:61:f9:c7  25.00 Gb/s   replication  -
ct0.eth4   True     physical  -       10.120.55.141  255.255.255.0  10.120.55.1  1500  24:a9:37:61:f9:c8  1.00 Gb/s    management   -
ct0.eth5   False    physical  -       -              -              -            1500  24:a9:37:61:f9:c9  1.00 Gb/s    management   -
ct0.eth10  False    physical  -       -              -              -            1500  38:25:f3:ad:e0:fd  25.00 Gb/s   iscsi        -
ct0.eth11  False    physical  -       -              -              -            1500  38:25:f3:ad:e0:fc  25.00 Gb/s   iscsi        -
ct1.eth0   True     physical  -       10.120.55.142  255.255.255.0  10.120.55.1  1500  24:a9:37:46:6a:43  1.00 Gb/s    management   -
ct1.eth1   False    physical  -       -              -              -            1500  24:a9:37:46:6a:44  1.00 Gb/s    management   -
ct1.eth2   False    physical  -       -              -              -            1500  24:a9:37:46:6a:46  25.00 Gb/s   replication  -
ct1.eth3   False    physical  -       -              -              -            1500  24:a9:37:46:6a:45  25.00 Gb/s   replication  -
ct1.eth4   False    physical  -       -              -              -            1500  24:a9:37:46:6a:48  25.00 Gb/s   iscsi        -
ct1.eth5   False    physical  -       -              -              -            1500  24:a9:37:46:6a:47  25.00 Gb/s   iscsi        -
replbond   False    bond      -       -              -              -            1500  ba:82:dc:11:37:eb  0.00 b/s     replication  -
vir0       True     vif       -       10.120.55.140  255.255.255.0  10.120.55.1  1500  fe:56:05:6c:e4:93  1.00 Gb/s    management   -
vir1       False    vif       -       -              -              -            1500  0a:e3:9f:0d:a3:db  1.00 Gb/s    management   -
pureeng@sum-pure-c-01-ct0:~$ purenetwork list
Name       Enabled  Speed        Services
CT0.FC12   True     32.00 Gb/s   scsi-fc
CT0.FC13   True     32.00 Gb/s   scsi-fc
CT0.FC14   True     32.00 Gb/s   scsi-fc
CT0.FC15   True     32.00 Gb/s   scsi-fc
CT1.FC8    True     16.00 Gb/s   scsi-fc
CT1.FC9    True     16.00 Gb/s   scsi-fc
ct0.eth0   False    100.00 Gb/s  -
ct0.eth1   False    100.00 Gb/s  -
ct0.eth2   False    25.00 Gb/s   replication
ct0.eth3   False    25.00 Gb/s   replication
ct0.eth4   True     1.00 Gb/s    management
ct0.eth5   False    1.00 Gb/s    management
ct0.eth10  False    25.00 Gb/s   iscsi
ct0.eth11  False    25.00 Gb/s   iscsi
ct1.eth0   True     1.00 Gb/s    management
ct1.eth1   False    1.00 Gb/s    management
ct1.eth2   False    25.00 Gb/s   replication
ct1.eth3   False    25.00 Gb/s   replication
ct1.eth4   False    25.00 Gb/s   iscsi
ct1.eth5   False    25.00 Gb/s   iscsi
replbond   False    0.00 b/s     replication
vir0       True     1.00 Gb/s    management
vir1       False    1.00 Gb/s    management
pureeng@sum-pure-c-01-ct0:~$ purenetwork listeth listlist=`pureport list --initiator`; echo; for i in {0..1}; do for j in {4..18}; do cnt=`echo "$list"|grep CT$i.FC$j|wc -l`;echo CT$i.FC$j $cnt; done; echo; done

CT0.FC4 0
CT0.FC5 0
CT0.FC6 0
CT0.FC7 0
CT0.FC8 0
CT0.FC9 0
CT0.FC10 0
CT0.FC11 0
CT0.FC12 58
CT0.FC13 58
CT0.FC14 0
CT0.FC15 0
CT0.FC16 0
CT0.FC17 0
CT0.FC18 0

CT1.FC4 0
CT1.FC5 0
CT1.FC6 0
CT1.FC7 0
CT1.FC8 58
CT1.FC9 58
CT1.FC10 0
CT1.FC11 0
CT1.FC12 0
CT1.FC13 0
CT1.FC14 0
CT1.FC15 0
CT1.FC16 0
CT1.FC17 0
CT1.FC18 0

pureeng@sum-pure-c-01-ct0:~$ ssh peer
ssh: Could not resolve hostname peer: Temporary failure in name resolution
pureeng@sum-pure-c-01-ct0:~$ sudo su
     root@sum-pure-c-01-ct0:/var/home/pureeng# ssh peer
Last login: Mon Jan 10 18:16:27 2022

Sat Jul 12 10:59:41 2025
Welcome root. This is Purity Version 6.5.10 on FlashArray sum-pure-c-01
http://www.purestorage.com/
     root@sum-pure-c-01-ct1:~# purearray list c--controller
Name  Type              Mode       Model     Version  Status  Internal Details
CT0   array_controller  secondary  FA-C50R4  6.5.10   ready   
CT1   array_controller  primary    FA-C40R3  6.5.10   ready   
     root@sum-pure-c-01-ct1:~# purewes controller setattr --verify-array sum-pure-c-01 ct1 --mode secondary;date
Run checks before making changes ...
Check peer purity status...... SUCCESS
Check pureport list........... The pureport list check failed with ERROR: Port {'target.name': None, 'target.wwn': None, 'target.nqn': None, 'target.iqn': None, 'target.portal': None, 'target.failover': None, 'target': {'name': None, 'wwn': None, 'nqn': None, 'iqn': None, 'portal': None, 'failover': None}, 'initiator.wwn': '10:00:98:F2:B3:A2:FC:36', 'initiator.nqn': None, 'initiator.iqn': None, 'initiator.portal': None, 'initiator': {'wwn': '10:00:98:F2:B3:A2:FC:36', 'nqn': None, 'iqn': None, 'portal': None}} doesn't contain field target.name or target.name is None!
Would you like to ignore this check? (y/n): y
Overriding pureport list check based on user input
SUCCESS
Check IO balance.............. Checking iobalance before proceeding, sampling for 30 seconds, retrying 3 times, adding 30 seconds with each retry
Try 1/4: Sampling I/O for 30 seconds
Sampling finished, I/O is not yet balanced
Try 2/4: Sampling I/O for 60 seconds
Sampling finished, I/O is not yet balanced
Try 3/4: Sampling I/O for 90 seconds
Sampling finished, I/O is not yet balanced
Try 4/4: Sampling I/O for 120 seconds
Sampling finished, I/O is not yet balanced
I/O is not balanced after 4 run(s).
iobalance reports the following: 
sampling host I/O for 120 seconds...
                Host  CT0 I/O Count  CT1 I/O Count  
     VNIM-MARK-ESXi1      92.25K     165.97K  ! unbalanced I/O
     VNIM-MARK-ESXi2       1.02M       1.06M  
           sumvesx10      374.00       75.00  ! unbalanced I/O
           sumvesx11       77.00       99.00  
           sumvesx12      180.00      126.00  
           sumvesx13      453.00      314.00  
           sumvesx14       3.47K      470.00  ! unbalanced I/O
           sumvesx15      24.50K      22.80K  
           sumvesx16       1.02K      481.00  ! unbalanced I/O
           sumvesx17       77.00       88.00  
           sumvesx18        0.00        0.00  ? Host is idle
           sumvesx19       2.03K       2.16K  
            sumvesx2        8.00        8.00  
           sumvesx20       2.31K       2.05K  
           sumvesx21      232.00      440.00  ! unbalanced I/O
           sumvesx22       10.00      374.00  ! unbalanced I/O
           sumvesx23       1.06K      405.00  ! unbalanced I/O
           sumvesx24       1.16K       1.37K  
           sumvesx26      430.00      221.00  ! unbalanced I/O
           sumvesx27      362.00      511.00  
           sumvesx28      568.00      489.00  
           sumvesx29       1.70K      324.00  ! unbalanced I/O
            sumvesx3       84.00       48.00  ! unbalanced I/O
           sumvesx30       27.00        2.00  ! unbalanced I/O
           sumvesx31      326.00       94.00  ! unbalanced I/O
           sumvesx32       1.30K       1.43K  
           sumvesx33        0.00        0.00  ? Host is idle
           sumvesx35        6.00        5.00  
           sumvesx36        7.00        7.00  
           sumvesx39       1.38K       6.96K  ! unbalanced I/O
            sumvesx4        0.00        0.00  ? Host is idle
           sumvesx40       4.41K      12.02K  ! unbalanced I/O
           sumvesx41       5.55K      26.60K  ! unbalanced I/O
           sumvesx42       2.01K      10.31K  ! unbalanced I/O
           sumvesx43      143.00      238.00  ! unbalanced I/O
           sumvesx44      337.00      561.00  ! unbalanced I/O
           sumvesx45      365.00      530.00  
           sumvesx46       1.02K       1.27K  
           sumvesx47      458.00      483.00  
           sumvesx48       2.06K       6.60K  ! unbalanced I/O
           sumvesx49      290.00       6.04K  ! unbalanced I/O
            sumvesx5        0.00        0.00  ? Host is idle
           sumvesx50       1.35K       2.44K  ! unbalanced I/O
           sumvesx51       2.11K       2.32K  
           sumvesx52      793.00       1.03K  
           sumvesx53       1.39K       1.22K  
           sumvesx54      217.00      428.00  ! unbalanced I/O
           sumvesx55      260.00      430.00  ! unbalanced I/O
           sumvesx56      545.00       1.14K  ! unbalanced I/O
           sumvesx57       2.30K       2.51K  
           sumvesx58       2.24K       3.87K  ! unbalanced I/O
           sumvesx59      400.00       3.50K  ! unbalanced I/O
            sumvesx6       11.00        7.00  
           sumvesx60      121.00      599.00  ! unbalanced I/O
           sumvesx61      418.00       1.68K  ! unbalanced I/O
           sumvesx62      446.00      401.00  
            sumvesx7        0.00        0.00  ? Host is idle
            sumvesx9       1.95K       1.48K  

Would you like to ignore this check?
WARNING: Unless the workload you are running is known to be imbalanced, ignoring this check could result in an outage and is NOT recommended.
Ignore anyway? (y/n): y
Overriding iobalance check based on user input
SUCCESS
Sat Jul 12 11:05:28 AM EDT 2025
     root@sum-pure-c-01-ct1:~# purearrray list --controller
Name  Type              Mode       Model     Version  Status     Internal Details
CT0   array_controller  primary    FA-C50R4  6.5.10   ready      
CT1   array_controller  secondary  FA-C40R3  6.5.10   not ready  SAN disabled; portal is not open
     root@sum-pure-c-01-ct1:~# purearray list --controller
Name  Type              Mode       Model     Version  Status  Internal Details
CT0   array_controller  primary    FA-C50R4  6.5.10   ready   
CT1   array_controller  secondary  FA-C40R3  6.5.10   ready   
     root@sum-pure-c-01-ct1:~# purearray list --controllerwes controller setattr --verify-array sum-pure-c-01 ct1 --mode secondary;datearray list --controller
lererwes controller setattr --verify-array sum-pure-c-01 ct1 --mode secondary;datearray list --controller
wes controller setattr --verify-array sum-pure-c-01 ct1 --mode secondary;datearray list --controller
lersw upgrade continue a892aa32-bb29-4d5a-bb89-56f69dc6cdf1     root@sum-pure-c-01-ct1:~# array list --controlller
erwes controller setattr --verify-array sum-pure-c-01 ct1 --mode secondary;datearray list --controller
fcpureportlist=`pureport list --initiator | awk '/Target/,0' | cut -d. -f1 | awk '{print $1,$5}' | grep -v '-' | grep -v "Initiator" | uniq -c; echo`; fcpureportlistcount=`echo "$fcpureportlist" | awk '{total += $1} END {print total}'`; echo -e "$fcpureportlist\n\n"; echo -e "\tTotal FC connections: $fcpureportlistcount\n\n";
      1 10:00:00:90:FA:29:D7:C2 CT0
      1 10:00:00:90:FA:29:D7:C2 CT1
      1 10:00:00:90:FA:45:8A:60 CT0
      1 10:00:00:90:FA:45:8A:60 CT1
      1 10:00:00:90:FA:45:8D:1A CT0
      1 10:00:00:90:FA:45:8D:1A CT1
      1 10:00:00:90:FA:45:8F:AA CT0
      1 10:00:00:90:FA:45:8F:AA CT1
      1 10:00:00:FD:45:4E:14:A2 CT0
      1 10:00:00:FD:45:4E:14:A2 CT1
      1 10:00:00:FD:45:4E:14:A3 CT0
      1 10:00:00:FD:45:4E:14:A3 CT1
      1 10:00:00:FD:45:4E:23:56 CT0
      1 10:00:00:FD:45:4E:23:56 CT1
      1 10:00:00:FD:45:4E:23:57 CT0
      1 10:00:00:FD:45:4E:23:57 CT1
      1 10:00:00:FD:45:4E:23:BA CT0
      1 10:00:00:FD:45:4E:23:BA CT1
      1 10:00:00:FD:45:4E:23:BB CT0
      1 10:00:00:FD:45:4E:23:BB CT1
      1 10:00:00:FD:45:4E:24:3E CT0
      1 10:00:00:FD:45:4E:24:3E CT1
      1 10:00:00:FD:45:4E:24:3F CT0
      1 10:00:00:FD:45:4E:24:3F CT1
      1 10:00:00:FD:45:4E:33:82 CT0
      1 10:00:00:FD:45:4E:33:82 CT1
      1 10:00:00:FD:45:4E:33:83 CT0
      1 10:00:00:FD:45:4E:33:83 CT1
      1 10:00:00:FD:45:4E:A1:E6 CT0
      1 10:00:00:FD:45:4E:A1:E6 CT1
      1 10:00:00:FD:45:4E:A1:E7 CT0
      1 10:00:00:FD:45:4E:A1:E7 CT1
      1 10:00:00:FD:45:4E:A6:D6 CT0
      1 10:00:00:FD:45:4E:A6:D6 CT1
      1 10:00:00:FD:45:4E:A6:D7 CT0
      1 10:00:00:FD:45:4E:A6:D7 CT1
      1 10:00:00:FD:45:4E:C1:6A CT0
      1 10:00:00:FD:45:4E:C1:6A CT1
      1 10:00:00:FD:45:4E:C1:6B CT0
      1 10:00:00:FD:45:4E:C1:6B CT1
      1 10:00:00:FD:45:4E:C1:A2 CT0
      1 10:00:00:FD:45:4E:C1:A2 CT1
      1 10:00:00:FD:45:4E:C1:A3 CT0
      1 10:00:00:FD:45:4E:C1:A3 CT1
      1 10:00:14:02:EC:EC:22:2A CT0
      1 10:00:14:02:EC:EC:22:2A CT1
      1 10:00:14:02:EC:EC:22:2B CT0
      1 10:00:14:02:EC:EC:22:2B CT1
      1 10:00:14:02:EC:EC:DF:66 CT0
      1 10:00:14:02:EC:EC:DF:66 CT1
      1 10:00:14:02:EC:EC:DF:67 CT0
      1 10:00:14:02:EC:EC:DF:67 CT1
      1 10:00:14:02:EC:EC:DF:8E CT0
      1 10:00:14:02:EC:EC:DF:8E CT1
      1 10:00:14:02:EC:EC:DF:8F CT0
      1 10:00:14:02:EC:EC:DF:8F CT1
      1 10:00:28:80:23:DE:3C:76 CT0
      1 10:00:28:80:23:DE:3C:76 CT1
      1 10:00:28:80:23:DE:3C:77 CT0
      1 10:00:28:80:23:DE:3C:77 CT1
      1 10:00:5C:B9:01:77:02:BE CT0
      1 10:00:5C:B9:01:77:02:BE CT1
      1 10:00:5C:B9:01:77:02:BF CT0
      1 10:00:5C:B9:01:77:02:BF CT1
      1 10:00:5C:B9:01:77:88:7A CT0
      1 10:00:5C:B9:01:77:88:7A CT1
      1 10:00:5C:B9:01:77:88:7B CT0
      1 10:00:5C:B9:01:77:88:7B CT1
      1 10:00:5C:B9:01:77:98:BA CT0
      1 10:00:5C:B9:01:77:98:BA CT1
      1 10:00:5C:B9:01:77:98:BB CT0
      1 10:00:5C:B9:01:77:98:BB CT1
      1 10:00:5C:B9:01:77:AC:3E CT0
      1 10:00:5C:B9:01:77:AC:3E CT1
      1 10:00:5C:B9:01:77:AC:3F CT0
      1 10:00:5C:B9:01:77:AC:3F CT1
      1 10:00:70:10:6F:76:09:3A CT0
      1 10:00:70:10:6F:76:09:3A CT1
      1 10:00:70:10:6F:76:09:3B CT0
      1 10:00:70:10:6F:76:09:3B CT1
      1 10:00:70:10:6F:76:09:86 CT0
      1 10:00:70:10:6F:76:09:86 CT1
      1 10:00:70:10:6F:76:09:87 CT0
      1 10:00:70:10:6F:76:09:87 CT1
      1 10:00:70:10:6F:76:2A:BA CT0
      1 10:00:70:10:6F:76:2A:BA CT1
      1 10:00:70:10:6F:76:2A:BB CT0
      1 10:00:70:10:6F:76:2A:BB CT1
      1 10:00:70:10:6F:76:59:AA CT0
      1 10:00:70:10:6F:76:59:AA CT1
      1 10:00:70:10:6F:76:59:AB CT0
      1 10:00:70:10:6F:76:59:AB CT1
      1 10:00:70:10:6F:76:D8:2A CT0
      1 10:00:70:10:6F:76:D8:2A CT1
      1 10:00:70:10:6F:76:D8:2B CT0
      1 10:00:70:10:6F:76:D8:2B CT1
      1 10:00:70:10:6F:76:E4:A2 CT0
      1 10:00:70:10:6F:76:E4:A2 CT1
      1 10:00:70:10:6F:76:E4:A3 CT0
      1 10:00:70:10:6F:76:E4:A3 CT1
      1 10:00:98:F2:B3:A2:FC:3A CT0
      1 10:00:98:F2:B3:A2:FC:3A CT1
      1 10:00:98:F2:B3:A2:FC:3B CT0
      1 10:00:98:F2:B3:A2:FC:3B CT1
      1 10:00:98:F2:B3:A2:FC:46 CT0
      1 10:00:98:F2:B3:A2:FC:46 CT1
      1 10:00:98:F2:B3:A2:FC:47 CT0
      1 10:00:98:F2:B3:A2:FC:47 CT1
      1 10:00:98:F2:B3:A2:FC:5A CT0
      1 10:00:98:F2:B3:A2:FC:5A CT1
      1 10:00:98:F2:B3:A2:FC:5B CT0
      1 10:00:98:F2:B3:A2:FC:5B CT1
      1 10:00:98:F2:B3:A2:FC:72 CT0
      1 10:00:98:F2:B3:A2:FC:72 CT1
      1 10:00:98:F2:B3:A2:FC:73 CT0
      1 10:00:98:F2:B3:A2:FC:73 CT1
      1 10:00:98:F2:B3:A2:FC:B6 CT0
      1 10:00:98:F2:B3:A2:FC:B6 CT1
      1 10:00:98:F2:B3:A2:FC:B7 CT0
      1 10:00:98:F2:B3:A2:FC:B7 CT1
      1 10:00:98:F2:B3:A2:FC:C6 CT0
      1 10:00:98:F2:B3:A2:FC:C6 CT1
      1 10:00:98:F2:B3:A2:FC:C7 CT0
      1 10:00:98:F2:B3:A2:FC:C7 CT1
      1 10:00:98:F2:B3:A2:FC:D2 CT0
      1 10:00:98:F2:B3:A2:FC:D2 CT1
      1 10:00:98:F2:B3:A2:FC:D3 CT0
      1 10:00:98:F2:B3:A2:FC:D3 CT1
      1 10:00:98:F2:B3:A2:FC:FA CT0
      1 10:00:98:F2:B3:A2:FC:FA CT1
      1 10:00:98:F2:B3:A2:FC:FB CT0
      1 10:00:98:F2:B3:A2:FC:FB CT1
      1 10:00:D0:BF:9C:02:1E:4E CT0
      1 10:00:D0:BF:9C:02:1E:4E CT1
      1 10:00:D0:BF:9C:02:1E:4F CT0
      1 10:00:D0:BF:9C:02:1E:4F CT1
      1 51:40:2E:C0:17:2B:15:54 CT0
      1 51:40:2E:C0:17:2B:15:54 CT1
      1 51:40:2E:C0:17:2B:15:56 CT0
      1 51:40:2E:C0:17:2B:15:56 CT1
      1 51:40:2E:C0:17:2B:19:B8 CT0
      1 51:40:2E:C0:17:2B:19:B8 CT1
      1 51:40:2E:C0:17:2B:19:BA CT0
      1 51:40:2E:C0:17:2B:19:BA CT1
      1 51:40:2E:C0:17:2B:1A:18 CT0
      1 51:40:2E:C0:17:2B:1A:18 CT1
      1 51:40:2E:C0:17:2B:1A:1A CT0
      1 51:40:2E:C0:17:2B:1A:1A CT1
      1 51:40:2E:C0:17:2B:1A:CC CT0
      1 51:40:2E:C0:17:2B:1A:CC CT1
      1 51:40:2E:C0:17:2B:1A:CE CT0
      1 51:40:2E:C0:17:2B:1A:CE CT1
      1 51:40:2E:C0:17:2B:1B:6C CT0
      1 51:40:2E:C0:17:2B:1B:6C CT1
      1 51:40:2E:C0:17:2B:1B:6E CT0
      1 51:40:2E:C0:17:2B:1B:6E CT1
      1 51:40:2E:C0:17:2B:1B:94 CT0
      1 51:40:2E:C0:17:2B:1B:94 CT1
      1 51:40:2E:C0:17:2B:1B:96 CT0
      1 51:40:2E:C0:17:2B:1B:96 CT1
      1 51:40:2E:C0:17:2B:1B:98 CT0
      1 51:40:2E:C0:17:2B:1B:98 CT1
      1 51:40:2E:C0:17:2B:1B:9A CT0
      1 51:40:2E:C0:17:2B:1B:9A CT1
      1 51:40:2E:C0:17:2B:1B:A4 CT0
      1 51:40:2E:C0:17:2B:1B:A4 CT1
      1 51:40:2E:C0:17:2B:1B:A6 CT0
      1 51:40:2E:C0:17:2B:1B:A6 CT1
      1 51:40:2E:C0:17:2B:1B:F8 CT0
      1 51:40:2E:C0:17:2B:1B:F8 CT1
      1 51:40:2E:C0:17:2B:1B:FA CT0
      1 51:40:2E:C0:17:2B:1B:FA CT1
      1 51:40:2E:C0:17:2B:1C:08 CT0
      1 51:40:2E:C0:17:2B:1C:08 CT1
      1 51:40:2E:C0:17:2B:1C:0A CT0
      1 51:40:2E:C0:17:2B:1C:0A CT1
      1 51:40:2E:C0:17:2B:39:74 CT0
      1 51:40:2E:C0:17:2B:39:74 CT1
      1 51:40:2E:C0:17:2B:39:76 CT0
      1 51:40:2E:C0:17:2B:39:76 CT1
      1 51:40:2E:C0:17:2B:52:4C CT0
      1 51:40:2E:C0:17:2B:52:4C CT1
      1 51:40:2E:C0:17:2B:52:4E CT0
      1 51:40:2E:C0:17:2B:52:4E CT1
      1 51:40:2E:C0:17:2B:52:58 CT0
      1 51:40:2E:C0:17:2B:52:58 CT1
      1 51:40:2E:C0:17:2B:52:5A CT0
      1 51:40:2E:C0:17:2B:52:5A CT1
      1 51:40:2E:C0:17:2B:52:6C CT0
      1 51:40:2E:C0:17:2B:52:6C CT1
      1 51:40:2E:C0:17:2B:52:6E CT0
      1 51:40:2E:C0:17:2B:52:6E CT1
      1 51:40:2E:C0:17:2B:52:D8 CT0
      1 51:40:2E:C0:17:2B:52:D8 CT1
      1 51:40:2E:C0:17:2B:52:DA CT0
      1 51:40:2E:C0:17:2B:52:DA CT1
      1 51:40:2E:C0:17:2B:52:FC CT0
      1 51:40:2E:C0:17:2B:52:FC CT1
      1 51:40:2E:C0:17:2B:52:FE CT0
      1 51:40:2E:C0:17:2B:52:FE CT1
      1 51:40:2E:C0:17:37:52:90 CT0
      1 51:40:2E:C0:17:37:52:90 CT1
      1 51:40:2E:C0:17:37:52:92 CT0
      1 51:40:2E:C0:17:37:52:92 CT1
      1 51:40:2E:C0:17:37:53:14 CT0
      1 51:40:2E:C0:17:37:53:14 CT1
      1 51:40:2E:C0:17:37:53:16 CT0
      1 51:40:2E:C0:17:37:53:16 CT1
      1 51:40:2E:C0:17:37:57:A0 CT0
      1 51:40:2E:C0:17:37:57:A0 CT1
      1 51:40:2E:C0:17:37:57:A2 CT0
      1 51:40:2E:C0:17:37:57:A2 CT1
      1 51:40:2E:C0:17:37:59:7C CT0
      1 51:40:2E:C0:17:37:59:7C CT1
      1 51:40:2E:C0:17:37:59:7E CT0
      1 51:40:2E:C0:17:37:59:7E CT1
      1 51:40:2E:C0:17:37:59:C0 CT0
      1 51:40:2E:C0:17:37:59:C0 CT1
      1 51:40:2E:C0:17:37:59:C2 CT0
      1 51:40:2E:C0:17:37:59:C2 CT1
      1 51:40:2E:C0:17:37:59:D0 CT0
      1 51:40:2E:C0:17:37:59:D0 CT1
      1 51:40:2E:C0:17:37:59:D2 CT0
      1 51:40:2E:C0:17:37:59:D2 CT1
      1 51:40:2E:C0:17:37:59:EC CT0
      1 51:40:2E:C0:17:37:59:EC CT1
      1 51:40:2E:C0:17:37:59:EE CT0
      1 51:40:2E:C0:17:37:59:EE CT1
      1 51:40:2E:C0:17:37:63:10 CT0
      1 51:40:2E:C0:17:37:63:10 CT1
      1 51:40:2E:C0:17:37:63:12 CT0
      1 51:40:2E:C0:17:37:63:12 CT1


Total FC connections: 232


     root@sum-pure-c-01-ct1:~# iobalance --smpletimesamepletime 10
usage: iobalance [-h] [--sampletime SAMPLETIME]
iobalance: error: unrecognized arguments: --samepletime 10
     root@sum-pure-c-01-ct1:~# iobalance sampleti--samepletieme 10
usage: iobalance [-h] [--sampletime SAMPLETIME]
iobalance: error: unrecognized arguments: --samepletime 10
     root@sum-pure-c-01-ct1:~# iobalance --samepletime 10
sampling host I/O for 10 seconds...
                Host  CT0 I/O Count  CT1 I/O Count  
     VNIM-MARK-ESXi1       5.89K      24.48K  ! unbalanced I/O
     VNIM-MARK-ESXi2      254.00      146.00  ! unbalanced I/O
           sumvesx10       21.00       29.00  
           sumvesx11        2.00       26.00  ! unbalanced I/O
           sumvesx12        8.00        1.00  
           sumvesx13       43.00       26.00  ! unbalanced I/O
           sumvesx14       67.00        0.00  ! no I/O to CT1
           sumvesx15      127.00       97.00  
           sumvesx16      191.00      217.00  
           sumvesx17       19.00       23.00  
           sumvesx18        0.00        0.00  ? Host is idle
           sumvesx19      138.00      126.00  
            sumvesx2        0.00        0.00  ? Host is idle
           sumvesx20      253.00      256.00  
           sumvesx21       27.00       19.00  
           sumvesx22        3.00       62.00  ! unbalanced I/O
           sumvesx23      324.00      209.00  ! unbalanced I/O
           sumvesx24       41.00      106.00  ! unbalanced I/O
           sumvesx26        0.00       31.00  ! no I/O to CT0
           sumvesx27       22.00       30.00  
           sumvesx28       26.00       20.00  
           sumvesx29      188.00       42.00  ! unbalanced I/O
            sumvesx3        1.00        2.00  
           sumvesx30        0.00        2.00  ! no I/O to CT0
           sumvesx31       47.00        1.00  ! unbalanced I/O
           sumvesx32       27.00      210.00  ! unbalanced I/O
           sumvesx33        0.00        0.00  ? Host is idle
           sumvesx35        0.00        0.00  ? Host is idle
           sumvesx36        0.00        0.00  ? Host is idle
           sumvesx39      211.00       1.01K  ! unbalanced I/O
            sumvesx4        0.00        0.00  ? Host is idle
           sumvesx40      404.00       1.85K  ! unbalanced I/O
           sumvesx41       86.00      252.00  ! unbalanced I/O
           sumvesx42       68.00      428.00  ! unbalanced I/O
           sumvesx43       52.00       35.00  
           sumvesx44       35.00       39.00  
           sumvesx45       23.00       81.00  ! unbalanced I/O
           sumvesx46       65.00       40.00  ! unbalanced I/O
           sumvesx47       32.00       26.00  
           sumvesx48      217.00      442.00  ! unbalanced I/O
           sumvesx49       1.31K       88.00  ! unbalanced I/O
            sumvesx5        0.00        0.00  ? Host is idle
           sumvesx50      147.00      302.00  ! unbalanced I/O
           sumvesx51      103.00      100.00  
           sumvesx52       93.00       78.00  
           sumvesx53      295.00      108.00  ! unbalanced I/O
           sumvesx54       15.00       18.00  
           sumvesx55       20.00       31.00  ! unbalanced I/O
           sumvesx56       18.00       78.00  ! unbalanced I/O
           sumvesx57       88.00       76.00  
           sumvesx58      133.00      115.00  
           sumvesx59       30.00      262.00  ! unbalanced I/O
            sumvesx6        0.00        0.00  ? Host is idle
           sumvesx60       10.00       15.00  
           sumvesx61       82.00       77.00  
           sumvesx62       23.00       21.00  
            sumvesx7        0.00        0.00  ? Host is idle
            sumvesx9      238.00      418.00  ! unbalanced I/O
     root@sum-pure-c-01-ct1:~# purehw list
Name       Status         Identify  Slot  Index  Speed       Temperature  Voltage  Details
CH0        ok             off       -     0      -           -            -        -
CH0.BAY0   ok             off       -     0      -           -            -        -
CH0.BAY1   ok             off       -     1      -           -            -        -
CH0.BAY2   ok             off       -     2      -           -            -        -
CH0.BAY3   ok             off       -     3      -           -            -        -
CH0.BAY4   ok             off       -     4      -           -            -        -
CH0.BAY5   ok             off       -     5      -           -            -        -
CH0.BAY6   ok             off       -     6      -           -            -        -
CH0.BAY7   ok             off       -     7      -           -            -        -
CH0.BAY8   ok             off       -     8      -           -            -        -
CH0.BAY9   ok             off       -     9      -           -            -        -
CH0.BAY10  not_installed  off       -     10     -           -            -        -
CH0.BAY11  not_installed  off       -     11     -           -            -        -
CH0.BAY12  not_installed  off       -     12     -           -            -        -
CH0.BAY13  not_installed  off       -     13     -           -            -        -
CH0.BAY14  not_installed  off       -     14     -           -            -        -
CH0.BAY15  not_installed  off       -     15     -           -            -        -
CH0.BAY16  not_installed  off       -     16     -           -            -        -
CH0.BAY17  not_installed  off       -     17     -           -            -        -
CH0.BAY18  not_installed  off       -     18     -           -            -        -
CH0.BAY19  not_installed  off       -     19     -           -            -        -
CH0.NVB0   ok             off       -     0      -           -            -        -
CH0.NVB1   ok             off       -     1      -           -            -        -
CH0.NVB2   not_installed  off       -     2      -           -            -        -
CH0.NVB3   not_installed  off       -     3      -           -            -        -
CH0.PWR0   ok             -         -     0      -           -            202 V    -
CH0.PWR1   ok             -         -     1      -           -            203 V    -
CH0.TMP0   ok             -         -     0      -           25 C         -        -
CT0        ok             off       -     0      -           -            -        -
CT0.ETH0   ok             -         -     0      0.00 b/s    -            -        -
CT0.ETH1   ok             -         -     1      0.00 b/s    -            -        -
CT0.ETH2   ok             -         -     2      0.00 b/s    -            -        -
CT0.ETH3   ok             -         -     3      0.00 b/s    -            -        -
CT0.ETH4   ok             -         -     4      1.00 Gb/s   -            -        -
CT0.ETH5   ok             -         -     5      0.00 b/s    -            -        -
CT0.ETH10  ok             -         1     10     0.00 b/s    -            -        -
CT0.ETH11  ok             -         1     11     0.00 b/s    -            -        -
CT0.FAN0   ok             -         -     0      -           -            -        -
CT0.FAN1   ok             -         -     1      -           -            -        -
CT0.FAN2   ok             -         -     2      -           -            -        -
CT0.FAN3   ok             -         -     3      -           -            -        -
CT0.FAN4   ok             -         -     4      -           -            -        -
CT0.FAN5   ok             -         -     5      -           -            -        -
CT0.FC12   ok             -         3     12     16.00 Gb/s  -            -        -
CT0.FC13   ok             -         3     13     16.00 Gb/s  -            -        -
CT0.FC14   ok             -         3     14     0.00 b/s    -            -        -
CT0.FC15   ok             -         3     15     0.00 b/s    -            -        -
CT0.TMP0   ok             -         -     0      -           40 C         -        -
CT0.TMP1   ok             -         -     1      -           42 C         -        -
CT0.TMP2   ok             -         -     2      -           60 C         -        -
CT0.TMP3   ok             -         -     3      -           60 C         -        -
CT0.TMP4   ok             -         -     4      -           46 C         -        -
CT0.TMP5   ok             -         -     5      -           47 C         -        -
CT0.TMP6   ok             -         -     6      -           30 C         -        -
CT0.TMP7   ok             -         -     7      -           30 C         -        -
CT0.TMP8   ok             -         -     8      -           59 C         -        -
CT0.TMP9   ok             -         -     9      -           38 C         -        -
CT0.TMP11  ok             -         -     11     -           38 C         -        -
CT0.TMP12  ok             -         -     12     -           37 C         -        -
CT0.TMP13  ok             -         -     13     -           39 C         -        -
CT0.TMP14  ok             -         -     14     -           38 C         -        -
CT0.TMP15  ok             -         -     15     -           37 C         -        -
CT0.TMP17  ok             -         -     17     -           38 C         -        -
CT0.TMP19  ok             -         -     19     -           37 C         -        -
CT0.TMP20  ok             -         -     20     -           37 C         -        -
CT0.TMP21  ok             -         -     21     -           43 C         -        -
CT0.TMP22  ok             -         -     22     -           42 C         -        -
CT0.TMP23  ok             -         -     23     -           40 C         -        -
CT1        ok             off       -     1      -           -            -        -
CT1.ETH0   ok             -         -     0      1.00 Gb/s   -            -        -
CT1.ETH1   ok             -         -     1      0.00 b/s    -            -        -
CT1.ETH2   ok             -         -     2      0.00 b/s    -            -        -
CT1.ETH3   ok             -         -     3      0.00 b/s    -            -        -
CT1.ETH4   ok             -         -     4      0.00 b/s    -            -        -
CT1.ETH5   ok             -         -     5      0.00 b/s    -            -        -
CT1.FAN0   ok             -         -     0      -           -            -        -
CT1.FAN1   ok             -         -     1      -           -            -        -
CT1.FAN2   ok             -         -     2      -           -            -        -
CT1.FAN3   ok             -         -     3      -           -            -        -
CT1.FAN4   ok             -         -     4      -           -            -        -
CT1.FAN5   ok             -         -     5      -           -            -        -
CT1.FC8    ok             -         2     8      16.00 Gb/s  -            -        -
CT1.FC9    ok             -         2     9      16.00 Gb/s  -            -        -
CT1.TMP0   ok             -         -     0      -           37 C         -        -
CT1.TMP1   ok             -         -     1      -           40 C         -        -
CT1.TMP2   ok             -         -     2      -           36 C         -        -
CT1.TMP3   ok             -         -     3      -           38 C         -        -
CT1.TMP4   ok             -         -     4      -           42 C         -        -
CT1.TMP5   ok             -         -     5      -           42 C         -        -
CT1.TMP6   ok             -         -     6      -           43 C         -        -
CT1.TMP7   ok             -         -     7      -           35 C         -        -
CT1.TMP8   ok             -         -     8      -           36 C         -        -
CT1.TMP9   ok             -         -     9      -           37 C         -        -
CT1.TMP10  ok             -         -     10     -           35 C         -        -
CT1.TMP11  ok             -         -     11     -           35 C         -        -
CT1.TMP12  ok             -         -     12     -           35 C         -        -
CT1.TMP13  ok             -         -     13     -           40 C         -        -
CT1.TMP14  ok             -         -     14     -           40 C         -        -
CT1.TMP15  ok             -         -     15     -      puredrive list
Name       Type   Status   Capacity  Details
CH0.BAY0   SSD    healthy  24.70T    -
CH0.BAY1   SSD    healthy  24.70T    -
CH0.BAY2   SSD    healthy  24.70T    -
CH0.BAY3   SSD    healthy  24.70T    -
CH0.BAY4   SSD    healthy  24.70T    -
CH0.BAY5   SSD    healthy  24.70T    -
CH0.BAY6   SSD    healthy  24.70T    -
CH0.BAY7   SSD    healthy  24.70T    -
CH0.BAY8   SSD    healthy  24.70T    -
CH0.BAY9   SSD    healthy  24.70T    -
CH0.BAY10  -      unused   0.00      -
CH0.BAY11  -      unused   0.00      -
CH0.BAY12  -      unused   0.00      -
CH0.BAY13  -      unused   0.00      -
CH0.BAY14  -      unused   0.00      -
CH0.BAY15  -      unused   0.00      -
CH0.BAY16  -      unused   0.00      -
CH0.BAY17  -      unused   0.00      -
CH0.BAY18  -      unused   0.00      -
CH0.BAY19  -      unused   0.00      -
CH0.NVB0   NVRAM  healthy  7.52G     -
CH0.NVB1   NVRAM  healthy  7.52G     -
CH0.NVB2   NVRAM  unused   0.00      -
CH0.NVB3   NVRAM  unused   0.00      -
     root@sum-pure-c-01-ct1:~# puremessage list --open
     root@sum-pure-c-01-ct1:~# 
     root@sum-pure-c-01-ct1:~# purearray list ==con--controller
Name  Type              Mode       Model     Version  Status  Internal Details
CT0   array_controller  primary    FA-C50R4  6.5.10   ready   
CT1   array_controller  secondary  FA-C40R3  6.5.10   ready   
     root@sum-pure-c-01-ct1:~#  GNU GRUB  version 2.06

/----------------------------------------------------------------------------\||||||||||||||||||||||||||\----------------------------------------------------------------------------/     Use the ^ and v keys to select which entry is highlighted.          
      Press enter to boot the selected OS, `e' to edit the commands       
      before booting or `c' for a command-line.                             Purity 6.5.5 (202404130351+34e2b1e66ad3) with kernel 5.15.123+ (2024031915>
*Purity 6.5.5 (202404130351+34e2b1e66ad3) with kernel 5.15.123+ (2024031915>
                                                                                                                                                                                                                                                                                                                                                                                                                                                                                                                                                                                                                                                                                                                                                                                                                                                                        The highlighted entry will be executed automatically in 3s.                    The highlighted entry will be executed automatically in 2s.                    The highlighted entry will be executed automatically in 1s.                    The highlighted entry will be executed automatically in 0s.                 
Purity

PCTFJ2521012F login: puresetup
Password: 

Sat Jul 12 08:23:24 2025
Welcome puresetup. This is Purity Version 6.5.5 on FlashArray PCTFJ2521012F
http://www.purestorage.com/
puresetup@PCTFJ2521012F:~$ pureboot list

Marked entry (*) is currently running
Marked entry (-->) will run at next reboot
    0. Purity 6.5.5 (202404130351+34e2b1e66ad3) with kernel 5.15.123+ (202403191505+d9f0e688c788) on second (/dev/sda4)
*-->1. Purity 6.5.5 (202404130351+34e2b1e66ad3) with kernel 5.15.123+ (202403191505+d9f0e688c788) on first (/dev/sda3)
puresetup@PCTFJ2521012F:~$ mount /dev/sdb1 /mnt
puresetup@PCTFJ2521012F:~$ cp /mnt/6.5.10/* .
puresetup@PCTFJ2521012F:~$ pureinstall purity_6.5.10_202503222031+c6937a2616b9.ppkg
Installing Purity on alternate partition labeled second.
Erasing Purity software image from alternate partition second to prepare for installation.
WARNING: Do not interrupt this process!!
Unpacking new Purity software.
.................................................................................................................................................................................................................................................................................................................................................................................................................................................................................................................................................................................................................................................................................................................................................................................................................................................................................................................................................................................................................................................................................................................................................................................................................................................................................................
Verifying package...

Finalizing installation. This may take several minutes.
Executing /altroot/opt/purextras/bin/finish-install.sh
Executing /altroot/opt/purextras/bin/finish-install.azure-propagate.sh
Executing /altroot/opt/purextras/bin/finish-install.cbs.sh
Executing /altroot/opt/purextras/bin/finish-install.cdu-pureinstall-lib.sh
Executing /altroot/opt/purextras/bin/finish-install.fix-dpkg.sh
Purity installed.
Installation complete. The new Purity version will load at next reboot.

Important!
The first boot of a new Purity version may take longer if the new version includes controller firmware updates.
DO NOT REBOOT THE CONTROLLER DURING THE FIRMWARE UPDATE.

Refer to http://community.purestorage.com for more information about the Purity upgrade process and firmware updates.
puresetup@PCTFJ2521012F:~$ pureboot reboot --offliene
[Errno 111] Connection refused
 GNU GRUB  version 2.06

/----------------------------------------------------------------------------\||||||||||||||||||||||||||\----------------------------------------------------------------------------/     Use the ^ and v keys to select which entry is highlighted.          
      Press enter to boot the selected OS, `e' to edit the commands       
      before booting or `c' for a command-line.                             Purity 6.5.5 (202404130351+34e2b1e66ad3) with kernel 5.15.123+ (2024031915>
*Purity 6.5.10 (202503222031+c6937a2616b9) with kernel 5.15.123+ (202502120>
                                                                                                                                                                                                                                                                                                                                                                                                                                                                                                                                                                                                                                                                                                                                                                                                                                                                        The highlighted entry will be executed automatically in 3s.                    The highlighted entry will be executed automatically in 2s.                    The highlighted entry will be executed automatically in 1s.                    The highlighted entry will be executed automatically in 0s.                 
Purity

PCTFJ2521012F login: puresetup
Password: 
<fw_update_tool>
===================================================================
=                            NOTICE                               =
===================================================================
=                                                                 =
=    Firmware is currently being checked and/or updated           =
=    on this controller.                                          =
=                                                                 =
=    If updates are necessary they will be applied automatically, =
=    and one or more automatic reboots may occur as a result.     =
=    A completion notice will be provided when done.              =
=                                                                 =
=    DO NOT RESTART OR REMOVE POWER WHILE UPDATE IS IN PROGRESS   =
=                                                                 =
===================================================================
<fw_update_tool>
Last login: Sat Jul 12 08:23:23 PDT 2025 on ttyS0

Sat Jul 12 15:33:26 2025
Welcome puresetup. This is Purity Version 6.5.10 on FlashArray PCTFJ2521012F
http://www.purestorage.com/
puresetup@PCTFJ2521012F:~$ 
puresetup@PCTFJ2521012F:~$ pureboot list
===================================================================
=                            NOTICE                               =
===================================================================
=                                                                 =
=    Firmware is currently being checked and/or updated           =
=    on this controller.                                          =
=                                                                 =
=    If updates are necessary they will be applied automatically, =
=    and one or more automatic reboots may occur as a result.     =
=    A completion notice will be provided when done.              =
=                                                                 =
=    DO NOT RESTART OR REMOVE POWER WHILE UPDATE IS IN PROGRESS   =
=                                                                 =
===================================================================


Marked entry (*) is currently running
Marked entry (-->) will run at next reboot
    0. Purity 6.5.5 (202404130351+34e2b1e66ad3) with kernel 5.15.123+ (202403191505+d9f0e688c788) on first (/dev/sda3)
*-->1. Purity 6.5.10 (202503222031+c6937a2616b9) with kernel 5.15.123+ (202502120717+4e5bb8230c85) on second (/dev/sda4)
puresetup@PCTFJ2521012F:~$  GNU GRUB  version 2.06

/----------------------------------------------------------------------------\||||||||||||||||||||||||||\----------------------------------------------------------------------------/     Use the ^ and v keys to select which entry is highlighted.          
      Press enter to boot the selected OS, `e' to edit the commands       
      before booting or `c' for a command-line.                             Purity 6.5.5 (202404130351+34e2b1e66ad3) with kernel 5.15.123+ (2024031915>
*Purity 6.5.10 (202503222031+c6937a2616b9) with kernel 5.15.123+ (202502120>
                                                                                                                                                                                                                                                                                                                                                                                                                                                                                                                                                                                                                                                                                                                                                                                                                                                                        The highlighted entry will be executed automatically in 3s.                    The highlighted entry will be executed automatically in 2s.                    The highlighted entry will be executed automatically in 1s.                    The highlighted entry will be executed automatically in 0s.                 
Purity

PCTFJ2521012F login: puresetup
Password: 
<fw_update_tool>
===================================================================
=                            NOTICE                               =
===================================================================
=                                                                 =
=    Firmware is currently being checked and/or updated           =
=    on this controller.                                          =
=                                                                 =
=    If updates are necessary they will be applied automatically, =
=    and one or more automatic reboots may occur as a result.     =
=    A completion notice will be provided when done.              =
=                                                                 =
=    DO NOT RESTART OR REMOVE POWER WHILE UPDATE IS IN PROGRESS   =
=                                                                 =
===================================================================
<fw_update_tool>
Last login: Sat Jul 12 08:33:26 PDT 2025 on ttyS0

Sat Jul 12 15:48:35 2025
Welcome puresetup. This is Purity Version 6.5.10 on FlashArray PCTFJ2521012F
http://www.purestorage.com/
puresetup@PCTFJ2521012F:~$ pureboot list
===================================================================
=                            NOTICE                               =
===================================================================
=                                                                 =
=    Firmware is currently being checked and/or updated           =
=    on this controller.                                          =
=                                                                 =
=    If updates are necessary they will be applied automatically, =
=    and one or more automatic reboots may occur as a result.     =
=    A completion notice will be provided when done.              =
=                                                                 =
=    DO NOT RESTART OR REMOVE POWER WHILE UPDATE IS IN PROGRESS   =
=                                                                 =
===================================================================


Marked entry (*) is currently running
Marked entry (-->) will run at next reboot
    0. Purity 6.5.5 (202404130351+34e2b1e66ad3) with kernel 5.15.123+ (202403191505+d9f0e688c788) on first (/dev/sda3)
*-->1. Purity 6.5.10 (202503222031+c6937a2616b9) with kernel 5.15.123+ (202502120717+4e5bb8230c85) on second (/dev/sda4)
puresetup@PCTFJ2521012F:~$ 
puresetup@PCTFJ2521012F:~$  GNU GRUB  version 2.06

/----------------------------------------------------------------------------\||||||||||||||||||||||||||\----------------------------------------------------------------------------/     Use the ^ and v keys to select which entry is highlighted.          
      Press enter to boot the selected OS, `e' to edit the commands       
      before booting or `c' for a command-line.                             Purity 6.5.5 (202404130351+34e2b1e66ad3) with kernel 5.15.123+ (2024031915>
*Purity 6.5.10 (202503222031+c6937a2616b9) with kernel 5.15.123+ (202502120>
                                                                                                                                                                                                                                                                                                                                                                                                                                                                                                                                                                                                                                                                                                                                                                                                                                                                        The highlighted entry will be executed automatically in 3s.                    The highlighted entry will be executed automatically in 2s.                    The highlighted entry will be executed automatically in 1s.                    The highlighted entry will be executed automatically in 0s.                 
Purity

PCTFJ2521012F login: puresetup
Password: 
Last login: Sat Jul 12 08:48:35 PDT 2025 on ttyS0

Sat Jul 12 15:54:22 2025
Welcome puresetup. This is Purity Version 6.5.10 on FlashArray PCTFJ2521012F
http://www.purestorage.com/
puresetup@PCTFJ2521012F:~$ pureboot list

Marked entry (*) is currently running
Marked entry (-->) will run at next reboot
    0. Purity 6.5.5 (202404130351+34e2b1e66ad3) with kernel 5.15.123+ (202403191505+d9f0e688c788) on first (/dev/sda3)
*-->1. Purity 6.5.10 (202503222031+c6937a2616b9) with kernel 5.15.123+ (202502120717+4e5bb8230c85) on second (/dev/sda4)
puresetup@PCTFJ2521012F:~$ 
Display all 2518 possibilities? (y or n)
!
./
:
[
[[
]]
{
}
accessdb
aclinkcheck.py
aclocal
aclocal-1.16
acpid
acpidbg
acpi_listen
activate-global-python-argcomplete3
addgnupghome
addgroup
add_in_cards_fingerprint
addpart
addr2line
addr2name
add-shell
--More--adduser
aer-inject
aes_hash
afulnx_64
agentxtrap
agetty
alert
alias
altadecoder
answer_phone_int.py
answer_phone.py
ant
apartment_reset_authorization_helper
applygnupgdefaults
apps_configure
apps_create
apps_dc_create
apps_delete
apps_disable
apps_domain_join
apps_image
apps_prepare
apps_wss_create
--More--puresetup@PCTFJ2521012F:~$ troller FA-C40R3puresetup replace --from-controller FA-C40R3
##########################################
#   Welcome to the Purity Setup Wizard   #
##########################################
Controller hardware model is compatible with the controller purity version
[Errno 111] Connection refused
Local controller model is FA-C50R4.
Failed to build a unique_id. Cant detect: {'vendor': '', 'model': 'USB DISK 3.0', 'type': '0', 'scsi_level': '7', 'state': 'running', 'rev': 'PMAP', 'full_sysfs_path': '../../devices/pci0000:00/0000:00:14.0/usb2/2-1/2-1:1.0/host6/target6:0:0/6:0:0:0/scsi_generic/sg1', 'topo_path': [], 'node': 'sg1', 'host': '6', 'bus': '0', 'target': '0', 'lun': '0', 'rev_sysfs': 'PMAP', 'model_sysfs': 'USB DISK 3.0', 'sn': '', 'sas_enclosure_address': 'internal'}
Failed to build a unique_id. Cant detect: {'vendor': '', 'model': 'USB DISK 3.0', 'type': '0', 'scsi_level': '7', 'state': 'running', 'rev': 'PMAP', 'full_sysfs_path': '../devices/pci0000:00/0000:00:14.0/usb2/2-1/2-1:1.0/host6/target6:0:0/6:0:0:0/block/sdb', 'topo_path': [], 'node': 'sdb', 'host': '6', 'bus': '0', 'target': '0', 'lun': '0', 'rev_sysfs': 'PMAP', 'model_sysfs': 'USB DISK 3.0', 'sn': '', 'sas_enclosure_address': 'internal'}
Drive detected storage type is C.
FA-C40R3 found to be replaced by FA-C50R4 has storage type C.
Controller type supports multiple storage types, detecting type of storage installed...
Failed to build a unique_id. Cant detect: {'vendor': '', 'model': 'USB DISK 3.0', 'type': '0', 'scsi_level': '7', 'state': 'running', 'rev': 'PMAP', 'full_sysfs_path': '../../devices/pci0000:00/0000:00:14.0/usb2/2-1/2-1:1.0/host6/target6:0:0/6:0:0:0/scsi_generic/sg1', 'topo_path': [], 'node': 'sg1', 'host': '6', 'bus': '0', 'target': '0', 'lun': '0', 'rev_sysfs': 'PMAP', 'model_sysfs': 'USB DISK 3.0', 'sn': '', 'sas_enclosure_address': 'internal'}
Failed to build a unique_id. Cant detect: {'vendor': '', 'model': 'USB DISK 3.0', 'type': '0', 'scsi_level': '7', 'state': 'running', 'rev': 'PMAP', 'full_sysfs_path': '../devices/pci0000:00/0000:00:14.0/usb2/2-1/2-1:1.0/host6/target6:0:0/6:0:0:0/block/sdb', 'topo_path': [], 'node': 'sdb', 'host': '6', 'bus': '0', 'target': '0', 'lun': '0', 'rev_sysfs': 'PMAP', 'model_sysfs': 'USB DISK 3.0', 'sn': '', 'sas_enclosure_address': 'internal'}
Detected storage type C
Pre-existing storage type C was found on the device
Successfully configured storage type C for array controller
Check Cobalt NDU controllers.. OK
Check RDL..................... OK
Check shelf cabling........... OK
Check controller link......... OK
Check power supply............ OK
Check PCIE AER errors......... OK
Check io card pci id's........ OK
Check LOM MAC addresses....... OK
Getting local controller type. Local controller type is cobalt_a.
Getting local controller variant. Not a generic controller, Exiting.
Checking peer controller for tunables

Apply PURESETUP_COMPLETED = 1 #
 (y/n):y
Apply PURESETUP_COMPLETED = 1 #
 (y/n): y
Tunable parameter set: PURESETUP_COMPLETED=1

Apply PS_DISABLE_ERADICATION = 1 # CS0187183
 (y/n):y
Apply PS_DISABLE_ERADICATION = 1 # CS0187183
 (y/n): y
Tunable parameter set: PS_DISABLE_ERADICATION=1

Apply PS_LOCK_PGROUP_SNAPSHOT_RETENTION = 1 # CS0187183
 (y/n):y
Apply PS_LOCK_PGROUP_SNAPSHOT_RETENTION = 1 # CS0187183
 (y/n): y
Tunable parameter set: PS_LOCK_PGROUP_SNAPSHOT_RETENTION=1

Apply ATOM_5208 = 1 #
 (y/n):y
Apply ATOM_5208 = 1 #
 (y/n): y
Tunable parameter set: ATOM_5208=1

Apply ATOM_5177 = DEF # CLOUD-113977
 (y/n):y
Apply ATOM_5177 = DEF # CLOUD-113977
 (y/n): y
Tunable parameter set: ATOM_5177=DEF

Apply ATOM_SECURITY_BUNDLE_FA_2024_01_15 = PCTFJ215000EB,PCTFJ21510046,6.1.13 #
 (y/n):y
Apply ATOM_SECURITY_BUNDLE_FA_2024_01_15 = PCTFJ215000EB,PCTFJ21510046,6.1.13 #
 (y/n): y
Tunable parameter set: ATOM_SECURITY_BUNDLE_FA_2024_01_15=PCTFJ215000EB,PCTFJ21510046,6.1.13

Apply PS_FILEGW_SMB_HIDE_DOT_SNAPSHOT = 0 # Set during upgrade to 6.3.20 - CLOUD
 (y/n):y
Apply PS_FILEGW_SMB_HIDE_DOT_SNAPSHOT = 0 # Set during upgrade to 6.3.20 - CLOUD
 (y/n): y
Tunable parameter set: PS_FILEGW_SMB_HIDE_DOT_SNAPSHOT=0

Apply PS_AU_POSTFILL_TIMEOUT_SEC = 3600 # PURE-243573
 (y/n):y
Apply PS_AU_POSTFILL_TIMEOUT_SEC = 3600 # PURE-243573
 (y/n): y
Tunable parameter set: PS_AU_POSTFILL_TIMEOUT_SEC=3600
Stopping purity to ensure tunables are properly loaded.
Press ENTER to reboot
y 
Please run puresetup again after reboot.
[Errno 111] Connection refused
 GNU GRUB  version 2.06

/----------------------------------------------------------------------------\||||||||||||||||||||||||||\----------------------------------------------------------------------------/     Use the ^ and v keys to select which entry is highlighted.          
      Press enter to boot the selected OS, `e' to edit the commands       
      before booting or `c' for a command-line.                             Purity 6.5.5 (202404130351+34e2b1e66ad3) with kernel 5.15.123+ (2024031915>
*Purity 6.5.10 (202503222031+c6937a2616b9) with kernel 5.15.123+ (202502120>
                                                                                                                                                                                                                                                                                                                                                                                                                                                                                                                                                                                                                                                                                                                                                                                                                                                                        The highlighted entry will be executed automatically in 3s.                    The highlighted entry will be executed automatically in 2s.                    The highlighted entry will be executed automatically in 1s.                    The highlighted entry will be executed automatically in 0s.                 
Purity

PCTFJ2521012F login: puresetup
Password: 
Last login: Sat Jul 12 08:54:21 PDT 2025 on ttyS0

Sat Jul 12 15:58:30 2025
Welcome puresetup. This is Purity Version 6.5.10 on FlashArray PCTFJ2521012F
http://www.purestorage.com/
puresetup@PCTFJ2521012F:~$ puresetup replace --from-controller FA-C40R3
##########################################
#   Welcome to the Purity Setup Wizard   #
##########################################
Controller hardware model is compatible with the controller purity version
[Errno 111] Connection refused
Local controller model is FA-C50R4.
Drive detected storage type is C.
FA-C40R3 found to be replaced by FA-C50R4 has storage type C.
Controller type supports multiple storage types, detecting type of storage installed...
Detected storage type C
Pre-existing storage type C was found on the device
Successfully configured storage type C for array controller
Check Cobalt NDU controllers.. OK
Check RDL..................... OK
Check shelf cabling........... OK
Check controller link......... OK
Check power supply............ OK
Check PCIE AER errors......... OK
Check io card pci id's........ OK
Check LOM MAC addresses....... OK
Getting local controller type. Local controller type is cobalt_a.
Getting local controller variant. Not a generic controller, Exiting.
Checking peer controller for tunables
purity.service stablized: done
purity start/running
platform: ..done
foed: .done
gui: ....done
rest: done
platform_env: 0.done
quorum: .....done
foed_env: 1.1.0.done
foed_ready: done
remote_patch: done
driver: done
san: Skip waiting for san during HW NDU
service middleware not healthy.
Wait until all services are working, check service status again in 10s ...
[FA-C40R3.CT1.ETH1] does not need to be migrated since it has no configuration and is not a subinterface.
[FA-C40R3.CT1.ETH2] does not need to be migrated since it has no configuration and is not a subinterface.
[FA-C40R3.CT1.ETH3] does not need to be migrated since it has no configuration and is not a subinterface.
[FA-C40R3.CT1.ETH4] does not need to be migrated since it has no configuration and is not a subinterface.
[FA-C40R3.CT1.ETH5] does not need to be migrated since it has no configuration and is not a subinterface.
Please move ports as shown below:
[FA-C40R3.CT1.ETH0] ====>> [FA-C50R4.CT1.ETH4](Slot: LOM)
[FA-C40R3.CT1.FC8] ====>> [FA-C50R4.CT1.FC12](Slot:3)
[FA-C40R3.CT1.FC9] ====>> [FA-C50R4.CT1.FC13](Slot:3)

After the cables have been moved, type "CONTINUE": 
Wrong input. Please type "CONTINUE"

After the cables have been moved, type "CONTINUE": continue
Configuring network ports...
Perform ping test on port ETH4 ....... OK
Checking SAN connectivity.
SAN is ready.
                                                                               
Broadcast message from root@sum-pure-c-01-ct1 (somewhere) (Sat Jul 12 09:00:41 
                                                                               
                                                                               
Purity//FA Information System Status                                           
====================================                                           
Purity//FA has successfully started for                                        
the first time after an install                                                
or upgrade. Purity//FA 6.5.10 (202503222031+c6937a2616b9-65x)                  
is now set to be the default.                                                  
                                                                               
                                                                               
Broadcast message from root@sum-pure-c-01-ct1 (somewhere) (Sat Jul 12 09:00:41 
                                                                               
                                                                               
Purity//FA Information System Status                                           
====================================                                           
Purity//FA has successfully started for                                        
the first time after an install                                                
or upgrade. Purity//FA 6.5.10 (202503222031+c6937a2616b9-65x)                  
is now set to be the default.                                                  
                                                                               
Waiting for Software Check:.Checking iobalance before proceeding, sampling for 30 seconds, retrying 1 times, adding 30 seconds with each retry
Try 1/2: Sampling I/O for 30 seconds
^C
Exit without saving changes.
CONFIG_TASK_COMPLETED:CONFIG_TASK_PURESETUP_EXITED
puresetup@PCTFJ2521012F:~$ puresetup timezone
##########################################
#   Welcome to the Purity Setup Wizard   #
##########################################
Name       Created                  Expires
puresetup  2025-07-12 09:01:05 PDT  2025-07-12 10:01:05 PDT
Changing the time zone will require a reboot on this controller.
Current time zone: America/Los_Angeles
Change time zone [requires reboot] (y/n):yChange time zone [requires reboot] (y/n): y
Configuring tzdata
------------------

Please select the geographic area in which you live. Subsequent configuration 
questions will narrow this down by presenting a list of cities, representing the
time zones in which they are located.

  1. Africa      4. Australia     7. Atlantic Ocean  10. Pacific Ocean
  2. America     5. Arctic Ocean  8. Europe          11. US
  3. Antarctica  6. Asia          9. Indian Ocean    12. None of the above

Geographic area: 11


Please select the city or region corresponding to your time zone.

  1. Alaska    4. Central  7. Starke County (Indiana)  10. Pacific Ocean
  2. Aleutian  5. Eastern  8. Michigan                 11. Samoa
  3. Arizona   6. Hawaii   9. Mountain

Time zone: 5



Current default time zone: 'US/Eastern'
Local time is now:      Sat Jul 12 12:02:11 EDT 2025.
Universal Time is now:  Sat Jul 12 16:02:11 UTC 2025.

'/cache/timezone/localtime' -> '/usr/share/zoneinfo/US/Eastern'
Confirm time zone change from America/Los_Angeles to US/Eastern
(y/N):y(y/N): y
Press ENTER to reboot

This controller will be online after reboot.
CONFIG_TASK_COMPLETED:CONFIG_TASK_PURESETUP_EXITED
puresetup@PCTFJ2521012F:~$  GNU GRUB  version 2.06

/----------------------------------------------------------------------------\||||||||||||||||||||||||||\----------------------------------------------------------------------------/     Use the ^ and v keys to select which entry is highlighted.          
      Press enter to boot the selected OS, `e' to edit the commands       
      before booting or `c' for a command-line.                            *Purity 6.5.10 (202503222031+c6937a2616b9) with kernel 5.15.123+ (202502120>
 Purity 6.5.5 (202404130351+34e2b1e66ad3) with kernel 5.15.123+ (2024031915>
                                                                                                                                                                                                                                                                                                                                                                                                                                                                                                                                                                                                                                                                                                                                                                                                                                                                        The highlighted entry will be executed automatically in 3s.                    The highlighted entry will be executed automatically in 2s.                    The highlighted entry will be executed automatically in 1s.                    The highlighted entry will be executed automatically in 0s.                 
sum-pure-c-01-ct1 login: 
sum-pure-c-01-ct1 login: pureeng
1) Authenticate via CloudAssist
2) Authenticate via command line
3) Restore challenge
Type the number corresponding to the authentication method you want to use.

Selection: 1

An email for identity verification will be sent once email is entered.
Please follow the authentication instructions provided there and return to this screen when finished or if email has not been received.


Enter an email address: fharris@purestorage.com
Successfully authenticated

Sat Jul 12 12:08:13 2025
Welcome pureeng. This is Purity Version 6.5.10 on FlashArray sum-pure-c-01
http://www.purestorage.com/
pureeng@sum-pure-c-01-ct1:~$ 
pureeng@sum-pure-c-01-ct1:~$ puredrive list
Name       Type   Status   Capacity  Details
CH0.BAY0   SSD    healthy  24.70T    -
CH0.BAY1   SSD    healthy  24.70T    -
CH0.BAY2   SSD    healthy  24.70T    -
CH0.BAY3   SSD    healthy  24.70T    -
CH0.BAY4   SSD    healthy  24.70T    -
CH0.BAY5   SSD    healthy  24.70T    -
CH0.BAY6   SSD    healthy  24.70T    -
CH0.BAY7   SSD    healthy  24.70T    -
CH0.BAY8   SSD    healthy  24.70T    -
CH0.BAY9   SSD    healthy  24.70T    -
CH0.BAY10  -      unused   0.00      -
CH0.BAY11  -      unused   0.00      -
CH0.BAY12  -      unused   0.00      -
CH0.BAY13  -      unused   0.00      -
CH0.BAY14  -      unused   0.00      -
CH0.BAY15  -      unused   0.00      -
CH0.BAY16  -      unused   0.00      -
CH0.BAY17  -      unused   0.00      -
CH0.BAY18  -      unused   0.00      -
CH0.BAY19  -      unused   0.00      -
CH0.NVB0   NVRAM  healthy  7.52G     -
CH0.NVB1   NVRAM  healthy  7.52G     -
CH0.NVB2   NVRAM  unused   0.00      -
CH0.NVB3   NVRAM  unused   0.00      -
pureeng@sum-pure-c-01-ct1:~$ iobalance --sampletime 10
sampling host I/O for 10 seconds...
                Host  CT0 I/O Count  CT1 I/O Count  
     VNIM-MARK-ESXi1      994.00       5.70K  ! unbalanced I/O
     VNIM-MARK-ESXi2      153.00      199.00  
           sumvesx10       23.00        0.00  ! no I/O to CT1
           sumvesx11        6.00        6.00  
           sumvesx12       33.00       21.00  ! unbalanced I/O
           sumvesx13       41.00       32.00  
           sumvesx14        1.00       37.00  ! unbalanced I/O
           sumvesx15       52.00       59.00  
           sumvesx16       97.00       18.00  ! unbalanced I/O
           sumvesx17        0.00        0.00  ? Host is idle
           sumvesx18        0.00        0.00  ? Host is idle
           sumvesx19      123.00      131.00  
            sumvesx2        0.00        0.00  ? Host is idle
           sumvesx20      142.00      116.00  
           sumvesx21       73.00       26.00  ! unbalanced I/O
           sumvesx22        1.00       20.00  
           sumvesx23       89.00        2.00  ! unbalanced I/O
           sumvesx24       19.00       96.00  ! unbalanced I/O
           sumvesx26       12.00       19.00  
           sumvesx27       23.00       35.00  ! unbalanced I/O
           sumvesx28       45.00       33.00  
           sumvesx29      177.00       20.00  ! unbalanced I/O
            sumvesx3        7.00        7.00  
           sumvesx30        1.00        1.00  
           sumvesx31       26.00        7.00  ! unbalanced I/O
           sumvesx32      173.00       50.00  ! unbalanced I/O
           sumvesx33        0.00        0.00  ? Host is idle
           sumvesx35        0.00        0.00  ? Host is idle
           sumvesx36        0.00        0.00  ? Host is idle
           sumvesx39      467.00        0.00  ! no I/O to CT1
            sumvesx4        0.00        0.00  ? Host is idle
           sumvesx40       1.11K        1.00  ! unbalanced I/O
           sumvesx41      337.00        3.00  ! unbalanced I/O
           sumvesx42       90.00      489.00  ! unbalanced I/O
           sumvesx43        5.00       10.00  
           sumvesx44       65.00        0.00  ! no I/O to CT1
           sumvesx45      113.00        0.00  ! no I/O to CT1
           sumvesx46      160.00        0.00  ! no I/O to CT1
           sumvesx47       49.00       87.00  ! unbalanced I/O
           sumvesx48       89.00      183.00  ! unbalanced I/O
           sumvesx49       2.86K        7.00  ! unbalanced I/O
            sumvesx5        0.00        0.00  ? Host is idle
           sumvesx50      368.00       23.00  ! unbalanced I/O
           sumvesx51      248.00        0.00  ! no I/O to CT1
           sumvesx52       65.00       70.00  
           sumvesx53       90.00       36.00  ! unbalanced I/O
           sumvesx54        8.00        8.00  
           sumvesx55       26.00       13.00  ! unbalanced I/O
           sumvesx56       48.00       50.00  
           sumvesx57      322.00      277.00  
           sumvesx58      692.00       39.00  ! unbalanced I/O
           sumvesx59       51.00       39.00  
            sumvesx6        0.00        0.00  ? Host is idle
           sumvesx60       42.00       28.00  
           sumvesx61      50.65K        0.00  ! no I/O to CT1
           sumvesx62       34.00       13.00  ! unbalanced I/O
            sumvesx7        0.00        0.00  ? Host is idle
            sumvesx9      135.00      209.00  ! unbalanced I/O
pureeng@sum-pure-c-01-ct1:~$ fcpureportlist=`pureport list --initiator | awk '/Target/,0' | cut -d. -f1 | awk '{print $1,$5}' | grep -v '-' | grep -v "Initiator" | uniq -c; echo`; fcpureportlistcount=`echo "$fcpureportlist" | awk '{total += $1} END {print total}'`; echo -e "$fcpureportlist\n\n"; echo -e "\tTotal FC connections: $fcpureportlistcount\n\n";
      1 10:00:00:90:FA:29:D7:C2 CT0
      1 10:00:00:90:FA:29:D7:C2 CT1
      1 10:00:00:90:FA:45:8A:60 CT0
      1 10:00:00:90:FA:45:8A:60 CT1
      1 10:00:00:90:FA:45:8D:1A CT0
      1 10:00:00:90:FA:45:8D:1A CT1
      1 10:00:00:90:FA:45:8F:AA CT0
      1 10:00:00:90:FA:45:8F:AA CT1
      1 10:00:00:FD:45:4E:14:A2 CT0
      1 10:00:00:FD:45:4E:14:A2 CT1
      1 10:00:00:FD:45:4E:14:A3 CT0
      1 10:00:00:FD:45:4E:14:A3 CT1
      1 10:00:00:FD:45:4E:23:56 CT0
      1 10:00:00:FD:45:4E:23:56 CT1
      1 10:00:00:FD:45:4E:23:57 CT0
      1 10:00:00:FD:45:4E:23:57 CT1
      1 10:00:00:FD:45:4E:23:BA CT0
      1 10:00:00:FD:45:4E:23:BA CT1
      1 10:00:00:FD:45:4E:23:BB CT0
      1 10:00:00:FD:45:4E:23:BB CT1
      1 10:00:00:FD:45:4E:24:3E CT0
      1 10:00:00:FD:45:4E:24:3E CT1
      1 10:00:00:FD:45:4E:24:3F CT0
      1 10:00:00:FD:45:4E:24:3F CT1
      1 10:00:00:FD:45:4E:33:82 CT0
      1 10:00:00:FD:45:4E:33:82 CT1
      1 10:00:00:FD:45:4E:33:83 CT0
      1 10:00:00:FD:45:4E:33:83 CT1
      1 10:00:00:FD:45:4E:A1:E6 CT0
      1 10:00:00:FD:45:4E:A1:E6 CT1
      1 10:00:00:FD:45:4E:A1:E7 CT0
      1 10:00:00:FD:45:4E:A1:E7 CT1
      1 10:00:00:FD:45:4E:A6:D6 CT0
      1 10:00:00:FD:45:4E:A6:D6 CT1
      1 10:00:00:FD:45:4E:A6:D7 CT0
      1 10:00:00:FD:45:4E:A6:D7 CT1
      1 10:00:00:FD:45:4E:C1:6A CT0
      1 10:00:00:FD:45:4E:C1:6A CT1
      1 10:00:00:FD:45:4E:C1:6B CT0
      1 10:00:00:FD:45:4E:C1:6B CT1
      1 10:00:00:FD:45:4E:C1:A2 CT0
      1 10:00:00:FD:45:4E:C1:A2 CT1
      1 10:00:00:FD:45:4E:C1:A3 CT0
      1 10:00:00:FD:45:4E:C1:A3 CT1
      1 10:00:14:02:EC:EC:22:2A CT0
      1 10:00:14:02:EC:EC:22:2A CT1
      1 10:00:14:02:EC:EC:22:2B CT0
      1 10:00:14:02:EC:EC:22:2B CT1
      1 10:00:14:02:EC:EC:DF:66 CT0
      1 10:00:14:02:EC:EC:DF:66 CT1
      1 10:00:14:02:EC:EC:DF:67 CT0
      1 10:00:14:02:EC:EC:DF:67 CT1
      1 10:00:14:02:EC:EC:DF:8E CT0
      1 10:00:14:02:EC:EC:DF:8E CT1
      1 10:00:14:02:EC:EC:DF:8F CT0
      1 10:00:14:02:EC:EC:DF:8F CT1
      1 10:00:28:80:23:DE:3C:76 CT0
      1 10:00:28:80:23:DE:3C:76 CT1
      1 10:00:28:80:23:DE:3C:77 CT0
      1 10:00:28:80:23:DE:3C:77 CT1
      1 10:00:5C:B9:01:77:02:BE CT0
      1 10:00:5C:B9:01:77:02:BE CT1
      1 10:00:5C:B9:01:77:02:BF CT0
      1 10:00:5C:B9:01:77:02:BF CT1
      1 10:00:5C:B9:01:77:88:7A CT0
      1 10:00:5C:B9:01:77:88:7A CT1
      1 10:00:5C:B9:01:77:88:7B CT0
      1 10:00:5C:B9:01:77:88:7B CT1
      1 10:00:5C:B9:01:77:98:BA CT0
      1 10:00:5C:B9:01:77:98:BA CT1
      1 10:00:5C:B9:01:77:98:BB CT0
      1 10:00:5C:B9:01:77:98:BB CT1
      1 10:00:5C:B9:01:77:AC:3E CT0
      1 10:00:5C:B9:01:77:AC:3E CT1
      1 10:00:5C:B9:01:77:AC:3F CT0
      1 10:00:5C:B9:01:77:AC:3F CT1
      1 10:00:70:10:6F:76:09:3A CT0
      1 10:00:70:10:6F:76:09:3A CT1
      1 10:00:70:10:6F:76:09:3B CT0
      1 10:00:70:10:6F:76:09:3B CT1
      1 10:00:70:10:6F:76:09:86 CT0
      1 10:00:70:10:6F:76:09:86 CT1
      1 10:00:70:10:6F:76:09:87 CT0
      1 10:00:70:10:6F:76:09:87 CT1
      1 10:00:70:10:6F:76:2A:BA CT0
      1 10:00:70:10:6F:76:2A:BA CT1
      1 10:00:70:10:6F:76:2A:BB CT0
      1 10:00:70:10:6F:76:2A:BB CT1
      1 10:00:70:10:6F:76:59:AA CT0
      1 10:00:70:10:6F:76:59:AA CT1
      1 10:00:70:10:6F:76:59:AB CT0
      1 10:00:70:10:6F:76:59:AB CT1
      1 10:00:70:10:6F:76:D8:2A CT0
      1 10:00:70:10:6F:76:D8:2A CT1
      1 10:00:70:10:6F:76:D8:2B CT0
      1 10:00:70:10:6F:76:D8:2B CT1
      1 10:00:70:10:6F:76:E4:A2 CT0
      1 10:00:70:10:6F:76:E4:A2 CT1
      1 10:00:70:10:6F:76:E4:A3 CT0
      1 10:00:70:10:6F:76:E4:A3 CT1
      1 10:00:98:F2:B3:A2:FC:3A CT0
      1 10:00:98:F2:B3:A2:FC:3A CT1
      1 10:00:98:F2:B3:A2:FC:3B CT0
      1 10:00:98:F2:B3:A2:FC:3B CT1
      1 10:00:98:F2:B3:A2:FC:46 CT0
      1 10:00:98:F2:B3:A2:FC:46 CT1
      1 10:00:98:F2:B3:A2:FC:47 CT0
      1 10:00:98:F2:B3:A2:FC:47 CT1
      1 10:00:98:F2:B3:A2:FC:5A CT0
      1 10:00:98:F2:B3:A2:FC:5A CT1
      1 10:00:98:F2:B3:A2:FC:5B CT0
      1 10:00:98:F2:B3:A2:FC:5B CT1
      1 10:00:98:F2:B3:A2:FC:72 CT0
      1 10:00:98:F2:B3:A2:FC:72 CT1
      1 10:00:98:F2:B3:A2:FC:73 CT0
      1 10:00:98:F2:B3:A2:FC:73 CT1
      1 10:00:98:F2:B3:A2:FC:B6 CT0
      1 10:00:98:F2:B3:A2:FC:B6 CT1
      1 10:00:98:F2:B3:A2:FC:B7 CT0
      1 10:00:98:F2:B3:A2:FC:B7 CT1
      1 10:00:98:F2:B3:A2:FC:C6 CT0
      1 10:00:98:F2:B3:A2:FC:C6 CT1
      1 10:00:98:F2:B3:A2:FC:C7 CT0
      1 10:00:98:F2:B3:A2:FC:C7 CT1
      1 10:00:98:F2:B3:A2:FC:D2 CT0
      1 10:00:98:F2:B3:A2:FC:D2 CT1
      1 10:00:98:F2:B3:A2:FC:D3 CT0
      1 10:00:98:F2:B3:A2:FC:D3 CT1
      1 10:00:98:F2:B3:A2:FC:FA CT0
      1 10:00:98:F2:B3:A2:FC:FA CT1
      1 10:00:98:F2:B3:A2:FC:FB CT0
      1 10:00:98:F2:B3:A2:FC:FB CT1
      1 10:00:D0:BF:9C:02:1E:4E CT0
      1 10:00:D0:BF:9C:02:1E:4E CT1
      1 10:00:D0:BF:9C:02:1E:4F CT0
      1 10:00:D0:BF:9C:02:1E:4F CT1
      1 51:40:2E:C0:17:2B:15:54 CT0
      1 51:40:2E:C0:17:2B:15:54 CT1
      1 51:40:2E:C0:17:2B:15:56 CT0
      1 51:40:2E:C0:17:2B:15:56 CT1
      1 51:40:2E:C0:17:2B:19:B8 CT0
      1 51:40:2E:C0:17:2B:19:B8 CT1
      1 51:40:2E:C0:17:2B:19:BA CT0
      1 51:40:2E:C0:17:2B:19:BA CT1
      1 51:40:2E:C0:17:2B:1A:18 CT0
      1 51:40:2E:C0:17:2B:1A:18 CT1
      1 51:40:2E:C0:17:2B:1A:1A CT0
      1 51:40:2E:C0:17:2B:1A:1A CT1
      1 51:40:2E:C0:17:2B:1A:CC CT0
      1 51:40:2E:C0:17:2B:1A:CC CT1
      1 51:40:2E:C0:17:2B:1A:CE CT0
      1 51:40:2E:C0:17:2B:1A:CE CT1
      1 51:40:2E:C0:17:2B:1B:6C CT0
      1 51:40:2E:C0:17:2B:1B:6C CT1
      1 51:40:2E:C0:17:2B:1B:6E CT0
      1 51:40:2E:C0:17:2B:1B:6E CT1
      1 51:40:2E:C0:17:2B:1B:94 CT0
      1 51:40:2E:C0:17:2B:1B:94 CT1
      1 51:40:2E:C0:17:2B:1B:96 CT0
      1 51:40:2E:C0:17:2B:1B:96 CT1
      1 51:40:2E:C0:17:2B:1B:98 CT0
      1 51:40:2E:C0:17:2B:1B:98 CT1
      1 51:40:2E:C0:17:2B:1B:9A CT0
      1 51:40:2E:C0:17:2B:1B:9A CT1
      1 51:40:2E:C0:17:2B:1B:A4 CT0
      1 51:40:2E:C0:17:2B:1B:A4 CT1
      1 51:40:2E:C0:17:2B:1B:A6 CT0
      1 51:40:2E:C0:17:2B:1B:A6 CT1
      1 51:40:2E:C0:17:2B:1B:F8 CT0
      1 51:40:2E:C0:17:2B:1B:F8 CT1
      1 51:40:2E:C0:17:2B:1B:FA CT0
      1 51:40:2E:C0:17:2B:1B:FA CT1
      1 51:40:2E:C0:17:2B:1C:08 CT0
      1 51:40:2E:C0:17:2B:1C:08 CT1
      1 51:40:2E:C0:17:2B:1C:0A CT0
      1 51:40:2E:C0:17:2B:1C:0A CT1
      1 51:40:2E:C0:17:2B:39:74 CT0
      1 51:40:2E:C0:17:2B:39:74 CT1
      1 51:40:2E:C0:17:2B:39:76 CT0
      1 51:40:2E:C0:17:2B:39:76 CT1
      1 51:40:2E:C0:17:2B:52:4C CT0
      1 51:40:2E:C0:17:2B:52:4C CT1
      1 51:40:2E:C0:17:2B:52:4E CT0
      1 51:40:2E:C0:17:2B:52:4E CT1
      1 51:40:2E:C0:17:2B:52:58 CT0
      1 51:40:2E:C0:17:2B:52:58 CT1
      1 51:40:2E:C0:17:2B:52:5A CT0
      1 51:40:2E:C0:17:2B:52:5A CT1
      1 51:40:2E:C0:17:2B:52:6C CT0
      1 51:40:2E:C0:17:2B:52:6C CT1
      1 51:40:2E:C0:17:2B:52:6E CT0
      1 51:40:2E:C0:17:2B:52:6E CT1
      1 51:40:2E:C0:17:2B:52:D8 CT0
      1 51:40:2E:C0:17:2B:52:D8 CT1
      1 51:40:2E:C0:17:2B:52:DA CT0
      1 51:40:2E:C0:17:2B:52:DA CT1
      1 51:40:2E:C0:17:2B:52:FC CT0
      1 51:40:2E:C0:17:2B:52:FC CT1
      1 51:40:2E:C0:17:2B:52:FE CT0
      1 51:40:2E:C0:17:2B:52:FE CT1
      1 51:40:2E:C0:17:37:52:90 CT0
      1 51:40:2E:C0:17:37:52:90 CT1
      1 51:40:2E:C0:17:37:52:92 CT0
      1 51:40:2E:C0:17:37:52:92 CT1
      1 51:40:2E:C0:17:37:53:14 CT0
      1 51:40:2E:C0:17:37:53:14 CT1
      1 51:40:2E:C0:17:37:53:16 CT0
      1 51:40:2E:C0:17:37:53:16 CT1
      1 51:40:2E:C0:17:37:57:A0 CT0
      1 51:40:2E:C0:17:37:57:A0 CT1
      1 51:40:2E:C0:17:37:57:A2 CT0
      1 51:40:2E:C0:17:37:57:A2 CT1
      1 51:40:2E:C0:17:37:59:7C CT0
      1 51:40:2E:C0:17:37:59:7C CT1
      1 51:40:2E:C0:17:37:59:7E CT0
      1 51:40:2E:C0:17:37:59:7E CT1
      1 51:40:2E:C0:17:37:59:C0 CT0
      1 51:40:2E:C0:17:37:59:C0 CT1
      1 51:40:2E:C0:17:37:59:C2 CT0
      1 51:40:2E:C0:17:37:59:C2 CT1
      1 51:40:2E:C0:17:37:59:D0 CT0
      1 51:40:2E:C0:17:37:59:D0 CT1
      1 51:40:2E:C0:17:37:59:D2 CT0
      1 51:40:2E:C0:17:37:59:D2 CT1
      1 51:40:2E:C0:17:37:59:EC CT0
      1 51:40:2E:C0:17:37:59:EC CT1
      1 51:40:2E:C0:17:37:59:EE CT0
      1 51:40:2E:C0:17:37:59:EE CT1
      1 51:40:2E:C0:17:37:63:10 CT0
      1 51:40:2E:C0:17:37:63:10 CT1
      1 51:40:2E:C0:17:37:63:12 CT0
      1 51:40:2E:C0:17:37:63:12 CT1


Total FC connections: 232


pureeng@sum-pure-c-01-ct1:~$ purehw list
Name       Status         Identify  Slot  Index  Speed       Temperature  Voltage  Details
CH0        ok             off       -     0      -           -            -        -
CH0.BAY0   ok             off       -     0      -           -            -        -
CH0.BAY1   ok             off       -     1      -           -            -        -
CH0.BAY2   ok             off       -     2      -           -            -        -
CH0.BAY3   ok             off       -     3      -           -            -        -
CH0.BAY4   ok             off       -     4      -           -            -        -
CH0.BAY5   ok             off       -     5      -           -            -        -
CH0.BAY6   ok             off       -     6      -           -            -        -
CH0.BAY7   ok             off       -     7      -           -            -        -
CH0.BAY8   ok             off       -     8      -           -            -        -
CH0.BAY9   ok             off       -     9      -           -            -        -
CH0.BAY10  not_installed  off       -     10     -           -            -        -
CH0.BAY11  not_installed  off       -     11     -           -            -        -
CH0.BAY12  not_installed  off       -     12     -           -            -        -
CH0.BAY13  not_installed  off       -     13     -           -            -        -
CH0.BAY14  not_installed  off       -     14     -           -            -        -
CH0.BAY15  not_installed  off       -     15     -           -            -        -
CH0.BAY16  not_installed  off       -     16     -           -            -        -
CH0.BAY17  not_installed  off       -     17     -           -            -        -
CH0.BAY18  not_installed  off       -     18     -           -            -        -
CH0.BAY19  not_installed  off       -     19     -           -            -        -
CH0.NVB0   ok             off       -     0      -           -            -        -
CH0.NVB1   ok             off       -     1      -           -            -        -
CH0.NVB2   not_installed  off       -     2      -           -            -        -
CH0.NVB3   not_installed  off       -     3      -           -            -        -
CH0.PWR0   ok             -         -     0      -           -            202 V    -
CH0.PWR1   ok             -         -     1      -           -            203 V    -
CH0.TMP0   ok             -         -     0      -           25 C         -        -
CT0        ok             off       -     0      -           -            -        -
CT0.ETH0   ok             -         -     0      0.00 b/s    -            -        -
CT0.ETH1   ok             -         -     1      0.00 b/s    -            -        -
CT0.ETH2   ok             -         -     2      0.00 b/s    -            -        -
CT0.ETH3   ok             -         -     3      0.00 b/s    -            -        -
CT0.ETH4   ok             -         -     4      1.00 Gb/s   -            -        -
CT0.ETH5   ok             -         -     5      0.00 b/s    -            -        -
CT0.ETH10  ok             -         1     10     0.00 b/s    -            -        -
CT0.ETH11  ok             -         1     11     0.00 b/s    -            -        -
CT0.FAN0   ok             -         -     0      -           -            -        -
CT0.FAN1   ok             -         -     1      -           -            -        -
CT0.FAN2   ok             -         -     2      -           -            -        -
CT0.FAN3   ok             -         -     3      -           -            -        -
CT0.FAN4   ok             -         -     4      -           -            -        -
CT0.FAN5   ok             -         -     5      -           -            -        -
CT0.FC12   ok             -         3     12     16.00 Gb/s  -            -        -
CT0.FC13   ok             -         3     13     16.00 Gb/s  -            -        -
CT0.FC14   ok             -         3     14     0.00 b/s    -            -        -
CT0.FC15   ok             -         3     15     0.00 b/s    -            -        -
CT0.TMP0   ok             -         -     0      -           41 C         -        -
CT0.TMP1   ok             -         -     1      -           44 C         -        -
CT0.TMP2   ok             -         -     2      -           61 C         -        -
CT0.TMP3   ok             -         -     3      -           62 C         -        -
CT0.TMP4   ok             -         -     4      -           48 C         -        -
CT0.TMP5   ok             -         -     5      -           49 C         -        -
CT0.TMP6   ok             -         -     6      -           31 C         -        -
CT0.TMP7   ok             -         -     7      -           31 C         -        -
CT0.TMP8   ok             -         -     8      -           59 C         -        -
CT0.TMP9   ok             -         -     9      -           41 C         -        -
CT0.TMP11  ok             -         -     11     -           41 C         -        -
CT0.TMP12  ok             -         -     12     -           39 C         -        -
CT0.TMP13  ok             -         -     13     -           42 C         -        -
CT0.TMP14  ok             -         -     14     -           41 C         -        -
CT0.TMP15  ok             -         -     15     -           40 C         -        -
CT0.TMP17  ok             -         -     17     -           41 C         -        -
CT0.TMP19  ok             -         -     19     -           40 C         -        -
CT0.TMP20  ok             -         -     20     -           40 C         -        -
CT0.TMP21  ok             -         -     21     -           46 C         -        -
CT0.TMP22  ok             -         -     22     -           45 C         -        -
CT0.TMP23  ok             -         -     23     -           44 C         -        -
CT1        ok             off       -     1      -           -            -        -
CT1.ETH0   ok             -         -     0      0.00 b/s    -            -        -
CT1.ETH1   ok             -         -     1      0.00 b/s    -            -        -
CT1.ETH2   ok             -         -     2      0.00 b/s    -            -        -
CT1.ETH3   ok             -         -     3      0.00 b/s    -            -        -
CT1.ETH4   ok             -         -     4      1.00 Gb/s   -            -        -
CT1.ETH5   ok             -         -     5      0.00 b/s    -            -        -
CT1.ETH10  ok             -         1     10     0.00 b/s    -            -        -
CT1.ETH11  ok             -         1     11     0.00 b/s    -            -        -
CT1.FAN0   ok             -         -     0      -           -            -        -
CT1.FAN1   ok             -         -     1      -           -            -        -
CT1.FAN2   ok             -         -     2      -           -            -        -
CT1.FAN3   ok             -         -     3      -           -            -        -
CT1.FAN4   ok             -         -     4      -           -            -        -
CT1.FAN5   ok             -         -     5      -           -            -        -
CT1.FC12   ok             -         3     12     16.00 Gb/s  -            -        -
CT1.FC13   ok             -         3     13     16.00 Gb/s  -            -        -
CT1.FC14   ok             -         3     14     0.00 b/s    -            -        -
CT1.FC15   ok             -         3     15     0.00 b/s    -            -        -
CT1.TMP0   ok             -         -     0      -           41 C         -        -
CT1.TMP1   ok             -         -     1      -           43 C         -        -
CT1.TMP2   ok             -         -     2      -           57 C         -        -
CT1.TMP3   ok             -         -     3      -           53 C         -        -
CT1.TMP4   ok             -         -     4      -           46 C         -        -
CT1.TMP5   ok             -         -     5      -           45 C         -        -
CT1.TMP6   ok             -         -     6      -           33 C         -        -
CT1.TMP7   ok             -         -     7      -           33 C         -        -
CT1.TMP8   ok             -         -     8      -           55 C         -        -
CT1.TMP9   ok             -         -     9      -           38 C         -        -
CT1.TMP11  ok             -         -     11     -           36 C         -        -
CT1.TMP12  ok             -         -     12     -           35 C         -        -
CT1.TMP13  ok             -         -     13     -           38 C         -        -
CT1.TMP14  ok             -         -     14     -           37 C         -        -
CT1.TMP15  ok             -         -     15     -           36 C         -        -
CT1.TMP17  ok             -         -     17     -           38 C         -        -
CT1.TMP19  ok             -         -     19     -           36 C         -        -
CT1.TMP20  ok             -         -     20     -           36 C         -        -
CT1.TMP21  ok             -         -     21     -           40 C         -        -
CT1.TMP22  ok             -         -     22     -           39 C         -        -
CT1.TMP23  ok             -         -     23     -           39 C         -        -
pureeng@sum-pure-c-01-ct1:~$ puredrive list
Name       Type   Status   Capacity  Details
CH0.BAY0   SSD    healthy  24.70T    -
CH0.BAY1   SSD    healthy  24.70T    -
CH0.BAY2   SSD    healthy  24.70T    -
CH0.BAY3   SSD    healthy  24.70T    -
CH0.BAY4   SSD    healthy  24.70T    -
CH0.BAY5   SSD    healthy  24.70T    -
CH0.BAY6   SSD    healthy  24.70T    -
CH0.BAY7   SSD    healthy  24.70T    -
CH0.BAY8   SSD    healthy  24.70T    -
CH0.BAY9   SSD    healthy  24.70T    -
CH0.BAY10  -      unused   0.00      -
CH0.BAY11  -      unused   0.00      -
CH0.BAY12  -      unused   0.00      -
CH0.BAY13  -      unused   0.00      -
CH0.BAY14  -      unused   0.00      -
CH0.BAY15  -      unused   0.00      -
CH0.BAY16  -      unused   0.00      -
CH0.BAY17  -      unused   0.00      -
CH0.BAY18  -      unused   0.00      -
CH0.BAY19  -      unused   0.00      -
CH0.NVB0   NVRAM  healthy  7.52G     -
CH0.NVB1   NVRAM  healthy  7.52G     -
CH0.NVB2   NVRAM  unused   0.00      -
CH0.NVB3   NVRAM  unused   0.00      -
pureeng@sum-pure-c-01-ct1:~$ puremessage list --open
pureeng@sum-pure-c-01-ct1:~$ ssh peer
ssh: Could not resolve hostname peer: Temporary failure in name resolution
pureeng@sum-pure-c-01-ct1:~$ sudo su
     root@sum-pure-c-01-ct1:/var/home/pureeng# ssh peer
Last login: Tue Jun 24 18:18:20 2025 from 10.125.0.1

Sat Jul 12 12:10:20 2025
Welcome root. This is Purity Version 6.5.10 on FlashArray sum-pure-c-01
http://www.purestorage.com/
     root@sum-pure-c-01-ct0:~# exit
logout
     root@sum-pure-c-01-ct1:/var/home/pureeng# ssh peer
Last login: Sat Jul 12 12:10:20 2025 from fe80::26a9:37ff:fe61:f903%haeth0

Sat Jul 12 12:10:26 2025
Welcome root. This is Purity Version 6.5.10 on FlashArray sum-pure-c-01
http://www.purestorage.com/
     root@sum-pure-c-01-ct0:~# ssh peer
Last login: Tue Jun 24 18:18:19 2025 from 10.125.0.1

Sat Jul 12 12:10:29 2025
Welcome root. This is Purity Version 6.5.10 on FlashArray sum-pure-c-01
http://www.purestorage.com/
     root@sum-pure-c-01-ct1:~# eixit
logout
     root@sum-pure-c-01-ct0:~# exit
logout
     root@sum-pure-c-01-ct1:/var/home/pureeng# purearray phonehome --send-today && ssh peer purearray phonehome --send-today

Status   Action
running  send_today
Status   Action
running  send_today
phonehome is already running
     root@sum-pure-c-01-ct1:/var/home/pureeng# purealert ununtag --maintenance
Name
maintenance
     root@sum-pure-c-01-ct1:/var/home/pureeng# purealsert ert list --tag
Name       Created                  Expires
puresetup  2025-07-12 12:01:05 EDT  2025-07-12 13:01:05 EDT
     root@sum-pure-c-01-ct1:/var/home/pureeng# purealert untag --maintenance
Error on maintenance: Tag does not exist.
     root@sum-pure-c-01-ct1:/var/home/pureeng# purealert list --tag
Name       Created                  Expires
puresetup  2025-07-12 12:01:05 EDT  2025-07-12 13:01:05 EDT
     root@sum-pure-c-01-ct1:/var/home/pureeng# purealrert unatg --puresetup
usage: purealert [-h] {flag,list,listobj,rule,tag,unflag,untag,watcher} ...
purealert: error: argument subcommand: invalid choice: 'unatg' (choose from 'watcher', 'list', 'listobj', 'flag', 'unflag', 'tag', 'untag', 'rule')
     root@sum-pure-c-01-ct1:/var/home/pureeng# purealert unatg --puresetup --puresetup --puresetup --puresetupt --puresetupa --puresetupg --puresetup
usage: purealert untag [-h]
                       (--maintenance | --suppress ALERT-CODE | --forcevisible ALERT-CODE)
purealert untag: error: one of the arguments --maintenance --suppress --forcevisible is required
     root@sum-pure-c-01-ct1:/var/home/pureeng# purealert list --tag
Name       Created                  Expires
puresetup  2025-07-12 12:01:05 EDT  2025-07-12 13:01:05 EDT
     root@sum-pure-c-01-ct1:/var/home/pureeng# purealert untag --puresetup
usage: purealert untag [-h]
                       (--maintenance | --suppress ALERT-CODE | --forcevisible ALERT-CODE)
purealert untag: error: one of the arguments --maintenance --suppress --forcevisible is required
     root@sum-pure-c-01-ct1:/var/home/pureeng# purealert untag --puresetupmaintenance
Error on maintenance: Tag does not exist.
     root@sum-pure-c-01-ct1:/var/home/pureeng# exit
exit
pureeng@sum-pure-c-01-ct1:~$ exit
logout

sum-pure-c-01-ct1 login: 