=~=~=~=~=~=~=~=~=~=~=~= PuTTY log 2025.02.22 08:59:44 =~=~=~=~=~=~=~=~=~=~=~=

PureDrCluster-ct0 login: pureeng
1) Authenticate via CloudAssist
2) Authenticate via command line
3) Restore challenge
Type the number corresponding to the authentication method you want to use.

Selection: 1

An email for identity verification will be sent once email is entered.
Please follow the authentication instructions provided there and return to this screen when finished or if email has not been received.


Enter an email address: fharris@purestro  orage.com
Successfully authenticated
Last login: Mon Sep 27 12:33:09 EDT 2021 on ttyS0

Sat Feb 22 09:00:31 2025
Welcome pureeng. This is Purity Version 6.5.8 on FlashArray PureDrCluster
http://www.purestorage.com/
pureeng@PureDrCluster-ct0:~$ stty rows 20;stty columns 250;export TERM=linux;exp ort LINES=20;export COLUMNS=250
pureeng@PureDrCluster-ct0:~$ sudos su
     root@PureDrCluster-ct0:/var/home/pureeng# purealert tag --timeout 240m --maintenance
Name         Created                  Expires
maintenance  2025-02-22 09:01:56 EST  2025-02-22 13:01:56 EST
     root@PureDrCluster-ct0:/var/home/pureeng# purearray phonehome --send-today && ssh peer purearray phonehome --send-today
Status   Action
running  send_today
phonehome is already running
Status   Action
running  send_today
     root@PureDrCluster-ct0:/var/home/pureeng# purehw list
Name       Status         Identify  Slot  Index  Speed       Temperature  Voltage  Details
CH0        ok             off       -     0      -           -            -        -
CH0.BAY0   ok             off       -     0      -           -            -        -
CH0.BAY1   ok             off       -     1      -           -            -        -
CH0.BAY2   ok             off       -     2      -           -            -        -
CH0.BAY3   ok             off       -     3      -           -            -        -
CH0.BAY4   ok             off       -     4      -           -            -        -
CH0.BAY5   ok             off       -     5      -           -            -        -
CH0.BAY6   ok             off       -     6      -           -            -        -
CH0.BAY7   ok             off       -     7      -           -            -        -
CH0.BAY8   ok             off       -     8      -           -            -        -
CH0.BAY9   ok             off       -     9      -           -            -        -
CH0.BAY10  ok             off       -     10     -           -            -        -
CH0.BAY11  ok             off       -     11     -           -            -        -
CH0.BAY12  not_installed  off       -     12     -           -            -        -
CH0.BAY13  not_installed  off       -     13     -           -            -        -
CH0.BAY14  not_installed  off       -     14     -           -            -        -
CH0.BAY15  not_installed  off       -     15     -           -            -        -
CH0.BAY16  not_installed  off       -     16     -           -            -        -
CH0.BAY17  not_installed  off       -     17     -           -            -        -
CH0.BAY18  not_installed  off       -     18     -           -            -        -
CH0.BAY19  not_installed  off       -     19     -           -            -        -
CH0.NVB0   ok             off       -     0      -           -            -        -
CH0.NVB1   ok             off       -     1      -           -            -        -
CH0.NVB2   not_installed  off       -     2      -           -            -        -
CH0.NVB3   not_installed  off       -     3      -           -            -        -
CH0.PWR0   ok             -         -     0      -           -            204 V    -
CH0.PWR1   ok             -         -     1      -           -            202 V    -
CH0.TMP0   ok             -         -     0      -           23 C         -        -
CT0        ok             off       -     0      -           -            -        -
CT0.ETH0   ok             -         -     0      1.00 Gb/s   -            -        -
CT0.ETH1   ok             -         -     1      0.00 b/s    -            -        -
CT0.ETH2   ok             -         -     2      10.00 Gb/s  -            -        -
CT0.ETH3   ok             -         -     3      0.00 b/s    -            -        -
CT0.ETH4   ok             -         -     4      10.00 Gb/s  -            -        -
CT0.ETH5   ok             -         -     5      25.00 Gb/s  -            -        -
CT0.FAN0   ok             -         -     0      -           -            -        -
CT0.FAN1   ok             -         -     1      -           -            -        -
CT0.FAN2   ok             -         -     2      -           -            -        -
CT0.FAN3   ok             -         -     3      -           -            -        -
CT0.FAN4   ok             -         -     4      -           -            -        -
CT0.FAN5   ok             -         -     5      -           -            -        -
CT0.TMP0   ok             -         -     0      -           33 C         -        -
CT0.TMP1   ok             -         -     1      -           36 C         -        -
CT0.TMP2   ok             -         -     2      -           31 C         -        -
CT0.TMP3   ok             -         -     3      -           43 C         -        -
CT0.TMP4   ok             -         -     4      -           42 C         -        -
CT0.TMP5   ok             -         -     5      -           37 C         -        -
CT0.TMP6   ok             -         -     6      -           42 C         -        -
CT0.TMP7   ok             -         -     7      -           31 C         -        -
CT0.TMP8   ok             -         -     8      -           31 C         -        -
CT0.TMP9   ok             -         -     9      -           33 C         -        -
CT0.TMP10  ok             -         -     10     -           30 C         -        -
CT0.TMP11  ok             -         -     11     -           30 C         -        -
CT0.TMP12  ok             -         -     12     -           29 C         -        -
CT0.TMP13  ok             -         -     13     -           36 C         -        -
CT0.TMP14  ok             -         -     14     -           35 C         -        -
CT0.TMP15  ok             -         -     15     -           35 C         -        -
CT0.TMP16  ok             -         -     16     -           33 C         -        -
CT0.TMP17  ok             -         -     17     -           34 C         -        -
CT0.TMP18  ok             -         -     18     -           34 C         -        -
CT0.TMP19  ok             -         -     19     -           33 C         -        -
CT0.TMP20  ok             -         -     20     -           29 C         -        -
CT0.TMP21  ok             -         -     21     -           38 C         -        -
CT0.TMP22  ok             -         -     22     -           33 C         -        -
CT0.TMP23  ok             -         -     23     -           37 C         -        -
CT0.TMP24  ok             -         -     24     -           38 C         -        -
CT0.TMP25  ok             -         -     25     -           38 C         -        -
CT0.TMP26  ok             -         -     26     -           33 C         -        -
CT1        ok             off       -     1      -           -            -        -
CT1.ETH0   ok             -         -     0      1.00 Gb/s   -            -        -
CT1.ETH1   ok             -         -     1      0.00 b/s    -            -        -
CT1.ETH2   ok             -         -     2      10.00 Gb/s  -            -        -
CT1.ETH3   ok             -         -     3      0.00 b/s    -            -        -
CT1.ETH4   ok             -         -     4      10.00 Gb/s  -            -        -
CT1.ETH5   ok             -         -     5      25.00 Gb/s  -            -        -
CT1.FAN0   ok             -         -     0      -           -            -        -
CT1.FAN1   ok             -         -     1      -           -            -        -
CT1.FAN2   ok             -         -     2      -           -            -        -
CT1.FAN3   ok             -         -     3      -           -            -        -
CT1.FAN4   ok             -         -     4      -           -            -        -
CT1.FAN5   ok             -         -     5      -           -            -        -
CT1.TMP0   ok             -         -     0      -           34 C         -        -
CT1.TMP1   ok             -         -     1      -           36 C         -        -
CT1.TMP2   ok             -         -     2      -           34 C         -        -
CT1.TMP3   ok             -         -     3      -           35 C         -        -
CT1.TMP4   ok             -         -     4      -           36 C         -        -
CT1.TMP5   ok             -         -     5      -           36 C         -        -
CT1.TMP6   ok             -         -     6      -           38 C         -        -
CT1.TMP7   ok             -         -     7      -           33 C         -        -
CT1.TMP8   ok             -         -     8      -           33 C         -        -
CT1.TMP9   ok             -         -     9      -           34 C         -        -
CT1.TMP10  ok             -         -     10     -           31 C         -        -
CT1.TMP11  ok             -         -     11     -           31 C         -        -
CT1.TMP12  ok             -         -     12     -           31 C         -        -
CT1.TMP13  ok             -         -     13     -           36 C         -        -
CT1.TMP14  ok             -         -     14     -           35 C         -        -
CT1.TMP15  ok             -         -     15     -           35 C         -        -
CT1.TMP16  ok             -         -     16     -           34 C         -        -
CT1.TMP17  ok             -         -     17     -           35 C         -        -
CT1.TMP18  ok             -         -     18     -           35 C         -        -
CT1.TMP19  ok             -         -     19     -           35 C         -        -
CT1.TMP20  ok             -         -     20     -           30 C         -        -
CT1.TMP21  ok             -         -     21     -           38 C         -        -
CT1.TMP22  ok             -         -     22     -           35 C         -        -
CT1.TMP23  ok             -         -     23     -           37 C         -        -
CT1.TMP24  ok             -         -     24     -           38 C         -        -
CT1.TMP25  ok             -         -     25     -           38 C         -        -
CT1.TMP26  ok             -         -     26     -           35 C         -        -
     root@PureDrCluster-ct0:/var/home/pureeng# purearray phonehome --send-today && ssh peer purearray phonehome --send-today
purephonehome is already running
Status   Action
running  send_today
mesphonehome is already running
Status   Action
running  send_today
     root@PureDrCluster-ct0:/var/home/pureeng# puremessage list --open
ID       Time                     Severity  Category  Code  Component    Name                Event                                                           Expected  Actual  Details
3226568  2024-05-15 05:50:17 EDT  warning   array     214   file system  SMB_File_System_dr  Missing email addresses for quota notifications user or group.  -         -       
     root@PureDrCluster-ct0:/var/home/pureeng# puremessage list --open --hidden
ID       Time                     Severity  Category  Code  Component    Name                Event                                                           Expected  Actual  Details
3226568  2024-05-15 05:50:17 EDT  warning   array     214   file system  SMB_File_System_dr  Missing email addresses for quota notifications user or group.  -         -       
     root@PureDrCluster-ct0:/var/home/pureeng# purearray list --controller
Name  Type              Mode       Model     Version  Status  Internal Details
CT0   array_controller  primary    FA-C40R3  6.5.8    ready   
CT1   array_controller  secondary  FA-C40R3  6.5.8    ready   
     root@PureDrCluster-ct0:/var/home/pureeng# pureadm status
Process status:
purity start/running
lio-drv start/running
foed start/running, process 12982
platform start/running, process 12947
gui start/running, process 12924
rest start/running, process 14286
monitor start/running, process 12936
iostat start/running, process 83406
statistics start/running, process 12963
middleware start/running, process 15028
vasa start/running, process 15030
filegw start/running, process 22849
platform working
foed working
gui working
platform_env working
quorum working
foed_env working
foed_ready working
remote_patch working
driver working
san working
health working
lio-drv working
middleware-db working
middleware working
vasa working
middleware-file working
     root@PureDrCluster-ct0:/var/home/pureeng# puredb run giveback --safe
     root@PureDrCluster-ct0:/var/home/pureeng# ppuredb run giveback --safeadm statusrray list --controller
Name  Type              Mode       Model     Version  Status     Internal Details
CT0   array_controller  secondary  FA-C40R3  6.5.8    not ready  SAN disabled; portal is not open
CT1   array_controller  primary    FA-C40R3  6.5.8    ready      
     root@PureDrCluster-ct0:/var/home/pureeng# purearray list --controller
Name  Type              Mode       Model     Version  Status  Internal Details
CT0   array_controller  secondary  FA-C40R3  6.5.8    ready   
CT1   array_controller  primary    FA-C40R3  6.5.8    ready   
     root@PureDrCluster-ct0:/var/home/pureeng# iofcpureportlist=`pureport list --initiator | awk '/Target/,0' | cut -d. -f1 | awk '{print $1,$5}' | grep -v '-' | grep -v "Initiator" | uniq -c; echo`; fcpureportlistcount=`echo "$fcpureportlist" | awk '{total += $1} END {print total}'`; echo -e "$fcpureportlist\n\n"; echo -e "\tTotal FC connections: $fcpureportlistcount\n\n";



Total FC connections: 0


     root@PureDrCluster-ct0:/var/home/pureeng# iscsipureportlist=`pureport list --initiator | grep -v FC | awk -F' CT' '{print "CT"$2,$8}' | grep -v 'CT ' | awk -F '.ETH' '{print $1, $2}' | awk '{print $1, $5, $6}' | sort | uniq -c; echo`; iscsipureportlistcount=`echo "$iscsipureportlist" | awk '{total += $1} END {print total}'`; echo -e "$iscsipureportlist\n\n"; echo -e "\tTotal iSCSI connections: $iscsipureportlistcount\n\n";
     64 CT0 iqn.2010-06.com.purestorage:flasharray.1ad1e34ab4674a15 -
     64 CT1 iqn.2010-06.com.purestorage:flasharray.1ad1e34ab4674a15 -


Total iSCSI connections: 128


     root@PureDrCluster-ct0:/var/home/pureeng# cat /etc/timezone
US/Eastern     root@PureDrCluster-ct0:/var/home/pureeng# iobalance --sampletime 30
sampling host I/O for 30 seconds...
                                Host  CT0 I/O Count  CT1 I/O Count  
                               VMH01        5.00       49.00  ! unbalanced I/O
                               VMH02       32.00      112.00  ! unbalanced I/O
                               VMH03       65.00      103.00  ! unbalanced I/O
                               VMH04       52.00       94.00  ! unbalanced I/O
                               VMH05      101.00      111.00  
                               VMH11      130.00       22.00  ! unbalanced I/O
                               VMH12        1.00       14.00  
                               VMH13      136.00      377.00  ! unbalanced I/O
                               VMH14       89.00       37.00  ! unbalanced I/O
                               VMH15       1.95K      160.00  ! unbalanced I/O
                               VMH16      28.05K       1.82K  ! unbalanced I/O
                               VMH17       1.09K      196.00  ! unbalanced I/O
                               VMH18      16.88K      23.04K  
                               VMH19       8.04K       7.97K  
                               VMH20       4.22K      139.00  ! unbalanced I/O
                               VMH21       60.00       80.00  
                               VMH22        6.00       16.00  
                               VMH24       1.52K       3.46K  ! unbalanced I/O
                               VMH26       45.00       95.00  ! unbalanced I/O
                               VMH27       20.00       48.00  ! unbalanced I/O
                               VMH28       24.00       18.00  
                              dvmh01       2.35K       40.00  ! unbalanced I/O
                              dvmh02      829.00      381.00  ! unbalanced I/O
                              dvmh03      143.00      258.00  ! unbalanced I/O
                              dvmh04      305.00      434.00  
                              dvmh05      184.00        4.00  ! unbalanced I/O
                              dvmh06      39.49K      39.49K  
                              dvmh07      332.00        5.00  ! unbalanced I/O
wenonpvmh1-worthingtonenterprise-com      236.00       1.24K  ! unbalanced I/O
wenonpvmh2-worthingtonenterprise-com       2.22K      206.00  ! unbalanced I/O
wenonpvmh3-worthingtonenterprise-com       8.27K       2.72K  ! unbalanced I/O
wenonpvmh4-worthingtonenterprise-com       1.34K       1.37K  
                          weprdpvmh1        7.00        1.00  
                          weprdpvmh2      166.00        3.00  ! unbalanced I/O
                          weprdpvmh3       61.00        0.00  ! no I/O to CT1
                          weprdpvmh4        3.00       40.00  ! unbalanced I/O
                          weprdpvmh5        2.00        4.00  
                          weprdpvmh6       81.00       62.00  
                          weprdpvmh7        2.00      165.00  ! unbalanced I/O
                          weprdpvmh8      469.00        3.00  ! unbalanced I/O
     root@PureDrCluster-ct0:/var/home/pureeng# iobalance --sampletime 30
sampling host I/O for 30 seconds...
                                Host  CT0 I/O Count  CT1 I/O Count  
                               VMH01        8.00       96.00  ! unbalanced I/O
                               VMH02       45.00       95.00  ! unbalanced I/O
                               VMH03       60.00       80.00  
                               VMH04        7.00        7.00  
                               VMH05       42.00       98.00  ! unbalanced I/O
                               VMH11       61.00       79.00  
                               VMH12       45.00      154.00  ! unbalanced I/O
                               VMH13      105.00      472.00  ! unbalanced I/O
                               VMH14       24.00        4.00  
                               VMH15       1.90K      132.00  ! unbalanced I/O
                               VMH16      25.99K       3.05K  ! unbalanced I/O
                               VMH17      918.00      262.00  ! unbalanced I/O
                               VMH18      14.00K      18.18K  
                               VMH19       9.55K       8.61K  
                               VMH20       3.58K      173.00  ! unbalanced I/O
                               VMH21       50.00       91.00  ! unbalanced I/O
                               VMH22       52.00      104.00  ! unbalanced I/O
                               VMH24       1.48K       4.25K  ! unbalanced I/O
                               VMH26        6.00        8.00  
                               VMH27       12.00       78.00  ! unbalanced I/O
                               VMH28        9.00       57.00  ! unbalanced I/O
                              dvmh01       4.21K      163.00  ! unbalanced I/O
                              dvmh02       6.87K      636.00  ! unbalanced I/O
                              dvmh03      180.00      328.00  ! unbalanced I/O
                              dvmh04      261.00      186.00  
                              dvmh05      208.00      114.00  ! unbalanced I/O
                              dvmh06      100.00      183.00  ! unbalanced I/O
                              dvmh07      543.00       83.00  ! unbalanced I/O
wenonpvmh1-worthingtonenterprise-com      252.00      500.00  ! unbalanced I/O
wenonpvmh2-worthingtonenterprise-com       1.63K      238.00  ! unbalanced I/O
wenonpvmh3-worthingtonenterprise-com       2.40K       1.20K  ! unbalanced I/O
wenonpvmh4-worthingtonenterprise-com       1.71K       1.54K  
                          weprdpvmh1      167.00       10.00  ! unbalanced I/O
                          weprdpvmh2        8.00      131.00  ! unbalanced I/O
                          weprdpvmh3       77.00        2.00  ! unbalanced I/O
                          weprdpvmh4      144.00       46.00  ! unbalanced I/O
                          weprdpvmh5       21.00       40.00  ! unbalanced I/O
                          weprdpvmh6      169.00       10.00  ! unbalanced I/O
                          weprdpvmh7        0.00        8.00  ! no I/O to CT0
                          weprdpvmh8      639.00        5.00  ! unbalanced I/O
     root@PureDrCluster-ct0:/var/home/pureeng# purevol list --connect | grep "protocol-endpoint"
     root@PureDrCluster-ct0:/var/home/pureeng# purehw list
Name       Status         Identify  Slot  Index  Speed       Temperature  Voltage  Details
CH0        ok             off       -     0      -           -            -        -
CH0.BAY0   ok             off       -     0      -           -            -        -
CH0.BAY1   ok             off       -     1      -           -            -        -
CH0.BAY2   ok             off       -     2      -           -            -        -
CH0.BAY3   ok             off       -     3      -           -            -        -
CH0.BAY4   ok             off       -     4      -           -            -        -
CH0.BAY5   ok             off       -     5      -           -            -        -
CH0.BAY6   ok             off       -     6      -           -            -        -
CH0.BAY7   ok             off       -     7      -           -            -        -
CH0.BAY8   ok             off       -     8      -           -            -        -
CH0.BAY9   ok             off       -     9      -           -            -        -
CH0.BAY10  ok             off       -     10     -           -            -        -
CH0.BAY11  ok             off       -     11     -           -            -        -
CH0.BAY12  not_installed  off       -     12     -           -            -        -
CH0.BAY13  not_installed  off       -     13     -           -            -        -
CH0.BAY14  not_installed  off       -     14     -           -            -        -
CH0.BAY15  not_installed  off       -     15     -           -            -        -
CH0.BAY16  not_installed  off       -     16     -           -            -        -
CH0.BAY17  not_installed  off       -     17     -           -            -        -
CH0.BAY18  not_installed  off       -     18     -           -            -        -
CH0.BAY19  not_installed  off       -     19     -           -            -        -
CH0.NVB0   ok             off       -     0      -           -            -        -
CH0.NVB1   ok             off       -     1      -           -            -        -
CH0.NVB2   not_installed  off       -     2      -           -            -        -
CH0.NVB3   not_installed  off       -     3      -           -            -        -
CH0.PWR0   ok             -         -     0      -           -            204 V    -
CH0.PWR1   ok             -         -     1      -           -            202 V    -
CH0.TMP0   ok             -         -     0      -           23 C         -        -
CT0        ok             off       -     0      -           -            -        -
CT0.ETH0   ok             -         -     0      1.00 Gb/s   -            -        -
CT0.ETH1   ok             -         -     1      0.00 b/s    -            -        -
CT0.ETH2   ok             -         -     2      10.00 Gb/s  -            -        -
CT0.ETH3   ok             -         -     3      0.00 b/s    -            -        -
CT0.ETH4   ok             -         -     4      10.00 Gb/s  -            -        -
CT0.ETH5   ok             -         -     5      25.00 Gb/s  -            -        -
CT0.FAN0   ok             -         -     0      -           -            -        -
CT0.FAN1   ok             -         -     1      -           -            -        -
CT0.FAN2   ok             -         -     2      -           -            -        -
CT0.FAN3   ok             -         -     3      -           -            -        -
CT0.FAN4   ok             -         -     4      -           -            -        -
CT0.FAN5   ok             -         -     5      -           -            -        -
CT0.TMP0   ok             -         -     0      -           32 C         -        -
CT0.TMP1   ok             -         -     1      -           35 C         -        -
CT0.TMP2   ok             -         -     2      -           31 C         -        -
CT0.TMP3   ok             -         -     3      -           32 C         -        -
CT0.TMP4   ok             -         -     4      -           34 C         -        -
CT0.TMP5   ok             -         -     5      -           36 C         -        -
CT0.TMP6   ok             -         -     6      -           39 C         -        -
CT0.TMP7   ok             -         -     7      -           30 C         -        -
CT0.TMP8   ok             -         -     8      -           30 C         -        -
CT0.TMP9   ok             -         -     9      -           32 C         -        -
CT0.TMP10  ok             -         -     10     -           29 C         -        -
CT0.TMP11  ok             -         -     11     -           28 C         -        -
CT0.TMP12  ok             -         -     12     -           28 C         -        -
CT0.TMP13  ok             -         -     13     -           34 C         -        -
CT0.TMP14  ok             -         -     14     -           34 C         -        -
CT0.TMP15  ok             -         -     15     -           33 C         -        -
CT0.TMP16  ok             -         -     16     -           32 C         -        -
CT0.TMP17  ok             -         -     17     -           32 C         -        -
CT0.TMP18  ok             -         -     18     -           32 C         -        -
CT0.TMP19  ok             -         -     19     -           32 C         -        -
CT0.TMP20  ok             -         -     20     -           28 C         -        -
CT0.TMP21  ok             -         -     21     -           36 C         -        -
CT0.TMP22  ok             -         -     22     -           31 C         -        -
CT0.TMP23  ok             -         -     23     -           35 C         -        -
CT0.TMP24  ok             -         -     24     -           36 C         -        -
CT0.TMP25  ok             -         -     25     -           35 C         -        -
CT0.TMP26  ok             -         -     26     -           33 C         -        -
CT1        ok             off       -     1      -           -            -        -
CT1.ETH0   ok             -         -     0      1.00 Gb/s   -            -        -
CT1.ETH1   ok             -         -     1      0.00 b/s    -            -        -
CT1.ETH2   ok             -         -     2      10.00 Gb/s  -            -        -
CT1.ETH3   ok             -         -     3      0.00 b/s    -            -        -
CT1.ETH4   ok             -         -     4      10.00 Gb/s  -            -        -
CT1.ETH5   ok             -         -     5      25.00 Gb/s  -            -        -
CT1.FAN0   ok             -         -     0      -           -            -        -
CT1.FAN1   ok             -         -     1      -           -            -        -
CT1.FAN2   ok             -         -     2      -           -            -        -
CT1.FAN3   ok             -         -     3      -           -            -        -
CT1.FAN4   ok             -         -     4      -           -            -        -
CT1.FAN5   ok             -         -     5      -           -            -        -
CT1.TMP0   ok             -         -     0      -           36 C         -        -
CT1.TMP1   ok             -         -     1      -           38 C         -        -
CT1.TMP2   ok             -         -     2      -           34 C         -        -
CT1.TMP3   ok             -         -     3      -           45 C         -        -
CT1.TMP4   ok             -         -     4      -           47 C         -        -
CT1.TMP5   ok             -         -     5      -           38 C         -        -
CT1.TMP6   ok             -         -     6      -           44 C         -        -
CT1.TMP7   ok             -         -     7      -           35 C         -        -
CT1.TMP8   ok             -         -     8      -           36 C         -        -
CT1.TMP9   ok             -         -     9      -           37 C         -        -
CT1.TMP10  ok             -         -     10     -           33 C         -        -
CT1.TMP11  ok             -         -     11     -           33 C         -        -
CT1.TMP12  ok             -         -     12     -           32 C         -        -
CT1.TMP13  ok             -         -     13     -           38 C         -        -
CT1.TMP14  ok             -         -     14     -           37 C         -        -
CT1.TMP15  ok             -         -     15     -           37 C         -        -
CT1.TMP16  ok             -         -     16     -           36 C         -        -
CT1.TMP17  ok             -         -     17     -           37 C         -        -
CT1.TMP18  ok             -         -     18     -           37 C         -        -
CT1.TMP19  ok             -         -     19     -           36 C         -        -
CT1.TMP20  ok             -         -     20     -           31 C         -        -
CT1.TMP21  ok             -         -     21     -           41 C         -        -
CT1.TMP22  ok             -         -     22     -           38 C         -        -
CT1.TMP23  ok             -         -     23     -           40 C         -        -
CT1.TMP24  ok             -         -     24     -           41 C         -        -
CT1.TMP25  ok             -         -     25     -           43 C         -        -
CT1.TMP26  ok             -         -     26     -           35 C         -        -
     root@PureDrCluster-ct0:/var/home/pureeng# puretune --list 
Consistently set tunables:
PS_FILE_GATEWAY_ENABLED : 1 ('ES-98270')
PS_DISABLE_ERADICATION : 1 ('01203873')
Inconsistently or unnecessarily set tunables:
PURESETUP_COMPLETED:
local pureadm             - 1 
peer pureadm              - 1 
local puredb              - <unset> 
peer puredb               - <unset> 
local puredb --platform   - <unset> 
peer puredb --platform    - <unset> 
local puredb --chastity   - <unset> 
peer puredb --chastity    - <unset> 
PS_LOCK_PGROUP_SNAPSHOT_RETENTION:
local pureadm             - 1  (01203873)
peer pureadm              - 1  (01203873)
local puredb              - <unset> 
peer puredb               - <unset> 
local puredb --platform   - <unset> 
peer puredb --platform    - <unset> 
local puredb --chastity   - <unset> 
peer puredb --chastity    - <unset> 
PURITY_START_ON_BOOT:
local pureadm             - 1 
peer pureadm              - 1  (\'\')
local puredb              - <unset> 
peer puredb               - <unset> 
local puredb --platform   - <unset> 
peer puredb --platform    - <unset> 
local puredb --chastity   - <unset> 
peer puredb --chastity    - <unset> 
PS_FILEGW_ALLOW_GLOBAL_CATALOG:
local pureadm             - 0  (Set during upgrade to 6.3.12 - CLOUD-72304)
peer pureadm              - 0  (Set during upgrade to 6.3.12 - CLOUD-72304)
local puredb              - <unset> 
peer puredb               - <unset> 
local puredb --platform   - <unset> 
peer puredb --platform    - <unset> 
local puredb --chastity   - <unset> 
peer puredb --chastity    - <unset> 
PS_FILEGW_SMB_HIDE_DOT_SNAPSHOT:
local pureadm             - 0  (Set during upgrade to 6.3.12 - CLOUD-75192)
peer pureadm              - 0  (Set during upgrade to 6.3.12 - CLOUD-75192)
local puredb              - <unset> 
peer puredb               - <unset> 
local puredb --platform   - <unset> 
peer puredb --platform    - <unset> 
local puredb --chastity   - <unset> 
peer puredb --chastity    - <unset> 
PS_FILEGW_ALLOW_NTLM_KERBEROS_MEMBERSHIP:
local pureadm             - 0  (Set during upgrade to 6.4.7 - CLOUD-91245)
peer pureadm              - 0  (Set during upgrade to 6.4.7 - CLOUD-91245)
local puredb              - <unset> 
peer puredb               - <unset> 
local puredb --platform   - <unset> 
peer puredb --platform    - <unset> 
local puredb --chastity   - <unset> 
peer puredb --chastity    - <unset> 
ATOM_5177:
local pureadm             - DEF  (CLOUD-113977)
peer pureadm              - DEF  (CLOUD-113977)
local puredb              - <unset> 
peer puredb               - <unset> 
local puredb --platform   - <unset> 
peer puredb --platform    - <unset> 
local puredb --chastity   - <unset> 
peer puredb --chastity    - <unset> 
ATOM_SECURITY_BUNDLE_FA_2024_01_15:
local pureadm             - PCTFJ2126014B,PCTFJ212601AF,6.4.7  (CLOUD-113977 set by atom)
peer pureadm              - PCTFJ2126014B,PCTFJ212601AF,6.4.7  (CLOUD-113977 set by atom)
local puredb              - <unset> 
peer puredb               - <unset> 
local puredb --platform   - <unset> 
peer puredb --platform    - <unset> 
local puredb --chastity   - <unset> 
peer puredb --chastity    - <unset> 
PS_AU_POSTFILL_TIMEOUT_SEC:
local pureadm             - 3600  (PURE-243573)
peer pureadm              - 3600  (PURE-243573)
local puredb              - <unset> 
peer puredb               - <unset> 
local puredb --platform   - <unset> 
peer puredb --platform    - <unset> 
local puredb --chastity   - <unset> 
peer puredb --chastity    - <unset> 
PS_FILEGW_SMB_FILTER_MODE_DENY_ACES:
local pureadm             - 1  ('Set during upgrade to 6.5.8 - CLOUD-103946')
peer pureadm              - 1  (Set during upgrade to 6.5.8 - CLOUD-103946)
local puredb              - <unset> 
peer puredb               - <unset> 
local puredb --platform   - <unset> 
peer puredb --platform    - <unset> 
local puredb --chastity   - <unset> 
peer puredb --chastity    - <unset> 
     root@PureDrCluster-ct0:/var/home/pureeng# purearray list --connect --path && ssh peer purearray list --connect --path
Name             Local Port  Local Address  Remote Port  Remote Address  Status     Transport
PureCorpCluster  ct0.eth2    10.195.6.30    ct0.eth2     10.195.3.30     connected  ip
PureCorpCluster  ct1.eth2    10.195.6.31    ct0.eth2     10.195.3.30     connected  ip
Name             Local Port  Local Address  Remote Port  Remote Address  Status     Transport
PureCorpCluster  ct0.eth2    10.195.6.30    ct0.eth2     10.195.3.30     connected  ip
PureCorpCluster  ct1.eth2    10.195.6.31    ct0.eth2     10.195.3.30     connected  ip
     root@PureDrCluster-ct0:/var/home/pureeng# purearray list --controller
Name  Type              Mode       Model     Version  Status  Internal Details
CT0   array_controller  secondary  FA-C40R3  6.5.8    ready   
CT1   array_controller  primary    FA-C40R3  6.5.8    ready   
     root@PureDrCluster-ct0:/var/home/pureeng# purearray lphonehome --status
Status  Action
-       -
     root@PureDrCluster-ct0:/var/home/pureeng# purearray list --controller
Name  Type              Mode       Model     Version  Status  Internal Details
CT0   array_controller  secondary  FA-C40R3  6.5.8    ready   
CT1   array_controller  primary    FA-C40R3  6.5.8    ready   
     root@PureDrCluster-ct0:/var/home/pureeng# 
     root@PureDrCluster-ct0:/var/home/pureeng# pureadm stop
monitor stop/waiting
wait-for-state pureapp stop/waiting
wait-for-state mariadb stop/waiting
lio-drv disabling
platform stop/waiting
wait-for-state foed stop/waiting
iostat stop/waiting
statistics stop/waiting
rtm-file-collector stop/waiting
wait-for-state lio-drv stop/waiting
purity stop/waiting
wait-for-state purity_started stop/waiting
Pure Storage is offline.
     root@PureDrCluster-ct0:/var/home/pureeng# =~=~=~=~=~=~=~=~=~=~=~= PuTTY log 2025.02.22 09:17:28 =~=~=~=~=~=~=~=~=~=~=~=
 GNU GRUB  version 2.06

/----------------------------------------------------------------------------\||||||||||||||||||||||||||\----------------------------------------------------------------------------/     Use the ^ and v keys to select which entry is highlighted.          
      Press enter to boot the selected OS, `e' to edit the commands       
      before booting or `c' for a command-line.                            *Purity 6.5.5 (202404130351+34e2b1e66ad3) with kernel 5.15.123+ (2024031915>
 Purity 6.5.5 (202404130351+34e2b1e66ad3) with kernel 5.15.123+ (2024031915>
                                                                                                                                                                                                                                                                                                                                                                                                                                                                                                                                                                                                                                                                                                                                                                                                                                                                        The highlighted entry will be executed automatically in 3s.                    The highlighted entry will be executed automatically in 2s.                    The highlighted entry will be executed automatically in 1s.                    The highlighted entry will be executed automatically in 0s.                 
Purity

PCTFJ242801CB login: puresetup
Password: 

Login incorrect
PCTFJ242801CB login: puresetup
Password: 

Sat Feb 22 14:17:57 2025
Welcome puresetup. This is Purity Version 6.5.5 on FlashArray PCTFJ242801CB
http://www.purestorage.com/
puresetup@PCTFJ242801CB:~$ ls /dev/sd*1
/dev/sda1  /dev/sdb1
puresetup@PCTFJ242801CB:~$ mount /deb/sdb1 /mnt
mount: /mnt: special device /deb/sdb1 does not exist.
puresetup@PCTFJ242801CB:~$ cp mount /deb/sdb1 /mntv
puresetup@PCTFJ242801CB:~$ cp /mnt/6.5.8/* .
puresetup@PCTFJ242801CB:~$ pureinstall purity_6.5.8_202408090136+b967c2f84655.ppkg
Installing Purity on alternate partition labeled second.
Erasing Purity software image from alternate partition second to prepare for installation.
WARNING: Do not interrupt this process!!
Unpacking new Purity software.
................................................................................................................................................................................................................................................................................................................................................................................................................................................................................................................................................................................................................................................................................................................................................................................................................................................................................................................................................................................................................................................................................................................................................................................................................................................................................................
Verifying package...

Finalizing installation. This may take several minutes.
Executing /altroot/opt/purextras/bin/finish-install.sh
Executing /altroot/opt/purextras/bin/finish-install.azure-propagate.sh
Executing /altroot/opt/purextras/bin/finish-install.cbs.sh
Executing /altroot/opt/purextras/bin/finish-install.cdu-pureinstall-lib.sh
Executing /altroot/opt/purextras/bin/finish-install.fix-dpkg.sh
Purity installed.
Installation complete. The new Purity version will load at next reboot.

Important!
The first boot of a new Purity version may take longer if the new version includes controller firmware updates.
DO NOT REBOOT THE CONTROLLER DURING THE FIRMWARE UPDATE.

Refer to http://community.purestorage.com for more information about the Purity upgrade process and firmware updates.
puresetup@PCTFJ242801CB:~$ pureboot reboot --offline
[Errno 111] Connection refused
 GNU GRUB  version 2.06

/----------------------------------------------------------------------------\||||||||||||||||||||||||||\----------------------------------------------------------------------------/     Use the ^ and v keys to select which entry is highlighted.          
      Press enter to boot the selected OS, `e' to edit the commands       
      before booting or `c' for a command-line.                             Purity 6.5.5 (202404130351+34e2b1e66ad3) with kernel 5.15.123+ (2024031915>
*Purity 6.5.8 (202408090136+b967c2f84655) with kernel 5.15.123+ (2024071402>
                                                                                                                                                                                                                                                                                                                                                                                                                                                                                                                                                                                                                                                                                                                                                                                                                                                                        The highlighted entry will be executed automatically in 3s.                    The highlighted entry will be executed automatically in 2s.                    The highlighted entry will be executed automatically in 1s.                    The highlighted entry will be executed automatically in 0s.                 
Purity

PCTFJ242801CB login: puresetup
Password: 

Login incorrect
PCTFJ242801CB login: puresetup
Password: 
<fw_update_tool>
===================================================================
=                            NOTICE                               =
===================================================================
=                                                                 =
=    Firmware is currently being checked and/or updated           =
=    on this controller.                                          =
=                                                                 =
=    If updates are necessary they will be applied automatically, =
=    and one or more automatic reboots may occur as a result.     =
=    A completion notice will be provided when done.              =
=                                                                 =
=    DO NOT RESTART OR REMOVE POWER WHILE UPDATE IS IN PROGRESS   =
=                                                                 =
===================================================================
<fw_update_tool>
Last login: Sat Feb 22 14:17:57 UTC 2025 on ttyS0

Sat Feb 22 14:26:11 2025
Welcome puresetup. This is Purity Version 6.5.8 on FlashArray PCTFJ242801CB
http://www.purestorage.com/
puresetup@PCTFJ242801CB:~$  GNU GRUB  version 2.06

/----------------------------------------------------------------------------\||||||||||||||||||||||||||\----------------------------------------------------------------------------/     Use the ^ and v keys to select which entry is highlighted.          
      Press enter to boot the selected OS, `e' to edit the commands       
      before booting or `c' for a command-line.                             Purity 6.5.5 (202404130351+34e2b1e66ad3) with kernel 5.15.123+ (2024031915>
*Purity 6.5.8 (202408090136+b967c2f84655) with kernel 5.15.123+ (2024071402>
                                                                                                                                                                                                                                                                                                                                                                                                                                                                                                                                                                                                                                                                                                                                                                                                                                                                        The highlighted entry will be executed automatically in 3s.                    The highlighted entry will be executed automatically in 2s.                    The highlighted entry will be executed automatically in 1s.                    The highlighted entry will be executed automatically in 0s.                 
Purity

PCTFJ242801CB login: puresetup
Password: 
<fw_update_tool>
===================================================================
=                            NOTICE                               =
===================================================================
=                                                                 =
=    Firmware is currently being checked and/or updated           =
=    on this controller.                                          =
=                                                                 =
=    If updates are necessary they will be applied automatically, =
=    and one or more automatic reboots may occur as a result.     =
=    A completion notice will be provided when done.              =
=                                                                 =
=    DO NOT RESTART OR REMOVE POWER WHILE UPDATE IS IN PROGRESS   =
=                                                                 =
===================================================================
<fw_update_tool>
Last login: Sat Feb 22 14:26:11 UTC 2025 on ttyS0

Sat Feb 22 14:37:06 2025
Welcome puresetup. This is Purity Version 6.5.8 on FlashArray PCTFJ242801CB
http://www.purestorage.com/
puresetup@PCTFJ242801CB:~$                                                                                
Broadcast message from root@PCTFJ242801CB (somewhere) (Sat Feb 22 14:37:36 2025
                                                                               
===================================================================            
=                   UPDATE AND/OR CHECK COMPLETE                  =            
=                                                                 =            
=    The firmware checks/updates on this system are now complete. =            
=    No further action is required, and the controller will       =            
=    continue running as usual                                    =            
=                                                                 =            
===================================================================            
                                                                               
                                                                               

puresetup@PCTFJ242801CB:~$ puresetup replace  --from-controller FA-C40R3
##########################################
#   Welcome to the Purity Setup Wizard   #
##########################################
Controller hardware model is compatible with the controller purity version
[Errno 111] Connection refused
Local controller model is FA-C50R4.
Drive detected storage type is C.
FA-C40R3 found to be replaced by FA-C50R4 has storage type C.
Controller type supports multiple storage types, detecting type of storage installed...
Detected storage type C
Pre-existing storage type C was found on the device
Successfully configured storage type C for array controller
Check Cobalt NDU controllers.. OK
Check RDL..................... OK
Check shelf cabling........... OK
Check controller link......... OK
Check power supply............ OK
Check PCIE AER errors......... OK
Check io card pci id's........ OK
Check LOM MAC addresses....... OK
Getting local controller type. Local controller type is cobalt_a.
Getting local controller variant. Not a generic controller, Exiting.
Checking peer controller for tunables

Apply PURESETUP_COMPLETED = 1 #
 (y/n):y
Apply PURESETUP_COMPLETED = 1 #
 (y/n): y
Tunable parameter set: PURESETUP_COMPLETED=1

Apply PS_FILE_GATEWAY_ENABLED = 1 # ES-98270
 (y/n):y
Apply PS_FILE_GATEWAY_ENABLED = 1 # ES-98270
 (y/n): y
Tunable parameter set: PS_FILE_GATEWAY_ENABLED=1

Apply PS_DISABLE_ERADICATION = 1 # 01203873
 (y/n):y
Apply PS_DISABLE_ERADICATION = 1 # 01203873
 (y/n): y
Tunable parameter set: PS_DISABLE_ERADICATION=1

Apply PS_LOCK_PGROUP_SNAPSHOT_RETENTION = 1 # 01203873
 (y/n):y
Apply PS_LOCK_PGROUP_SNAPSHOT_RETENTION = 1 # 01203873
 (y/n): y
Tunable parameter set: PS_LOCK_PGROUP_SNAPSHOT_RETENTION=1

Apply PS_FILEGW_ALLOW_GLOBAL_CATALOG = 0 # Set during upgrade to 6.3.12 - CLOUD-
 (y/n):y
Apply PS_FILEGW_ALLOW_GLOBAL_CATALOG = 0 # Set during upgrade to 6.3.12 - CLOUD-
 (y/n): y
Tunable parameter set: PS_FILEGW_ALLOW_GLOBAL_CATALOG=0

Apply PS_FILEGW_SMB_HIDE_DOT_SNAPSHOT = 0 # Set during upgrade to 6.3.12 - CLOUD
 (y/n):y
Apply PS_FILEGW_SMB_HIDE_DOT_SNAPSHOT = 0 # Set during upgrade to 6.3.12 - CLOUD
 (y/n): y
Tunable parameter set: PS_FILEGW_SMB_HIDE_DOT_SNAPSHOT=0

Apply PS_FILEGW_ALLOW_NTLM_KERBEROS_MEMBERSHIP = 0 # Set during upgrade to 6.4.7
 (y/n):y
Apply PS_FILEGW_ALLOW_NTLM_KERBEROS_MEMBERSHIP = 0 # Set during upgrade to 6.4.7
 (y/n): y
Tunable parameter set: PS_FILEGW_ALLOW_NTLM_KERBEROS_MEMBERSHIP=0

Apply ATOM_5177 = DEF # CLOUD-113977
 (y/n):y
Apply ATOM_5177 = DEF # CLOUD-113977
 (y/n): y
Tunable parameter set: ATOM_5177=DEF

Apply ATOM_SECURITY_BUNDLE_FA_2024_01_15 = PCTFJ2126014B,PCTFJ212601AF,6.4.7 # C
 (y/n):y
Apply ATOM_SECURITY_BUNDLE_FA_2024_01_15 = PCTFJ2126014B,PCTFJ212601AF,6.4.7 # C
 (y/n): y
Tunable parameter set: ATOM_SECURITY_BUNDLE_FA_2024_01_15=PCTFJ2126014B,PCTFJ212601AF,6.4.7

Apply PS_AU_POSTFILL_TIMEOUT_SEC = 3600 # PURE-243573
 (y/n):y
Apply PS_AU_POSTFILL_TIMEOUT_SEC = 3600 # PURE-243573
 (y/n): y
Tunable parameter set: PS_AU_POSTFILL_TIMEOUT_SEC=3600

Apply PS_FILEGW_SMB_FILTER_MODE_DENY_ACES = 1 # Set during upgrade to 6.5.8 - CL
 (y/n):y
Apply PS_FILEGW_SMB_FILTER_MODE_DENY_ACES = 1 # Set during upgrade to 6.5.8 - CL
 (y/n): y
Tunable parameter set: PS_FILEGW_SMB_FILTER_MODE_DENY_ACES=1
Stopping purity to ensure tunables are properly loaded.
Press ENTER to reboot

Please run puresetup again after reboot.
[Errno 111] Connection refused
 GNU GRUB  version 2.06

/----------------------------------------------------------------------------\||||||||||||||||||||||||||\----------------------------------------------------------------------------/     Use the ^ and v keys to select which entry is highlighted.          
      Press enter to boot the selected OS, `e' to edit the commands       
      before booting or `c' for a command-line.                             Purity 6.5.5 (202404130351+34e2b1e66ad3) with kernel 5.15.123+ (2024031915>
*Purity 6.5.8 (202408090136+b967c2f84655) with kernel 5.15.123+ (2024071402>
                                                                                                                                                                                                                                                                                                                                                                                                                                                                                                                                                                                                                                                                                                                                                                                                                                                                        The highlighted entry will be executed automatically in 3s.                    The highlighted entry will be executed automatically in 2s.                    The highlighted entry will be executed automatically in 1s.                    The highlighted entry will be executed automatically in 0s.                 
Purity

PCTFJ242801CB login: puresetup
Password: 
Last login: Sat Feb 22 14:37:06 UTC 2025 on ttyS0

Sat Feb 22 14:43:49 2025
Welcome puresetup. This is Purity Version 6.5.8 on FlashArray PCTFJ242801CB
http://www.purestorage.com/
puresetup@PCTFJ242801CB:~$ puresetup replace  --from-controller FA-C40R3
##########################################
#   Welcome to the Purity Setup Wizard   #
##########################################
Controller hardware model is compatible with the controller purity version
[Errno 111] Connection refused
Local controller model is FA-C50R4.
Drive detected storage type is C.
FA-C40R3 found to be replaced by FA-C50R4 has storage type C.
Controller type supports multiple storage types, detecting type of storage installed...
Detected storage type C
Pre-existing storage type C was found on the device
Successfully configured storage type C for array controller
Check Cobalt NDU controllers.. OK
Check RDL..................... OK
Check shelf cabling........... OK
Check controller link......... OK
Check power supply............ OK
Check PCIE AER errors......... OK
Check io card pci id's........ OK
Check LOM MAC addresses....... OK
Getting local controller type. Local controller type is cobalt_a.
Getting local controller variant. Not a generic controller, Exiting.
Checking peer controller for tunables
purity.service stablized: done
purity start/running
platform: ..done
foed: .done
gui: ....done
rest: done
platform_env: 0.done
quorum: ......done
foed_env: 1.1.1.1.1.1.1.1.1.1.1.1.1.1.1.1.1.1.1.1.1.1.1.1.1.1.1.1.1.1.1.1.1.1.1.1.1.1.1.1.1.1.1.1.1.1.1.1.1.1.1.1.1.1.1.1.1.1.1.1.1.2.2.1.1.1.1.1.1.1.1.1.1.1.1.1.1.1.0.done
foed_ready: done
remote_patch: done
driver: done
san: Skip waiting for san during HW NDU
[FA-C40R3.CT0.ETH1] does not need to be migrated since it has no configuration and is not a subinterface.
[FA-C40R3.CT0.ETH3] does not need to be migrated since it has no configuration and is not a subinterface.
Please move ports as shown below:
[FA-C40R3.CT0.ETH0] ====>> [FA-C50R4.CT0.ETH4](Slot: LOM)
[FA-C40R3.CT0.ETH2] ====>> [FA-C50R4.CT0.ETH2](Slot: LOM)
[FA-C40R3.CT0.ETH4] ====>> [FA-C50R4.CT0.ETH18](Slot:3)
[FA-C40R3.CT0.ETH5] ====>> [FA-C50R4.CT0.ETH19](Slot:3)

After the cables have been moved, type "CONTINUE": continue
Configuring network ports...
Perform ping test on port ETH18 ....... FAIL
Perform ping test on port ETH19 ....... FAIL
Perform ping test on port ETH4 ....... OK
Perform ping test on port ETH2 ....... FAIL
Ping test FAILED on ['eth18', 'eth19', 'eth2']
Ethernet port verification failed, please check port status.
Retry ping test? (y/n):nRetry ping test? (y/n): n
Continue puresetup without ethernet port verification? (y/n):yContinue puresetup without ethernet port verification? (y/n): y
Checking SAN connectivity.                                                                               
Broadcast message from root@PureDrCluster-ct0 (somewhere) (Sat Feb 22 14:50:14 
                                                                               
                                                                               
Purity//FA Information System Status                                           
====================================                                           
Purity//FA has successfully started for                                        
the first time after an install                                                
or upgrade. Purity//FA 6.5.8 (202408090136+b967c2f84655-65x)                   
is now set to be the default.                                                  
                                                                               
                                                                               
Broadcast message from root@PureDrCluster-ct0 (somewhere) (Sat Feb 22 14:50:14 
                                                                               
                                                                               
Purity//FA Information System Status                                           
====================================                                           
Purity//FA has successfully started for                                        
the first time after an install                                                
or upgrade. Purity//FA 6.5.8 (202408090136+b967c2f84655-65x)                   
is now set to be the default.                                                  
                                                                               

SAN is ready.
Waiting for Software Check:.Checking iobalance before proceeding, sampling for 30 seconds, retrying 1 times, adding 30 seconds with each retry
Try 1/2: Sampling I/O for 30 seconds
^C
Exit without saving changes.
CONFIG_TASK_COMPLETED:CONFIG_TASK_PURESETUP_EXITED
puresetup@PCTFJ242801CB:~$ puresetup timezone
##########################################
#   Welcome to the Purity Setup Wizard   #
##########################################
Name       Created                  Expires
puresetup  2025-02-22 14:50:29 UTC  2025-02-22 15:50:29 UTC
Changing the time zone will require a reboot on this controller.
Current time zone: Etc/UTC
Change time zone [requires reboot] (y/n):yChange time zone [requires reboot] (y/n): y
Configuring tzdata
------------------

Please select the geographic area in which you live. Subsequent configuration 
questions will narrow this down by presenting a list of cities, representing the
time zones in which they are located.

  1. Africa      4. Australia     7. Atlantic Ocean  10. Pacific Ocean
  2. America     5. Arctic Ocean  8. Europe          11. US
  3. Antarctica  6. Asia          9. Indian Ocean    12. None of the above

Geographic area: 11


Please select the city or region corresponding to your time zone.

  1. Alaska    4. Central  7. Starke County (Indiana)  10. Pacific Ocean
  2. Aleutian  5. Eastern  8. Michigan                 11. Samoa
  3. Arizona   6. Hawaii   9. Mountain

Time zone: 5



Current default time zone: 'US/Eastern'
Local time is now:      Sat Feb 22 09:50:34 EST 2025.
Universal Time is now:  Sat Feb 22 14:50:34 UTC 2025.

'/cache/timezone/localtime' -> '/usr/share/zoneinfo/US/Eastern'
Confirm time zone change from Etc/UTC to US/Eastern
(y/N):y(y/N): y
Press ENTER to reboot

This controller will be online after reboot.
CONFIG_TASK_COMPLETED:CONFIG_TASK_PURESETUP_EXITED
puresetup@PCTFJ242801CB:~$  GNU GRUB  version 2.06

/----------------------------------------------------------------------------\||||||||||||||||||||||||||\----------------------------------------------------------------------------/     Use the ^ and v keys to select which entry is highlighted.          
      Press enter to boot the selected OS, `e' to edit the commands       
      before booting or `c' for a command-line.                            *Purity 6.5.8 (202408090136+b967c2f84655) with kernel 5.15.123+ (2024071402>
 Purity 6.5.5 (202404130351+34e2b1e66ad3) with kernel 5.15.123+ (2024031915>
                                                                                                                                                                                                                                                                                                                                                                                                                                                                                                                                                                                                                                                                                                                                                                                                                                                                        The highlighted entry will be executed automatically in 3s.                    The highlighted entry will be executed automatically in 2s.                    The highlighted entry will be executed automatically in 1s.                    The highlighted entry will be executed automatically in 0s.                 
PureDrCluster-ct0 login: pureeng
1) Authenticate via CloudAssist
2) Authenticate via command line
3) Restore challenge
Type the number corresponding to the authentication method you want to use.

Selection: 1

An email for identity verification will be sent once email is entered.
Please follow the authentication instructions provided there and return to this screen when finished or if email has not been received.


Enter an email address: fharris@purestorage.con
An error occurred with CloudAssist authentication!

1) Authenticate via CloudAssist
2) Authenticate via command line
3) Restore challenge
Type the number corresponding to the authentication method you want to use.

Selection: 1

An email for identity verification will be sent once email is entered.
Please follow the authentication instructions provided there and return to this screen when finished or if email has not been received.


Enter an email address: ^[[A^[[A^[[B            fharris@purestorage.com
Successfully authenticated

Sat Feb 22 09:56:25 2025
Welcome pureeng. This is Purity Version 6.5.8 on FlashArray PureDrCluster
http://www.purestorage.com/
pureeng@PureDrCluster-ct0:~$ purehw list
Name       Status         Identify  Slot  Index  Speed       Temperature  Voltage  Details
CH0        ok             off       -     0      -           -            -        -
CH0.BAY0   ok             off       -     0      -           -            -        -
CH0.BAY1   ok             off       -     1      -           -            -        -
CH0.BAY2   ok             off       -     2      -           -            -        -
CH0.BAY3   ok             off       -     3      -           -            -        -
CH0.BAY4   ok             off       -     4      -           -            -        -
CH0.BAY5   ok             off       -     5      -           -            -        -
CH0.BAY6   ok             off       -     6      -           -            -        -
CH0.BAY7   ok             off       -     7      -           -            -        -
CH0.BAY8   ok             off       -     8      -           -            -        -
CH0.BAY9   ok             off       -     9      -           -            -        -
CH0.BAY10  ok             off       -     10     -           -            -        -
CH0.BAY11  ok             off       -     11     -           -            -        -
CH0.BAY12  not_installed  off       -     12     -           -            -        -
CH0.BAY13  not_installed  off       -     13     -           -            -        -
CH0.BAY14  not_installed  off       -     14     -           -            -        -
CH0.BAY15  not_installed  off       -     15     -           -            -        -
CH0.BAY16  not_installed  off       -     16     -           -            -        -
CH0.BAY17  not_installed  off       -     17     -           -            -        -
CH0.BAY18  not_installed  off       -     18     -           -            -        -
CH0.BAY19  not_installed  off       -     19     -           -            -        -
CH0.NVB0   ok             off       -     0      -           -            -        -
CH0.NVB1   ok             off       -     1      -           -            -        -
CH0.NVB2   not_installed  off       -     2      -           -            -        -
CH0.NVB3   not_installed  off       -     3      -           -            -        -
CH0.PWR0   ok             -         -     0      -           -            204 V    -
CH0.PWR1   ok             -         -     1      -           -            202 V    -
CH0.TMP0   ok             -         -     0      -           23 C         -        -
CT0        ok             off       -     0      -           -            -        -
CT0.ETH0   ok             -         -     0      0.00 b/s    -            -        -
CT0.ETH1   ok             -         -     1      0.00 b/s    -            -        -
CT0.ETH2   ok             -         -     2      10.00 Gb/s  -            -        -
CT0.ETH3   ok             -         -     3      0.00 b/s    -            -        -
CT0.ETH4   ok             -         -     4      1.00 Gb/s   -            -        -
CT0.ETH5   ok             -         -     5      0.00 b/s    -            -        -
CT0.ETH18  ok             -         3     18     10.00 Gb/s  -            -        -
CT0.ETH19  ok             -         3     19     10.00 Gb/s  -            -        -
CT0.ETH20  ok             -         3     20     0.00 b/s    -            -        -
CT0.ETH21  ok             -         3     21     0.00 b/s    -            -        -
CT0.FAN0   ok             -         -     0      -           -            -        -
CT0.FAN1   ok             -         -     1      -           -            -        -
CT0.FAN2   ok             -         -     2      -           -            -        -
CT0.FAN3   ok             -         -     3      -           -            -        -
CT0.FAN4   ok             -         -     4      -           -            -        -
CT0.FAN5   ok             -         -     5      -           -            -        -
CT0.TMP0   ok             -         -     0      -           35 C         -        -
CT0.TMP1   ok             -         -     1      -           38 C         -        -
CT0.TMP2   ok             -         -     2      -           51 C         -        -
CT0.TMP3   ok             -         -     3      -           50 C         -        -
CT0.TMP4   ok             -         -     4      -           40 C         -        -
CT0.TMP5   ok             -         -     5      -           43 C         -        -
CT0.TMP6   ok             -         -     6      -           28 C         -        -
CT0.TMP7   ok             -         -     7      -           29 C         -        -
CT0.TMP8   ok             -         -     8      -           49 C         -        -
CT0.TMP9   ok             -         -     9      -           33 C         -        -
CT0.TMP11  ok             -         -     11     -           32 C         -        -
CT0.TMP12  ok             -         -     12     -           31 C         -        -
CT0.TMP13  ok             -         -     13     -           34 C         -        -
CT0.TMP14  ok             -         -     14     -           33 C         -        -
CT0.TMP15  ok             -         -     15     -           33 C         -        -
CT0.TMP17  ok             -         -     17     -           34 C         -        -
CT0.TMP19  ok             -         -     19     -           33 C         -        -
CT0.TMP20  ok             -         -     20     -           33 C         -        -
CT0.TMP21  ok             -         -     21     -           37 C         -        -
CT0.TMP22  ok             -         -     22     -           37 C         -        -
CT0.TMP23  ok             -         -     23     -           35 C         -        -
CT1        ok             off       -     1      -           -            -        -
CT1.ETH0   ok             -         -     0      1.00 Gb/s   -            -        -
CT1.ETH1   ok             -         -     1      0.00 b/s    -            -        -
CT1.ETH2   ok             -         -     2      10.00 Gb/s  -            -        -
CT1.ETH3   ok             -         -     3      0.00 b/s    -            -        -
CT1.ETH4   ok             -         -     4      10.00 Gb/s  -            -        -
CT1.ETH5   ok             -         -     5      25.00 Gb/s  -            -        -
CT1.FAN0   ok             -         -     0      -           -            -        -
CT1.FAN1   ok             -         -     1      -           -            -        -
CT1.FAN2   ok             -         -     2      -           -            -        -
CT1.FAN3   ok             -         -     3      -           -            -        -
CT1.FAN4   ok             -         -     4      -           -            -        -
CT1.FAN5   ok             -         -     5      -           -            -        -
CT1.TMP0   ok             -         -     0      -           37 C         -        -
CT1.TMP1   ok             -         -     1      -           39 C         -        -
CT1.TMP2   ok             -         -     2      -           34 C         -        -
CT1.TMP3   ok             -         -     3      -           45 C         -        -
CT1.TMP4   ok             -         -     4      -           45 C         -        -
CT1.TMP5   ok             -         -     5      -           41 C         -        -
CT1.TMP6   ok             -         -     6      -           44 C         -        -
CT1.TMP7   ok             -         -     7      -           35 C         -        -
CT1.TMP8   ok             -         -     8      -           36 C         -        -
CT1.TMP9   ok             -         -     9      -           37 C         -        -
CT1.TMP10  ok             -         -     10     -           33 C         -        -
CT1.TMP11  ok             -         -     11     -           33 C         -        -
CT1.TMP12  ok             -         -     12     -           32 C         -        -
CT1.TMP13  ok             -         -     13     -           38 C         -        -
CT1.TMP14  ok             -         -     14     -           38 C         -        -
CT1.TMP15  ok             -         -     15     -           38 C         -        -
CT1.TMP16  ok             -         -     16     -           36 C         -        -
CT1.TMP17  ok             -         -     17     -           36 C         -        -
CT1.TMP18  ok             -         -     18     -           37 C         -        -
CT1.TMP19  ok             -         -     19     -           37 C         -        -
CT1.TMP20  ok             -         -     20     -           31 C         -        -
CT1.TMP21  ok             -         -     21     -           41 C         -        -
CT1.TMP22  ok             -         -     22     -           38 C         -        -
CT1.TMP23  ok             -         -     23     -           41 C         -        -
CT1.TMP24  ok             -         -     24     -           41 C         -        -
CT1.TMP25  ok             -         -     25     -           43 C         -        -
CT1.TMP26  ok             -         -     26     -           36 C         -        -
pureeng@PureDrCluster-ct0:~$ puremessage list --open
ID       Time                     Severity  Category  Code  Component    Name                Event                                                           Expected  Actual  Details
3226568  2024-05-15 05:50:17 EDT  warning   array     214   file system  SMB_File_System_dr  Missing email addresses for quota notifications user or group.  -         -       
pureeng@PureDrCluster-ct0:~$  puremessage list --open --hidden
ID       Time                     Severity  Category  Code  Component    Name                                  Event                                                           Expected  Actual  Details
3226568  2024-05-15 05:50:17 EDT  warning   array     214   file system  SMB_File_System_dr                    Missing email addresses for quota notifications user or group.  -         -       
4569456  2025-02-22 09:04:22 EST  hidden    array     67    host         wenonpvmh4-worthingtonenterprise-com  host connected to single controller                             -         -       
4569457  2025-02-22 09:04:22 EST  hidden    array     67    host         wenonpvmh3-worthingtonenterprise-com  host connected to single controller                             -         -       
4569458  2025-02-22 09:04:22 EST  hidden    array     67    host         wenonpvmh2-worthingtonenterprise-com  host connected to single controller                             -         -       
4569459  2025-02-22 09:04:22 EST  hidden    array     67    host         wenonpvmh1-worthingtonenterprise-com  host connected to single controller                             -         -       
4569460  2025-02-22 09:04:22 EST  hidden    array     67    host         weprdpvmh8                            host connected to single controller                             -         -       
4569461  2025-02-22 09:04:22 EST  hidden    array     67    host         weprdpvmh3                            host connected to single controller                             -         -       
4569462  2025-02-22 09:04:22 EST  hidden    array     67    host         weprdpvmh4                            host connected to single controller                             -         -       
4569463  2025-02-22 09:04:22 EST  hidden    array     67    host         weprdpvmh7                            host connected to single controller                             -         -       
4569464  2025-02-22 09:04:22 EST  hidden    array     67    host         weprdpvmh6                            host connected to single controller                             -         -       
4569465  2025-02-22 09:04:23 EST  hidden    array     67    host         weprdpvmh5                            host connected to single controller                             -         -       
4569466  2025-02-22 09:04:23 EST  hidden    array     67    host         weprdpvmh1                            host connected to single controller                             -         -       
4569467  2025-02-22 09:04:23 EST  hidden    array     67    host         weprdpvmh2                            host connected to single controller                             -         -       
pureeng@PureDrCluster-ct0:~$ puredrive list
Name       Type   Status   Capacity  Details
CH0.BAY0   SSD    healthy  21.83T    -
CH0.BAY1   SSD    healthy  21.83T    -
CH0.BAY2   SSD    healthy  21.83T    -
CH0.BAY3   SSD    healthy  21.83T    -
CH0.BAY4   SSD    healthy  21.83T    -
CH0.BAY5   SSD    healthy  21.83T    -
CH0.BAY6   SSD    healthy  21.83T    -
CH0.BAY7   SSD    healthy  21.83T    -
CH0.BAY8   SSD    healthy  21.83T    -
CH0.BAY9   SSD    healthy  21.83T    -
CH0.BAY10  SSD    healthy  21.83T    -
CH0.BAY11  SSD    healthy  21.83T    -
CH0.BAY12  -      unused   0.00      -
CH0.BAY13  -      unused   0.00      -
CH0.BAY14  -      unused   0.00      -
CH0.BAY15  -      unused   0.00      -
CH0.BAY16  -      unused   0.00      -
CH0.BAY17  -      unused   0.00      -
CH0.BAY18  -      unused   0.00      -
CH0.BAY19  -      unused   0.00      -
CH0.NVB0   NVRAM  healthy  7.00G     -
CH0.NVB1   NVRAM  healthy  7.00G     -
CH0.NVB2   NVRAM  unused   0.00      -
CH0.NVB3   NVRAM  unused   0.00      -
pureeng@PureDrCluster-ct0:~$ 
pureeng@PureDrCluster-ct0:~$ 
pureeng@PureDrCluster-ct0:~$ iscsipureportlist=`pureport list --initiator | grep -v FC | awk -F' CT' '{print "CT"$2,$8}' | grep -v 'CT ' | awk -F '.ETH' '{print $1, $2}' | awk '{print $1, $5, $6}' | sort | uniq -c; echo`; iscsipureportlistcount=`echo "$iscsipureportlist" | awk '{total += $1} END {print total}'`; echo -e "$iscsipureportlist\n\n"; echo -e "\tTotal iSCSI connections: $iscsipureportlistcount\n\n";
     29 CT0 iqn.2010-06.com.purestorage:flasharray.1ad1e34ab4674a15 -
     64 CT1 iqn.2010-06.com.purestorage:flasharray.1ad1e34ab4674a15 -


Total iSCSI connections: 93


pureeng@PureDrCluster-ct0:~$ iscsipureportlist=`pureport list --initiator | grep -v FC | awk -F' CT' '{print "CT"$2,$8}' | grep -v 'CT ' | awk -F '.ETH' '{print $1, $2}' | awk '{print $1, $5, $6}' | sort | uniq -c; echo`; iscsipureportlistcount=`echo "$iscsipureportlist" | awk '{total += $1} END {print total}'`; echo -e "$iscsipureportlist\n\n"; echo -e "\tTotal iSCSI connections: $iscsipureportlistcount\n\n";
     29 CT0 iqn.2010-06.com.purestorage:flasharray.1ad1e34ab4674a15 -
     64 CT1 iqn.2010-06.com.purestorage:flasharray.1ad1e34ab4674a15 -


Total iSCSI connections: 93


pureeng@PureDrCluster-ct0:~$ iscsipureportlist=`pureport list --initiator | grep -v FC | awk -F' CT' '{print "CT"$2,$8}' | grep -v 'CT ' | awk -F '.ETH' '{print $1, $2}' | awk '{print $1, $5, $6}' | sort | uniq -c; echo`; iscsipureportlistcount=`echo "$iscsipureportlist" | awk '{total += $1} END {print total}'`; echo -e "$iscsipureportlist\n\n"; echo -e "\tTotal iSCSI connections: $iscsipureportlistcount\n\n";
     29 CT0 iqn.2010-06.com.purestorage:flasharray.1ad1e34ab4674a15 -
     64 CT1 iqn.2010-06.com.purestorage:flasharray.1ad1e34ab4674a15 -


Total iSCSI connections: 93


pureeng@PureDrCluster-ct0:~$ iobalance --sampletime 30
sampling host I/O for 30 seconds...
                                Host  CT0 I/O Count  CT1 I/O Count  
                               VMH01        2.00      116.00  ! unbalanced I/O
                               VMH02       35.00      122.00  ! unbalanced I/O
                               VMH03        4.00      101.00  ! unbalanced I/O
                               VMH04       49.00       77.00  ! unbalanced I/O
                               VMH05        3.00      143.00  ! unbalanced I/O
                               VMH11       22.00      108.00  ! unbalanced I/O
                               VMH12        2.00       30.00  ! unbalanced I/O
                               VMH13      424.00      441.00  
                               VMH14       65.00      133.00  ! unbalanced I/O
                               VMH15       1.87K      306.00  ! unbalanced I/O
                               VMH16       1.29K       1.72K  
                               VMH17       1.61K      234.00  ! unbalanced I/O
                               VMH18       2.38K      466.00  ! unbalanced I/O
                               VMH19       7.43K       8.55K  
                               VMH20       1.80K       2.18K  
                               VMH21       80.00       96.00  
                               VMH22       48.00       90.00  ! unbalanced I/O
                               VMH24       1.61K       1.90K  
                               VMH26        0.00       14.00  ! no I/O to CT0
                               VMH27        5.00       51.00  ! unbalanced I/O
                               VMH28       27.00       57.00  ! unbalanced I/O
                              dvmh01       2.47K      858.00  ! unbalanced I/O
                              dvmh02      599.00      416.00  
                              dvmh03      344.00       45.00  ! unbalanced I/O
                              dvmh04       1.51K      596.00  ! unbalanced I/O
                              dvmh05      170.00      130.00  
                              dvmh06      205.00        3.00  ! unbalanced I/O
                              dvmh07      381.00      252.00  ! unbalanced I/O
wenonpvmh1-worthingtonenterprise-com        0.00      890.00  ! no I/O to CT0
wenonpvmh2-worthingtonenterprise-com        0.00       1.61K  ! no I/O to CT0
wenonpvmh3-worthingtonenterprise-com        0.00       3.53K  ! no I/O to CT0
wenonpvmh4-worthingtonenterprise-com        0.00       3.97K  ! no I/O to CT0
                          weprdpvmh1        0.00      177.00  ! no I/O to CT0
                          weprdpvmh2        0.00      171.00  ! no I/O to CT0
                          weprdpvmh3        0.00        6.00  ! no I/O to CT0
                          weprdpvmh4        0.00       59.00  ! no I/O to CT0
                          weprdpvmh5        0.00       61.00  ! no I/O to CT0
                          weprdpvmh6        0.00      159.00  ! no I/O to CT0
                          weprdpvmh7        0.00      173.00  ! no I/O to CT0
                          weprdpvmh8        0.00      617.00  ! no I/O to CT0
pureeng@PureDrCluster-ct0:~$ dmesg
[    0.000000] Linux version 5.15.123+ (root@dockerized-build) (gcc-11 (Ubuntu 11.4.0-1ubuntu1~22.04) 11.4.0, GNU ld (GNU Binutils for Ubuntu) 2.38) #202407140227+e4052619b975.65x.gcc-11 SMP Fri, 19 Jul 2024 08:48
[    0.000000] Command line: BOOT_IMAGE=/kernel/vmlinuz-5.15.123+ root=UUID=44e0394f-5638-4d33-a90c-9b4d644e96a9 ro panic=5 net.ifnames=0 page_alloc.shuffle=Y cgroup.memory=nokmem
[    0.000000] KERNEL supported cpus:
[    0.000000]   Intel GenuineIntel
[    0.000000] x86/split lock detection: #AC: crashing the kernel on kernel split_locks and warning on user-space split_locks
[    0.000000] x86/fpu: Supporting XSAVE feature 0x001: 'x87 floating point registers'
[    0.000000] x86/fpu: Supporting XSAVE feature 0x002: 'SSE registers'
[    0.000000] x86/fpu: Supporting XSAVE feature 0x004: 'AVX registers'
[    0.000000] x86/fpu: Supporting XSAVE feature 0x020: 'AVX-512 opmask'
[    0.000000] x86/fpu: Supporting XSAVE feature 0x040: 'AVX-512 Hi256'
[    0.000000] x86/fpu: Supporting XSAVE feature 0x080: 'AVX-512 ZMM_Hi256'
[    0.000000] x86/fpu: Supporting XSAVE feature 0x200: 'Protection Keys User registers'
[    0.000000] x86/fpu: Supporting XSAVE feature 0x400: 'PASID state'
[    0.000000] x86/fpu: xstate_offset[2]:  576, xstate_sizes[2]:  256
[    0.000000] x86/fpu: xstate_offset[5]:  832, xstate_sizes[5]:   64
[    0.000000] x86/fpu: xstate_offset[6]:  896, xstate_sizes[6]:  512
[    0.000000] x86/fpu: xstate_offset[7]: 1408, xstate_sizes[7]: 1024
[    0.000000] x86/fpu: xstate_offset[9]: 2432, xstate_sizes[9]:    8
[    0.000000] x86/fpu: xstate_offset[10]: 2440, xstate_sizes[10]:    8
[    0.000000] x86/fpu: Enabled xstate features 0x6e7, context size is 2448 bytes, using 'compacted' format.
[    0.000000] signal: max sigframe size: 3632
[    0.000000] BIOS-provided physical RAM map:
[    0.000000] BIOS-e820: [mem 0x0000000000000000-0x000000000009ffff] usable
[    0.000000] BIOS-e820: [mem 0x00000000000a0000-0x00000000000fffff] reserved
[    0.000000] BIOS-e820: [mem 0x0000000000100000-0x000000006b4bcfff] usable
[    0.000000] BIOS-e820: [mem 0x000000006b4bd000-0x000000006d5bcfff] reserved
[    0.000000] BIOS-e820: [mem 0x000000006d5bd000-0x000000006debcfff] ACPI data
[    0.000000] BIOS-e820: [mem 0x000000006debd000-0x00000000710e5fff] ACPI NVS
[    0.000000] BIOS-e820: [mem 0x00000000710e6000-0x00000000777fefff] reserved
[    0.000000] BIOS-e820: [mem 0x00000000777ff000-0x00000000777fffff] usable
[    0.000000] BIOS-e820: [mem 0x0000000077800000-0x000000008fffffff] reserved
[    0.000000] BIOS-e820: [mem 0x00000000fe010000-0x00000000fe010fff] reserved
[    0.000000] BIOS-e820: [mem 0x00000000ff000000-0x00000000ffffffff] reserved
[    0.000000] BIOS-e820: [mem 0x0000000100000000-0x000000603fffffff] usable
[    0.000000] NX (Execute Disable) protection: active
[    0.000000] e820: update [mem 0x623ae018-0x623b6057] usable ==> usable
[    0.000000] e820: update [mem 0x623ae018-0x623b6057] usable ==> usable
[    0.000000] extended physical RAM map:
[    0.000000] reserve setup_data: [mem 0x0000000000000000-0x000000000009ffff] usable
[    0.000000] reserve setup_data: [mem 0x00000000000a0000-0x00000000000fffff] reserved
[    0.000000] reserve setup_data: [mem 0x0000000000100000-0x00000000623ae017] usable
[    0.000000] reserve setup_data: [mem 0x00000000623ae018-0x00000000623b6057] usable
[    0.000000] reserve setup_data: [mem 0x00000000623b6058-0x000000006b4bcfff] usable
[    0.000000] reserve setup_data: [mem 0x000000006b4bd000-0x000000006d5bcfff] reserved
[    0.000000] reserve setup_data: [mem 0x000000006d5bd000-0x000000006debcfff] ACPI data
[    0.000000] reserve setup_data: [mem 0x000000006debd000-0x00000000710e5fff] ACPI NVS
[    0.000000] reserve setup_data: [mem 0x00000000710e6000-0x00000000777fefff] reserved
[    0.000000] reserve setup_data: [mem 0x00000000777ff000-0x00000000777fffff] usable
[    0.000000] reserve setup_data: [mem 0x0000000077800000-0x000000008fffffff] reserved
[    0.000000] reserve setup_data: [mem 0x00000000fe010000-0x00000000fe010fff] reserved
[    0.000000] reserve setup_data: [mem 0x00000000ff000000-0x00000000ffffffff] reserved
[    0.000000] reserve setup_data: [mem 0x0000000100000000-0x000000603fffffff] usable
[    0.000000] efi: EFI v2.90 by American Megatrends
[    0.000000] efi: ACPI=0x6debc000 ACPI 2.0=0x6debc014 SMBIOS=0x76a26000 SMBIOS 3.0=0x76a25000 MEMATTR=0x68e2c018 ESRT=0x68eea618 
[    0.000000] SMBIOS 3.6.0 present.
[    0.000000] DMI: FOXCONN Cobalt/Cobalt Controller, BIOS L11P1N14 08/31/2023
[    0.000000] tsc: Detected 2000.000 MHz processor
[    0.000021] e820: update [mem 0x00000000-0x00000fff] usable ==> reserved
[    0.000022] e820: remove [mem 0x000a0000-0x000fffff] usable
[    0.000025] last_pfn = 0x6040000 max_arch_pfn = 0x400000000
[    0.000524] x86/PAT: Configuration [0-7]: WB  WC  UC- UC  WB  WP  UC- WT  
[    0.001809] e820: update [mem 0x80000000-0xffffffff] usable ==> reserved
[    0.001815] x2apic: enabled by BIOS, switching to x2apic ops
[    0.001816] last_pfn = 0x77800 max_arch_pfn = 0x400000000
[    0.009361] esrt: Reserving ESRT space from 0x0000000068eea618 to 0x0000000068eea650.
[    0.009365] e820: update [mem 0x68eea000-0x68eeafff] usable ==> reserved
[    0.009376] Using GB pages for direct mapping
[    0.009555] Secure boot disabled
[    0.009556] RAMDISK: [mem 0x3efb2000-0x3fffdfff]
[    0.009558] ACPI: Early table checksum verification disabled
[    0.009561] ACPI: RSDP 0x000000006DEBC014 000024 (v02 ALASKA)
[    0.009564] ACPI: XSDT 0x000000006DEBB728 0000FC (v01 ALASKA A M I    01072009 AMI  01000013)
[    0.009568] ACPI: FACP 0x000000006DEBA000 000114 (v06 ALASKA A M I    01072009 INTL 20091013)
[    0.009572] ACPI: DSDT 0x000000006DDE7000 0D0132 (v02 ALASKA A M I    01072009 INTL 20091013)
[    0.009574] ACPI: FACS 0x00000000710E4000 000040
[    0.009575] ACPI: SPMI 0x000000006DEB9000 000041 (v05 ALASKA A M I    00000000 AMI. 00000000)
[    0.009577] ACPI: SPMI 0x000000006DEB8000 000041 (v05 ALASKA A M I    00000000 AMI. 00000000)
[    0.009579] ACPI: FIDT 0x000000006DDE6000 00009C (v01 ALASKA A M I    01072009 AMI  00010013)
[    0.009581] ACPI: SSDT 0x000000006DDE5000 0006ED (v02 INTEL  RAS_ACPI 00000001 INTL 20210331)
[    0.009583] ACPI: ERST 0x000000006DDE4000 000230 (v01 ALASKA A M I    00000001 INTL 00000001)
[    0.009585] ACPI: BERT 0x000000006DDE3000 000030 (v01 ALASKA A M I    00000001 INTL 00000001)
[    0.009587] ACPI: SSDT 0x000000006DDE2000 00076E (v02 INTEL  ADDRXLAT 00000001 INTL 20210331)
[    0.009588] ACPI: MCFG 0x000000006DDE1000 00003C (v01 ALASKA A M I    01072009 MSFT 00000097)
[    0.009590] ACPI: BDAT 0x000000006DDE0000 000030 (v01 ALASKA A M I    00000000 INTL 20091013)
[    0.009592] ACPI: HPET 0x000000006DDDF000 000038 (v01 ALASKA A M I    00000001 INTL 20091013)
[    0.009594] ACPI: MSCT 0x000000006DDDE000 000090 (v01 ALASKA A M I    00000001 INTL 20091013)
[    0.009596] ACPI: WDDT 0x000000006DDDD000 000040 (v01 ALASKA A M I    00000000 INTL 20091013)
[    0.009597] ACPI: APIC 0x000000006DDDB000 00035E (v04 ALASKA A M I    00000000 INTL 20091013)
[    0.009599] ACPI: SRAT 0x000000006DDD3000 007830 (v03 ALASKA A M I    00000002 AMI  01000013)
[    0.009601] ACPI: SLIT 0x000000006DDD2000 000030 (v01 ALASKA A M I    01072009 AMI  01000013)
[    0.009603] ACPI: HMAT 0x000000006DDD1000 000158 (v02 ALASKA A M I    01072009 AMI  01000013)
[    0.009605] ACPI: OEM4 0x000000006DC49000 187A51 (v02 INTEL  CPU  CST 00003000 INTL 20210331)
[    0.009607] ACPI: OEM2 0x000000006DC02000 046031 (v02 INTEL  CPU  HWP 00003000 INTL 20210331)
[    0.009608] ACPI: SSDT 0x000000006DB98000 069895 (v02 INTEL  SSDT  PM 00004000 INTL 20210331)
[    0.009610] ACPI: SSDT 0x000000006DB97000 000957 (v02 ALASKA A M I    00000000 INTL 20091013)
[    0.009612] ACPI: HEST 0x000000006DB96000 0000A8 (v01 ALASKA A M I    00000001 INTL 00000001)
[    0.009614] ACPI: DMAR 0x000000006DB95000 0003F0 (v01 ALASKA A M I    00000001 INTL 20091013)
[    0.009616] ACPI: FPDT 0x000000006DB94000 000044 (v01 ALASKA A M I    01072009 AMI  01000013)
[    0.009618] ACPI: BGRT 0x000000006DB93000 000038 (v01 ALASKA A M I    01072009 AMI  00010013)
[    0.009619] ACPI: SPCR 0x000000006DB92000 000050 (v02 ALASKA A M I    01072009 AMI  0005001F)
[    0.009621] ACPI: WSMT 0x000000006DDDC000 000028 (v01 ALASKA A M I    01072009 AMI  00010013)
[    0.009622] ACPI: Reserving FACP table memory at [mem 0x6deba000-0x6deba113]
[    0.009623] ACPI: Reserving DSDT table memory at [mem 0x6dde7000-0x6deb7131]
[    0.009624] ACPI: Reserving FACS table memory at [mem 0x710e4000-0x710e403f]
[    0.009625] ACPI: Reserving SPMI table memory at [mem 0x6deb9000-0x6deb9040]
[    0.009625] ACPI: Reserving SPMI table memory at [mem 0x6deb8000-0x6deb8040]
[    0.009626] ACPI: Reserving FIDT table memory at [mem 0x6dde6000-0x6dde609b]
[    0.009627] ACPI: Reserving SSDT table memory at [mem 0x6dde5000-0x6dde56ec]
[    0.009627] ACPI: Reserving ERST table memory at [mem 0x6dde4000-0x6dde422f]
[    0.009628] ACPI: Reserving BERT table memory at [mem 0x6dde3000-0x6dde302f]
[    0.009628] ACPI: Reserving SSDT table memory at [mem 0x6dde2000-0x6dde276d]
[    0.009629] ACPI: Reserving MCFG table memory at [mem 0x6dde1000-0x6dde103b]
[    0.009630] ACPI: Reserving BDAT table memory at [mem 0x6dde0000-0x6dde002f]
[    0.009630] ACPI: Reserving HPET table memory at [mem 0x6dddf000-0x6dddf037]
[    0.009631] ACPI: Reserving MSCT table memory at [mem 0x6ddde000-0x6ddde08f]
[    0.009632] ACPI: Reserving WDDT table memory at [mem 0x6dddd000-0x6dddd03f]
[    0.009632] ACPI: Reserving APIC table memory at [mem 0x6dddb000-0x6dddb35d]
[    0.009633] ACPI: Reserving SRAT table memory at [mem 0x6ddd3000-0x6ddda82f]
[    0.009633] ACPI: Reserving SLIT table memory at [mem 0x6ddd2000-0x6ddd202f]
[    0.009634] ACPI: Reserving HMAT table memory at [mem 0x6ddd1000-0x6ddd1157]
[    0.009635] ACPI: Reserving OEM4 table memory at [mem 0x6dc49000-0x6ddd0a50]
[    0.009635] ACPI: Reserving OEM2 table memory at [mem 0x6dc02000-0x6dc48030]
[    0.009636] ACPI: Reserving SSDT table memory at [mem 0x6db98000-0x6dc01894]
[    0.009637] ACPI: Reserving SSDT table memory at [mem 0x6db97000-0x6db97956]
[    0.009637] ACPI: Reserving HEST table memory at [mem 0x6db96000-0x6db960a7]
[    0.009638] ACPI: Reserving DMAR table memory at [mem 0x6db95000-0x6db953ef]
[    0.009638] ACPI: Reserving FPDT table memory at [mem 0x6db94000-0x6db94043]
[    0.009639] ACPI: Reserving BGRT table memory at [mem 0x6db93000-0x6db93037]
[    0.009640] ACPI: Reserving SPCR table memory at [mem 0x6db92000-0x6db9204f]
[    0.009640] ACPI: Reserving WSMT table memory at [mem 0x6dddc000-0x6dddc027]
[    0.009648] Setting APIC routing to cluster x2apic.
[    0.009671] SRAT: PXM 0 -> APIC 0x0000 -> Node 0
[    0.009672] SRAT: PXM 0 -> APIC 0x0001 -> Node 0
[    0.009673] SRAT: PXM 0 -> APIC 0x0002 -> Node 0
[    0.009673] SRAT: PXM 0 -> APIC 0x0003 -> Node 0
[    0.009674] SRAT: PXM 0 -> APIC 0x0004 -> Node 0
[    0.009674] SRAT: PXM 0 -> APIC 0x0005 -> Node 0
[    0.009674] SRAT: PXM 0 -> APIC 0x0006 -> Node 0
[    0.009675] SRAT: PXM 0 -> APIC 0x0007 -> Node 0
[    0.009675] SRAT: PXM 0 -> APIC 0x0008 -> Node 0
[    0.009676] SRAT: PXM 0 -> APIC 0x0009 -> Node 0
[    0.009676] SRAT: PXM 0 -> APIC 0x000a -> Node 0
[    0.009677] SRAT: PXM 0 -> APIC 0x000b -> Node 0
[    0.009677] SRAT: PXM 0 -> APIC 0x000c -> Node 0
[    0.009678] SRAT: PXM 0 -> APIC 0x000d -> Node 0
[    0.009678] SRAT: PXM 0 -> APIC 0x000e -> Node 0
[    0.009679] SRAT: PXM 0 -> APIC 0x000f -> Node 0
[    0.009679] SRAT: PXM 0 -> APIC 0x0010 -> Node 0
[    0.009680] SRAT: PXM 0 -> APIC 0x0011 -> Node 0
[    0.009680] SRAT: PXM 0 -> APIC 0x0012 -> Node 0
[    0.009680] SRAT: PXM 0 -> APIC 0x0013 -> Node 0
[    0.009681] SRAT: PXM 0 -> APIC 0x0014 -> Node 0
[    0.009681] SRAT: PXM 0 -> APIC 0x0015 -> Node 0
[    0.009682] SRAT: PXM 0 -> APIC 0x0016 -> Node 0
[    0.009682] SRAT: PXM 0 -> APIC 0x0017 -> Node 0
[    0.009683] SRAT: PXM 1 -> APIC 0x0080 -> Node 1
[    0.009683] SRAT: PXM 1 -> APIC 0x0081 -> Node 1
[    0.009684] SRAT: PXM 1 -> APIC 0x0082 -> Node 1
[    0.009684] SRAT: PXM 1 -> APIC 0x0083 -> Node 1
[    0.009685] SRAT: PXM 1 -> APIC 0x0084 -> Node 1
[    0.009685] SRAT: PXM 1 -> APIC 0x0085 -> Node 1
[    0.009685] SRAT: PXM 1 -> APIC 0x0086 -> Node 1
[    0.009686] SRAT: PXM 1 -> APIC 0x0087 -> Node 1
[    0.009686] SRAT: PXM 1 -> APIC 0x0088 -> Node 1
[    0.009687] SRAT: PXM 1 -> APIC 0x0089 -> Node 1
[    0.009687] SRAT: PXM 1 -> APIC 0x008a -> Node 1
[    0.009688] SRAT: PXM 1 -> APIC 0x008b -> Node 1
[    0.009688] SRAT: PXM 1 -> APIC 0x008c -> Node 1
[    0.009689] SRAT: PXM 1 -> APIC 0x008d -> Node 1
[    0.009689] SRAT: PXM 1 -> APIC 0x008e -> Node 1
[    0.009690] SRAT: PXM 1 -> APIC 0x008f -> Node 1
[    0.009690] SRAT: PXM 1 -> APIC 0x0090 -> Node 1
[    0.009690] SRAT: PXM 1 -> APIC 0x0091 -> Node 1
[    0.009691] SRAT: PXM 1 -> APIC 0x0092 -> Node 1
[    0.009691] SRAT: PXM 1 -> APIC 0x0093 -> Node 1
[    0.009692] SRAT: PXM 1 -> APIC 0x0094 -> Node 1
[    0.009692] SRAT: PXM 1 -> APIC 0x0095 -> Node 1
[    0.009693] SRAT: PXM 1 -> APIC 0x0096 -> Node 1
[    0.009693] SRAT: PXM 1 -> APIC 0x0097 -> Node 1
[    0.009707] ACPI: SRAT: Node 0 PXM 0 [mem 0x00000000-0x7fffffff]
[    0.009708] ACPI: SRAT: Node 0 PXM 0 [mem 0x100000000-0x303fffffff]
[    0.009709] ACPI: SRAT: Node 1 PXM 1 [mem 0x3040000000-0x603fffffff]
[    0.009718] NUMA: Initialized distance table, cnt=2
[    0.009719] NUMA: Node 0 [mem 0x00000000-0x7fffffff] + [mem 0x100000000-0x303fffffff] -> [mem 0x00000000-0x303fffffff]
[    0.009723] NODE_DATA(0) allocated [mem 0x303fffc000-0x303fffffff]
[    0.009726] NODE_DATA(1) allocated [mem 0x603fff9000-0x603fffcfff]
[    0.009937] Zone ranges:
[    0.009938]   DMA      [mem 0x0000000000001000-0x0000000000ffffff]
[    0.009939]   DMA32    [mem 0x0000000001000000-0x00000000ffffffff]
[    0.009940]   Normal   [mem 0x0000000100000000-0x000000603fffffff]
[    0.009940] Movable zone start for each node
[    0.009941] Early memory node ranges
[    0.009942]   node   0: [mem 0x0000000000001000-0x000000000009ffff]
[    0.009943]   node   0: [mem 0x0000000000100000-0x000000006b4bcfff]
[    0.009944]   node   0: [mem 0x00000000777ff000-0x00000000777fffff]
[    0.009944]   node   0: [mem 0x0000000100000000-0x000000303fffffff]
[    0.009955]   node   1: [mem 0x0000003040000000-0x000000603fffffff]
[    0.009966] Initmem setup node 0 [mem 0x0000000000001000-0x000000303fffffff]
[    0.009968] Initmem setup node 1 [mem 0x0000003040000000-0x000000603fffffff]
[    0.015230] On node 0, zone DMA: 1 pages in unavailable ranges\x016On node 0, zone DMA: 96 pages in unavailable ranges\x016On node 0, zone DMA32: 49986 pages in unavailable ranges\x016On node 0, zone Normal: 2048 pages in unavailable ranges\x016ACPI: PM-Timer IO Port: 0x508
[    0.015296] ACPI: X2APIC_NMI (uid[0xffffffff] high edge lint[0x1])
[    0.015297] ACPI: LAPIC_NMI (acpi_id[0xff] high edge lint[0x1])
[    0.015314] IOAPIC[0]: apic_id 8, version 32, address 0xfec00000, GSI 0-23
[    0.015316] ACPI: INT_SRC_OVR (bus 0 bus_irq 0 global_irq 2 dfl dfl)
[    0.015317] ACPI: INT_SRC_OVR (bus 0 bus_irq 9 global_irq 9 high level)
[    0.015320] ACPI: Using ACPI (MADT) for SMP configuration information
[    0.015322] ACPI: HPET id: 0x8086a701 base: 0xfed00000
[    0.015325] ACPI: SPCR: console: uart,io,0x3f8,115200
[    0.015326] TSC deadline timer available
[    0.015327] smpboot: Allowing 48 CPUs, 0 hotplug CPUs
[    0.015340] [mem 0x90000000-0xfe00ffff] available for PCI devices
[    0.015341] Booting paravirtualized kernel on bare hardware
[    0.015344] clocksource: refined-jiffies: mask: 0xffffffff max_cycles: 0xffffffff, max_idle_ns: 1910969940391419 ns
[    0.019737] setup_percpu: NR_CPUS:256 nr_cpumask_bits:256 nr_cpu_ids:48 nr_node_ids:2
[    0.021771] percpu: Embedded 55 pages/cpu s188056 r8192 d29032 u262144
[    0.021779] pcpu-alloc: s188056 r8192 d29032 u262144 alloc=1*2097152
[    0.021782] pcpu-alloc: [0] 00 01 02 03 04 05 06 07 [0] 08 09 10 11 24 25 26 27 
[    0.021784] pcpu-alloc: [0] 28 29 30 31 32 33 34 35 [1] 12 13 14 15 16 17 18 19 
[    0.021786] pcpu-alloc: [1] 20 21 22 23 36 37 38 39 [1] 40 41 42 43 44 45 46 47 
[    0.021812] Built 2 zonelists, mobility grouping on.  Total pages: 98748651
[    0.021813] Policy zone: Normal
[    0.021814] Kernel command line: BOOT_IMAGE=/kernel/vmlinuz-5.15.123+ root=UUID=44e0394f-5638-4d33-a90c-9b4d644e96a9 ro panic=5 net.ifnames=0 page_alloc.shuffle=Y cgroup.memory=nokmem
[    0.021852] Unknown kernel command line parameters "BOOT_IMAGE=/kernel/vmlinuz-5.15.123+", will be passed to user space.
[    0.029818] mem auto-init: stack:off, heap alloc:off, heap free:off
[    0.118501] Memory: 1692988K/401265012K available (14343K kernel code, 63092K rwdata, 6976K rodata, 1760K init, 31264K bss, 6676660K reserved, 0K cma-reserved)
[    0.118682] SLUB: HWalign=64, Order=0-3, MinObjects=0, CPUs=48, Nodes=2
[    0.118691] ftrace: allocating 41062 entries in 161 pages
[    0.131804] ftrace: allocated 161 pages with 3 groups
[    0.131984] rcu: Hierarchical RCU implementation.
[    0.131985] rcu: RCU restricting CPUs from NR_CPUS=256 to nr_cpu_ids=48.
[    0.131986] Rude variant of Tasks RCU enabled.
[    0.131987] Tracing variant of Tasks RCU enabled.
[    0.131988] rcu: RCU calculated value of scheduler-enlistment delay is 100 jiffies.
[    0.131988] rcu: Adjusting geometry for rcu_fanout_leaf=16, nr_cpu_ids=48
[    0.134861] NR_IRQS: 16640, nr_irqs: 808, preallocated irqs: 16
[    0.137512] kfence: initialized - using 67117056 bytes for 8192 objects at 0xffff88df7b7fe000-0xffff88df7f800000
[    0.137593] Console: colour dummy device 80x25
[    0.137603] printk: console [tty0] enabled
[    0.137678] ACPI: Core revision 20210730
[    0.138968] clocksource: hpet: mask: 0xffffffff max_cycles: 0xffffffff, max_idle_ns: 76450417870 ns
[    0.139015] APIC: Switch to symmetric I/O mode setup
[    0.139017] DMAR: Host address width 52
[    0.139019] DMAR: DRHD base: 0x000000d9ffc000 flags: 0x0
[    0.139023] DMAR: dmar0: reg_base_addr d9ffc000 ver 6:0 cap 19ed008c40780c66 ecap 3ee9e86f050df
[    0.139024] DMAR: DRHD base: 0x000000e23fc000 flags: 0x0
[    0.139027] DMAR: dmar1: reg_base_addr e23fc000 ver 6:0 cap 19ed008c40780c66 ecap 3ee9e86f050df
[    0.139028] DMAR: DRHD base: 0x000000ea7fc000 flags: 0x0
[    0.139031] DMAR: dmar2: reg_base_addr ea7fc000 ver 6:0 cap 19ed008c40780c66 ecap 3ee9e86f050df
[    0.139032] DMAR: DRHD base: 0x000000f2bfc000 flags: 0x0
[    0.139035] DMAR: dmar3: reg_base_addr f2bfc000 ver 6:0 cap 19ed008c40780c66 ecap 3ee9e86f050df
[    0.139035] DMAR: DRHD base: 0x000000faffc000 flags: 0x0
[    0.139038] DMAR: dmar4: reg_base_addr faffc000 ver 6:0 cap 19ed008c40780c66 ecap 3ee9e86f050df
[    0.139039] DMAR: DRHD base: 0x000000d17fc000 flags: 0x0
[    0.139042] DMAR: dmar5: reg_base_addr d17fc000 ver 6:0 cap 19ed008c40780c66 ecap 3ee9e86f050df
[    0.139042] DMAR: DRHD base: 0x000000fb7fc000 flags: 0x0
[    0.139045] DMAR: dmar6: reg_base_addr fb7fc000 ver 6:0 cap 19ed008c40780c66 ecap 3ef9ea6f050df
[    0.139046] DMAR: DRHD base: 0x0000009fbfc000 flags: 0x0
[    0.139048] DMAR: dmar7: reg_base_addr 9fbfc000 ver 6:0 cap 19ed008c40780c66 ecap 3ee9e86f050df
[    0.139049] DMAR: DRHD base: 0x000000a9ffc000 flags: 0x0
[    0.139053] DMAR: dmar8: reg_base_addr a9ffc000 ver 6:0 cap 19ed008c40780c66 ecap 3ee9e86f050df
[    0.139054] DMAR: DRHD base: 0x000000b3ffc000 flags: 0x0
[    0.139058] DMAR: dmar9: reg_base_addr b3ffc000 ver 6:0 cap 19ed008c40780c66 ecap 3ee9e86f050df
[    0.139059] DMAR: DRHD base: 0x000000bdffc000 flags: 0x0
[    0.139062] DMAR: dmar10: reg_base_addr bdffc000 ver 6:0 cap 19ed008c40780c66 ecap 3ee9e86f050df
[    0.139063] DMAR: DRHD base: 0x000000c7ffc000 flags: 0x0
[    0.139066] DMAR: dmar11: reg_base_addr c7ffc000 ver 6:0 cap 19ed008c40780c66 ecap 3ee9e86f050df
[    0.139066] DMAR: DRHD base: 0x000000c87fc000 flags: 0x0
[    0.139069] DMAR: dmar12: reg_base_addr c87fc000 ver 6:0 cap 19ed008c40780c66 ecap 3ef9ea6f050df
[    0.139070] DMAR: DRHD base: 0x000000957fc000 flags: 0x1
[    0.139072] DMAR: dmar13: reg_base_addr 957fc000 ver 6:0 cap 19ed008c40780c66 ecap 3ee9e86f050df
[    0.139073] DMAR: RMRR base: 0x00000076ab5000 end: 0x00000076ad7fff
[    0.139074] DMAR: RMRR base: 0x00000072525000 end: 0x0000007276efff
[    0.139075] DMAR: ATSR flags: 0x0
[    0.139076] DMAR: RHSA base: 0x000000957fc000 proximity domain: 0x0
[    0.139077] DMAR: RHSA base: 0x0000009fbfc000 proximity domain: 0x0
[    0.139078] DMAR: RHSA base: 0x000000a9ffc000 proximity domain: 0x0
[    0.139078] DMAR: RHSA base: 0x000000b3ffc000 proximity domain: 0x0
[    0.139079] DMAR: RHSA base: 0x000000bdffc000 proximity domain: 0x0
[    0.139079] DMAR: RHSA base: 0x000000c7ffc000 proximity domain: 0x0
[    0.139080] DMAR: RHSA base: 0x000000c87fc000 proximity domain: 0x0
[    0.139080] DMAR: RHSA base: 0x000000d9ffc000 proximity domain: 0x1
[    0.139081] DMAR: RHSA base: 0x000000e23fc000 proximity domain: 0x1
[    0.139081] DMAR: RHSA base: 0x000000ea7fc000 proximity domain: 0x1
[    0.139082] DMAR: RHSA base: 0x000000f2bfc000 proximity domain: 0x1
[    0.139082] DMAR: RHSA base: 0x000000faffc000 proximity domain: 0x1
[    0.139083] DMAR: RHSA base: 0x000000d17fc000 proximity domain: 0x1
[    0.139083] DMAR: RHSA base: 0x000000fb7fc000 proximity domain: 0x1
[    0.139084] DMAR: SATC flags: 0x0
[    0.139086] DMAR-IR: IOAPIC id 8 under DRHD base  0x957fc000 IOMMU 13
[    0.139087] DMAR-IR: HPET id 0 under DRHD base 0x957fc000
[    0.139088] DMAR-IR: Queued invalidation will be enabled to support x2apic and Intr-remapping.
[    0.143249] DMAR-IR: Enabled IRQ remapping in x2apic mode
[    0.144035] ..TIMER: vector=0x30 apic1=0 pin1=2 apic2=-1 pin2=-1
[    0.148996] clocksource: tsc-early: mask: 0xffffffffffffffff max_cycles: 0x39a85c9bff6, max_idle_ns: 881590591483 ns
[    0.149001] Calibrating delay loop (skipped), value calculated using timer frequency.. 4000.00 BogoMIPS (lpj=2000000)
[    0.149002] pid_max: default: 49152 minimum: 384
[    0.171643] Dentry cache hash table entries: 16777216 (order: 15, 134217728 bytes, vmalloc)
[    0.181194] Inode-cache hash table entries: 8388608 (order: 14, 67108864 bytes, vmalloc)
[    0.181521] Mount-cache hash table entries: 262144 (order: 9, 2097152 bytes, vmalloc)
[    0.181823] Mountpoint-cache hash table entries: 262144 (order: 9, 2097152 bytes, vmalloc)
[    0.182175] x86/tme: not enabled by BIOS
[    0.182182] CPU0: Thermal monitoring enabled (TM1)
[    0.182184] x86/cpu: User Mode Instruction Prevention (UMIP) activated
[    0.182479] process: using mwait in idle threads
[    0.182482] Last level iTLB entries: 4KB 0, 2MB 0, 4MB 0
[    0.182482] Last level dTLB entries: 4KB 0, 2MB 0, 4MB 0, 1GB 0
[    0.182487] Spectre V1 : Mitigation: usercopy/swapgs barriers and __user pointer sanitization
[    0.182488] Spectre V2 : WARNING: Unprivileged eBPF is enabled with eIBRS on, data leaks possible via Spectre v2 BHB attacks!
[    0.182489] Spectre V2 : Mitigation: Enhanced IBRS
[    0.182490] Spectre V2 : Spectre v2 / SpectreRSB mitigation: Filling RSB on context switch
[    0.182491] Spectre V2 : Spectre v2 / PBRSB-eIBRS: Retire a single CALL on VMEXIT
[    0.182492] Spectre V2 : mitigation: Enabling conditional Indirect Branch Prediction Barrier
[    0.182493] Speculative Store Bypass: Mitigation: Speculative Store Bypass disabled via prctl and seccomp
[    0.185444] Freeing SMP alternatives memory: 36K
[    0.185628] smpboot: Estimated ratio of average max frequency by base frequency (times 1024): 1536
[    0.185639] smpboot: CPU0: Intel(R) Xeon(R) Silver 4410Y (family: 0x6, model: 0x8f, stepping: 0x8)
[    0.185817] Performance Events: XSAVE Architectural LBR, PEBS fmt4+-baseline,  AnyThread deprecated, Sapphire Rapids events, 32-deep LBR, full-width counters, Intel PMU driver.
[    0.185818] ... version:                5
[    0.185818] ... bit width:              48
[    0.185819] ... generic registers:      8
[    0.185820] ... value mask:             0000ffffffffffff
[    0.185820] ... max period:             00007fffffffffff
[    0.185821] ... fixed-purpose events:   4
[    0.185821] ... event mask:             0001000f000000ff
[    0.185897] rcu: Hierarchical SRCU implementation.
[    0.188543] NMI watchdog: Enabled. Permanently consumes one hw-PMU counter.
[    0.188968] smp: Bringing up secondary CPUs ...
[    0.189194] x86: Booting SMP configuration:
[    0.299130] .... node  #0, CPUs:        #1  #2  #3  #4  #5  #6  #7  #8  #9 #10 #11
[    0.004884] smpboot: CPU 12 Converting physical 0 to logical die 1
[    0.431134] .... node  #1, CPUs:   #12 #13 #14 #15 #16 #17 #18 #19 #20 #21 #22 #23
[    0.543179] .... node  #0, CPUs:   #24 #25 #26 #27 #28 #29 #30 #31 #32 #33 #34 #35
[    0.662299] .... node  #1, CPUs:   #36 #37 #38 #39 #40 #41 #42 #43 #44 #45 #46 #47\x016smp: Brought up 2 nodes, 48 CPUs
[    0.662299] smpboot: Max logical packages: 2
[    0.662299] smpboot: Total of 48 processors activated (191551.48 BogoMIPS)
[    0.722037] node 0 deferred pages initialised in 59ms
[    0.722025] node 1 deferred pages initialised in 59ms
[    0.928274] devtmpfs: initialized
[    0.928274] x86/mm: Memory block size: 2048MB
[    0.929358] ACPI: PM: Registering ACPI NVS region [mem 0x6debd000-0x710e5fff] (52596736 bytes)
[    0.929388] clocksource: jiffies: mask: 0xffffffff max_cycles: 0xffffffff, max_idle_ns: 1911260446275000 ns
[    0.929416] futex hash table entries: 16384 (order: 8, 1048576 bytes, vmalloc)
[    0.930046] pinctrl core: initialized pinctrl subsystem
[    0.930154] PM: RTC time: 14:51:45, date: 2025-02-22
[    0.930386] NET: Registered PF_NETLINK/PF^C
pureeng@PureDrCluster-ct0:~$ dmesgiobalance --sampletime 30scsipureportlist=`pureport list --initiator | grep -v FC | awk -F' CT' '{print "CT"$2,$8}' | grep -v 'CT ' | awk -F '.ETH' '{print $1, $2}' | awk '{print $1, $5, $6}' | sort | uniq -c; echo`; iscsipureportlistcount=`echo "$iscsipureportlist" | awk '{total += $1} END {print total}'`; echo -e "$iscsipureportlist\n\n"; echo -e "\tTotal iSCSI connections: $iscsipureportlistcount\n\n";
     29 CT0 iqn.2010-06.com.purestorage:flasharray.1ad1e34ab4674a15 -
     64 CT1 iqn.2010-06.com.purestorage:flasharray.1ad1e34ab4674a15 -


Total iSCSI connections: 93


pureeng@PureDrCluster-ct0:~$ iscsipureportlist=`pureport list --initiator | grep -v FC | awk -F' CT' '{print "CT"$2,$8}' | grep -v 'CT ' | awk -F '.ETH' '{print $1, $2}' | awk '{print $1, $5, $6}' | sort | uniq -c; echo`; iscsipureportlistcount=`echo "$iscsipureportlist" | awk '{total += $1} END {print total}'`; echo -e "$iscsipureportlist\n\n"; echo -e "\tTotal iSCSI connections: $iscsipureportlistcount\n\n";
     29 CT0 iqn.2010-06.com.purestorage:flasharray.1ad1e34ab4674a15 -
     64 CT1 iqn.2010-06.com.purestorage:flasharray.1ad1e34ab4674a15 -


Total iSCSI connections: 93


pureeng@PureDrCluster-ct0:~$ iscsipureportlist=`pureport list --initiator | grep -v FC | awk -F' CT' '{print "CT"$2,$8}' | grep -v 'CT ' | awk -F '.ETH' '{print $1, $2}' | awk '{print $1, $5, $6}' | sort | uniq -c; echo`; iscsipureportlistcount=`echo "$iscsipureportlist" | awk '{total += $1} END {print total}'`; echo -e "$iscsipureportlist\n\n"; echo -e "\tTotal iSCSI connections: $iscsipureportlistcount\n\n";
     29 CT0 iqn.2010-06.com.purestorage:flasharray.1ad1e34ab4674a15 -
     64 CT1 iqn.2010-06.com.purestorage:flasharray.1ad1e34ab4674a15 -


Total iSCSI connections: 93


pureeng@PureDrCluster-ct0:~$ iscsipureportlist=`pureport list --initiator | grep -v FC | awk -F' CT' '{print "CT"$2,$8}' | grep -v 'CT ' | awk -F '.ETH' '{print $1, $2}' | awk '{print $1, $5, $6}' | sort | uniq -c; echo`; iscsipureportlistcount=`echo "$iscsipureportlist" | awk '{total += $1} END {print total}'`; echo -e "$iscsipureportlist\n\n"; echo -e "\tTotal iSCSI connections: $iscsipureportlistcount\n\n";
     29 CT0 iqn.2010-06.com.purestorage:flasharray.1ad1e34ab4674a15 -
     64 CT1 iqn.2010-06.com.purestorage:flasharray.1ad1e34ab4674a15 -


Total iSCSI connections: 93


pureeng@PureDrCluster-ct0:~$ iscsipureportlist=`pureport list --initiator | grep -v FC | awk -F' CT' '{print "CT"$2,$8}' | grep -v 'CT ' | awk -F '.ETH' '{print $1, $2}' | awk '{print $1, $5, $6}' | sort | uniq -c; echo`; iscsipureportlistcount=`echo "$iscsipureportlist" | awk '{total += $1} END {print total}'`; echo -e "$iscsipureportlist\n\n"; echo -e "\tTotal iSCSI connections: $iscsipureportlistcount\n\n";
     29 CT0 iqn.2010-06.com.purestorage:flasharray.1ad1e34ab4674a15 -
     64 CT1 iqn.2010-06.com.purestorage:flasharray.1ad1e34ab4674a15 -


Total iSCSI connections: 93


pureeng@PureDrCluster-ct0:~$ iscsipureportlist=`pureport list --initiator | grep -v FC | awk -F' CT' '{print "CT"$2,$8}' | grep -v 'CT ' | awk -F '.ETH' '{print $1, $2}' | awk '{print $1, $5, $6}' | sort | uniq -c; echo`; iscsipureportlistcount=`echo "$iscsipureportlist" | awk '{total += $1} END {print total}'`; echo -e "$iscsipureportlist\n\n"; echo -e "\tTotal iSCSI connections: $iscsipureportlistcount\n\n";
     29 CT0 iqn.2010-06.com.purestorage:flasharray.1ad1e34ab4674a15 -
     64 CT1 iqn.2010-06.com.purestorage:flasharray.1ad1e34ab4674a15 -


Total iSCSI connections: 93


pureeng@PureDrCluster-ct0:~$ iscsipureportlist=`pureport list --initiator | grep -v FC | awk -F' CT' '{print "CT"$2,$8}' | grep -v 'CT ' | awk -F '.ETH' '{print $1, $2}' | awk '{print $1, $5, $6}' | sort | uniq -c; echo`; iscsipureportlistcount=`echo "$iscsipureportlist" | awk '{total += $1} END {print total}'`; echo -e "$iscsipureportlist\n\n"; echo -e "\tTotal iSCSI connections: $iscsipureportlistcount\n\n";
     29 CT0 iqn.2010-06.com.purestorage:flasharray.1ad1e34ab4674a15 -
     64 CT1 iqn.2010-06.com.purestorage:flasharray.1ad1e34ab4674a15 -


Total iSCSI connections: 93


pureeng@PureDrCluster-ct0:~$ iscsipureportlist=`pureport list --initiator | grep -v FC | awk -F' CT' '{print "CT"$2,$8}' | grep -v 'CT ' | awk -F '.ETH' '{print $1, $2}' | awk '{print $1, $5, $6}' | sort | uniq -c; echo`; iscsipureportlistcount=`echo "$iscsipureportlist" | awk '{total += $1} END {print total}'`; echo -e "$iscsipureportlist\n\n"; echo -e "\tTotal iSCSI connections: $iscsipureportlistcount\n\n";
     29 CT0 iqn.2010-06.com.purestorage:flasharray.1ad1e34ab4674a15 -
     64 CT1 iqn.2010-06.com.purestorage:flasharray.1ad1e34ab4674a15 -


Total iSCSI connections: 93


pureeng@PureDrCluster-ct0:~$ iscsipureportlist=`pureport list --initiator | grep -v FC | awk -F' CT' '{print "CT"$2,$8}' | grep -v 'CT ' | awk -F '.ETH' '{print $1, $2}' | awk '{print $1, $5, $6}' | sort | uniq -c; echo`; iscsipureportlistcount=`echo "$iscsipureportlist" | awk '{total += $1} END {print total}'`; echo -e "$iscsipureportlist\n\n"; echo -e "\tTotal iSCSI connections: $iscsipureportlistcount\n\n";
     64 CT1 iqn.2010-06.com.purestorage:flasharray.1ad1e34ab4674a15 -


Total iSCSI connections: 64


pureeng@PureDrCluster-ct0:~$ iscsipureportlist=`pureport list --initiator | grep -v FC | awk -F' CT' '{print "CT"$2,$8}' | grep -v 'CT ' | awk -F '.ETH' '{print $1, $2}' | awk '{print $1, $5, $6}' | sort | uniq -c; echo`; iscsipureportlistcount=`echo "$iscsipureportlist" | awk '{total += $1} END {print total}'`; echo -e "$iscsipureportlist\n\n"; echo -e "\tTotal iSCSI connections: $iscsipureportlistcount\n\n";
     64 CT1 iqn.2010-06.com.purestorage:flasharray.1ad1e34ab4674a15 -


Total iSCSI connections: 64


pureeng@PureDrCluster-ct0:~$ iscsipureportlist=`pureport list --initiator | grep -v FC | awk -F' CT' '{print "CT"$2,$8}' | grep -v 'CT ' | awk -F '.ETH' '{print $1, $2}' | awk '{print $1, $5, $6}' | sort | uniq -c; echo`; iscsipureportlistcount=`echo "$iscsipureportlist" | awk '{total += $1} END {print total}'`; echo -e "$iscsipureportlist\n\n"; echo -e "\tTotal iSCSI connections: $iscsipureportlistcount\n\n";
     64 CT1 iqn.2010-06.com.purestorage:flasharray.1ad1e34ab4674a15 -


Total iSCSI connections: 64


pureeng@PureDrCluster-ct0:~$ iscsipureportlist=`pureport list --initiator | grep -v FC | awk -F' CT' '{print "CT"$2,$8}' | grep -v 'CT ' | awk -F '.ETH' '{print $1, $2}' | awk '{print $1, $5, $6}' | sort | uniq -c; echo`; iscsipureportlistcount=`echo "$iscsipureportlist" | awk '{total += $1} END {print total}'`; echo -e "$iscsipureportlist\n\n"; echo -e "\tTotal iSCSI connections: $iscsipureportlistcount\n\n";
     64 CT1 iqn.2010-06.com.purestorage:flasharray.1ad1e34ab4674a15 -


Total iSCSI connections: 64


pureeng@PureDrCluster-ct0:~$ iscsipureportlist=`pureport list --initiator | grep -v FC | awk -F' CT' '{print "CT"$2,$8}' | grep -v 'CT ' | awk -F '.ETH' '{print $1, $2}' | awk '{print $1, $5, $6}' | sort | uniq -c; echo`; iscsipureportlistcount=`echo "$iscsipureportlist" | awk '{total += $1} END {print total}'`; echo -e "$iscsipureportlist\n\n"; echo -e "\tTotal iSCSI connections: $iscsipureportlistcount\n\n";
     64 CT1 iqn.2010-06.com.purestorage:flasharray.1ad1e34ab4674a15 -


Total iSCSI connections: 64


pureeng@PureDrCluster-ct0:~$ iscsipureportlist=`pureport list --initiator | grep -v FC | awk -F' CT' '{print "CT"$2,$8}' | grep -v 'CT ' | awk -F '.ETH' '{print $1, $2}' | awk '{print $1, $5, $6}' | sort | uniq -c; echo`; iscsipureportlistcount=`echo "$iscsipureportlist" | awk '{total += $1} END {print total}'`; echo -e "$iscsipureportlist\n\n"; echo -e "\tTotal iSCSI connections: $iscsipureportlistcount\n\n";
     29 CT0 iqn.2010-06.com.purestorage:flasharray.1ad1e34ab4674a15 -
     64 CT1 iqn.2010-06.com.purestorage:flasharray.1ad1e34ab4674a15 -


Total iSCSI connections: 93


pureeng@PureDrCluster-ct0:~$ iscsipureportlist=`pureport list --initiator | grep -v FC | awk -F' CT' '{print "CT"$2,$8}' | grep -v 'CT ' | awk -F '.ETH' '{print $1, $2}' | awk '{print $1, $5, $6}' | sort | uniq -c; echo`; iscsipureportlistcount=`echo "$iscsipureportlist" | awk '{total += $1} END {print total}'`; echo -e "$iscsipureportlist\n\n"; echo -e "\tTotal iSCSI connections: $iscsipureportlistcount\n\n";
     29 CT0 iqn.2010-06.com.purestorage:flasharray.1ad1e34ab4674a15 -
     64 CT1 iqn.2010-06.com.purestorage:flasharray.1ad1e34ab4674a15 -


Total iSCSI connections: 93


pureeng@PureDrCluster-ct0:~$ iobalance --sampletime 10
sampling host I/O for 10 seconds...
                                Host  CT0 I/O Count  CT1 I/O Count  
                               VMH01        1.00       49.00  ! unbalanced I/O
                               VMH02        1.00       13.00  
                               VMH03        0.00        2.00  ! no I/O to CT0
                               VMH04        4.00       10.00  
                               VMH05       72.00      110.00  ! unbalanced I/O
                               VMH11        0.00        0.00  ? Host is idle
                               VMH12        4.00        8.00  
                               VMH13       90.00      122.00  
                               VMH14       13.00       18.00  
                               VMH15       1.28K      163.00  ! unbalanced I/O
                               VMH16      160.00      428.00  ! unbalanced I/O
                               VMH17      464.00      111.00  ! unbalanced I/O
                               VMH18      437.00      263.00  ! unbalanced I/O
                               VMH19       9.56K      10.03K  
                               VMH20       1.64K      199.00  ! unbalanced I/O
                               VMH21      108.00       18.00  ! unbalanced I/O
                               VMH22        0.00        0.00  ? Host is idle
                               VMH24      556.00       32.00  ! unbalanced I/O
                               VMH26        5.00      135.00  ! unbalanced I/O
                               VMH27        0.00        0.00  ? Host is idle
                               VMH28        2.00        6.00  
                              dvmh01      657.00       68.00  ! unbalanced I/O
                              dvmh02      253.00      347.00  
                              dvmh03        0.00        0.00  ? Host is idle
                              dvmh04       80.00       44.00  ! unbalanced I/O
                              dvmh05       40.00        0.00  ! no I/O to CT1
                              dvmh06      13.83K       9.89K  
                              dvmh07      112.00        7.00  ! unbalanced I/O
wenonpvmh1-worthingtonenterprise-com        0.00       2.81K  ! no I/O to CT0
wenonpvmh2-worthingtonenterprise-com        0.00      918.00  ! no I/O to CT0
wenonpvmh3-worthingtonenterprise-com        0.00       7.29K  ! no I/O to CT0
wenonpvmh4-worthingtonenterprise-com        0.00       3.99K  ! no I/O to CT0
                          weprdpvmh1        0.00        2.00  ! no I/O to CT0
                          weprdpvmh2        0.00      167.00  ! no I/O to CT0
                          weprdpvmh3        0.00        0.00  ? Host is idle
                          weprdpvmh4        0.00       67.00  ! no I/O to CT0
                          weprdpvmh5        0.00        0.00  ? Host is idle
                          weprdpvmh6        0.00       52.00  ! no I/O to CT0
                          weprdpvmh7        0.00       10.00  ! no I/O to CT0
                          weprdpvmh8        0.00      395.00  ! no I/O to CT0
pureeng@PureDrCluster-ct0:~$ iobalance --sampletime 10scsipureportlist=`pureport list --initiator | grep -v FC | awk -F' CT' '{print "CT"$2,$8}' | grep -v 'CT ' | awk -F '.ETH' '{print $1, $2}' | awk '{print $1, $5, $6}' | sort | uniq -c; echo`; iscsipureportlistcount=`echo "$iscsipureportlist" | awk '{total += $1} END {print total}'`; echo -e "$iscsipureportlist\n\n"; echo -e "\tTotal iSCSI connections: $iscsipureportlistcount\n\n";
     29 CT0 iqn.2010-06.com.purestorage:flasharray.1ad1e34ab4674a15 -
     64 CT1 iqn.2010-06.com.purestorage:flasharray.1ad1e34ab4674a15 -


Total iSCSI connections: 93


pureeng@PureDrCluster-ct0:~$ pureport
usage: pureport [-h] {list,setattr,swap} ...
pureport: error: the following arguments are required: subcommand
pureeng@PureDrCluster-ct0:~$ pureport network eth list
Name       Enabled  Type      Subnet  Address       Mask           Gateway      MTU   MAC                Speed        Services     Subinterfaces
ct0.eth0   False    physical  -       -             -              -            1500  24:a9:37:61:d4:74  100.00 Gb/s  -            -
ct0.eth1   False    physical  -       -             -              -            1500  24:a9:37:61:d4:75  100.00 Gb/s  -            -
ct0.eth2   True     physical  -       10.195.6.30   255.255.255.0  10.195.6.1   9000  24:a9:37:61:d4:76  25.00 Gb/s   replication  -
ct0.eth3   False    physical  -       -             -              -            1500  24:a9:37:61:d4:77  25.00 Gb/s   replication  -
ct0.eth4   True     physical  -       10.195.4.51   255.255.255.0  10.195.4.1   1500  24:a9:37:61:d4:78  1.00 Gb/s    management   -
ct0.eth5   False    physical  -       -             -              -            1500  24:a9:37:61:d4:79  1.00 Gb/s    management   -
ct0.eth18  True     physical  -       10.195.5.31   255.255.255.0  10.195.5.1   1500  a0:88:c2:7e:82:c9  25.00 Gb/s   iscsi        -
ct0.eth19  True     physical  -       10.224.11.11  255.255.255.0  10.224.11.1  1500  a0:88:c2:7e:82:c8  25.00 Gb/s   iscsi        -
ct0.eth20  False    physical  -       -             -              -            1500  a0:88:c2:7e:82:c7  25.00 Gb/s   iscsi        -
ct0.eth21  False    physical  -       -             -              -            1500  a0:88:c2:7e:82:c6  25.00 Gb/s   iscsi        -
ct1.eth0   True     physical  -       10.195.4.52   255.255.255.0  10.195.4.1   1500  24:a9:37:44:d1:53  1.00 Gb/s    management   -
ct1.eth1   False    physical  -       -             -              -            1500  24:a9:37:44:d1:54  1.00 Gb/s    management   -
ct1.eth2   True     physical  -       10.195.6.31   255.255.255.0  10.195.6.1   9000  24:a9:37:44:d1:56  25.00 Gb/s   replication  -
ct1.eth3   False    physical  -       -             -              -            1500  24:a9:37:44:d1:55  25.00 Gb/s   replication  -
ct1.eth4   True     physical  -       10.195.5.33   255.255.255.0  10.195.5.1   1500  24:a9:37:44:d1:58  25.00 Gb/s   iscsi        -
ct1.eth5   True     physical  -       10.224.11.14  255.255.255.0  10.224.11.1  1500  24:a9:37:44:d1:57  25.00 Gb/s   iscsi        -
filevip    True     vif       -       10.195.5.36   255.255.255.0  10.195.5.1   1500  b6:4d:df:a0:29:e9  25.00 Gb/s   file         ct1.eth4
                                                                                                                                   ct0.eth18
                                                                                                                                   ct1.eth5
                                                                                                                                   ct0.eth19
replbond   False    bond      -       -             -              -            1500  ea:4b:18:06:6e:87  0.00 b/s     replication  -
vir0       True     vif       -       10.195.4.50   255.255.255.0  10.195.4.1   1500  ea:a1:88:4f:b3:7d  1.00 Gb/s    management   -
vir1       False    vif       -       -             -              -            1500  92:b2:53:fd:af:6f  1.00 Gb/s    management   -
pureeng@PureDrCluster-ct0:~$ pureport list
Name       WWN  Portal             IQN                                                      NQN  Failover
CT0.ETH18  -    10.195.5.31:3260   iqn.2010-06.com.purestorage:flasharray.1ad1e34ab4674a15  -    -
CT0.ETH19  -    10.224.11.11:3260  iqn.2010-06.com.purestorage:flasharray.1ad1e34ab4674a15  -    -
CT1.ETH4   -    10.195.5.33:3260   iqn.2010-06.com.purestorage:flasharray.1ad1e34ab4674a15  -    -
CT1.ETH5   -    10.224.11.14:3260  iqn.2010-06.com.purestorage:flasharray.1ad1e34ab4674a15  -    -
pureeng@PureDrCluster-ct0:~$ pureport listnetwork ethportiscsipureportlist=`pureport list --initiator | grep -v FC | awk -F' CT' '{print "CT"$2,$8}' | grep -v 'CT ' | awk -F '.ETH' '{print $1, $2}' | awk '{print $1, $5, $6}' | sort | uniq -c; echo`; iscsipureportlistcount=`echo "$iscsipureportlist" | awk '{total += $1} END {print total}'`; echo -e "$iscsipureportlist\n\n"; echo -e "\tTotal iSCSI connections: $iscsipureportlistcount\n\n";
     29 CT0 iqn.2010-06.com.purestorage:flasharray.1ad1e34ab4674a15 -
     64 CT1 iqn.2010-06.com.purestorage:flasharray.1ad1e34ab4674a15 -


Total iSCSI connections: 93


pureeng@PureDrCluster-ct0:~$ iscsipureportlist=`pureport list --initiator | grep -v FC | awk -F' CT' '{print "CT"$2,$8}' | grep -v 'CT ' | awk -F '.ETH' '{print $1, $2}' | awk '{print $1, $5, $6}' | sort | uniq -c; echo`; iscsipureportlistcount=`echo "$iscsipureportlist" | awk '{total += $1} END {print total}'`; echo -e "$iscsipureportlist\n\n"; echo -e "\tTotal iSCSI connections: $iscsipureportlistcount\n\n";
     29 CT0 iqn.2010-06.com.purestorage:flasharray.1ad1e34ab4674a15 -
     64 CT1 iqn.2010-06.com.purestorage:flasharray.1ad1e34ab4674a15 -


Total iSCSI connections: 93


pureeng@PureDrCluster-ct0:~$ iscsipureportlist=`pureport list --initiator | grep -v FC | awk -F' CT' '{print "CT"$2,$8}' | grep -v 'CT ' | awk -F '.ETH' '{print $1, $2}' | awk '{print $1, $5, $6}' | sort | uniq -c; echo`; iscsipureportlistcount=`echo "$iscsipureportlist" | awk '{total += $1} END {print total}'`; echo -e "$iscsipureportlist\n\n"; echo -e "\tTotal iSCSI connections: $iscsipureportlistcount\n\n";
     29 CT0 iqn.2010-06.com.purestorage:flasharray.1ad1e34ab4674a15 -
     64 CT1 iqn.2010-06.com.purestorage:flasharray.1ad1e34ab4674a15 -


Total iSCSI connections: 93


pureeng@PureDrCluster-ct0:~$ iscsipureportlist=`pureport list --initiator | grep -v FC | awk -F' CT' '{print "CT"$2,$8}' | grep -v 'CT ' | awk -F '.ETH' '{print $1, $2}' | awk '{print $1, $5, $6}' | sort | uniq -c; echo`; iscsipureportlistcount=`echo "$iscsipureportlist" | awk '{total += $1} END {print total}'`; echo -e "$iscsipureportlist\n\n"; echo -e "\tTotal iSCSI connections: $iscsipureportlistcount\n\n";
     29 CT0 iqn.2010-06.com.purestorage:flasharray.1ad1e34ab4674a15 -
     64 CT1 iqn.2010-06.com.purestorage:flasharray.1ad1e34ab4674a15 -


Total iSCSI connections: 93


pureeng@PureDrCluster-ct0:~$ iscsipureportlist=`pureport list --initiator | grep -v FC | awk -F' CT' '{print "CT"$2,$8}' | grep -v 'CT ' | awk -F '.ETH' '{print $1, $2}' | awk '{print $1, $5, $6}' | sort | uniq -c; echo`; iscsipureportlistcount=`echo "$iscsipureportlist" | awk '{total += $1} END {print total}'`; echo -e "$iscsipureportlist\n\n"; echo -e "\tTotal iSCSI connections: $iscsipureportlistcount\n\n";
     64 CT1 iqn.2010-06.com.purestorage:flasharray.1ad1e34ab4674a15 -


Total iSCSI connections: 64


pureeng@PureDrCluster-ct0:~$ iscsipureportlist=`pureport list --initiator | grep -v FC | awk -F' CT' '{print "CT"$2,$8}' | grep -v 'CT ' | awk -F '.ETH' '{print $1, $2}' | awk '{print $1, $5, $6}' | sort | uniq -c; echo`; iscsipureportlistcount=`echo "$iscsipureportlist" | awk '{total += $1} END {print total}'`; echo -e "$iscsipureportlist\n\n"; echo -e "\tTotal iSCSI connections: $iscsipureportlistcount\n\n";
     64 CT1 iqn.2010-06.com.purestorage:flasharray.1ad1e34ab4674a15 -


Total iSCSI connections: 64


pureeng@PureDrCluster-ct0:~$ iscsipureportlist=`pureport list --initiator | grep -v FC | awk -F' CT' '{print "CT"$2,$8}' | grep -v 'CT ' | awk -F '.ETH' '{print $1, $2}' | awk '{print $1, $5, $6}' | sort | uniq -c; echo`; iscsipureportlistcount=`echo "$iscsipureportlist" | awk '{total += $1} END {print total}'`; echo -e "$iscsipureportlist\n\n"; echo -e "\tTotal iSCSI connections: $iscsipureportlistcount\n\n";
     64 CT1 iqn.2010-06.com.purestorage:flasharray.1ad1e34ab4674a15 -


Total iSCSI connections: 64


pureeng@PureDrCluster-ct0:~$ iscsipureportlist=`pureport list --initiator | grep -v FC | awk -F' CT' '{print "CT"$2,$8}' | grep -v 'CT ' | awk -F '.ETH' '{print $1, $2}' | awk '{print $1, $5, $6}' | sort | uniq -c; echo`; iscsipureportlistcount=`echo "$iscsipureportlist" | awk '{total += $1} END {print total}'`; echo -e "$iscsipureportlist\n\n"; echo -e "\tTotal iSCSI connections: $iscsipureportlistcount\n\n";
     64 CT1 iqn.2010-06.com.purestorage:flasharray.1ad1e34ab4674a15 -


Total iSCSI connections: 64


pureeng@PureDrCluster-ct0:~$ iscsipureportlist=`pureport list --initiator | grep -v FC | awk -F' CT' '{print "CT"$2,$8}' | grep -v 'CT ' | awk -F '.ETH' '{print $1, $2}' | awk '{print $1, $5, $6}' | sort | uniq -c; echo`; iscsipureportlistcount=`echo "$iscsipureportlist" | awk '{total += $1} END {print total}'`; echo -e "$iscsipureportlist\n\n"; echo -e "\tTotal iSCSI connections: $iscsipureportlistcount\n\n";
     64 CT1 iqn.2010-06.com.purestorage:flasharray.1ad1e34ab4674a15 -


Total iSCSI connections: 64


pureeng@PureDrCluster-ct0:~$ iscsipureportlist=`pureport list --initiator | grep -v FC | awk -F' CT' '{print "CT"$2,$8}' | grep -v 'CT ' | awk -F '.ETH' '{print $1, $2}' | awk '{print $1, $5, $6}' | sort | uniq -c; echo`; iscsipureportlistcount=`echo "$iscsipureportlist" | awk '{total += $1} END {print total}'`; echo -e "$iscsipureportlist\n\n"; echo -e "\tTotal iSCSI connections: $iscsipureportlistcount\n\n";
     64 CT1 iqn.2010-06.com.purestorage:flasharray.1ad1e34ab4674a15 -


Total iSCSI connections: 64


pureeng@PureDrCluster-ct0:~$ iscsipureportlist=`pureport list --initiator | grep -v FC | awk -F' CT' '{print "CT"$2,$8}' | grep -v 'CT ' | awk -F '.ETH' '{print $1, $2}' | awk '{print $1, $5, $6}' | sort | uniq -c; echo`; iscsipureportlistcount=`echo "$iscsipureportlist" | awk '{total += $1} END {print total}'`; echo -e "$iscsipureportlist\n\n"; echo -e "\tTotal iSCSI connections: $iscsipureportlistcount\n\n";
     64 CT1 iqn.2010-06.com.purestorage:flasharray.1ad1e34ab4674a15 -


Total iSCSI connections: 64


pureeng@PureDrCluster-ct0:~$ iscsipureportlist=`pureport list --initiator | grep -v FC | awk -F' CT' '{print "CT"$2,$8}' | grep -v 'CT ' | awk -F '.ETH' '{print $1, $2}' | awk '{print $1, $5, $6}' | sort | uniq -c; echo`; iscsipureportlistcount=`echo "$iscsipureportlist" | awk '{total += $1} END {print total}'`; echo -e "$iscsipureportlist\n\n"; echo -e "\tTotal iSCSI connections: $iscsipureportlistcount\n\n";
     64 CT1 iqn.2010-06.com.purestorage:flasharray.1ad1e34ab4674a15 -


Total iSCSI connections: 64


pureeng@PureDrCluster-ct0:~$ iscsipureportlist=`pureport list --initiator | grep -v FC | awk -F' CT' '{print "CT"$2,$8}' | grep -v 'CT ' | awk -F '.ETH' '{print $1, $2}' | awk '{print $1, $5, $6}' | sort | uniq -c; echo`; iscsipureportlistcount=`echo "$iscsipureportlist" | awk '{total += $1} END {print total}'`; echo -e "$iscsipureportlist\n\n"; echo -e "\tTotal iSCSI connections: $iscsipureportlistcount\n\n";
     64 CT1 iqn.2010-06.com.purestorage:flasharray.1ad1e34ab4674a15 -


Total iSCSI connections: 64


pureeng@PureDrCluster-ct0:~$ iscsipureportlist=`pureport list --initiator | grep -v FC | awk -F' CT' '{print "CT"$2,$8}' | grep -v 'CT ' | awk -F '.ETH' '{print $1, $2}' | awk '{print $1, $5, $6}' | sort | uniq -c; echo`; iscsipureportlistcount=`echo "$iscsipureportlist" | awk '{total += $1} END {print total}'`; echo -e "$iscsipureportlist\n\n"; echo -e "\tTotal iSCSI connections: $iscsipureportlistcount\n\n";
     64 CT1 iqn.2010-06.com.purestorage:flasharray.1ad1e34ab4674a15 -


Total iSCSI connections: 64


pureeng@PureDrCluster-ct0:~$ iscsipureportlist=`pureport list --initiator | grep -v FC | awk -F' CT' '{print "CT"$2,$8}' | grep -v 'CT ' | awk -F '.ETH' '{print $1, $2}' | awk '{print $1, $5, $6}' | sort | uniq -c; echo`; iscsipureportlistcount=`echo "$iscsipureportlist" | awk '{total += $1} END {print total}'`; echo -e "$iscsipureportlist\n\n"; echo -e "\tTotal iSCSI connections: $iscsipureportlistcount\n\n";
     64 CT1 iqn.2010-06.com.purestorage:flasharray.1ad1e34ab4674a15 -


Total iSCSI connections: 64


pureeng@PureDrCluster-ct0:~$ iscsipureportlist=`pureport list --initiator | grep -v FC | awk -F' CT' '{print "CT"$2,$8}' | grep -v 'CT ' | awk -F '.ETH' '{print $1, $2}' | awk '{print $1, $5, $6}' | sort | uniq -c; echo`; iscsipureportlistcount=`echo "$iscsipureportlist" | awk '{total += $1} END {print total}'`; echo -e "$iscsipureportlist\n\n"; echo -e "\tTotal iSCSI connections: $iscsipureportlistcount\n\n";
     29 CT0 iqn.2010-06.com.purestorage:flasharray.1ad1e34ab4674a15 -
     64 CT1 iqn.2010-06.com.purestorage:flasharray.1ad1e34ab4674a15 -


Total iSCSI connections: 93


pureeng@PureDrCluster-ct0:~$ iscsipureportlist=`pureport list --initiator | grep -v FC | awk -F' CT' '{print "CT"$2,$8}' | grep -v 'CT ' | awk -F '.ETH' '{print $1, $2}' | awk '{print $1, $5, $6}' | sort | uniq -c; echo`; iscsipureportlistcount=`echo "$iscsipureportlist" | awk '{total += $1} END {print total}'`; echo -e "$iscsipureportlist\n\n"; echo -e "\tTotal iSCSI connections: $iscsipureportlistcount\n\n";
     29 CT0 iqn.2010-06.com.purestorage:flasharray.1ad1e34ab4674a15 -
     64 CT1 iqn.2010-06.com.purestorage:flasharray.1ad1e34ab4674a15 -


Total iSCSI connections: 93


pureeng@PureDrCluster-ct0:~$ iscsipureportlist=`pureport list --initiator | grep -v FC | awk -F' CT' '{print "CT"$2,$8}' | grep -v 'CT ' | awk -F '.ETH' '{print $1, $2}' | awk '{print $1, $5, $6}' | sort | uniq -c; echo`; iscsipureportlistcount=`echo "$iscsipureportlist" | awk '{total += $1} END {print total}'`; echo -e "$iscsipureportlist\n\n"; echo -e "\tTotal iSCSI connections: $iscsipureportlistcount\n\n";
     29 CT0 iqn.2010-06.com.purestorage:flasharray.1ad1e34ab4674a15 -
     64 CT1 iqn.2010-06.com.purestorage:flasharray.1ad1e34ab4674a15 -


Total iSCSI connections: 93


pureeng@PureDrCluster-ct0:~$ iscsipureportlist=`pureport list --initiator | grep -v FC | awk -F' CT' '{print "CT"$2,$8}' | grep -v 'CT ' | awk -F '.ETH' '{print $1, $2}' | awk '{print $1, $5, $6}' | sort | uniq -c; echo`; iscsipureportlistcount=`echo "$iscsipureportlist" | awk '{total += $1} END {print total}'`; echo -e "$iscsipureportlist\n\n"; echo -e "\tTotal iSCSI connections: $iscsipureportlistcount\n\n";
     29 CT0 iqn.2010-06.com.purestorage:flasharray.1ad1e34ab4674a15 -
     64 CT1 iqn.2010-06.com.purestorage:flasharray.1ad1e34ab4674a15 -


Total iSCSI connections: 93


pureeng@PureDrCluster-ct0:~$ iscsipureportlist=`pureport list --initiator | grep -v FC | awk -F' CT' '{print "CT"$2,$8}' | grep -v 'CT ' | awk -F '.ETH' '{print $1, $2}' | awk '{print $1, $5, $6}' | sort | uniq -c; echo`; iscsipureportlistcount=`echo "$iscsipureportlist" | awk '{total += $1} END {print total}'`; echo -e "$iscsipureportlist\n\n"; echo -e "\tTotal iSCSI connections: $iscsipureportlistcount\n\n";
     29 CT0 iqn.2010-06.com.purestorage:flasharray.1ad1e34ab4674a15 -
     64 CT1 iqn.2010-06.com.purestorage:flasharray.1ad1e34ab4674a15 -


Total iSCSI connections: 93


pureeng@PureDrCluster-ct0:~$ iscsipureportlist=`pureport list --initiator | grep -v FC | awk -F' CT' '{print "CT"$2,$8}' | grep -v 'CT ' | awk -F '.ETH' '{print $1, $2}' | awk '{print $1, $5, $6}' | sort | uniq -c; echo`; iscsipureportlistcount=`echo "$iscsipureportlist" | awk '{total += $1} END {print total}'`; echo -e "$iscsipureportlist\n\n"; echo -e "\tTotal iSCSI connections: $iscsipureportlistcount\n\n";
     29 CT0 iqn.2010-06.com.purestorage:flasharray.1ad1e34ab4674a15 -
     64 CT1 iqn.2010-06.com.purestorage:flasharray.1ad1e34ab4674a15 -


Total iSCSI connections: 93


pureeng@PureDrCluster-ct0:~$ iscsipureportlist=`pureport list --initiator | grep -v FC | awk -F' CT' '{print "CT"$2,$8}' | grep -v 'CT ' | awk -F '.ETH' '{print $1, $2}' | awk '{print $1, $5, $6}' | sort | uniq -c; echo`; iscsipureportlistcount=`echo "$iscsipureportlist" | awk '{total += $1} END {print total}'`; echo -e "$iscsipureportlist\n\n"; echo -e "\tTotal iSCSI connections: $iscsipureportlistcount\n\n";
     29 CT0 iqn.2010-06.com.purestorage:flasharray.1ad1e34ab4674a15 -
     64 CT1 iqn.2010-06.com.purestorage:flasharray.1ad1e34ab4674a15 -


Total iSCSI connections: 93


pureeng@PureDrCluster-ct0:~$ iscsipureportlist=`pureport list --initiator | grep -v FC | awk -F' CT' '{print "CT"$2,$8}' | grep -v 'CT ' | awk -F '.ETH' '{print $1, $2}' | awk '{print $1, $5, $6}' | sort | uniq -c; echo`; iscsipureportlistcount=`echo "$iscsipureportlist" | awk '{total += $1} END {print total}'`; echo -e "$iscsipureportlist\n\n"; echo -e "\tTotal iSCSI connections: $iscsipureportlistcount\n\n";
     29 CT0 iqn.2010-06.com.purestorage:flasharray.1ad1e34ab4674a15 -
     64 CT1 iqn.2010-06.com.purestorage:flasharray.1ad1e34ab4674a15 -


Total iSCSI connections: 93


pureeng@PureDrCluster-ct0:~$ iscsipureportlist=`pureport list --initiator | grep -v FC | awk -F' CT' '{print "CT"$2,$8}' | grep -v 'CT ' | awk -F '.ETH' '{print $1, $2}' | awk '{print $1, $5, $6}' | sort | uniq -c; echo`; iscsipureportlistcount=`echo "$iscsipureportlist" | awk '{total += $1} END {print total}'`; echo -e "$iscsipureportlist\n\n"; echo -e "\tTotal iSCSI connections: $iscsipureportlistcount\n\n";
     29 CT0 iqn.2010-06.com.purestorage:flasharray.1ad1e34ab4674a15 -
     64 CT1 iqn.2010-06.com.purestorage:flasharray.1ad1e34ab4674a15 -


Total iSCSI connections: 93


pureeng@PureDrCluster-ct0:~$ iscsipureportlist=`pureport list --initiator | grep -v FC | awk -F' CT' '{print "CT"$2,$8}' | grep -v 'CT ' | awk -F '.ETH' '{print $1, $2}' | awk '{print $1, $5, $6}' | sort | uniq -c; echo`; iscsipureportlistcount=`echo "$iscsipureportlist" | awk '{total += $1} END {print total}'`; echo -e "$iscsipureportlist\n\n"; echo -e "\tTotal iSCSI connections: $iscsipureportlistcount\n\n";
     29 CT0 iqn.2010-06.com.purestorage:flasharray.1ad1e34ab4674a15 -
     64 CT1 iqn.2010-06.com.purestorage:flasharray.1ad1e34ab4674a15 -


Total iSCSI connections: 93


pureeng@PureDrCluster-ct0:~$ iscsipureportlist=`pureport list --initiator | grep -v FC | awk -F' CT' '{print "CT"$2,$8}' | grep -v 'CT ' | awk -F '.ETH' '{print $1, $2}' | awk '{print $1, $5, $6}' | sort | uniq -c; echo`; iscsipureportlistcount=`echo "$iscsipureportlist" | awk '{total += $1} END {print total}'`; echo -e "$iscsipureportlist\n\n"; echo -e "\tTotal iSCSI connections: $iscsipureportlistcount\n\n";
     29 CT0 iqn.2010-06.com.purestorage:flasharray.1ad1e34ab4674a15 -
     64 CT1 iqn.2010-06.com.purestorage:flasharray.1ad1e34ab4674a15 -


Total iSCSI connections: 93


pureeng@PureDrCluster-ct0:~$ iscsipureportlist=`pureport list --initiator | grep -v FC | awk -F' CT' '{print "CT"$2,$8}' | grep -v 'CT ' | awk -F '.ETH' '{print $1, $2}' | awk '{print $1, $5, $6}' | sort | uniq -c; echo`; iscsipureportlistcount=`echo "$iscsipureportlist" | awk '{total += $1} END {print total}'`; echo -e "$iscsipureportlist\n\n"; echo -e "\tTotal iSCSI connections: $iscsipureportlistcount\n\n";
     29 CT0 iqn.2010-06.com.purestorage:flasharray.1ad1e34ab4674a15 -
     64 CT1 iqn.2010-06.com.purestorage:flasharray.1ad1e34ab4674a15 -


Total iSCSI connections: 93


pureeng@PureDrCluster-ct0:~$ iscsipureportlist=`pureport list --initiator | grep -v FC | awk -F' CT' '{print "CT"$2,$8}' | grep -v 'CT ' | awk -F '.ETH' '{print $1, $2}' | awk '{print $1, $5, $6}' | sort | uniq -c; echo`; iscsipureportlistcount=`echo "$iscsipureportlist" | awk '{total += $1} END {print total}'`; echo -e "$iscsipureportlist\n\n"; echo -e "\tTotal iSCSI connections: $iscsipureportlistcount\n\n";
     29 CT0 iqn.2010-06.com.purestorage:flasharray.1ad1e34ab4674a15 -
     64 CT1 iqn.2010-06.com.purestorage:flasharray.1ad1e34ab4674a15 -


Total iSCSI connections: 93


pureeng@PureDrCluster-ct0:~$ iscsipureportlist=`pureport list --initiator | grep -v FC | awk -F' CT' '{print "CT"$2,$8}' | grep -v 'CT ' | awk -F '.ETH' '{print $1, $2}' | awk '{print $1, $5, $6}' | sort | uniq -c; echo`; iscsipureportlistcount=`echo "$iscsipureportlist" | awk '{total += $1} END {print total}'`; echo -e "$iscsipureportlist\n\n"; echo -e "\tTotal iSCSI connections: $iscsipureportlistcount\n\n";
     29 CT0 iqn.2010-06.com.purestorage:flasharray.1ad1e34ab4674a15 -
     64 CT1 iqn.2010-06.com.purestorage:flasharray.1ad1e34ab4674a15 -


Total iSCSI connections: 93


pureeng@PureDrCluster-ct0:~$ iscsipureportlist=`pureport list --initiator | grep -v FC | awk -F' CT' '{print "CT"$2,$8}' | grep -v 'CT ' | awk -F '.ETH' '{print $1, $2}' | awk '{print $1, $5, $6}' | sort | uniq -c; echo`; iscsipureportlistcount=`echo "$iscsipureportlist" | awk '{total += $1} END {print total}'`; echo -e "$iscsipureportlist\n\n"; echo -e "\tTotal iSCSI connections: $iscsipureportlistcount\n\n";
     29 CT0 iqn.2010-06.com.purestorage:flasharray.1ad1e34ab4674a15 -
     64 CT1 iqn.2010-06.com.purestorage:flasharray.1ad1e34ab4674a15 -


Total iSCSI connections: 93


pureeng@PureDrCluster-ct0:~$ iscsipureportlist=`pureport list --initiator | grep -v FC | awk -F' CT' '{print "CT"$2,$8}' | grep -v 'CT ' | awk -F '.ETH' '{print $1, $2}' | awk '{print $1, $5, $6}' | sort | uniq -c; echo`; iscsipureportlistcount=`echo "$iscsipureportlist" | awk '{total += $1} END {print total}'`; echo -e "$iscsipureportlist\n\n"; echo -e "\tTotal iSCSI connections: $iscsipureportlistcount\n\n";
     29 CT0 iqn.2010-06.com.purestorage:flasharray.1ad1e34ab4674a15 -
     64 CT1 iqn.2010-06.com.purestorage:flasharray.1ad1e34ab4674a15 -


Total iSCSI connections: 93


pureeng@PureDrCluster-ct0:~$ iscsipureportlist=`pureport list --initiator | grep -v FC | awk -F' CT' '{print "CT"$2,$8}' | grep -v 'CT ' | awk -F '.ETH' '{print $1, $2}' | awk '{print $1, $5, $6}' | sort | uniq -c; echo`; iscsipureportlistcount=`echo "$iscsipureportlist" | awk '{total += $1} END {print total}'`; echo -e "$iscsipureportlist\n\n"; echo -e "\tTotal iSCSI connections: $iscsipureportlistcount\n\n";
     29 CT0 iqn.2010-06.com.purestorage:flasharray.1ad1e34ab4674a15 -
     64 CT1 iqn.2010-06.com.purestorage:flasharray.1ad1e34ab4674a15 -


Total iSCSI connections: 93


pureeng@PureDrCluster-ct0:~$ iscsipureportlist=`pureport list --initiator | grep -v FC | awk -F' CT' '{print "CT"$2,$8}' | grep -v 'CT ' | awk -F '.ETH' '{print $1, $2}' | awk '{print $1, $5, $6}' | sort | uniq -c; echo`; iscsipureportlistcount=`echo "$iscsipureportlist" | awk '{total += $1} END {print total}'`; echo -e "$iscsipureportlist\n\n"; echo -e "\tTotal iSCSI connections: $iscsipureportlistcount\n\n";
     29 CT0 iqn.2010-06.com.purestorage:flasharray.1ad1e34ab4674a15 -
     64 CT1 iqn.2010-06.com.purestorage:flasharray.1ad1e34ab4674a15 -


Total iSCSI connections: 93


pureeng@PureDrCluster-ct0:~$ iscsipureportlist=`pureport list --initiator | grep -v FC | awk -F' CT' '{print "CT"$2,$8}' | grep -v 'CT ' | awk -F '.ETH' '{print $1, $2}' | awk '{print $1, $5, $6}' | sort | uniq -c; echo`; iscsipureportlistcount=`echo "$iscsipureportlist" | awk '{total += $1} END {print total}'`; echo -e "$iscsipureportlist\n\n"; echo -e "\tTotal iSCSI connections: $iscsipureportlistcount\n\n";
     29 CT0 iqn.2010-06.com.purestorage:flasharray.1ad1e34ab4674a15 -
     64 CT1 iqn.2010-06.com.purestorage:flasharray.1ad1e34ab4674a15 -


Total iSCSI connections: 93


pureeng@PureDrCluster-ct0:~$ iscsipureportlist=`pureport list --initiator | grep -v FC | awk -F' CT' '{print "CT"$2,$8}' | grep -v 'CT ' | awk -F '.ETH' '{print $1, $2}' | awk '{print $1, $5, $6}' | sort | uniq -c; echo`; iscsipureportlistcount=`echo "$iscsipureportlist" | awk '{total += $1} END {print total}'`; echo -e "$iscsipureportlist\n\n"; echo -e "\tTotal iSCSI connections: $iscsipureportlistcount\n\n";
     29 CT0 iqn.2010-06.com.purestorage:flasharray.1ad1e34ab4674a15 -
     64 CT1 iqn.2010-06.com.purestorage:flasharray.1ad1e34ab4674a15 -


Total iSCSI connections: 93


pureeng@PureDrCluster-ct0:~$ iscsipureportlist=`pureport list --initiator | grep -v FC | awk -F' CT' '{print "CT"$2,$8}' | grep -v 'CT ' | awk -F '.ETH' '{print $1, $2}' | awk '{print $1, $5, $6}' | sort | uniq -c; echo`; iscsipureportlistcount=`echo "$iscsipureportlist" | awk '{total += $1} END {print total}'`; echo -e "$iscsipureportlist\n\n"; echo -e "\tTotal iSCSI connections: $iscsipureportlistcount\n\n";
     29 CT0 iqn.2010-06.com.purestorage:flasharray.1ad1e34ab4674a15 -
     64 CT1 iqn.2010-06.com.purestorage:flasharray.1ad1e34ab4674a15 -


Total iSCSI connections: 93


pureeng@PureDrCluster-ct0:~$ iscsipureportlist=`pureport list --initiator | grep -v FC | awk -F' CT' '{print "CT"$2,$8}' | grep -v 'CT ' | awk -F '.ETH' '{print $1, $2}' | awk '{print $1, $5, $6}' | sort | uniq -c; echo`; iscsipureportlistcount=`echo "$iscsipureportlist" | awk '{total += $1} END {print total}'`; echo -e "$iscsipureportlist\n\n"; echo -e "\tTotal iSCSI connections: $iscsipureportlistcount\n\n";
     29 CT0 iqn.2010-06.com.purestorage:flasharray.1ad1e34ab4674a15 -
     64 CT1 iqn.2010-06.com.purestorage:flasharray.1ad1e34ab4674a15 -


Total iSCSI connections: 93


pureeng@PureDrCluster-ct0:~$ iscsipureportlist=`pureport list --initiator | grep -v FC | awk -F' CT' '{print "CT"$2,$8}' | grep -v 'CT ' | awk -F '.ETH' '{print $1, $2}' | awk '{print $1, $5, $6}' | sort | uniq -c; echo`; iscsipureportlistcount=`echo "$iscsipureportlist" | awk '{total += $1} END {print total}'`; echo -e "$iscsipureportlist\n\n"; echo -e "\tTotal iSCSI connections: $iscsipureportlistcount\n\n";
     29 CT0 iqn.2010-06.com.purestorage:flasharray.1ad1e34ab4674a15 -
     64 CT1 iqn.2010-06.com.purestorage:flasharray.1ad1e34ab4674a15 -


Total iSCSI connections: 93


pureeng@PureDrCluster-ct0:~$ iscsipureportlist=`pureport list --initiator | grep -v FC | awk -F' CT' '{print "CT"$2,$8}' | grep -v 'CT ' | awk -F '.ETH' '{print $1, $2}' | awk '{print $1, $5, $6}' | sort | uniq -c; echo`; iscsipureportlistcount=`echo "$iscsipureportlist" | awk '{total += $1} END {print total}'`; echo -e "$iscsipureportlist\n\n"; echo -e "\tTotal iSCSI connections: $iscsipureportlistcount\n\n";
     29 CT0 iqn.2010-06.com.purestorage:flasharray.1ad1e34ab4674a15 -
     64 CT1 iqn.2010-06.com.purestorage:flasharray.1ad1e34ab4674a15 -


Total iSCSI connections: 93


pureeng@PureDrCluster-ct0:~$ iscsipureportlist=`pureport list --initiator | grep -v FC | awk -F' CT' '{print "CT"$2,$8}' | grep -v 'CT ' | awk -F '.ETH' '{print $1, $2}' | awk '{print $1, $5, $6}' | sort | uniq -c; echo`; iscsipureportlistcount=`echo "$iscsipureportlist" | awk '{total += $1} END {print total}'`; echo -e "$iscsipureportlist\n\n"; echo -e "\tTotal iSCSI connections: $iscsipureportlistcount\n\n";
     29 CT0 iqn.2010-06.com.purestorage:flasharray.1ad1e34ab4674a15 -
     64 CT1 iqn.2010-06.com.purestorage:flasharray.1ad1e34ab4674a15 -


Total iSCSI connections: 93


pureeng@PureDrCluster-ct0:~$ iscsipureportlist=`pureport list --initiator | grep -v FC | awk -F' CT' '{print "CT"$2,$8}' | grep -v 'CT ' | awk -F '.ETH' '{print $1, $2}' | awk '{print $1, $5, $6}' | sort | uniq -c; echo`; iscsipureportlistcount=`echo "$iscsipureportlist" | awk '{total += $1} END {print total}'`; echo -e "$iscsipureportlist\n\n"; echo -e "\tTotal iSCSI connections: $iscsipureportlistcount\n\n";
     29 CT0 iqn.2010-06.com.purestorage:flasharray.1ad1e34ab4674a15 -
     64 CT1 iqn.2010-06.com.purestorage:flasharray.1ad1e34ab4674a15 -


Total iSCSI connections: 93


pureeng@PureDrCluster-ct0:~$ iscsipureportlist=`pureport list --initiator | grep -v FC | awk -F' CT' '{print "CT"$2,$8}' | grep -v 'CT ' | awk -F '.ETH' '{print $1, $2}' | awk '{print $1, $5, $6}' | sort | uniq -c; echo`; iscsipureportlistcount=`echo "$iscsipureportlist" | awk '{total += $1} END {print total}'`; echo -e "$iscsipureportlist\n\n"; echo -e "\tTotal iSCSI connections: $iscsipureportlistcount\n\n";
     29 CT0 iqn.2010-06.com.purestorage:flasharray.1ad1e34ab4674a15 -
     64 CT1 iqn.2010-06.com.purestorage:flasharray.1ad1e34ab4674a15 -


Total iSCSI connections: 93


pureeng@PureDrCluster-ct0:~$ iscsipureportlist=`pureport list --initiator | grep -v FC | awk -F' CT' '{print "CT"$2,$8}' | grep -v 'CT ' | awk -F '.ETH' '{print $1, $2}' | awk '{print $1, $5, $6}' | sort | uniq -c; echo`; iscsipureportlistcount=`echo "$iscsipureportlist" | awk '{total += $1} END {print total}'`; echo -e "$iscsipureportlist\n\n"; echo -e "\tTotal iSCSI connections: $iscsipureportlistcount\n\n";
     29 CT0 iqn.2010-06.com.purestorage:flasharray.1ad1e34ab4674a15 -
     64 CT1 iqn.2010-06.com.purestorage:flasharray.1ad1e34ab4674a15 -


Total iSCSI connections: 93


pureeng@PureDrCluster-ct0:~$ iscsipureportlist=`pureport list --initiator | grep -v FC | awk -F' CT' '{print "CT"$2,$8}' | grep -v 'CT ' | awk -F '.ETH' '{print $1, $2}' | awk '{print $1, $5, $6}' | sort | uniq -c; echo`; iscsipureportlistcount=`echo "$iscsipureportlist" | awk '{total += $1} END {print total}'`; echo -e "$iscsipureportlist\n\n"; echo -e "\tTotal iSCSI connections: $iscsipureportlistcount\n\n";
     29 CT0 iqn.2010-06.com.purestorage:flasharray.1ad1e34ab4674a15 -
     64 CT1 iqn.2010-06.com.purestorage:flasharray.1ad1e34ab4674a15 -


Total iSCSI connections: 93


pureeng@PureDrCluster-ct0:~$ iscsipureportlist=`pureport list --initiator | grep -v FC | awk -F' CT' '{print "CT"$2,$8}' | grep -v 'CT ' | awk -F '.ETH' '{print $1, $2}' | awk '{print $1, $5, $6}' | sort | uniq -c; echo`; iscsipureportlistcount=`echo "$iscsipureportlist" | awk '{total += $1} END {print total}'`; echo -e "$iscsipureportlist\n\n"; echo -e "\tTotal iSCSI connections: $iscsipureportlistcount\n\n";
     29 CT0 iqn.2010-06.com.purestorage:flasharray.1ad1e34ab4674a15 -
     64 CT1 iqn.2010-06.com.purestorage:flasharray.1ad1e34ab4674a15 -


Total iSCSI connections: 93


pureeng@PureDrCluster-ct0:~$ purearray list --connect --path && ssh peer purearray list --connect --path
Name             Local Port  Local Address  Remote Port  Remote Address  Status     Transport
PureCorpCluster  ct0.eth2    10.195.6.30    ct0.eth2     10.195.3.30     connected  ip
PureCorpCluster  ct1.eth2    10.195.6.31    ct0.eth2     10.195.3.30     connected  ip
ssh: Could not resolve hostname peer: Temporary failure in name resolution
pureeng@PureDrCluster-ct0:~$ susudo su
     root@PureDrCluster-ct0:/var/home/pureeng# list=`pureport list --initiator`;  echo; for i in {0..1}; do for j in {4..18}; do cnt=`echo "$list"|grep CT$i.FC$j|wc -l`;echo CT$i.FC$j $cnt; done; echo; done

CT0.FC4 0
CT0.FC5 0
CT0.FC6 0
CT0.FC7 0
CT0.FC8 0
CT0.FC9 0
CT0.FC10 0
CT0.FC11 0
CT0.FC12 0
CT0.FC13 0
CT0.FC14 0
CT0.FC15 0
CT0.FC16 0
CT0.FC17 0
CT0.FC18 0

CT1.FC4 0
CT1.FC5 0
CT1.FC6 0
CT1.FC7 0
CT1.FC8 0
CT1.FC9 0
CT1.FC10 0
CT1.FC11 0
CT1.FC12 0
CT1.FC13 0
CT1.FC14 0
CT1.FC15 0
CT1.FC16 0
CT1.FC17 0
CT1.FC18 0

     root@PureDrCluster-ct0:/var/home/pureeng# iscsipureportlist=`pureport list  --initiator | grep -v FC | awk -F' CT' '{print "CT"$2,$8}' | grep -v 'CT ' | awk -F '.ETH' '{print $1, $2}' | awk '{print $1, $5, $6}' | sort | uniq -c; echo`; iscsipureportlistcount=`echo "$iscsipureportlist" | awk '{total += $1} END {print total}'`; echo -e "$iscsipureportlist\n\n"; echo -e "\tTotal iSCSI connections: $iscsipureportlistcount\n\n";
     64 CT1 iqn.2010-06.com.purestorage:flasharray.1ad1e34ab4674a15 -


Total iSCSI connections: 64


     root@PureDrCluster-ct0:/var/home/pureeng# iscsipureportlist=`pureport list --initiator | grep -v FC | awk -F' CT' '{print "CT"$2,$8}' | grep -v 'CT ' | awk -F '.ETH' '{print $1, $2}' | awk '{print $1, $5, $6}' | sort | uniq -c; echo`; iscsipureportlistcount=`echo "$iscsipureportlist" | awk '{total += $1} END {print total}'`; echo -e "$iscsipureportlist\n\n"; echo -e "\tTotal iSCSI connections: $iscsipureportlistcount\n\n";
     64 CT1 iqn.2010-06.com.purestorage:flasharray.1ad1e34ab4674a15 -


Total iSCSI connections: 64


     root@PureDrCluster-ct0:/var/home/pureeng# iscsipureportlist=`pureport list --initiator | grep -v FC | awk -F' CT' '{print "CT"$2,$8}' | grep -v 'CT ' | awk -F '.ETH' '{print $1, $2}' | awk '{print $1, $5, $6}' | sort | uniq -c; echo`; iscsipureportlistcount=`echo "$iscsipureportlist" | awk '{total += $1} END {print total}'`; echo -e "$iscsipureportlist\n\n"; echo -e "\tTotal iSCSI connections: $iscsipureportlistcount\n\n";
     64 CT1 iqn.2010-06.com.purestorage:flasharray.1ad1e34ab4674a15 -


Total iSCSI connections: 64


     root@PureDrCluster-ct0:/var/home/pureeng# iscsipureportlist=`pureport list --initiator | grep -v FC | awk -F' CT' '{print "CT"$2,$8}' | grep -v 'CT ' | awk -F '.ETH' '{print $1, $2}' | awk '{print $1, $5, $6}' | sort | uniq -c; echo`; iscsipureportlistcount=`echo "$iscsipureportlist" | awk '{total += $1} END {print total}'`; echo -e "$iscsipureportlist\n\n"; echo -e "\tTotal iSCSI connections: $iscsipureportlistcount\n\n";
     64 CT1 iqn.2010-06.com.purestorage:flasharray.1ad1e34ab4674a15 -


Total iSCSI connections: 64


     root@PureDrCluster-ct0:/var/home/pureeng# iscsipureportlist=`pureport list --initiator | grep -v FC | awk -F' CT' '{print "CT"$2,$8}' | grep -v 'CT ' | awk -F '.ETH' '{print $1, $2}' | awk '{print $1, $5, $6}' | sort | uniq -c; echo`; iscsipureportlistcount=`echo "$iscsipureportlist" | awk '{total += $1} END {print total}'`; echo -e "$iscsipureportlist\n\n"; echo -e "\tTotal iSCSI connections: $iscsipureportlistcount\n\n";
     64 CT1 iqn.2010-06.com.purestorage:flasharray.1ad1e34ab4674a15 -


Total iSCSI connections: 64


     root@PureDrCluster-ct0:/var/home/pureeng# iscsipureportlist=`pureport list --initiator | grep -v FC | awk -F' CT' '{print "CT"$2,$8}' | grep -v 'CT ' | awk -F '.ETH' '{print $1, $2}' | awk '{print $1, $5, $6}' | sort | uniq -c; echo`; iscsipureportlistcount=`echo "$iscsipureportlist" | awk '{total += $1} END {print total}'`; echo -e "$iscsipureportlist\n\n"; echo -e "\tTotal iSCSI connections: $iscsipureportlistcount\n\n";
     64 CT1 iqn.2010-06.com.purestorage:flasharray.1ad1e34ab4674a15 -


Total iSCSI connections: 64


     root@PureDrCluster-ct0:/var/home/pureeng# iscsipureportlist=`pureport list --initiator | grep -v FC | awk -F' CT' '{print "CT"$2,$8}' | grep -v 'CT ' | awk -F '.ETH' '{print $1, $2}' | awk '{print $1, $5, $6}' | sort | uniq -c; echo`; iscsipureportlistcount=`echo "$iscsipureportlist" | awk '{total += $1} END {print total}'`; echo -e "$iscsipureportlist\n\n"; echo -e "\tTotal iSCSI connections: $iscsipureportlistcount\n\n";
     64 CT1 iqn.2010-06.com.purestorage:flasharray.1ad1e34ab4674a15 -


Total iSCSI connections: 64


     root@PureDrCluster-ct0:/var/home/pureeng# iscsipureportlist=`pureport list --initiator | grep -v FC | awk -F' CT' '{print "CT"$2,$8}' | grep -v 'CT ' | awk -F '.ETH' '{print $1, $2}' | awk '{print $1, $5, $6}' | sort | uniq -c; echo`; iscsipureportlistcount=`echo "$iscsipureportlist" | awk '{total += $1} END {print total}'`; echo -e "$iscsipureportlist\n\n"; echo -e "\tTotal iSCSI connections: $iscsipureportlistcount\n\n";
     64 CT1 iqn.2010-06.com.purestorage:flasharray.1ad1e34ab4674a15 -


Total iSCSI connections: 64


     root@PureDrCluster-ct0:/var/home/pureeng# iscsipureportlist=`pureport list --initiator | grep -v FC | awk -F' CT' '{print "CT"$2,$8}' | grep -v 'CT ' | awk -F '.ETH' '{print $1, $2}' | awk '{print $1, $5, $6}' | sort | uniq -c; echo`; iscsipureportlistcount=`echo "$iscsipureportlist" | awk '{total += $1} END {print total}'`; echo -e "$iscsipureportlist\n\n"; echo -e "\tTotal iSCSI connections: $iscsipureportlistcount\n\n";
     64 CT1 iqn.2010-06.com.purestorage:flasharray.1ad1e34ab4674a15 -


Total iSCSI connections: 64


     root@PureDrCluster-ct0:/var/home/pureeng# iscsipureportlist=`pureport list --initiator | grep -v FC | awk -F' CT' '{print "CT"$2,$8}' | grep -v 'CT ' | awk -F '.ETH' '{print $1, $2}' | awk '{print $1, $5, $6}' | sort | uniq -c; echo`; iscsipureportlistcount=`echo "$iscsipureportlist" | awk '{total += $1} END {print total}'`; echo -e "$iscsipureportlist\n\n"; echo -e "\tTotal iSCSI connections: $iscsipureportlistcount\n\n";
     64 CT1 iqn.2010-06.com.purestorage:flasharray.1ad1e34ab4674a15 -


Total iSCSI connections: 64


     root@PureDrCluster-ct0:/var/home/pureeng# iscsipureportlist=`pureport list --initiator | grep -v FC | awk -F' CT' '{print "CT"$2,$8}' | grep -v 'CT ' | awk -F '.ETH' '{print $1, $2}' | awk '{print $1, $5, $6}' | sort | uniq -c; echo`; iscsipureportlistcount=`echo "$iscsipureportlist" | awk '{total += $1} END {print total}'`; echo -e "$iscsipureportlist\n\n"; echo -e "\tTotal iSCSI connections: $iscsipureportlistcount\n\n";
     64 CT1 iqn.2010-06.com.purestorage:flasharray.1ad1e34ab4674a15 -


Total iSCSI connections: 64


     root@PureDrCluster-ct0:/var/home/pureeng# iscsipureportlist=`pureport list --initiator | grep -v FC | awk -F' CT' '{print "CT"$2,$8}' | grep -v 'CT ' | awk -F '.ETH' '{print $1, $2}' | awk '{print $1, $5, $6}' | sort | uniq -c; echo`; iscsipureportlistcount=`echo "$iscsipureportlist" | awk '{total += $1} END {print total}'`; echo -e "$iscsipureportlist\n\n"; echo -e "\tTotal iSCSI connections: $iscsipureportlistcount\n\n";
     64 CT1 iqn.2010-06.com.purestorage:flasharray.1ad1e34ab4674a15 -


Total iSCSI connections: 64


     root@PureDrCluster-ct0:/var/home/pureeng# iscsipureportlist=`pureport list --initiator | grep -v FC | awk -F' CT' '{print "CT"$2,$8}' | grep -v 'CT ' | awk -F '.ETH' '{print $1, $2}' | awk '{print $1, $5, $6}' | sort | uniq -c; echo`; iscsipureportlistcount=`echo "$iscsipureportlist" | awk '{total += $1} END {print total}'`; echo -e "$iscsipureportlist\n\n"; echo -e "\tTotal iSCSI connections: $iscsipureportlistcount\n\n";
     64 CT1 iqn.2010-06.com.purestorage:flasharray.1ad1e34ab4674a15 -


Total iSCSI connections: 64


     root@PureDrCluster-ct0:/var/home/pureeng# iscsipureportlist=`pureport list --initiator | grep -v FC | awk -F' CT' '{print "CT"$2,$8}' | grep -v 'CT ' | awk -F '.ETH' '{print $1, $2}' | awk '{print $1, $5, $6}' | sort | uniq -c; echo`; iscsipureportlistcount=`echo "$iscsipureportlist" | awk '{total += $1} END {print total}'`; echo -e "$iscsipureportlist\n\n"; echo -e "\tTotal iSCSI connections: $iscsipureportlistcount\n\n";
     64 CT1 iqn.2010-06.com.purestorage:flasharray.1ad1e34ab4674a15 -


Total iSCSI connections: 64


     root@PureDrCluster-ct0:/var/home/pureeng# iscsipureportlist=`pureport list --initiator | grep -v FC | awk -F' CT' '{print "CT"$2,$8}' | grep -v 'CT ' | awk -F '.ETH' '{print $1, $2}' | awk '{print $1, $5, $6}' | sort | uniq -c; echo`; iscsipureportlistcount=`echo "$iscsipureportlist" | awk '{total += $1} END {print total}'`; echo -e "$iscsipureportlist\n\n"; echo -e "\tTotal iSCSI connections: $iscsipureportlistcount\n\n";
     64 CT1 iqn.2010-06.com.purestorage:flasharray.1ad1e34ab4674a15 -


Total iSCSI connections: 64


     root@PureDrCluster-ct0:/var/home/pureeng# iscsipureportlist=`pureport list --initiator | grep -v FC | awk -F' CT' '{print "CT"$2,$8}' | grep -v 'CT ' | awk -F '.ETH' '{print $1, $2}' | awk '{print $1, $5, $6}' | sort | uniq -c; echo`; iscsipureportlistcount=`echo "$iscsipureportlist" | awk '{total += $1} END {print total}'`; echo -e "$iscsipureportlist\n\n"; echo -e "\tTotal iSCSI connections: $iscsipureportlistcount\n\n";
     64 CT1 iqn.2010-06.com.purestorage:flasharray.1ad1e34ab4674a15 -


Total iSCSI connections: 64


     root@PureDrCluster-ct0:/var/home/pureeng# iscsipureportlist=`pureport list --initiator | grep -v FC | awk -F' CT' '{print "CT"$2,$8}' | grep -v 'CT ' | awk -F '.ETH' '{print $1, $2}' | awk '{print $1, $5, $6}' | sort | uniq -c; echo`; iscsipureportlistcount=`echo "$iscsipureportlist" | awk '{total += $1} END {print total}'`; echo -e "$iscsipureportlist\n\n"; echo -e "\tTotal iSCSI connections: $iscsipureportlistcount\n\n";
     64 CT1 iqn.2010-06.com.purestorage:flasharray.1ad1e34ab4674a15 -


Total iSCSI connections: 64


     root@PureDrCluster-ct0:/var/home/pureeng# iscsipureportlist=`pureport list --initiator | grep -v FC | awk -F' CT' '{print "CT"$2,$8}' | grep -v 'CT ' | awk -F '.ETH' '{print $1, $2}' | awk '{print $1, $5, $6}' | sort | uniq -c; echo`; iscsipureportlistcount=`echo "$iscsipureportlist" | awk '{total += $1} END {print total}'`; echo -e "$iscsipureportlist\n\n"; echo -e "\tTotal iSCSI connections: $iscsipureportlistcount\n\n";
     64 CT1 iqn.2010-06.com.purestorage:flasharray.1ad1e34ab4674a15 -


Total iSCSI connections: 64


     root@PureDrCluster-ct0:/var/home/pureeng# iscsipureportlist=`pureport list --initiator | grep -v FC | awk -F' CT' '{print "CT"$2,$8}' | grep -v 'CT ' | awk -F '.ETH' '{print $1, $2}' | awk '{print $1, $5, $6}' | sort | uniq -c; echo`; iscsipureportlistcount=`echo "$iscsipureportlist" | awk '{total += $1} END {print total}'`; echo -e "$iscsipureportlist\n\n"; echo -e "\tTotal iSCSI connections: $iscsipureportlistcount\n\n";
     64 CT1 iqn.2010-06.com.purestorage:flasharray.1ad1e34ab4674a15 -


Total iSCSI connections: 64


     root@PureDrCluster-ct0:/var/home/pureeng# iscsipureportlist=`pureport list --initiator | grep -v FC | awk -F' CT' '{print "CT"$2,$8}' | grep -v 'CT ' | awk -F '.ETH' '{print $1, $2}' | awk '{print $1, $5, $6}' | sort | uniq -c; echo`; iscsipureportlistcount=`echo "$iscsipureportlist" | awk '{total += $1} END {print total}'`; echo -e "$iscsipureportlist\n\n"; echo -e "\tTotal iSCSI connections: $iscsipureportlistcount\n\n";
     29 CT0 iqn.2010-06.com.purestorage:flasharray.1ad1e34ab4674a15 -
     64 CT1 iqn.2010-06.com.purestorage:flasharray.1ad1e34ab4674a15 -


Total iSCSI connections: 93


     root@PureDrCluster-ct0:/var/home/pureeng# iscsipureportlist=`pureport list --initiator | grep -v FC | awk -F' CT' '{print "CT"$2,$8}' | grep -v 'CT ' | awk -F '.ETH' '{print $1, $2}' | awk '{print $1, $5, $6}' | sort | uniq -c; echo`; iscsipureportlistcount=`echo "$iscsipureportlist" | awk '{total += $1} END {print total}'`; echo -e "$iscsipureportlist\n\n"; echo -e "\tTotal iSCSI connections: $iscsipureportlistcount\n\n";
     29 CT0 iqn.2010-06.com.purestorage:flasharray.1ad1e34ab4674a15 -
     64 CT1 iqn.2010-06.com.purestorage:flasharray.1ad1e34ab4674a15 -


Total iSCSI connections: 93


     root@PureDrCluster-ct0:/var/home/pureeng# iscsipureportlist=`pureport list --initiator | grep -v FC | awk -F' CT' '{print "CT"$2,$8}' | grep -v 'CT ' | awk -F '.ETH' '{print $1, $2}' | awk '{print $1, $5, $6}' | sort | uniq -c; echo`; iscsipureportlistcount=`echo "$iscsipureportlist" | awk '{total += $1} END {print total}'`; echo -e "$iscsipureportlist\n\n"; echo -e "\tTotal iSCSI connections: $iscsipureportlistcount\n\n";
     64 CT1 iqn.2010-06.com.purestorage:flasharray.1ad1e34ab4674a15 -


Total iSCSI connections: 64


     root@PureDrCluster-ct0:/var/home/pureeng# iscsipureportlist=`pureport list --initiator | grep -v FC | awk -F' CT' '{print "CT"$2,$8}' | grep -v 'CT ' | awk -F '.ETH' '{print $1, $2}' | awk '{print $1, $5, $6}' | sort | uniq -c; echo`; iscsipureportlistcount=`echo "$iscsipureportlist" | awk '{total += $1} END {print total}'`; echo -e "$iscsipureportlist\n\n"; echo -e "\tTotal iSCSI connections: $iscsipureportlistcount\n\n";
     64 CT1 iqn.2010-06.com.purestorage:flasharray.1ad1e34ab4674a15 -


Total iSCSI connections: 64


     root@PureDrCluster-ct0:/var/home/pureeng# iscsipureportlist=`pureport list --initiator | grep -v FC | awk -F' CT' '{print "CT"$2,$8}' | grep -v 'CT ' | awk -F '.ETH' '{print $1, $2}' | awk '{print $1, $5, $6}' | sort | uniq -c; echo`; iscsipureportlistcount=`echo "$iscsipureportlist" | awk '{total += $1} END {print total}'`; echo -e "$iscsipureportlist\n\n"; echo -e "\tTotal iSCSI connections: $iscsipureportlistcount\n\n";
     29 CT0 iqn.2010-06.com.purestorage:flasharray.1ad1e34ab4674a15 -
     64 CT1 iqn.2010-06.com.purestorage:flasharray.1ad1e34ab4674a15 -


Total iSCSI connections: 93


     root@PureDrCluster-ct0:/var/home/pureeng# iscsipureportlist=`pureport list --initiator | grep -v FC | awk -F' CT' '{print "CT"$2,$8}' | grep -v 'CT ' | awk -F '.ETH' '{print $1, $2}' | awk '{print $1, $5, $6}' | sort | uniq -c; echo`; iscsipureportlistcount=`echo "$iscsipureportlist" | awk '{total += $1} END {print total}'`; echo -e "$iscsipureportlist\n\n"; echo -e "\tTotal iSCSI connections: $iscsipureportlistcount\n\n";
     29 CT0 iqn.2010-06.com.purestorage:flasharray.1ad1e34ab4674a15 -
     64 CT1 iqn.2010-06.com.purestorage:flasharray.1ad1e34ab4674a15 -


Total iSCSI connections: 93


     root@PureDrCluster-ct0:/var/home/pureeng# iscsipureportlist=`pureport list --initiator | grep -v FC | awk -F' CT' '{print "CT"$2,$8}' | grep -v 'CT ' | awk -F '.ETH' '{print $1, $2}' | awk '{print $1, $5, $6}' | sort | uniq -c; echo`; iscsipureportlistcount=`echo "$iscsipureportlist" | awk '{total += $1} END {print total}'`; echo -e "$iscsipureportlist\n\n"; echo -e "\tTotal iSCSI connections: $iscsipureportlistcount\n\n";
     29 CT0 iqn.2010-06.com.purestorage:flasharray.1ad1e34ab4674a15 -
     64 CT1 iqn.2010-06.com.purestorage:flasharray.1ad1e34ab4674a15 -


Total iSCSI connections: 93


     root@PureDrCluster-ct0:/var/home/pureeng# iscsipureportlist=`pureport list --initiator | grep -v FC | awk -F' CT' '{print "CT"$2,$8}' | grep -v 'CT ' | awk -F '.ETH' '{print $1, $2}' | awk '{print $1, $5, $6}' | sort | uniq -c; echo`; iscsipureportlistcount=`echo "$iscsipureportlist" | awk '{total += $1} END {print total}'`; echo -e "$iscsipureportlist\n\n"; echo -e "\tTotal iSCSI connections: $iscsipureportlistcount\n\n";
     29 CT0 iqn.2010-06.com.purestorage:flasharray.1ad1e34ab4674a15 -
     64 CT1 iqn.2010-06.com.purestorage:flasharray.1ad1e34ab4674a15 -


Total iSCSI connections: 93


     root@PureDrCluster-ct0:/var/home/pureeng# iscsipureportlist=`pureport list --initiator | grep -v FC | awk -F' CT' '{print "CT"$2,$8}' | grep -v 'CT ' | awk -F '.ETH' '{print $1, $2}' | awk '{print $1, $5, $6}' | sort | uniq -c; echo`; iscsipureportlistcount=`echo "$iscsipureportlist" | awk '{total += $1} END {print total}'`; echo -e "$iscsipureportlist\n\n"; echo -e "\tTotal iSCSI connections: $iscsipureportlistcount\n\n";
     29 CT0 iqn.2010-06.com.purestorage:flasharray.1ad1e34ab4674a15 -
     64 CT1 iqn.2010-06.com.purestorage:flasharray.1ad1e34ab4674a15 -


Total iSCSI connections: 93


     root@PureDrCluster-ct0:/var/home/pureeng# purenetowrkwork eth list
Name       Enabled  Type      Subnet  Address       Mask           Gateway      MTU   MAC                Speed        Services     Subinterfaces
ct0.eth0   False    physical  -       -             -              -            1500  24:a9:37:61:d4:74  100.00 Gb/s  -            -
ct0.eth1   False    physical  -       -             -              -            1500  24:a9:37:61:d4:75  100.00 Gb/s  -            -
ct0.eth2   True     physical  -       10.195.6.30   255.255.255.0  10.195.6.1   9000  24:a9:37:61:d4:76  25.00 Gb/s   replication  -
ct0.eth3   False    physical  -       -             -              -            1500  24:a9:37:61:d4:77  25.00 Gb/s   replication  -
ct0.eth4   True     physical  -       10.195.4.51   255.255.255.0  10.195.4.1   1500  24:a9:37:61:d4:78  1.00 Gb/s    management   -
ct0.eth5   False    physical  -       -             -              -            1500  24:a9:37:61:d4:79  1.00 Gb/s    management   -
ct0.eth18  True     physical  -       10.195.5.31   255.255.255.0  10.195.5.1   1500  a0:88:c2:7e:82:c9  25.00 Gb/s   iscsi        -
ct0.eth19  True     physical  -       10.224.11.11  255.255.255.0  10.224.11.1  1500  a0:88:c2:7e:82:c8  25.00 Gb/s   iscsi        -
ct0.eth20  False    physical  -       -             -              -            1500  a0:88:c2:7e:82:c7  25.00 Gb/s   iscsi        -
ct0.eth21  False    physical  -       -             -              -            1500  a0:88:c2:7e:82:c6  25.00 Gb/s   iscsi        -
ct1.eth0   True     physical  -       10.195.4.52   255.255.255.0  10.195.4.1   1500  24:a9:37:44:d1:53  1.00 Gb/s    management   -
ct1.eth1   False    physical  -       -             -              -            1500  24:a9:37:44:d1:54  1.00 Gb/s    management   -
ct1.eth2   True     physical  -       10.195.6.31   255.255.255.0  10.195.6.1   9000  24:a9:37:44:d1:56  25.00 Gb/s   replication  -
ct1.eth3   False    physical  -       -             -              -            1500  24:a9:37:44:d1:55  25.00 Gb/s   replication  -
ct1.eth4   True     physical  -       10.195.5.33   255.255.255.0  10.195.5.1   1500  24:a9:37:44:d1:58  25.00 Gb/s   iscsi        -
ct1.eth5   True     physical  -       10.224.11.14  255.255.255.0  10.224.11.1  1500  24:a9:37:44:d1:57  25.00 Gb/s   iscsi        -
filevip    True     vif       -       10.195.5.36   255.255.255.0  10.195.5.1   1500  b6:4d:df:a0:29:e9  25.00 Gb/s   file         ct1.eth4
                                                                                                                                   ct0.eth18
                                                                                                                                   ct1.eth5
                                                                                                                                   ct0.eth19
replbond   False    bond      -       -             -              -            1500  ea:4b:18:06:6e:87  0.00 b/s     replication  -
vir0       True     vif       -       10.195.4.50   255.255.255.0  10.195.4.1   1500  ea:a1:88:4f:b3:7d  1.00 Gb/s    management   -
vir1       False    vif       -       -             -              -            1500  92:b2:53:fd:af:6f  1.00 Gb/s    management   -
     root@PureDrCluster-ct0:/var/home/pureeng# purenetwork eth listiscsipureportlist=`pureport list --initiator | grep -v FC | awk -F' CT' '{print "CT"$2,$8}' | grep -v 'CT ' | awk -F '.ETH' '{print $1, $2}' | awk '{print $1, $5, $6}' | sort | uniq -c; echo`; iscsipureportlistcount=`echo "$iscsipureportlist" | awk '{total += $1} END {print total}'`; echo -e "$iscsipureportlist\n\n"; echo -e "\tTotal iSCSI connections: $iscsipureportlistcount\n\n";
     29 CT0 iqn.2010-06.com.purestorage:flasharray.1ad1e34ab4674a15 -
     64 CT1 iqn.2010-06.com.purestorage:flasharray.1ad1e34ab4674a15 -


Total iSCSI connections: 93


     root@PureDrCluster-ct0:/var/home/pureeng# iscsipureportlist=`pureport list --initiator | grep -v FC | awk -F' CT' '{print "CT"$2,$8}' | grep -v 'CT ' | awk -F '.ETH' '{print $1, $2}' | awk '{print $1, $5, $6}' | sort | uniq -c; echo`; iscsipureportlistcount=`echo "$iscsipureportlist" | awk '{total += $1} END {print total}'`; echo -e "$iscsipureportlist\n\n"; echo -e "\tTotal iSCSI connections: $iscsipureportlistcount\n\n";
     29 CT0 iqn.2010-06.com.purestorage:flasharray.1ad1e34ab4674a15 -
     64 CT1 iqn.2010-06.com.purestorage:flasharray.1ad1e34ab4674a15 -


Total iSCSI connections: 93


     root@PureDrCluster-ct0:/var/home/pureeng# iscsipureportlist=`pureport list --initiator | grep -v FC | awk -F' CT' '{print "CT"$2,$8}' | grep -v 'CT ' | awk -F '.ETH' '{print $1, $2}' | awk '{print $1, $5, $6}' | sort | uniq -c; echo`; iscsipureportlistcount=`echo "$iscsipureportlist" | awk '{total += $1} END {print total}'`; echo -e "$iscsipureportlist\n\n"; echo -e "\tTotal iSCSI connections: $iscsipureportlistcount\n\n";
     64 CT1 iqn.2010-06.com.purestorage:flasharray.1ad1e34ab4674a15 -


Total iSCSI connections: 64


     root@PureDrCluster-ct0:/var/home/pureeng# iscsipureportlist=`pureport list --initiator | grep -v FC | awk -F' CT' '{print "CT"$2,$8}' | grep -v 'CT ' | awk -F '.ETH' '{print $1, $2}' | awk '{print $1, $5, $6}' | sort | uniq -c; echo`; iscsipureportlistcount=`echo "$iscsipureportlist" | awk '{total += $1} END {print total}'`; echo -e "$iscsipureportlist\n\n"; echo -e "\tTotal iSCSI connections: $iscsipureportlistcount\n\n";
     29 CT0 iqn.2010-06.com.purestorage:flasharray.1ad1e34ab4674a15 -
     64 CT1 iqn.2010-06.com.purestorage:flasharray.1ad1e34ab4674a15 -


Total iSCSI connections: 93


     root@PureDrCluster-ct0:/var/home/pureeng# iscsipureportlist=`pureport list --initiator | grep -v FC | awk -F' CT' '{print "CT"$2,$8}' | grep -v 'CT ' | awk -F '.ETH' '{print $1, $2}' | awk '{print $1, $5, $6}' | sort | uniq -c; echo`; iscsipureportlistcount=`echo "$iscsipureportlist" | awk '{total += $1} END {print total}'`; echo -e "$iscsipureportlist\n\n"; echo -e "\tTotal iSCSI connections: $iscsipureportlistcount\n\n";
     29 CT0 iqn.2010-06.com.purestorage:flasharray.1ad1e34ab4674a15 -
     64 CT1 iqn.2010-06.com.purestorage:flasharray.1ad1e34ab4674a15 -


Total iSCSI connections: 93


     root@PureDrCluster-ct0:/var/home/pureeng# iscsipureportlist=`pureport list --initiator | grep -v FC | awk -F' CT' '{print "CT"$2,$8}' | grep -v 'CT ' | awk -F '.ETH' '{print $1, $2}' | awk '{print $1, $5, $6}' | sort | uniq -c; echo`; iscsipureportlistcount=`echo "$iscsipureportlist" | awk '{total += $1} END {print total}'`; echo -e "$iscsipureportlist\n\n"; echo -e "\tTotal iSCSI connections: $iscsipureportlistcount\n\n";
     29 CT0 iqn.2010-06.com.purestorage:flasharray.1ad1e34ab4674a15 -
     64 CT1 iqn.2010-06.com.purestorage:flasharray.1ad1e34ab4674a15 -


Total iSCSI connections: 93


     root@PureDrCluster-ct0:/var/home/pureeng# iscsipureportlist=`pureport list --initiator | grep -v FC | awk -F' CT' '{print "CT"$2,$8}' | grep -v 'CT ' | awk -F '.ETH' '{print $1, $2}' | awk '{print $1, $5, $6}' | sort | uniq -c; echo`; iscsipureportlistcount=`echo "$iscsipureportlist" | awk '{total += $1} END {print total}'`; echo -e "$iscsipureportlist\n\n"; echo -e "\tTotal iSCSI connections: $iscsipureportlistcount\n\n";
     29 CT0 iqn.2010-06.com.purestorage:flasharray.1ad1e34ab4674a15 -
     64 CT1 iqn.2010-06.com.purestorage:flasharray.1ad1e34ab4674a15 -


Total iSCSI connections: 93


     root@PureDrCluster-ct0:/var/home/pureeng# iscsipureportlist=`pureport list --initiator | grep -v FC | awk -F' CT' '{print "CT"$2,$8}' | grep -v 'CT ' | awk -F '.ETH' '{print $1, $2}' | awk '{print $1, $5, $6}' | sort | uniq -c; echo`; iscsipureportlistcount=`echo "$iscsipureportlist" | awk '{total += $1} END {print total}'`; echo -e "$iscsipureportlist\n\n"; echo -e "\tTotal iSCSI connections: $iscsipureportlistcount\n\n";
     29 CT0 iqn.2010-06.com.purestorage:flasharray.1ad1e34ab4674a15 -
     64 CT1 iqn.2010-06.com.purestorage:flasharray.1ad1e34ab4674a15 -


Total iSCSI connections: 93


     root@PureDrCluster-ct0:/var/home/pureeng# iscsipureportlist=`pureport list --initiator | grep -v FC | awk -F' CT' '{print "CT"$2,$8}' | grep -v 'CT ' | awk -F '.ETH' '{print $1, $2}' | awk '{print $1, $5, $6}' | sort | uniq -c; echo`; iscsipureportlistcount=`echo "$iscsipureportlist" | awk '{total += $1} END {print total}'`; echo -e "$iscsipureportlist\n\n"; echo -e "\tTotal iSCSI connections: $iscsipureportlistcount\n\n";
     29 CT0 iqn.2010-06.com.purestorage:flasharray.1ad1e34ab4674a15 -
     64 CT1 iqn.2010-06.com.purestorage:flasharray.1ad1e34ab4674a15 -


Total iSCSI connections: 93


     root@PureDrCluster-ct0:/var/home/pureeng# iscsipureportlist=`pureport list --initiator | grep -v FC | awk -F' CT' '{print "CT"$2,$8}' | grep -v 'CT ' | awk -F '.ETH' '{print $1, $2}' | awk '{print $1, $5, $6}' | sort | uniq -c; echo`; iscsipureportlistcount=`echo "$iscsipureportlist" | awk '{total += $1} END {print total}'`; echo -e "$iscsipureportlist\n\n"; echo -e "\tTotal iSCSI connections: $iscsipureportlistcount\n\n";
     29 CT0 iqn.2010-06.com.purestorage:flasharray.1ad1e34ab4674a15 -
     64 CT1 iqn.2010-06.com.purestorage:flasharray.1ad1e34ab4674a15 -


Total iSCSI connections: 93


     root@PureDrCluster-ct0:/var/home/pureeng# iscsipureportlist=`pureport list --initiator | grep -v FC | awk -F' CT' '{print "CT"$2,$8}' | grep -v 'CT ' | awk -F '.ETH' '{print $1, $2}' | awk '{print $1, $5, $6}' | sort | uniq -c; echo`; iscsipureportlistcount=`echo "$iscsipureportlist" | awk '{total += $1} END {print total}'`; echo -e "$iscsipureportlist\n\n"; echo -e "\tTotal iSCSI connections: $iscsipureportlistcount\n\n";
     29 CT0 iqn.2010-06.com.purestorage:flasharray.1ad1e34ab4674a15 -
     64 CT1 iqn.2010-06.com.purestorage:flasharray.1ad1e34ab4674a15 -


Total iSCSI connections: 93


     root@PureDrCluster-ct0:/var/home/pureeng# iscsipureportlist=`pureport list --initiator | grep -v FC | awk -F' CT' '{print "CT"$2,$8}' | grep -v 'CT ' | awk -F '.ETH' '{print $1, $2}' | awk '{print $1, $5, $6}' | sort | uniq -c; echo`; iscsipureportlistcount=`echo "$iscsipureportlist" | awk '{total += $1} END {print total}'`; echo -e "$iscsipureportlist\n\n"; echo -e "\tTotal iSCSI connections: $iscsipureportlistcount\n\n";
     29 CT0 iqn.2010-06.com.purestorage:flasharray.1ad1e34ab4674a15 -
     64 CT1 iqn.2010-06.com.purestorage:flasharray.1ad1e34ab4674a15 -


Total iSCSI connections: 93


     root@PureDrCluster-ct0:/var/home/pureeng# iscsipureportlist=`pureport list --initiator | grep -v FC | awk -F' CT' '{print "CT"$2,$8}' | grep -v 'CT ' | awk -F '.ETH' '{print $1, $2}' | awk '{print $1, $5, $6}' | sort | uniq -c; echo`; iscsipureportlistcount=`echo "$iscsipureportlist" | awk '{total += $1} END {print total}'`; echo -e "$iscsipureportlist\n\n"; echo -e "\tTotal iSCSI connections: $iscsipureportlistcount\n\n";
     29 CT0 iqn.2010-06.com.purestorage:flasharray.1ad1e34ab4674a15 -
     64 CT1 iqn.2010-06.com.purestorage:flasharray.1ad1e34ab4674a15 -


Total iSCSI connections: 93


     root@PureDrCluster-ct0:/var/home/pureeng# iscsipureportlist=`pureport list --initiator | grep -v FC | awk -F' CT' '{print "CT"$2,$8}' | grep -v 'CT ' | awk -F '.ETH' '{print $1, $2}' | awk '{print $1, $5, $6}' | sort | uniq -c; echo`; iscsipureportlistcount=`echo "$iscsipureportlist" | awk '{total += $1} END {print total}'`; echo -e "$iscsipureportlist\n\n"; echo -e "\tTotal iSCSI connections: $iscsipureportlistcount\n\n";
     29 CT0 iqn.2010-06.com.purestorage:flasharray.1ad1e34ab4674a15 -
     64 CT1 iqn.2010-06.com.purestorage:flasharray.1ad1e34ab4674a15 -


Total iSCSI connections: 93


     root@PureDrCluster-ct0:/var/home/pureeng# iscsipureportlist=`pureport list --initiator | grep -v FC | awk -F' CT' '{print "CT"$2,$8}' | grep -v 'CT ' | awk -F '.ETH' '{print $1, $2}' | awk '{print $1, $5, $6}' | sort | uniq -c; echo`; iscsipureportlistcount=`echo "$iscsipureportlist" | awk '{total += $1} END {print total}'`; echo -e "$iscsipureportlist\n\n"; echo -e "\tTotal iSCSI connections: $iscsipureportlistcount\n\n";
     29 CT0 iqn.2010-06.com.purestorage:flasharray.1ad1e34ab4674a15 -
     64 CT1 iqn.2010-06.com.purestorage:flasharray.1ad1e34ab4674a15 -


Total iSCSI connections: 93


     root@PureDrCluster-ct0:/var/home/pureeng# iscsipureportlist=`pureport list --initiator | grep -v FC | awk -F' CT' '{print "CT"$2,$8}' | grep -v 'CT ' | awk -F '.ETH' '{print $1, $2}' | awk '{print $1, $5, $6}' | sort | uniq -c; echo`; iscsipureportlistcount=`echo "$iscsipureportlist" | awk '{total += $1} END {print total}'`; echo -e "$iscsipureportlist\n\n"; echo -e "\tTotal iSCSI connections: $iscsipureportlistcount\n\n";
     29 CT0 iqn.2010-06.com.purestorage:flasharray.1ad1e34ab4674a15 -
     64 CT1 iqn.2010-06.com.purestorage:flasharray.1ad1e34ab4674a15 -


Total iSCSI connections: 93


     root@PureDrCluster-ct0:/var/home/pureeng# iscsipureportlist=`pureport list --initiator | grep -v FC | awk -F' CT' '{print "CT"$2,$8}' | grep -v 'CT ' | awk -F '.ETH' '{print $1, $2}' | awk '{print $1, $5, $6}' | sort | uniq -c; echo`; iscsipureportlistcount=`echo "$iscsipureportlist" | awk '{total += $1} END {print total}'`; echo -e "$iscsipureportlist\n\n"; echo -e "\tTotal iSCSI connections: $iscsipureportlistcount\n\n";
     29 CT0 iqn.2010-06.com.purestorage:flasharray.1ad1e34ab4674a15 -
     64 CT1 iqn.2010-06.com.purestorage:flasharray.1ad1e34ab4674a15 -


Total iSCSI connections: 93


     root@PureDrCluster-ct0:/var/home/pureeng# iscsipureportlist=`pureport list --initiator | grep -v FC | awk -F' CT' '{print "CT"$2,$8}' | grep -v 'CT ' | awk -F '.ETH' '{print $1, $2}' | awk '{print $1, $5, $6}' | sort | uniq -c; echo`; iscsipureportlistcount=`echo "$iscsipureportlist" | awk '{total += $1} END {print total}'`; echo -e "$iscsipureportlist\n\n"; echo -e "\tTotal iSCSI connections: $iscsipureportlistcount\n\n";
     29 CT0 iqn.2010-06.com.purestorage:flasharray.1ad1e34ab4674a15 -
     64 CT1 iqn.2010-06.com.purestorage:flasharray.1ad1e34ab4674a15 -


Total iSCSI connections: 93


     root@PureDrCluster-ct0:/var/home/pureeng# iscsipureportlist=`pureport list --initiator | grep -v FC | awk -F' CT' '{print "CT"$2,$8}' | grep -v 'CT ' | awk -F '.ETH' '{print $1, $2}' | awk '{print $1, $5, $6}' | sort | uniq -c; echo`; iscsipureportlistcount=`echo "$iscsipureportlist" | awk '{total += $1} END {print total}'`; echo -e "$iscsipureportlist\n\n"; echo -e "\tTotal iSCSI connections: $iscsipureportlistcount\n\n";
     29 CT0 iqn.2010-06.com.purestorage:flasharray.1ad1e34ab4674a15 -
     64 CT1 iqn.2010-06.com.purestorage:flasharray.1ad1e34ab4674a15 -


Total iSCSI connections: 93


     root@PureDrCluster-ct0:/var/home/pureeng# iscsipureportlist=`pureport list --initiator | grep -v FC | awk -F' CT' '{print "CT"$2,$8}' | grep -v 'CT ' | awk -F '.ETH' '{print $1, $2}' | awk '{print $1, $5, $6}' | sort | uniq -c; echo`; iscsipureportlistcount=`echo "$iscsipureportlist" | awk '{total += $1} END {print total}'`; echo -e "$iscsipureportlist\n\n"; echo -e "\tTotal iSCSI connections: $iscsipureportlistcount\n\n";
     29 CT0 iqn.2010-06.com.purestorage:flasharray.1ad1e34ab4674a15 -
     64 CT1 iqn.2010-06.com.purestorage:flasharray.1ad1e34ab4674a15 -


Total iSCSI connections: 93


     root@PureDrCluster-ct0:/var/home/pureeng# iscsipureportlist=`pureport list --initiator | grep -v FC | awk -F' CT' '{print "CT"$2,$8}' | grep -v 'CT ' | awk -F '.ETH' '{print $1, $2}' | awk '{print $1, $5, $6}' | sort | uniq -c; echo`; iscsipureportlistcount=`echo "$iscsipureportlist" | awk '{total += $1} END {print total}'`; echo -e "$iscsipureportlist\n\n"; echo -e "\tTotal iSCSI connections: $iscsipureportlistcount\n\n";
     64 CT1 iqn.2010-06.com.purestorage:flasharray.1ad1e34ab4674a15 -


Total iSCSI connections: 64


     root@PureDrCluster-ct0:/var/home/pureeng# iscsipureportlist=`pureport list --initiator | grep -v FC | awk -F' CT' '{print "CT"$2,$8}' | grep -v 'CT ' | awk -F '.ETH' '{print $1, $2}' | awk '{print $1, $5, $6}' | sort | uniq -c; echo`; iscsipureportlistcount=`echo "$iscsipureportlist" | awk '{total += $1} END {print total}'`; echo -e "$iscsipureportlist\n\n"; echo -e "\tTotal iSCSI connections: $iscsipureportlistcount\n\n";
     64 CT1 iqn.2010-06.com.purestorage:flasharray.1ad1e34ab4674a15 -


Total iSCSI connections: 64


     root@PureDrCluster-ct0:/var/home/pureeng# iscsipureportlist=`pureport list --initiator | grep -v FC | awk -F' CT' '{print "CT"$2,$8}' | grep -v 'CT ' | awk -F '.ETH' '{print $1, $2}' | awk '{print $1, $5, $6}' | sort | uniq -c; echo`; iscsipureportlistcount=`echo "$iscsipureportlist" | awk '{total += $1} END {print total}'`; echo -e "$iscsipureportlist\n\n"; echo -e "\tTotal iSCSI connections: $iscsipureportlistcount\n\n";
     64 CT1 iqn.2010-06.com.purestorage:flasharray.1ad1e34ab4674a15 -


Total iSCSI connections: 64


     root@PureDrCluster-ct0:/var/home/pureeng# iscsipureportlist=`pureport list --initiator | grep -v FC | awk -F' CT' '{print "CT"$2,$8}' | grep -v 'CT ' | awk -F '.ETH' '{print $1, $2}' | awk '{print $1, $5, $6}' | sort | uniq -c; echo`; iscsipureportlistcount=`echo "$iscsipureportlist" | awk '{total += $1} END {print total}'`; echo -e "$iscsipureportlist\n\n"; echo -e "\tTotal iSCSI connections: $iscsipureportlistcount\n\n";
     64 CT1 iqn.2010-06.com.purestorage:flasharray.1ad1e34ab4674a15 -


Total iSCSI connections: 64


     root@PureDrCluster-ct0:/var/home/pureeng# iscsipureportlist=`pureport list --initiator | grep -v FC | awk -F' CT' '{print "CT"$2,$8}' | grep -v 'CT ' | awk -F '.ETH' '{print $1, $2}' | awk '{print $1, $5, $6}' | sort | uniq -c; echo`; iscsipureportlistcount=`echo "$iscsipureportlist" | awk '{total += $1} END {print total}'`; echo -e "$iscsipureportlist\n\n"; echo -e "\tTotal iSCSI connections: $iscsipureportlistcount\n\n";
     64 CT1 iqn.2010-06.com.purestorage:flasharray.1ad1e34ab4674a15 -


Total iSCSI connections: 64


     root@PureDrCluster-ct0:/var/home/pureeng# iscsipureportlist=`pureport list --initiator | grep -v FC | awk -F' CT' '{print "CT"$2,$8}' | grep -v 'CT ' | awk -F '.ETH' '{print $1, $2}' | awk '{print $1, $5, $6}' | sort | uniq -c; echo`; iscsipureportlistcount=`echo "$iscsipureportlist" | awk '{total += $1} END {print total}'`; echo -e "$iscsipureportlist\n\n"; echo -e "\tTotal iSCSI connections: $iscsipureportlistcount\n\n";
     64 CT1 iqn.2010-06.com.purestorage:flasharray.1ad1e34ab4674a15 -


Total iSCSI connections: 64


     root@PureDrCluster-ct0:/var/home/pureeng# iscsipureportlist=`pureport list --initiator | grep -v FC | awk -F' CT' '{print "CT"$2,$8}' | grep -v 'CT ' | awk -F '.ETH' '{print $1, $2}' | awk '{print $1, $5, $6}' | sort | uniq -c; echo`; iscsipureportlistcount=`echo "$iscsipureportlist" | awk '{total += $1} END {print total}'`; echo -e "$iscsipureportlist\n\n"; echo -e "\tTotal iSCSI connections: $iscsipureportlistcount\n\n";
     64 CT1 iqn.2010-06.com.purestorage:flasharray.1ad1e34ab4674a15 -


Total iSCSI connections: 64


     root@PureDrCluster-ct0:/var/home/pureeng# iscsipureportlist=`pureport list --initiator | grep -v FC | awk -F' CT' '{print "CT"$2,$8}' | grep -v 'CT ' | awk -F '.ETH' '{print $1, $2}' | awk '{print $1, $5, $6}' | sort | uniq -c; echo`; iscsipureportlistcount=`echo "$iscsipureportlist" | awk '{total += $1} END {print total}'`; echo -e "$iscsipureportlist\n\n"; echo -e "\tTotal iSCSI connections: $iscsipureportlistcount\n\n";     root@PureDrCluster-ct0:/var/home/pureeng# 




purenetwork list
Name       Enabled  Speed        Services
ct0.eth0   False    100.00 Gb/s  -
ct0.eth1   False    100.00 Gb/s  -
ct0.eth2   True     25.00 Gb/s   replication
ct0.eth3   False    25.00 Gb/s   replication
ct0.eth4   True     1.00 Gb/s    management
ct0.eth5   False    1.00 Gb/s    management
ct0.eth18  True     25.00 Gb/s   iscsi
ct0.eth19  True     25.00 Gb/s   iscsi
ct0.eth20  False    25.00 Gb/s   iscsi
ct0.eth21  False    25.00 Gb/s   iscsi
ct1.eth0   True     1.00 Gb/s    management
ct1.eth1   False    1.00 Gb/s    management
ct1.eth2   True     25.00 Gb/s   replication
ct1.eth3   False    25.00 Gb/s   replication
ct1.eth4   True     25.00 Gb/s   iscsi
ct1.eth5   True     25.00 Gb/s   iscsi
filevip    True     25.00 Gb/s   file
replbond   False    0.00 b/s     replication
vir0       True     1.00 Gb/s    management
vir1       False    1.00 Gb/s    management
     root@PureDrCluster-ct0:/var/home/pureeng# purenetwork listiscsipureportlist=`pureport list --initiator | grep -v FC | awk -F' CT' '{print "CT"$2,$8}' | grep -v 'CT ' | awk -F '.ETH' '{print $1, $2}' | awk '{print $1, $5, $6}' | sort | uniq -c; echo`; iscsipureportlistcount=`echo "$iscsipureportlist" | awk '{total += $1} END {print total}'`; echo -e "$iscsipureportlist\n\n"; echo -e "\tTotal iSCSI connections: $iscsipureportlistcount\n\n";
     64 CT1 iqn.2010-06.com.purestorage:flasharray.1ad1e34ab4674a15 -


Total iSCSI connections: 64


     root@PureDrCluster-ct0:/var/home/pureeng# iscsipureportlist=`pureport list --initiator | grep -v FC | awk -F' CT' '{print "CT"$2,$8}' | grep -v 'CT ' | awk -F '.ETH' '{print $1, $2}' | awk '{print $1, $5, $6}' | sort | uniq -c; echo`; iscsipureportlistcount=`echo "$iscsipureportlist" | awk '{total += $1} END {print total}'`; echo -e "$iscsipureportlist\n\n"; echo -e "\tTotal iSCSI connections: $iscsipureportlistcount\n\n";
     64 CT1 iqn.2010-06.com.purestorage:flasharray.1ad1e34ab4674a15 -


Total iSCSI connections: 64


     root@PureDrCluster-ct0:/var/home/pureeng# iscsipureportlist=`pureport list --initiator | grep -v FC | awk -F' CT' '{print "CT"$2,$8}' | grep -v 'CT ' | awk -F '.ETH' '{print $1, $2}' | awk '{print $1, $5, $6}' | sort | uniq -c; echo`; iscsipureportlistcount=`echo "$iscsipureportlist" | awk '{total += $1} END {print total}'`; echo -e "$iscsipureportlist\n\n"; echo -e "\tTotal iSCSI connections: $iscsipureportlistcount\n\n";
     64 CT1 iqn.2010-06.com.purestorage:flasharray.1ad1e34ab4674a15 -


Total iSCSI connections: 64


     root@PureDrCluster-ct0:/var/home/pureeng# iscsipureportlist=`pureport list --initiator | grep -v FC | awk -F' CT' '{print "CT"$2,$8}' | grep -v 'CT ' | awk -F '.ETH' '{print $1, $2}' | awk '{print $1, $5, $6}' | sort | uniq -c; echo`; iscsipureportlistcount=`echo "$iscsipureportlist" | awk '{total += $1} END {print total}'`; echo -e "$iscsipureportlist\n\n"; echo -e "\tTotal iSCSI connections: $iscsipureportlistcount\n\n";
     64 CT1 iqn.2010-06.com.purestorage:flasharray.1ad1e34ab4674a15 -


Total iSCSI connections: 64


     root@PureDrCluster-ct0:/var/home/pureeng# iscsipureportlist=`pureport list --initiator | grep -v FC | awk -F' CT' '{print "CT"$2,$8}' | grep -v 'CT ' | awk -F '.ETH' '{print $1, $2}' | awk '{print $1, $5, $6}' | sort | uniq -c; echo`; iscsipureportlistcount=`echo "$iscsipureportlist" | awk '{total += $1} END {print total}'`; echo -e "$iscsipureportlist\n\n"; echo -e "\tTotal iSCSI connections: $iscsipureportlistcount\n\n";     root@PureDrCluster-ct0:/var/home/pureeng# purenetwork list




iscsipureportlist=`pureport list --initiator | grep -v FC | awk -F' CT' '{print "CT"$2,$8}' | grep -v 'CT ' | awk -F '.ETH' '{print $1, $2}' | awk '{print $1, $5, $6}' | sort | uniq -c; echo`; iscsipureportlistcount=`echo "$iscsipureportlist" | awk '{total += $1} END {print total}'`; echo -e "$iscsipureportlist\n\n"; echo -e "\tTotal iSCSI connections: $iscsipureportlistcount\n\n";
     64 CT1 iqn.2010-06.com.purestorage:flasharray.1ad1e34ab4674a15 -


Total iSCSI connections: 64


     root@PureDrCluster-ct0:/var/home/pureeng# iscsipureportlist=`pureport list --initiator | grep -v FC | awk -F' CT' '{print "CT"$2,$8}' | grep -v 'CT ' | awk -F '.ETH' '{print $1, $2}' | awk '{print $1, $5, $6}' | sort | uniq -c; echo`; iscsipureportlistcount=`echo "$iscsipureportlist" | awk '{total += $1} END {print total}'`; echo -e "$iscsipureportlist\n\n"; echo -e "\tTotal iSCSI connections: $iscsipureportlistcount\n\n";
     64 CT1 iqn.2010-06.com.purestorage:flasharray.1ad1e34ab4674a15 -


Total iSCSI connections: 64


     root@PureDrCluster-ct0:/var/home/pureeng# iscsipureportlist=`pureport list --initiator | grep -v FC | awk -F' CT' '{print "CT"$2,$8}' | grep -v 'CT ' | awk -F '.ETH' '{print $1, $2}' | awk '{print $1, $5, $6}' | sort | uniq -c; echo`; iscsipureportlistcount=`echo "$iscsipureportlist" | awk '{total += $1} END {print total}'`; echo -e "$iscsipureportlist\n\n"; echo -e "\tTotal iSCSI connections: $iscsipureportlistcount\n\n";
     64 CT1 iqn.2010-06.com.purestorage:flasharray.1ad1e34ab4674a15 -


Total iSCSI connections: 64


     root@PureDrCluster-ct0:/var/home/pureeng# iscsipureportlist=`pureport list --initiator | grep -v FC | awk -F' CT' '{print "CT"$2,$8}' | grep -v 'CT ' | awk -F '.ETH' '{print $1, $2}' | awk '{print $1, $5, $6}' | sort | uniq -c; echo`; iscsipureportlistcount=`echo "$iscsipureportlist" | awk '{total += $1} END {print total}'`; echo -e "$iscsipureportlist\n\n"; echo -e "\tTotal iSCSI connections: $iscsipureportlistcount\n\n";
     64 CT1 iqn.2010-06.com.purestorage:flasharray.1ad1e34ab4674a15 -


Total iSCSI connections: 64


     root@PureDrCluster-ct0:/var/home/pureeng# iscsipureportlist=`pureport list --initiator | grep -v FC | awk -F' CT' '{print "CT"$2,$8}' | grep -v 'CT ' | awk -F '.ETH' '{print $1, $2}' | awk '{print $1, $5, $6}' | sort | uniq -c; echo`; iscsipureportlistcount=`echo "$iscsipureportlist" | awk '{total += $1} END {print total}'`; echo -e "$iscsipureportlist\n\n"; echo -e "\tTotal iSCSI connections: $iscsipureportlistcount\n\n";
     64 CT1 iqn.2010-06.com.purestorage:flasharray.1ad1e34ab4674a15 -


Total iSCSI connections: 64


     root@PureDrCluster-ct0:/var/home/pureeng# iscsipureportlist=`pureport list --initiator | grep -v FC | awk -F' CT' '{print "CT"$2,$8}' | grep -v 'CT ' | awk -F '.ETH' '{print $1, $2}' | awk '{print $1, $5, $6}' | sort | uniq -c; echo`; iscsipureportlistcount=`echo "$iscsipureportlist" | awk '{total += $1} END {print total}'`; echo -e "$iscsipureportlist\n\n"; echo -e "\tTotal iSCSI connections: $iscsipureportlistcount\n\n";
     29 CT0 iqn.2010-06.com.purestorage:flasharray.1ad1e34ab4674a15 -
     64 CT1 iqn.2010-06.com.purestorage:flasharray.1ad1e34ab4674a15 -


Total iSCSI connections: 93


     root@PureDrCluster-ct0:/var/home/pureeng# iscsipureportlist=`pureport list --initiator | grep -v FC | awk -F' CT' '{print "CT"$2,$8}' | grep -v 'CT ' | awk -F '.ETH' '{print $1, $2}' | awk '{print $1, $5, $6}' | sort | uniq -c; echo`; iscsipureportlistcount=`echo "$iscsipureportlist" | awk '{total += $1} END {print total}'`; echo -e "$iscsipureportlist\n\n"; echo -e "\tTotal iSCSI connections: $iscsipureportlistcount\n\n";
     29 CT0 iqn.2010-06.com.purestorage:flasharray.1ad1e34ab4674a15 -
     64 CT1 iqn.2010-06.com.purestorage:flasharray.1ad1e34ab4674a15 -


Total iSCSI connections: 93


     root@PureDrCluster-ct0:/var/home/pureeng# iscsipureportlist=`pureport list --initiator | grep -v FC | awk -F' CT' '{print "CT"$2,$8}' | grep -v 'CT ' | awk -F '.ETH' '{print $1, $2}' | awk '{print $1, $5, $6}' | sort | uniq -c; echo`; iscsipureportlistcount=`echo "$iscsipureportlist" | awk '{total += $1} END {print total}'`; echo -e "$iscsipureportlist\n\n"; echo -e "\tTotal iSCSI connections: $iscsipureportlistcount\n\n";
     29 CT0 iqn.2010-06.com.purestorage:flasharray.1ad1e34ab4674a15 -
     64 CT1 iqn.2010-06.com.purestorage:flasharray.1ad1e34ab4674a15 -


Total iSCSI connections: 93


     root@PureDrCluster-ct0:/var/home/pureeng# iscsipureportlist=`pureport list --initiator | grep -v FC | awk -F' CT' '{print "CT"$2,$8}' | grep -v 'CT ' | awk -F '.ETH' '{print $1, $2}' | awk '{print $1, $5, $6}' | sort | uniq -c; echo`; iscsipureportlistcount=`echo "$iscsipureportlist" | awk '{total += $1} END {print total}'`; echo -e "$iscsipureportlist\n\n"; echo -e "\tTotal iSCSI connections: $iscsipureportlistcount\n\n";
     29 CT0 iqn.2010-06.com.purestorage:flasharray.1ad1e34ab4674a15 -
     64 CT1 iqn.2010-06.com.purestorage:flasharray.1ad1e34ab4674a15 -


Total iSCSI connections: 93


     root@PureDrCluster-ct0:/var/home/pureeng# iscsipureportlist=`pureport list --initiator | grep -v FC | awk -F' CT' '{print "CT"$2,$8}' | grep -v 'CT ' | awk -F '.ETH' '{print $1, $2}' | awk '{print $1, $5, $6}' | sort | uniq -c; echo`; iscsipureportlistcount=`echo "$iscsipureportlist" | awk '{total += $1} END {print total}'`; echo -e "$iscsipureportlist\n\n"; echo -e "\tTotal iSCSI connections: $iscsipureportlistcount\n\n";
     29 CT0 iqn.2010-06.com.purestorage:flasharray.1ad1e34ab4674a15 -
     64 CT1 iqn.2010-06.com.purestorage:flasharray.1ad1e34ab4674a15 -


Total iSCSI connections: 93


     root@PureDrCluster-ct0:/var/home/pureeng# iscsipureportlist=`pureport list --initiator | grep -v FC | awk -F' CT' '{print "CT"$2,$8}' | grep -v 'CT ' | awk -F '.ETH' '{print $1, $2}' | awk '{print $1, $5, $6}' | sort | uniq -c; echo`; iscsipureportlistcount=`echo "$iscsipureportlist" | awk '{total += $1} END {print total}'`; echo -e "$iscsipureportlist\n\n"; echo -e "\tTotal iSCSI connections: $iscsipureportlistcount\n\n";
     29 CT0 iqn.2010-06.com.purestorage:flasharray.1ad1e34ab4674a15 -
     64 CT1 iqn.2010-06.com.purestorage:flasharray.1ad1e34ab4674a15 -


Total iSCSI connections: 93


     root@PureDrCluster-ct0:/var/home/pureeng# iscsipureportlist=`pureport list --initiator | grep -v FC | awk -F' CT' '{print "CT"$2,$8}' | grep -v 'CT ' | awk -F '.ETH' '{print $1, $2}' | awk '{print $1, $5, $6}' | sort | uniq -c; echo`; iscsipureportlistcount=`echo "$iscsipureportlist" | awk '{total += $1} END {print total}'`; echo -e "$iscsipureportlist\n\n"; echo -e "\tTotal iSCSI connections: $iscsipureportlistcount\n\n";
     29 CT0 iqn.2010-06.com.purestorage:flasharray.1ad1e34ab4674a15 -
     64 CT1 iqn.2010-06.com.purestorage:flasharray.1ad1e34ab4674a15 -


Total iSCSI connections: 93


     root@PureDrCluster-ct0:/var/home/pureeng# iscsipureportlist=`pureport list --initiator | grep -v FC | awk -F' CT' '{print "CT"$2,$8}' | grep -v 'CT ' | awk -F '.ETH' '{print $1, $2}' | awk '{print $1, $5, $6}' | sort | uniq -c; echo`; iscsipureportlistcount=`echo "$iscsipureportlist" | awk '{total += $1} END {print total}'`; echo -e "$iscsipureportlist\n\n"; echo -e "\tTotal iSCSI connections: $iscsipureportlistcount\n\n";
     29 CT0 iqn.2010-06.com.purestorage:flasharray.1ad1e34ab4674a15 -
     64 CT1 iqn.2010-06.com.purestorage:flasharray.1ad1e34ab4674a15 -


Total iSCSI connections: 93


     root@PureDrCluster-ct0:/var/home/pureeng# iscsipureportlist=`pureport list --initiator | grep -v FC | awk -F' CT' '{print "CT"$2,$8}' | grep -v 'CT ' | awk -F '.ETH' '{print $1, $2}' | awk '{print $1, $5, $6}' | sort | uniq -c; echo`; iscsipureportlistcount=`echo "$iscsipureportlist" | awk '{total += $1} END {print total}'`; echo -e "$iscsipureportlist\n\n"; echo -e "\tTotal iSCSI connections: $iscsipureportlistcount\n\n";
     29 CT0 iqn.2010-06.com.purestorage:flasharray.1ad1e34ab4674a15 -
     64 CT1 iqn.2010-06.com.purestorage:flasharray.1ad1e34ab4674a15 -


Total iSCSI connections: 93


     root@PureDrCluster-ct0:/var/home/pureeng# iscsipureportlist=`pureport list --initiator | grep -v FC | awk -F' CT' '{print "CT"$2,$8}' | grep -v 'CT ' | awk -F '.ETH' '{print $1, $2}' | awk '{print $1, $5, $6}' | sort | uniq -c; echo`; iscsipureportlistcount=`echo "$iscsipureportlist" | awk '{total += $1} END {print total}'`; echo -e "$iscsipureportlist\n\n"; echo -e "\tTotal iSCSI connections: $iscsipureportlistcount\n\n";
     64 CT1 iqn.2010-06.com.purestorage:flasharray.1ad1e34ab4674a15 -


Total iSCSI connections: 64


     root@PureDrCluster-ct0:/var/home/pureeng# iscsipureportlist=`pureport list --initiator | grep -v FC | awk -F' CT' '{print "CT"$2,$8}' | grep -v 'CT ' | awk -F '.ETH' '{print $1, $2}' | awk '{print $1, $5, $6}' | sort | uniq -c; echo`; iscsipureportlistcount=`echo "$iscsipureportlist" | awk '{total += $1} END {print total}'`; echo -e "$iscsipureportlist\n\n"; echo -e "\tTotal iSCSI connections: $iscsipureportlistcount\n\n";
     64 CT1 iqn.2010-06.com.purestorage:flasharray.1ad1e34ab4674a15 -


Total iSCSI connections: 64


     root@PureDrCluster-ct0:/var/home/pureeng# iscsipureportlist=`pureport list --initiator | grep -v FC | awk -F' CT' '{print "CT"$2,$8}' | grep -v 'CT ' | awk -F '.ETH' '{print $1, $2}' | awk '{print $1, $5, $6}' | sort | uniq -c; echo`; iscsipureportlistcount=`echo "$iscsipureportlist" | awk '{total += $1} END {print total}'`; echo -e "$iscsipureportlist\n\n"; echo -e "\tTotal iSCSI connections: $iscsipureportlistcount\n\n";
     29 CT0 iqn.2010-06.com.purestorage:flasharray.1ad1e34ab4674a15 -
     64 CT1 iqn.2010-06.com.purestorage:flasharray.1ad1e34ab4674a15 -


Total iSCSI connections: 93


     root@PureDrCluster-ct0:/var/home/pureeng# iscsipureportlist=`pureport list --initiator | grep -v FC | awk -F' CT' '{print "CT"$2,$8}' | grep -v 'CT ' | awk -F '.ETH' '{print $1, $2}' | awk '{print $1, $5, $6}' | sort | uniq -c; echo`; iscsipureportlistcount=`echo "$iscsipureportlist" | awk '{total += $1} END {print total}'`; echo -e "$iscsipureportlist\n\n"; echo -e "\tTotal iSCSI connections: $iscsipureportlistcount\n\n";
     29 CT0 iqn.2010-06.com.purestorage:flasharray.1ad1e34ab4674a15 -
     64 CT1 iqn.2010-06.com.purestorage:flasharray.1ad1e34ab4674a15 -


Total iSCSI connections: 93


     root@PureDrCluster-ct0:/var/home/pureeng# iscsipureportlist=`pureport list --initiator | grep -v FC | awk -F' CT' '{print "CT"$2,$8}' | grep -v 'CT ' | awk -F '.ETH' '{print $1, $2}' | awk '{print $1, $5, $6}' | sort | uniq -c; echo`; iscsipureportlistcount=`echo "$iscsipureportlist" | awk '{total += $1} END {print total}'`; echo -e "$iscsipureportlist\n\n"; echo -e "\tTotal iSCSI connections: $iscsipureportlistcount\n\n";
     29 CT0 iqn.2010-06.com.purestorage:flasharray.1ad1e34ab4674a15 -
     64 CT1 iqn.2010-06.com.purestorage:flasharray.1ad1e34ab4674a15 -


Total iSCSI connections: 93


     root@PureDrCluster-ct0:/var/home/pureeng# iscsipureportlist=`pureport list --initiator | grep -v FC | awk -F' CT' '{print "CT"$2,$8}' | grep -v 'CT ' | awk -F '.ETH' '{print $1, $2}' | awk '{print $1, $5, $6}' | sort | uniq -c; echo`; iscsipureportlistcount=`echo "$iscsipureportlist" | awk '{total += $1} END {print total}'`; echo -e "$iscsipureportlist\n\n"; echo -e "\tTotal iSCSI connections: $iscsipureportlistcount\n\n";
     29 CT0 iqn.2010-06.com.purestorage:flasharray.1ad1e34ab4674a15 -
     64 CT1 iqn.2010-06.com.purestorage:flasharray.1ad1e34ab4674a15 -


Total iSCSI connections: 93


     root@PureDrCluster-ct0:/var/home/pureeng# iscsipureportlist=`pureport list --initiator | grep -v FC | awk -F' CT' '{print "CT"$2,$8}' | grep -v 'CT ' | awk -F '.ETH' '{print $1, $2}' | awk '{print $1, $5, $6}' | sort | uniq -c; echo`; iscsipureportlistcount=`echo "$iscsipureportlist" | awk '{total += $1} END {print total}'`; echo -e "$iscsipureportlist\n\n"; echo -e "\tTotal iSCSI connections: $iscsipureportlistcount\n\n";
     64 CT0 iqn.2010-06.com.purestorage:flasharray.1ad1e34ab4674a15 -
     64 CT1 iqn.2010-06.com.purestorage:flasharray.1ad1e34ab4674a15 -


Total iSCSI connections: 128


     root@PureDrCluster-ct0:/var/home/pureeng# iscsipureportlist=`pureport list --initiator | grep -v FC | awk -F' CT' '{print "CT"$2,$8}' | grep -v 'CT ' | awk -F '.ETH' '{print $1, $2}' | awk '{print $1, $5, $6}' | sort | uniq -c; echo`; iscsipureportlistcount=`echo "$iscsipureportlist" | awk '{total += $1} END {print total}'`; echo -e "$iscsipureportlist\n\n"; echo -e "\tTotal iSCSI connections: $iscsipureportlistcount\n\n";
     64 CT0 iqn.2010-06.com.purestorage:flasharray.1ad1e34ab4674a15 -
     64 CT1 iqn.2010-06.com.purestorage:flasharray.1ad1e34ab4674a15 -


Total iSCSI connections: 128


     root@PureDrCluster-ct0:/var/home/pureeng# iobalance --sampletime 30
sampling host I/O for 30 seconds...
                                Host  CT0 I/O Count  CT1 I/O Count  
                               VMH01      167.00       49.00  ! unbalanced I/O
                               VMH02       41.00       50.00  
                               VMH03       76.00      106.00  
                               VMH04       11.00        3.00  
                               VMH05      100.00       46.00  ! unbalanced I/O
                               VMH11      111.00       29.00  ! unbalanced I/O
                               VMH12        7.00        7.00  
                               VMH13      526.00       78.00  ! unbalanced I/O
                               VMH14       90.00       50.00  ! unbalanced I/O
                               VMH15       1.50K      538.00  ! unbalanced I/O
                               VMH16       1.34K      980.00  
                               VMH17      783.00      397.00  ! unbalanced I/O
                               VMH18       1.36K      321.00  ! unbalanced I/O
                               VMH19      11.34K       3.07K  ! unbalanced I/O
                               VMH20       3.54K       3.32K  
                               VMH21        3.00      173.00  ! unbalanced I/O
                               VMH22       41.00       78.00  ! unbalanced I/O
                               VMH24       1.92K      164.00  ! unbalanced I/O
                               VMH26       56.00       90.00  ! unbalanced I/O
                               VMH27       97.00       80.00  
                               VMH28       32.00       58.00  ! unbalanced I/O
                              dvmh01       1.30K       1.48K  
                              dvmh02      556.00      384.00  
                              dvmh03      136.00       51.00  ! unbalanced I/O
                              dvmh04      324.00       55.00  ! unbalanced I/O
                              dvmh05      251.00       76.00  ! unbalanced I/O
                              dvmh06       53.00       13.00  ! unbalanced I/O
                              dvmh07      193.00      111.00  ! unbalanced I/O
wenonpvmh1-worthingtonenterprise-com      660.00      306.00  ! unbalanced I/O
wenonpvmh2-worthingtonenterprise-com       1.12K      271.00  ! unbalanced I/O
wenonpvmh3-worthingtonenterprise-com       1.46K      148.00  ! unbalanced I/O
wenonpvmh4-worthingtonenterprise-com       1.46K       1.45K  
                          weprdpvmh1       21.00       35.00  ! unbalanced I/O
                          weprdpvmh2        0.00        6.00  ! no I/O to CT0
                          weprdpvmh3        0.00        6.00  ! no I/O to CT0
                          weprdpvmh4       55.00        0.00  ! no I/O to CT1
                          weprdpvmh5       48.00       61.00  
                          weprdpvmh6       43.00       80.00  ! unbalanced I/O
                          weprdpvmh7       16.00      205.00  ! unbalanced I/O
                          weprdpvmh8      464.00        6.00  ! unbalanced I/O
     root@PureDrCluster-ct0:/var/home/pureeng# iobalance --sampletime 3060
sampling host I/O for 60 seconds...
                                Host  CT0 I/O Count  CT1 I/O Count  
                               VMH01      286.00       70.00  ! unbalanced I/O
                               VMH02       97.00       85.00  
                               VMH03      132.00      134.00  
                               VMH04      111.00       41.00  ! unbalanced I/O
                               VMH05      239.00      117.00  ! unbalanced I/O
                               VMH11      164.00      115.00  
                               VMH12       73.00       68.00  
                               VMH13      744.00      483.00  ! unbalanced I/O
                               VMH14      170.00      100.00  ! unbalanced I/O
                               VMH15       1.95K       1.85K  
                               VMH16       2.89K       3.00K  
                               VMH17       1.89K       1.48K  
                               VMH18       4.41K      949.00  ! unbalanced I/O
                               VMH19      78.96K     229.94K  ! unbalanced I/O
                               VMH20       5.68K       7.24K  
                               VMH21       14.00       96.00  ! unbalanced I/O
                               VMH22       62.00      102.00  ! unbalanced I/O
                               VMH24       2.47K       7.84K  ! unbalanced I/O
                               VMH26       11.00      275.00  ! unbalanced I/O
                               VMH27      156.00       71.00  ! unbalanced I/O
                               VMH28       72.00       93.00  
                              dvmh01       2.22K       3.88K  ! unbalanced I/O
                              dvmh02       2.05K       1.07K  ! unbalanced I/O
                              dvmh03      302.00      118.00  ! unbalanced I/O
                              dvmh04      901.00      279.00  ! unbalanced I/O
                              dvmh05      544.00      353.00  ! unbalanced I/O
                              dvmh06      340.00      182.00  ! unbalanced I/O
                              dvmh07      271.00      476.00  ! unbalanced I/O
wenonpvmh1-worthingtonenterprise-com      17.11K      14.98K  
wenonpvmh2-worthingtonenterprise-com       4.22K       2.75K  ! unbalanced I/O
wenonpvmh3-worthingtonenterprise-com       6.33K       1.02K  ! unbalanced I/O
wenonpvmh4-worthingtonenterprise-com       4.76K       1.56K  ! unbalanced I/O
                          weprdpvmh1      155.00       30.00  ! unbalanced I/O
                          weprdpvmh2       35.00      311.00  ! unbalanced I/O
                          weprdpvmh3       11.00      113.00  ! unbalanced I/O
                          weprdpvmh4        0.00      122.00  ! no I/O to CT0
                          weprdpvmh5        0.00       71.00  ! no I/O to CT0
                          weprdpvmh6      135.00      180.00  
                          weprdpvmh7       14.00      330.00  ! unbalanced I/O
                          weprdpvmh8       1.17K       50.00  ! unbalanced I/O
     root@PureDrCluster-ct0:/var/home/pureeng# iobalance --sampletime 6030scsipureportlist=`pureport list --initiator | grep -v FC | awk -F' CT' '{print "CT"$2,$8}' | grep -v 'CT ' | awk -F '.ETH' '{print $1, $2}' | awk '{print $1, $5, $6}' | sort | uniq -c; echo`; iscsipureportlistcount=`echo "$iscsipureportlist" | awk '{total += $1} END {print total}'`; echo -e "$iscsipureportlist\n\n"; echo -e "\tTotal iSCSI connections: $iscsipureportlistcount\n\n";
     64 CT0 iqn.2010-06.com.purestorage:flasharray.1ad1e34ab4674a15 -
     64 CT1 iqn.2010-06.com.purestorage:flasharray.1ad1e34ab4674a15 -


Total iSCSI connections: 128


     root@PureDrCluster-ct0:/var/home/pureeng# ssh peer
Last login: Thu Nov  7 16:18:02 2024 from fe80::26a9:37ff:fe44:d5de%haeth0

Sat Feb 22 11:01:44 2025
Welcome root. This is Purity Version 6.5.8 on FlashArray PureDrCluster
http://www.purestorage.com/
     root@PureDrCluster-ct1:~# purearray list --controller
Name  Type              Mode       Model     Version  Status  Internal Details
CT0   array_controller  secondary  FA-C50R4  6.5.8    ready   
CT1   array_controller  primary    FA-C40R3  6.5.8    ready   
     root@PureDrCluster-ct1:~# puredb run giveback --safe
     root@PureDrCluster-ct1:~# puredb run giveback --safearray list --controllerwatch 
Name  Type              Mode       Model     Version  Status  Internal Details
CT0   array_controller  primary    FA-C50R4  6.5.8    ready   
CT1   array_controller  secondary  FA-C40R3  6.5.8    ready   
     root@PureDrCluster-ct1:~# purearray list --controllerdb run giveback --safearray list --controllerwatch db run givebackarray list --controllerlert tag --timeout 20m --maintenancecyan='\033[0;36m'; red='\033[0;31m'; green='\033[0;32m'; purple='\033[0;35m'; NC='\033[0m'; echo -e "${purple}Health Checks on Array${NC}"; echo;echo -e "${cyan}---------------------------------------------${NC}"; echo -e "${cyan}Controller Status:${NC}"; echo -e "${cyan}Command: purearray list --controller${NC}"; echo -e "${cyan}---------------------------------------------${NC}"; purearray list --controller; echo; echo -e "${cyan}---------------------------------------------${NC}"; echo -e "${cyan}Remote Assist:${NC}"; echo -e "${cyan}Command: purearray remoteassist --connnect${NC}"; echo -e "${cyan}---------------------------------------------${NC}"; purearray remoteassist --connect; echo; echo -e "Peer Controller"; echo; ssh peer purearray remoteassist --connect; echo;echo -e "${cyan}---------------------------------------------${NC}"; echo -e "${cyan}Open Alerts:${NC}"; echo -e "${cyan}Command: puremessage list --open --hidden${NC}"; echo -e "${cyan}---------------------------------------------${NC}"; puremessage list --open --hidden; echo;echo -e "${cyan}---------------------------------------------${NC}"; echo -e "${cyan}ADM Status:${NC}"; echo -e "${cyan}Command: pureadm status${NC}"; echo -e "${cyan}---------------------------------------------${NC}"; pureadm status; echo; echo -e "Peer Controller"; echo; ssh peer pureadm status; echo;echo -e "${cyan}---------------------------------------------${NC}"; echo -e "${cyan}FC Connections:${NC}"; echo -e "${cyan}Command: fcpureportlist${NC}"; echo -e "${cyan}---------------------------------------------${NC}"; fcpureportlist=`pureport list --initiator | awk '/Target/,0' | cut -d. -f1 | awk '{print $1,$4}' | grep -v '-' | grep -v "Initiator Portal" | uniq -c; echo`; fcpureportlistcount=`echo "$fcpureportlist" | awk '{total += $1} END {print total}'`; echo -e "$fcpureportlist\n\n"; echo -e "\tTotal FC connections: $fcpureportlistcount\n\n"; echo;echo -e "${cyan}---------------------------------------------${NC}"; echo -e "${cyan}iSCSI Connections:${NC}"; echo -e "${cyan}Command: iscsipureportlist${NC}"; echo -e "${cyan}---------------------------------------------${NC}"; iscsipureportlist=`pureport list --initiator | grep -v FC | awk -F' CT' '{print "CT"$2,$7}' | grep -v 'CT ' | awk -F '.ETH' '{print $1, $2}' | awk '{print $1, $4, $5}' | sort | uniq -c; echo`; iscsipureportlistcount=`echo "$iscsipureportlist" | awk '{total += $1} END {print total}'`; echo -e "$iscsipureportlist\n\n"; echo -e "\tTotal iSCSI connections: $iscsipureportlistcount\n\n"; echo;echo -e "${cyan}---------------------------------------------${NC}"; echo -e "${cyan}IO Balance:${NC}"; echo -e "${cyan}Command: iobalance --sampletime 30${NC}"; echo -e "${cyan}---------------------------------------------${NC}"; iobalance --sampletime 30; echo;echo -e "${cyan}---------------------------------------------${NC}"; echo -e "${cyan}Hardware Status:${NC}"; echo -e "${cyan}Command: purehw list --all${NC}"; echo -e "${cyan}---------------------------------------------${NC}"; purehw list --all; echo;echo -e "${cyan}---------------------------------------------${NC}"; echo -e "${cyan}Drive Status:${NC}"; echo -e "${cyan}Command: puredrive list${NC}"; echo -e "${cyan}---------------------------------------------${NC}"; puredrive list; echo;echo -e "${cyan}---------------------------------------------${NC}"; echo -e "${cyan}Infiniband Status:${NC}"; echo -e "${cyan}Command: ibstat${NC}"; echo -e "${cyan}---------------------------------------------${NC}"; ibstat; echo;echo -e "${cyan}---------------------------------------------${NC}"; echo -e "${cyan}Timezones:${NC}"; echo -e "${cyan}Command: cat /etc/timezone${NC}"; echo -e "${cyan}---------------------------------------------${NC}"; cat /etc/timezone; echo; echo -e "Peer Controller"; echo; ssh peer cat /etc/timezone; echo;echo -e "${cyan}---------------------------------------------${NC}"; echo -e "${cyan}Phonehome Test:${NC}"; echo -e "${cyan}Command: purearray test phonehome${NC}"; echo -e "${cyan}---------------------------------------------${NC}"; purearray test phonehome; echo;echo -e "${cyan}---------------------------------------------${NC}"; echo -e "${cyan}Alerts Test:${NC}"; echo -e "${cyan}Command: purealert watcher test dsamuelson@purestorage.com${NC}"; echo -e "${cyan}---------------------------------------------${NC}"; purealert watcher test dsamuelson@purestorage.com; echo; echo; echo -e "Peer Controller"; echo; ssh peer purealert watcher test dsamuelson@purestorage.com; echo; echo -e "${cyan}---------------------------------------------${NC}"; echo -e "${cyan}Hardware Tests:${NC}"; echo -e "${cyan}Command: hardware_check.py${NC}"; echo -e "${cyan}---------------------------------------------${NC}"; hardware_check.py; echo;echo -e "${cyan}---------------------------------------------${NC}"; echo -e "${cyan}Check Tunables:${NC}"; echo -e "${cyan}Command: pureadm list-tunable${NC}"; echo -e "${cyan}---------------------------------------------${NC}"; pureadm list-tunable; echo; echo -e "Peer Controller"; echo; ssh peer pureadm list-tunable; echo;echo -e "${cyan}---------------------------------------------${NC}"; echo -e "${cyan}Verify Drive Nodes:${NC}"; echo -e "${cyan}Command: find_drive.py all${NC}"; echo -e "${cyan}---------------------------------------------${NC}"; find_drive.py all; echo;echo -e "${cyan}---------------------------------------------${NC}"; echo -e "${cyan}Foed Drive Checks:${NC}"; echo -e "${cyan}Command: puredb list drives${NC}"; echo -e "${cyan}---------------------------------------------${NC}"; puredb list drives;/home/dsamuelson/my_files/health_checks_on_fuse2_djs






















^C
     root@PureDrCluster-ct1:~# clear
     root@PureDrCluster-ct1:~# exit
logout
     root@PureDrCluster-ct0:/var/home/pureeng# ssh peeriscsipureportlist=`pureport list --initiator | grep -v FC | awk -F' CT' '{print "CT"$2,$8}' | grep -v 'CT ' | awk -F '.ETH' '{print $1, $2}' | awk '{print $1, $5, $6}' | sort | uniq -c; echo`; iscsipureportlistcount=`echo "$iscsipureportlist" | awk '{total += $1} END {print total}'`; echo -e "$iscsipureportlist\n\n"; echo -e "\tTotal iSCSI connections: $iscsipureportlistcount\n\n";
     64 CT0 iqn.2010-06.com.purestorage:flasharray.1ad1e34ab4674a15 -
     64 CT1 iqn.2010-06.com.purestorage:flasharray.1ad1e34ab4674a15 -


Total iSCSI connections: 128


     root@PureDrCluster-ct0:/var/home/pureeng# iobalance --sampletime 30
sampling host I/O for 30 seconds...
                                Host  CT0 I/O Count  CT1 I/O Count  
                               VMH01       15.00      125.00  ! unbalanced I/O
                               VMH02       12.00        0.00  ! no I/O to CT1
                               VMH03      121.00       19.00  ! unbalanced I/O
                               VMH04        4.00       10.00  
                               VMH05       94.00      118.00  
                               VMH11      100.00       40.00  ! unbalanced I/O
                               VMH12       13.00       29.00  ! unbalanced I/O
                               VMH13      105.00      634.00  ! unbalanced I/O
                               VMH14       84.00       58.00  
                               VMH15       1.12K       2.57K  ! unbalanced I/O
                               VMH16       1.85K      636.00  ! unbalanced I/O
                               VMH17      226.00       1.52K  ! unbalanced I/O
                               VMH18      796.00       1.08K  
                               VMH19      27.20K      71.80K  ! unbalanced I/O
                               VMH20      466.00       3.14K  ! unbalanced I/O
                               VMH21        8.00       42.00  ! unbalanced I/O
                               VMH22        0.00      122.00  ! no I/O to CT0
                               VMH24      303.00       3.84K  ! unbalanced I/O
                               VMH26       61.00       75.00  
                               VMH27      133.00       79.00  ! unbalanced I/O
                               VMH28       15.00       29.00  ! unbalanced I/O
                              dvmh01      203.00       2.89K  ! unbalanced I/O
                              dvmh02      863.00      258.00  ! unbalanced I/O
                              dvmh03        1.00      196.00  ! unbalanced I/O
                              dvmh04      738.00      166.00  ! unbalanced I/O
                              dvmh05       24.00      488.00  ! unbalanced I/O
                              dvmh06       11.00      170.00  ! unbalanced I/O
                              dvmh07      214.00      531.00  ! unbalanced I/O
wenonpvmh1-worthingtonenterprise-com       5.87K      13.75K  ! unbalanced I/O
wenonpvmh2-worthingtonenterprise-com      786.00      691.00  
wenonpvmh3-worthingtonenterprise-com       3.92K       3.91K  
wenonpvmh4-worthingtonenterprise-com       1.27K       2.82K  ! unbalanced I/O
                          weprdpvmh1        6.00        2.00  
                          weprdpvmh2       40.00      131.00  ! unbalanced I/O
                          weprdpvmh3        0.00       61.00  ! no I/O to CT0
                          weprdpvmh4        0.00       61.00  ! no I/O to CT0
                          weprdpvmh5       58.00        3.00  ! unbalanced I/O
                          weprdpvmh6       41.00      158.00  ! unbalanced I/O
                          weprdpvmh7        2.00        2.00  
                          weprdpvmh8      605.00       29.00  ! unbalanced I/O
     root@PureDrCluster-ct0:/var/home/pureeng# purearray list --controller
Name  Type              Mode       Model     Version  Status  Internal Details
CT0   array_controller  primary    FA-C50R4  6.5.8    ready   
CT1   array_controller  secondary  FA-C40R3  6.5.8    ready   
     root@PureDrCluster-ct0:/var/home/pureeng# ssh peer
Last login: Sat Feb 22 11:01:43 2025 from fe80::26a9:37ff:fe61:d473%haeth0

Sat Feb 22 11:07:21 2025
Welcome root. This is Purity Version 6.5.8 on FlashArray PureDrCluster
http://www.purestorage.com/
     root@PureDrCluster-ct1:~# pureadm stop=~=~=~=~=~=~=~=~=~=~=~= PuTTY log 2025.02.22 11:09:04 =~=~=~=~=~=~=~=~=~=~=~=


monitor stop/waiting
wait-for-state pureapp stop/waiting
wait-for-state mariadb stop/waiting
lio-drv disabling
platform stop/waiting
wait-for-state foed stop/waiting
iostat stop/waiting
statistics stop/waiting
rtm-file-collector stop/waiting
wait-for-state lio-drv stop/waiting
purity stop/waiting
wait-for-state purity_started stop/waiting
Pure Storage is offline.
     root@PureDrCluster-ct1:~# 
     root@PureDrCluster-ct1:~# exit
logout
     root@PureDrCluster-ct0:/var/home/pureeng# pureadm rray list --cotnrtoltroller
Name  Type              Mode     Model     Version  Status   Internal Details
CT0   array_controller  primary  FA-C50R4  6.5.8    ready    
CT1   array_controller  offline  -         -        unknown  
     root@PureDrCluster-ct0:/var/home/pureeng#  GNU GRUB  version 2.06

/----------------------------------------------------------------------------\||||||||||||||||||||||||||\----------------------------------------------------------------------------/     Use the ^ and v keys to select which entry is highlighted.          
      Press enter to boot the selected OS, `e' to edit the commands       
      before booting or `c' for a command-line.                            *Purity 6.5.5 (202404130351+34e2b1e66ad3) with kernel 5.15.123+ (2024031915>
 Purity 6.5.5 (202404130351+34e2b1e66ad3) with kernel 5.15.123+ (2024031915>
                                                                                                                                                                                                                                                                                                                                                                                                                                                                                                                                                                                                                                                                                                                                                                                                                                                                        The highlighted entry will be executed automatically in 3s.                    The highlighted entry will be executed automatically in 2s.                    The highlighted entry will be executed automatically in 1s.                    The highlighted entry will be executed automatically in 0s.                 
Purity

PCTFJ242901F1 login: puresetup
Password: 

Sat Feb 22 16:15:15 2025
Welcome puresetup. This is Purity Version 6.5.5 on FlashArray PCTFJ242901F1
http://www.purestorage.com/
puresetup@PCTFJ242901F1:~$ ls /dev/sd*1
/dev/sda1  /dev/sdb1
puresetup@PCTFJ242901F1:~$ mount /dev/sdb1 /mnt
puresetup@PCTFJ242901F1:~$ cp /mnt/6.5.8/* .
puresetup@PCTFJ242901F1:~$ pureinstall purity_6.5.8_202408090136+b967c2f84655.ppkg
Installing Purity on alternate partition labeled second.
Erasing Purity software image from alternate partition second to prepare for installation.
WARNING: Do not interrupt this process!!
Unpacking new Purity software.
................................................................................................................................................................................................................................................................................................................................................................................................................................................................................................................................................................................................................................................................................................................................................................................................................................................................................................................................................................................................................................................................................................................................................................................................................................................................................................
Verifying package...

Finalizing installation. This may take several minutes.
Executing /altroot/opt/purextras/bin/finish-install.sh
Executing /altroot/opt/purextras/bin/finish-install.azure-propagate.sh
Executing /altroot/opt/purextras/bin/finish-install.cbs.sh
Executing /altroot/opt/purextras/bin/finish-install.cdu-pureinstall-lib.sh
Executing /altroot/opt/purextras/bin/finish-install.fix-dpkg.sh
Purity installed.
Installation complete. The new Purity version will load at next reboot.

Important!
The first boot of a new Purity version may take longer if the new version includes controller firmware updates.
DO NOT REBOOT THE CONTROLLER DURING THE FIRMWARE UPDATE.

Refer to http://community.purestorage.com for more information about the Purity upgrade process and firmware updates.
puresetup@PCTFJ242901F1:~$ pureboot reboot --offline
[Errno 111] Connection refused
 GNU GRUB  version 2.06

/----------------------------------------------------------------------------\||||||||||||||||||||||||||\----------------------------------------------------------------------------/     Use the ^ and v keys to select which entry is highlighted.          
      Press enter to boot the selected OS, `e' to edit the commands       
      before booting or `c' for a command-line.                             Purity 6.5.5 (202404130351+34e2b1e66ad3) with kernel 5.15.123+ (2024031915>
*Purity 6.5.8 (202408090136+b967c2f84655) with kernel 5.15.123+ (2024071402>
                                                                                                                                                                                                                                                                                                                                                                                                                                                                                                                                                                                                                                                                                                                                                                                                                                                                        The highlighted entry will be executed automatically in 3s.                    The highlighted entry will be executed automatically in 2s.                    The highlighted entry will be executed automatically in 1s.                    The highlighted entry will be executed automatically in 0s.                 
Purity

PCTFJ242901F1 login:  GNU GRUB  version 2.06

/----------------------------------------------------------------------------\||||||||||||||||||||||||||\----------------------------------------------------------------------------/     Use the ^ and v keys to select which entry is highlighted.          
      Press enter to boot the selected OS, `e' to edit the commands       
      before booting or `c' for a command-line.                             Purity 6.5.5 (202404130351+34e2b1e66ad3) with kernel 5.15.123+ (2024031915>
*Purity 6.5.8 (202408090136+b967c2f84655) with kernel 5.15.123+ (2024071402>
                                                                                                                                                                                                                                                                                                                                                                                                                                                                                                                                                                                                                                                                                                                                                                                                                                                                        The highlighted entry will be executed automatically in 3s.                    The highlighted entry will be executed automatically in 2s.                    The highlighted entry will be executed automatically in 1s.                    The highlighted entry will be executed automatically in 0s.                 
Purity

PCTFJ242901F1 login: puresetup
Password: 
<fw_update_tool>
===================================================================
=                            NOTICE                               =
===================================================================
=                                                                 =
=    Firmware is currently being checked and/or updated           =
=    on this controller.                                          =
=                                                                 =
=    If updates are necessary they will be applied automatically, =
=    and one or more automatic reboots may occur as a result.     =
=    A completion notice will be provided when done.              =
=                                                                 =
=    DO NOT RESTART OR REMOVE POWER WHILE UPDATE IS IN PROGRESS   =
=                                                                 =
===================================================================
<fw_update_tool>
Last login: Sat Feb 22 16:15:14 UTC 2025 on ttyS0

Sat Feb 22 16:33:32 2025
Welcome puresetup. This is Purity Version 6.5.8 on FlashArray PCTFJ242901F1
http://www.purestorage.com/
puresetup@PCTFJ242901F1:~$                                                                                
Broadcast message from root@PCTFJ242901F1 (somewhere) (Sat Feb 22 16:34:15 2025
                                                                               
===================================================================            
=                   UPDATE AND/OR CHECK COMPLETE                  =            
=                                                                 =            
=    The firmware checks/updates on this system are now complete. =            
=    No further action is required, and the controller will       =            
=    continue running as usual                                    =            
=                                                                 =            
===================================================================            
                                                                               
                                                                               

puresetup@PCTFJ242901F1:~$ puresetup replace  --from-controller FA-C40R3
##########################################
#   Welcome to the Purity Setup Wizard   #
##########################################
Controller hardware model is compatible with the controller purity version
[Errno 111] Connection refused
Local controller model is FA-C50R4.
Drive detected storage type is C.
FA-C40R3 found to be replaced by FA-C50R4 has storage type C.
Controller type supports multiple storage types, detecting type of storage installed...
Detected storage type C
Pre-existing storage type C was found on the device
Successfully configured storage type C for array controller
Check Cobalt NDU controllers.. OK
Check RDL..................... OK
Check shelf cabling........... OK
Check controller link......... OK
Check power supply............ OK
Check PCIE AER errors......... OK
Check io card pci id's........ OK
Check LOM MAC addresses....... OK
Getting local controller type. Local controller type is cobalt_a.
Getting local controller variant. Not a generic controller, Exiting.
Checking peer controller for tunables

Apply PURESETUP_COMPLETED = 1 #
 (y/n):y
Apply PURESETUP_COMPLETED = 1 #
 (y/n): y
Tunable parameter set: PURESETUP_COMPLETED=1

Apply PS_FILE_GATEWAY_ENABLED = 1 # ES-98270
 (y/n):y
Apply PS_FILE_GATEWAY_ENABLED = 1 # ES-98270
 (y/n): y
Tunable parameter set: PS_FILE_GATEWAY_ENABLED=1

Apply PS_DISABLE_ERADICATION = 1 # 01203873
 (y/n):y
Apply PS_DISABLE_ERADICATION = 1 # 01203873
 (y/n): y
Tunable parameter set: PS_DISABLE_ERADICATION=1

Apply PS_LOCK_PGROUP_SNAPSHOT_RETENTION = 1 # 01203873
 (y/n):y
Apply PS_LOCK_PGROUP_SNAPSHOT_RETENTION = 1 # 01203873
 (y/n): y
Tunable parameter set: PS_LOCK_PGROUP_SNAPSHOT_RETENTION=1

Apply PS_FILEGW_ALLOW_GLOBAL_CATALOG = 0 # Set during upgrade to 6.3.12 - CLOUD-
 (y/n):y
Apply PS_FILEGW_ALLOW_GLOBAL_CATALOG = 0 # Set during upgrade to 6.3.12 - CLOUD-
 (y/n): y
Tunable parameter set: PS_FILEGW_ALLOW_GLOBAL_CATALOG=0

Apply PS_FILEGW_SMB_HIDE_DOT_SNAPSHOT = 0 # Set during upgrade to 6.3.12 - CLOUD
 (y/n):y
Apply PS_FILEGW_SMB_HIDE_DOT_SNAPSHOT = 0 # Set during upgrade to 6.3.12 - CLOUD
 (y/n): y
Tunable parameter set: PS_FILEGW_SMB_HIDE_DOT_SNAPSHOT=0

Apply PS_FILEGW_ALLOW_NTLM_KERBEROS_MEMBERSHIP = 0 # Set during upgrade to 6.4.7
 (y/n):y
Apply PS_FILEGW_ALLOW_NTLM_KERBEROS_MEMBERSHIP = 0 # Set during upgrade to 6.4.7
 (y/n): y
Tunable parameter set: PS_FILEGW_ALLOW_NTLM_KERBEROS_MEMBERSHIP=0

Apply ATOM_5177 = DEF # CLOUD-113977
 (y/n):y
Apply ATOM_5177 = DEF # CLOUD-113977
 (y/n): y
Tunable parameter set: ATOM_5177=DEF

Apply ATOM_SECURITY_BUNDLE_FA_2024_01_15 = PCTFJ2126014B,PCTFJ212601AF,6.4.7 # C
 (y/n):y
Apply ATOM_SECURITY_BUNDLE_FA_2024_01_15 = PCTFJ2126014B,PCTFJ212601AF,6.4.7 # C
 (y/n): y
Tunable parameter set: ATOM_SECURITY_BUNDLE_FA_2024_01_15=PCTFJ2126014B,PCTFJ212601AF,6.4.7

Apply PS_AU_POSTFILL_TIMEOUT_SEC = 3600 # PURE-243573
 (y/n):y
Apply PS_AU_POSTFILL_TIMEOUT_SEC = 3600 # PURE-243573
 (y/n): y
Tunable parameter set: PS_AU_POSTFILL_TIMEOUT_SEC=3600

Apply PS_FILEGW_SMB_FILTER_MODE_DENY_ACES = 1 # Set during upgrade to 6.5.8 - CL
 (y/n):y
Apply PS_FILEGW_SMB_FILTER_MODE_DENY_ACES = 1 # Set during upgrade to 6.5.8 - CL
 (y/n): y
Tunable parameter set: PS_FILEGW_SMB_FILTER_MODE_DENY_ACES=1
Stopping purity to ensure tunables are properly loaded.
Press ENTER to reboot

Please run puresetup again after reboot.
[Errno 111] Connection refused
 GNU GRUB  version 2.06

/----------------------------------------------------------------------------\||||||||||||||||||||||||||\----------------------------------------------------------------------------/     Use the ^ and v keys to select which entry is highlighted.          
      Press enter to boot the selected OS, `e' to edit the commands       
      before booting or `c' for a command-line.                             Purity 6.5.5 (202404130351+34e2b1e66ad3) with kernel 5.15.123+ (2024031915>
*Purity 6.5.8 (202408090136+b967c2f84655) with kernel 5.15.123+ (2024071402>
                                                                                                                                                                                                                                                                                                                                                                                                                                                                                                                                                                                                                                                                                                                                                                                                                                                                        The highlighted entry will be executed automatically in 3s.                    The highlighted entry will be executed automatically in 2s.                    The highlighted entry will be executed automatically in 1s.                    The highlighted entry will be executed automatically in 0s.                 
Purity

PCTFJ242901F1 login: puresetup
Password: 
Last login: Sat Feb 22 16:33:32 UTC 2025 on ttyS0

Sat Feb 22 16:43:14 2025
Welcome puresetup. This is Purity Version 6.5.8 on FlashArray PCTFJ242901F1
http://www.purestorage.com/
puresetup@PCTFJ242901F1:~$ puresetup replace  --from-controller FA-C40R3
##########################################
#   Welcome to the Purity Setup Wizard   #
##########################################
Controller hardware model is compatible with the controller purity version
[Errno 111] Connection refused
Local controller model is FA-C50R4.
Drive detected storage type is C.
FA-C40R3 found to be replaced by FA-C50R4 has storage type C.
Controller type supports multiple storage types, detecting type of storage installed...
Detected storage type C
Pre-existing storage type C was found on the device
Successfully configured storage type C for array controller
Check Cobalt NDU controllers.. OK
Check RDL..................... OK
Check shelf cabling........... OK
Check controller link......... OK
Check power supply............ OK
Check PCIE AER errors......... OK
Check io card pci id's........ OK
Check LOM MAC addresses....... OK
Getting local controller type. Local controller type is cobalt_a.
Getting local controller variant. Not a generic controller, Exiting.
Checking peer controller for tunables
purity.service stablized: done
purity start/running
platform: ..done
foed: .done
gui: ....done
rest: done
platform_env: 0.done
quorum: ......done
foed_env: 1.1.1.1.1.1.1.1.1.1.1.1.0.done
foed_ready: done
remote_patch: done
driver: done
san: Skip waiting for san during HW NDU
[FA-C40R3.CT1.ETH1] does not need to be migrated since it has no configuration and is not a subinterface.
[FA-C40R3.CT1.ETH3] does not need to be migrated since it has no configuration and is not a subinterface.
Please move ports as shown below:
[FA-C40R3.CT1.ETH0] ====>> [FA-C50R4.CT1.ETH4](Slot: LOM)
[FA-C40R3.CT1.ETH2] ====>> [FA-C50R4.CT1.ETH2](Slot: LOM)
[FA-C40R3.CT1.ETH4] ====>> [FA-C50R4.CT1.ETH18](Slot:3)
[FA-C40R3.CT1.ETH5] ====>> [FA-C50R4.CT1.ETH19](Slot:3)

After the cables have been moved, type "CONTINUE": continue
Configuring network ports...
Perform ping test on port ETH18 ....... OK
Perform ping test on port ETH19 ....... OK
Perform ping test on port ETH4 ....... OK
Perform ping test on port ETH2 ....... FAIL
Ping test FAILED on ['eth2']
Ethernet port verification failed, please check port status.
Retry ping test? (y/n):nRetry ping test? (y/n): n
Continue puresetup without ethernet port verification? (y/n):yContinue puresetup without ethernet port verification? (y/n): y
Checking SAN connectivity.                                                                               
Broadcast message from root@PureDrCluster-ct1 (somewhere) (Sat Feb 22 16:50:27 
                                                                               
                                                                               
Purity//FA Information System Status                                           
====================================                                           
Purity//FA has successfully started for                                        
the first time after an install                                                
or upgrade. Purity//FA 6.5.8 (202408090136+b967c2f84655-65x)                   
is now set to be the default.                                                  
                                                                               
                                                                               
Broadcast message from root@PureDrCluster-ct1 (somewhere) (Sat Feb 22 16:50:27 
                                                                               
                                                                               
Purity//FA Information System Status                                           
====================================                                           
Purity//FA has successfully started for                                        
the first time after an install                                                
or upgrade. Purity//FA 6.5.8 (202408090136+b967c2f84655-65x)                   
is now set to be the default.                                                  
                                                                               

SAN is ready.
Waiting for Software Check:.Checking iobalance before proceeding, sampling for 30 seconds, retrying 1 times, adding 30 seconds with each retry
Try 1/2: Sampling I/O for 30 seconds
^C
Exit without saving changes.
CONFIG_TASK_COMPLETED:CONFIG_TASK_PURESETUP_EXITED
puresetup@PCTFJ242901F1:~$ pureetsetup timezone
##########################################
#   Welcome to the Purity Setup Wizard   #
##########################################
Name       Created                  Expires
puresetup  2025-02-22 16:50:43 UTC  2025-02-22 17:50:43 UTC
Changing the time zone will require a reboot on this controller.
Current time zone: Etc/UTC
Change time zone [requires reboot] (y/n):yChange time zone [requires reboot] (y/n): y
Configuring tzdata
------------------

Please select the geographic area in which you live. Subsequent configuration 
questions will narrow this down by presenting a list of cities, representing the
time zones in which they are located.

  1. Africa      4. Australia     7. Atlantic Ocean  10. Pacific Ocean
  2. America     5. Arctic Ocean  8. Europe          11. US
  3. Antarctica  6. Asia          9. Indian Ocean    12. None of the above

Geographic area: 11


Please select the city or region corresponding to your time zone.

  1. Alaska    4. Central  7. Starke County (Indiana)  10. Pacific Ocean
  2. Aleutian  5. Eastern  8. Michigan                 11. Samoa
  3. Arizona   6. Hawaii   9. Mountain

Time zone: 5



Current default time zone: 'US/Eastern'
Local time is now:      Sat Feb 22 11:50:47 EST 2025.
Universal Time is now:  Sat Feb 22 16:50:47 UTC 2025.

'/cache/timezone/localtime' -> '/usr/share/zoneinfo/US/Eastern'
Confirm time zone change from Etc/UTC to US/Eastern
(y/N):y(y/N): y
Press ENTER to reboot

This controller will be online after reboot.
CONFIG_TASK_COMPLETED:CONFIG_TASK_PURESETUP_EXITED
puresetup@PCTFJ242901F1:~$ 
     root@PureDrCluster-ct0:/var/home/pureeng# 
     root@PureDrCluster-ct0:/var/home/pureeng# purearray list --controller
Name  Type              Mode       Model     Version  Status  Internal Details
CT0   array_controller  primary    FA-C50R4  6.5.8    ready   
CT1   array_controller  secondary  FA-C50R4  6.5.8    ready   
     root@PureDrCluster-ct0:/var/home/pureeng# purearray list --controllerssh peerpurearray list --controlleriobalance --sampletime 30scsipureportlist=`pureport list --initiator | grep -v FC | awk -F' CT' '{print "CT"$2,$8}' | grep -v 'CT ' | awk -F '.ETH' '{print $1, $2}' | awk '{print $1, $5, $6}' | sort | uniq -c; echo`; iscsipureportlistcount=`echo "$iscsipureportlist" | awk '{total += $1} END {print total}'`; echo -e "$iscsipureportlist\n\n"; echo -e "\tTotal iSCSI connections: $iscsipureportlistcount\n\n";
     29 CT0 iqn.2010-06.com.purestorage:flasharray.1ad1e34ab4674a15 -
     64 CT1 iqn.2010-06.com.purestorage:flasharray.1ad1e34ab4674a15 -


Total iSCSI connections: 93


     root@PureDrCluster-ct0:/var/home/pureeng# ssh peer
Last login: Wed Aug 28 14:43:57 2024 from 10.125.0.1

Sat Feb 22 11:55:50 2025
Welcome root. This is Purity Version 6.5.8 on FlashArray PureDrCluster
http://www.purestorage.com/
     root@PureDrCluster-ct1:~# iscsipureportlist=`pureport list --initiator | grep -v FC | awk -F' CT' '{print "CT"$2,$8}' | grep -v 'CT ' | awk -F '.ETH' '{print $1, $2}' | awk '{print $1, $5, $6}' | sort | uniq -c; echo`; iscsipureportlistcount=`echo "$iscsipureportlist" | awk '{total += $1} END {print total}'`; echo -e "$iscsipureportlist\n\n"; echo -e "\tTotal iSCSI connections: $iscsipureportlistcount\n\n";
     29 CT0 iqn.2010-06.com.purestorage:flasharray.1ad1e34ab4674a15 -
     64 CT1 iqn.2010-06.com.purestorage:flasharray.1ad1e34ab4674a15 -


Total iSCSI connections: 93


     root@PureDrCluster-ct1:~# iobalance --sampletime 60
sampling host I/O for 60 seconds...
                                Host  CT0 I/O Count  CT1 I/O Count  
                               VMH01       58.00      110.00  ! unbalanced I/O
                               VMH02       35.00       56.00  ! unbalanced I/O
                               VMH03       26.00      128.00  ! unbalanced I/O
                               VMH04       44.00      156.00  ! unbalanced I/O
                               VMH05       36.00      148.00  ! unbalanced I/O
                               VMH11       26.00      306.00  ! unbalanced I/O
                               VMH12        4.00       29.00  ! unbalanced I/O
                               VMH13      169.00      687.00  ! unbalanced I/O
                               VMH14       22.00      134.00  ! unbalanced I/O
                               VMH15       80.00       3.49K  ! unbalanced I/O
                               VMH16      182.00       4.15K  ! unbalanced I/O
                               VMH17      172.00       2.26K  ! unbalanced I/O
                               VMH18      190.00       3.44K  ! unbalanced I/O
                               VMH19       2.69K      31.78K  ! unbalanced I/O
                               VMH20      376.00       7.14K  ! unbalanced I/O
                               VMH21       46.00        7.00  ! unbalanced I/O
                               VMH22       88.00       82.00  
                               VMH24      152.00      13.24K  ! unbalanced I/O
                               VMH26       32.00      166.00  ! unbalanced I/O
                               VMH27       35.00      287.00  ! unbalanced I/O
                               VMH28       62.00       32.00  ! unbalanced I/O
                              dvmh01       23.00       5.77K  ! unbalanced I/O
                              dvmh02      246.00       1.32K  ! unbalanced I/O
                              dvmh03      267.00      381.00  
                              dvmh04      197.00      770.00  ! unbalanced I/O
                              dvmh05      105.00      563.00  ! unbalanced I/O
                              dvmh06      125.00      251.00  ! unbalanced I/O
                              dvmh07      204.00      663.00  ! unbalanced I/O
wenonpvmh1-worthingtonenterprise-com        0.00     507.78K  ! no I/O to CT0
wenonpvmh2-worthingtonenterprise-com        0.00     101.92K  ! no I/O to CT0
wenonpvmh3-worthingtonenterprise-com        0.00      19.34K  ! no I/O to CT0
wenonpvmh4-worthingtonenterprise-com        0.00      68.33K  ! no I/O to CT0
                          weprdpvmh1        0.00       91.00  ! no I/O to CT0
                          weprdpvmh2        0.00      221.00  ! no I/O to CT0
                          weprdpvmh3        0.00       52.00  ! no I/O to CT0
                          weprdpvmh4        0.00      427.00  ! no I/O to CT0
                          weprdpvmh5        0.00       48.00  ! no I/O to CT0
                          weprdpvmh6        0.00      265.00  ! no I/O to CT0
                          weprdpvmh7        0.00      116.00  ! no I/O to CT0
                          weprdpvmh8        0.00      164.00  ! no I/O to CT0
     root@PureDrCluster-ct1:~# purearray list --controller
Name  Type              Mode       Model     Version  Status  Internal Details
CT0   array_controller  primary    FA-C50R4  6.5.8    ready   
CT1   array_controller  secondary  FA-C50R4  6.5.8    ready   
     root@PureDrCluster-ct1:~# exit
logout
     root@PureDrCluster-ct0:/var/home/pureeng# puredb run giveback --safe
     root@PureDrCluster-ct0:/var/home/pureeng# puredb run giveback --safessh peeriscsipureportlist=`pureport list --initiator | grep -v FC | awk -F' CT' '{print "CT"$2,$8}' | grep -v 'CT ' | awk -F '.ETH' '{print $1, $2}' | awk '{print $1, $5, $6}' | sort | uniq -c; echo`; iscsipureportlistcount=`echo "$iscsipureportlist" | awk '{total += $1} END {print total}'`; echo -e "$iscsipureportlist\n\n"; echo -e "\tTotal iSCSI connections: $iscsipureportlistcount\n\n";
     29 CT0 iqn.2010-06.com.purestorage:flasharray.1ad1e34ab4674a15 -
     64 CT1 iqn.2010-06.com.purestorage:flasharray.1ad1e34ab4674a15 -


Total iSCSI connections: 93


     root@PureDrCluster-ct0:/var/home/pureeng# purearray remotlist --controller
Name  Type              Mode       Model     Version  Status  Internal Details
CT0   array_controller  secondary  FA-C50R4  6.5.8    ready   
CT1   array_controller  primary    FA-C50R4  6.5.8    ready   
     root@PureDrCluster-ct0:/var/home/pureeng# purepurearray list --controlleriscsipureportlist=`pureport list --initiator | grep -v FC | awk -F' CT' '{print "CT"$2,$8}' | grep -v 'CT ' | awk -F '.ETH' '{print $1, $2}' | awk '{print $1, $5, $6}' | sort | uniq -c; echo`; iscsipureportlistcount=`echo "$iscsipureportlist" | awk '{total += $1} END {print total}'`; echo -e "$iscsipureportlist\n\n"; echo -e "\tTotal iSCSI connections: $iscsipureportlistcount\n\n";
      2 CT0 iqn.2010-06.com.purestorage:flasharray.1ad1e34ab4674a15 -
     64 CT1 iqn.2010-06.com.purestorage:flasharray.1ad1e34ab4674a15 -


Total iSCSI connections: 66


     root@PureDrCluster-ct0:/var/home/pureeng# iscsipureportlist=`pureport list --initiator | grep -v FC | awk -F' CT' '{print "CT"$2,$8}' | grep -v 'CT ' | awk -F '.ETH' '{print $1, $2}' | awk '{print $1, $5, $6}' | sort | uniq -c; echo`; iscsipureportlistcount=`echo "$iscsipureportlist" | awk '{total += $1} END {print total}'`; echo -e "$iscsipureportlist\n\n"; echo -e "\tTotal iSCSI connections: $iscsipureportlistcount\n\n";
      2 CT0 iqn.2010-06.com.purestorage:flasharray.1ad1e34ab4674a15 -
     64 CT1 iqn.2010-06.com.purestorage:flasharray.1ad1e34ab4674a15 -


Total iSCSI connections: 66


     root@PureDrCluster-ct0:/var/home/pureeng# iscsipureportlist=`pureport list --initiator | grep -v FC | awk -F' CT' '{print "CT"$2,$8}' | grep -v 'CT ' | awk -F '.ETH' '{print $1, $2}' | awk '{print $1, $5, $6}' | sort | uniq -c; echo`; iscsipureportlistcount=`echo "$iscsipureportlist" | awk '{total += $1} END {print total}'`; echo -e "$iscsipureportlist\n\n"; echo -e "\tTotal iSCSI connections: $iscsipureportlistcount\n\n";
      2 CT0 iqn.2010-06.com.purestorage:flasharray.1ad1e34ab4674a15 -
     64 CT1 iqn.2010-06.com.purestorage:flasharray.1ad1e34ab4674a15 -


Total iSCSI connections: 66


     root@PureDrCluster-ct0:/var/home/pureeng# iscsipureportlist=`pureport list --initiator | grep -v FC | awk -F' CT' '{print "CT"$2,$8}' | grep -v 'CT ' | awk -F '.ETH' '{print $1, $2}' | awk '{print $1, $5, $6}' | sort | uniq -c; echo`; iscsipureportlistcount=`echo "$iscsipureportlist" | awk '{total += $1} END {print total}'`; echo -e "$iscsipureportlist\n\n"; echo -e "\tTotal iSCSI connections: $iscsipureportlistcount\n\n";
     64 CT1 iqn.2010-06.com.purestorage:flasharray.1ad1e34ab4674a15 -


Total iSCSI connections: 64


     root@PureDrCluster-ct0:/var/home/pureeng# iscsipureportlist=`pureport list --initiator | grep -v FC | awk -F' CT' '{print "CT"$2,$8}' | grep -v 'CT ' | awk -F '.ETH' '{print $1, $2}' | awk '{print $1, $5, $6}' | sort | uniq -c; echo`; iscsipureportlistcount=`echo "$iscsipureportlist" | awk '{total += $1} END {print total}'`; echo -e "$iscsipureportlist\n\n"; echo -e "\tTotal iSCSI connections: $iscsipureportlistcount\n\n";
     64 CT1 iqn.2010-06.com.purestorage:flasharray.1ad1e34ab4674a15 -


Total iSCSI connections: 64


     root@PureDrCluster-ct0:/var/home/pureeng# iscsipureportlist=`pureport list --initiator | grep -v FC | awk -F' CT' '{print "CT"$2,$8}' | grep -v 'CT ' | awk -F '.ETH' '{print $1, $2}' | awk '{print $1, $5, $6}' | sort | uniq -c; echo`; iscsipureportlistcount=`echo "$iscsipureportlist" | awk '{total += $1} END {print total}'`; echo -e "$iscsipureportlist\n\n"; echo -e "\tTotal iSCSI connections: $iscsipureportlistcount\n\n";
     64 CT1 iqn.2010-06.com.purestorage:flasharray.1ad1e34ab4674a15 -


Total iSCSI connections: 64


     root@PureDrCluster-ct0:/var/home/pureeng# iscsipureportlist=`pureport list --initiator | grep -v FC | awk -F' CT' '{print "CT"$2,$8}' | grep -v 'CT ' | awk -F '.ETH' '{print $1, $2}' | awk '{print $1, $5, $6}' | sort | uniq -c; echo`; iscsipureportlistcount=`echo "$iscsipureportlist" | awk '{total += $1} END {print total}'`; echo -e "$iscsipureportlist\n\n"; echo -e "\tTotal iSCSI connections: $iscsipureportlistcount\n\n";
     29 CT0 iqn.2010-06.com.purestorage:flasharray.1ad1e34ab4674a15 -
     64 CT1 iqn.2010-06.com.purestorage:flasharray.1ad1e34ab4674a15 -


Total iSCSI connections: 93


     root@PureDrCluster-ct0:/var/home/pureeng# purearray list --cotnrtoller
usage: purearray [-h]
                 {activate,authorize,connect,default-protection,diagnose,disable,disconnect,enable,encryption,eradication-config,erase,eula,factory-reset-token,list,monitor,phonehome,remoteassist,rename,replace,report,setattr,suspend,tag,test,throttle,untag}
                 ...
purearray: error: unrecognized arguments: --conrtoller
     root@PureDrCluster-ct0:/var/home/pureeng# purearray list --controller
Name  Type              Mode     Model     Version  Status   Internal Details
CT0   array_controller  primary  FA-C50R4  6.5.8    ready    
CT1   array_controller  offline  -         -        unknown  
     root@PureDrCluster-ct0:/var/home/pureeng# purearray list --controllerrtolleriscsipureportlist=`pureport list --initiator | grep -v FC | awk -F' CT' '{print "CT"$2,$8}' | grep -v 'CT ' | awk -F '.ETH' '{print $1, $2}' | awk '{print $1, $5, $6}' | sort | uniq -c; echo`; iscsipureportlistcount=`echo "$iscsipureportlist" | awk '{total += $1} END {print total}'`; echo -e "$iscsipureportlist\n\n"; echo -e "\tTotal iSCSI connections: $iscsipureportlistcount\n\n";
     29 CT0 iqn.2010-06.com.purestorage:flasharray.1ad1e34ab4674a15 -


Total iSCSI connections: 29


     root@PureDrCluster-ct0:/var/home/pureeng# iscsipureportlist=`pureport list --initiator | grep -v FC | awk -F' CT' '{print "CT"$2,$8}' | grep -v 'CT ' | awk -F '.ETH' '{print $1, $2}' | awk '{print $1, $5, $6}' | sort | uniq -c; echo`; iscsipureportlistcount=`echo "$iscsipureportlist" | awk '{total += $1} END {print total}'`; echo -e "$iscsipureportlist\n\n"; echo -e "\tTotal iSCSI connections: $iscsipureportlistcount\n\n";     root@PureDrCluster-ct0:/var/home/pureeng# purearray list --controller




iscsipureportlist=`pureport list --initiator | grep -v FC | awk -F' CT' '{print "CT"$2,$8}' | grep -v 'CT ' | awk -F '.ETH' '{print $1, $2}' | awk '{print $1, $5, $6}' | sort | uniq -c; echo`; iscsipureportlistcount=`echo "$iscsipureportlist" | awk '{total += $1} END {print total}'`; echo -e "$iscsipureportlist\n\n"; echo -e "\tTotal iSCSI connections: $iscsipureportlistcount\n\n";
     29 CT0 iqn.2010-06.com.purestorage:flasharray.1ad1e34ab4674a15 -


Total iSCSI connections: 29


     root@PureDrCluster-ct0:/var/home/pureeng# iscsipureportlist=`pureport list --initiator | grep -v FC | awk -F' CT' '{print "CT"$2,$8}' | grep -v 'CT ' | awk -F '.ETH' '{print $1, $2}' | awk '{print $1, $5, $6}' | sort | uniq -c; echo`; iscsipureportlistcount=`echo "$iscsipureportlist" | awk '{total += $1} END {print total}'`; echo -e "$iscsipureportlist\n\n"; echo -e "\tTotal iSCSI connections: $iscsipureportlistcount\n\n";     root@PureDrCluster-ct0:/var/home/pureeng# purearray list --controller





Name  Type              Mode     Model     Version  Status   Internal Details
CT0   array_controller  primary  FA-C50R4  6.5.8    ready    
CT1   array_controller  offline  -         -        unknown  
     root@PureDrCluster-ct0:/var/home/pureeng# purearray list --controller
Name  Type              Mode     Model     Version  Status   Internal Details
CT0   array_controller  primary  FA-C50R4  6.5.8    ready    
CT1   array_controller  offline  -         -        unknown  
     root@PureDrCluster-ct0:/var/home/pureeng# purearray list --controller
Name  Type              Mode     Model     Version  Status   Internal Details
CT0   array_controller  primary  FA-C50R4  6.5.8    ready    
CT1   array_controller  offline  -         -        unknown  
     root@PureDrCluster-ct0:/var/home/pureeng# purearray list --controller
Name  Type              Mode     Model     Version  Status   Internal Details
CT0   array_controller  primary  FA-C50R4  6.5.8    ready    
CT1   array_controller  offline  -         -        unknown  
     root@PureDrCluster-ct0:/var/home/pureeng# purearray list --controller
Name  Type              Mode     Model     Version  Status   Internal Details
CT0   array_controller  primary  FA-C50R4  6.5.8    ready    
CT1   array_controller  offline  -         -        unknown  
     root@PureDrCluster-ct0:/var/home/pureeng# purearray list --controller
Name  Type              Mode     Model     Version  Status   Internal Details
CT0   array_controller  primary  FA-C50R4  6.5.8    ready    
CT1   array_controller  offline  -         -        unknown  
     root@PureDrCluster-ct0:/var/home/pureeng# purearray list --controller
Name  Type              Mode     Model     Version  Status   Internal Details
CT0   array_controller  primary  FA-C50R4  6.5.8    ready    
CT1   array_controller  offline  -         -        unknown  
     root@PureDrCluster-ct0:/var/home/pureeng# purearray list --controller
Name  Type              Mode     Model     Version  Status   Internal Details
CT0   array_controller  primary  FA-C50R4  6.5.8    ready    
CT1   array_controller  offline  -         -        unknown  
     root@PureDrCluster-ct0:/var/home/pureeng# purearray list --controller
Name  Type              Mode     Model     Version  Status   Internal Details
CT0   array_controller  primary  FA-C50R4  6.5.8    ready    
CT1   array_controller  offline  -         -        unknown  
     root@PureDrCluster-ct0:/var/home/pureeng# purearray list --controller
Name  Type              Mode     Model     Version  Status   Internal Details
CT0   array_controller  primary  FA-C50R4  6.5.8    ready    
CT1   array_controller  offline  -         -        unknown  
     root@PureDrCluster-ct0:/var/home/pureeng# purearray list --controller
Name  Type              Mode     Model     Version  Status   Internal Details
CT0   array_controller  primary  FA-C50R4  6.5.8    ready    
CT1   array_controller  offline  -         -        unknown  
     root@PureDrCluster-ct0:/var/home/pureeng# purearray list --controller
Name  Type              Mode     Model     Version  Status   Internal Details
CT0   array_controller  primary  FA-C50R4  6.5.8    ready    
CT1   array_controller  offline  -         -        unknown  
     root@PureDrCluster-ct0:/var/home/pureeng# purearray list --controller
Name  Type              Mode     Model     Version  Status   Internal Details
CT0   array_controller  primary  FA-C50R4  6.5.8    ready    
CT1   array_controller  offline  -         -        unknown  
     root@PureDrCluster-ct0:/var/home/pureeng# purearray list --controller
Name  Type              Mode     Model     Version  Status   Internal Details
CT0   array_controller  primary  FA-C50R4  6.5.8    ready    
CT1   array_controller  offline  -         -        unknown  
     root@PureDrCluster-ct0:/var/home/pureeng# purearray list --controller
Name  Type              Mode     Model     Version  Status   Internal Details
CT0   array_controller  primary  FA-C50R4  6.5.8    ready    
CT1   array_controller  offline  -         -        unknown  
     root@PureDrCluster-ct0:/var/home/pureeng# purearray list --controller
Name  Type              Mode       Model     Version  Status  Internal Details
CT0   array_controller  primary    FA-C50R4  6.5.8    ready   
CT1   array_controller  secondary  FA-C50R4  6.5.8    ready   
     root@PureDrCluster-ct0:/var/home/pureeng# iscsipureportlist=`pureport list --initiator | grep -v FC | awk -F' CT' '{print "CT"$2,$8}' | grep -v 'CT ' | awk -F '.ETH' '{print $1, $2}' | awk '{print $1, $5, $6}' | sort | uniq -c; echo`;  iscsipureportlistcount=`echo "$iscsipureportlist" | awk '{total += $1} END {print total}'`; echo -e "$iscsipureportlist\n\n"; echo -e "\tTotal iSCSI connections: $iscsipureportlistcount\n\n";
     29 CT0 iqn.2010-06.com.purestorage:flasharray.1ad1e34ab4674a15 -
     64 CT1 iqn.2010-06.com.purestorage:flasharray.1ad1e34ab4674a15 -


Total iSCSI connections: 93


     root@PureDrCluster-ct0:/var/home/pureeng# iscsipureportlist=`pureport list --initiator | grep -v FC | awk -F' CT' '{print "CT"$2,$8}' | grep -v 'CT ' | awk -F '.ETH' '{print $1, $2}' | awk '{print $1, $5, $6}' | sort | uniq -c; echo`; iscsipureportlistcount=`echo "$iscsipureportlist" | awk '{total += $1} END {print total}'`; echo -e "$iscsipureportlist\n\n"; echo -e "\tTotal iSCSI connections: $iscsipureportlistcount\n\n";
     29 CT0 iqn.2010-06.com.purestorage:flasharray.1ad1e34ab4674a15 -
     64 CT1 iqn.2010-06.com.purestorage:flasharray.1ad1e34ab4674a15 -


Total iSCSI connections: 93


     root@PureDrCluster-ct0:/var/home/pureeng# iscsipureportlist=`pureport list --initiator | grep -v FC | awk -F' CT' '{print "CT"$2,$8}' | grep -v 'CT ' | awk -F '.ETH' '{print $1, $2}' | awk '{print $1, $5, $6}' | sort | uniq -c; echo`; iscsipureportlistcount=`echo "$iscsipureportlist" | awk '{total += $1} END {print total}'`; echo -e "$iscsipureportlist\n\n"; echo -e "\tTotal iSCSI connections: $iscsipureportlistcount\n\n";
     29 CT0 iqn.2010-06.com.purestorage:flasharray.1ad1e34ab4674a15 -
     64 CT1 iqn.2010-06.com.purestorage:flasharray.1ad1e34ab4674a15 -


Total iSCSI connections: 93


     root@PureDrCluster-ct0:/var/home/pureeng# iscsipureportlist=`pureport list --initiator | grep -v FC | awk -F' CT' '{print "CT"$2,$8}' | grep -v 'CT ' | awk -F '.ETH' '{print $1, $2}' | awk '{print $1, $5, $6}' | sort | uniq -c; echo`; iscsipureportlistcount=`echo "$iscsipureportlist" | awk '{total += $1} END {print total}'`; echo -e "$iscsipureportlist\n\n"; echo -e "\tTotal iSCSI connections: $iscsipureportlistcount\n\n";
     29 CT0 iqn.2010-06.com.purestorage:flasharray.1ad1e34ab4674a15 -
     64 CT1 iqn.2010-06.com.purestorage:flasharray.1ad1e34ab4674a15 -


Total iSCSI connections: 93


     root@PureDrCluster-ct0:/var/home/pureeng# iscsipureportlist=`pureport list --initiator | grep -v FC | awk -F' CT' '{print "CT"$2,$8}' | grep -v 'CT ' | awk -F '.ETH' '{print $1, $2}' | awk '{print $1, $5, $6}' | sort | uniq -c; echo`; iscsipureportlistcount=`echo "$iscsipureportlist" | awk '{total += $1} END {print total}'`; echo -e "$iscsipureportlist\n\n"; echo -e "\tTotal iSCSI connections: $iscsipureportlistcount\n\n";
     64 CT0 iqn.2010-06.com.purestorage:flasharray.1ad1e34ab4674a15 -
     64 CT1 iqn.2010-06.com.purestorage:flasharray.1ad1e34ab4674a15 -


Total iSCSI connections: 128


     root@PureDrCluster-ct0:/var/home/pureeng# iobalance --sampletime 30
sampling host I/O for 30 seconds...
                                Host  CT0 I/O Count  CT1 I/O Count  
                               VMH01       27.00      123.00  ! unbalanced I/O
                               VMH02       91.00       51.00  ! unbalanced I/O
                               VMH03       48.00      106.00  ! unbalanced I/O
                               VMH04       47.00       85.00  ! unbalanced I/O
                               VMH05        8.00      128.00  ! unbalanced I/O
                               VMH11       35.00      101.00  ! unbalanced I/O
                               VMH12        7.00       77.00  ! unbalanced I/O
                               VMH13       51.00      382.00  ! unbalanced I/O
                               VMH14      104.00       98.00  
                               VMH15       1.35K      849.00  ! unbalanced I/O
                               VMH16       1.30K       1.73K  
                               VMH17       1.18K       1.39K  
                               VMH18       1.38K       1.15K  
                               VMH19      11.39K      931.00  ! unbalanced I/O
                               VMH20       2.25K       2.03K  
                               VMH21       14.00        5.00  
                               VMH22       17.00      105.00  ! unbalanced I/O
                               VMH24       1.15K       2.80K  ! unbalanced I/O
                               VMH26       60.00       80.00  
                               VMH27       34.00       96.00  ! unbalanced I/O
                               VMH28       33.00       45.00  
                              dvmh01       1.05K       1.53K  
                              dvmh02      240.00      658.00  ! unbalanced I/O
                              dvmh03      273.00       69.00  ! unbalanced I/O
                              dvmh04      379.00      629.00  ! unbalanced I/O
                              dvmh05      190.00      296.00  ! unbalanced I/O
                              dvmh06        9.00       20.00  
                              dvmh07      254.00      141.00  ! unbalanced I/O
wenonpvmh1-worthingtonenterprise-com      15.32K       1.50K  ! unbalanced I/O
wenonpvmh2-worthingtonenterprise-com      217.00        8.00  ! unbalanced I/O
wenonpvmh3-worthingtonenterprise-com       3.79K       1.70K  ! unbalanced I/O
wenonpvmh4-worthingtonenterprise-com      155.00        6.00  ! unbalanced I/O
                          weprdpvmh1       98.00        0.00  ! no I/O to CT1
                          weprdpvmh2       97.00        0.00  ! no I/O to CT1
                          weprdpvmh3       2.99K       96.00  ! unbalanced I/O
                          weprdpvmh4      152.00        0.00  ! no I/O to CT1
                          weprdpvmh5       48.00        0.00  ! no I/O to CT1
                          weprdpvmh6      26.10K      28.42K  
                          weprdpvmh7      270.00        1.00  ! unbalanced I/O
                          weprdpvmh8      131.00        0.00  ! no I/O to CT1
     root@PureDrCluster-ct0:/var/home/pureeng# iobalance --sampletime 30scsipureportlist=`pureport list --initiator | grep -v FC | awk -F' CT' '{print "CT"$2,$8}' | grep -v 'CT ' | awk -F '.ETH' '{print $1, $2}' | awk '{print $1, $5, $6}' | sort | uniq -c; echo`; iscsipureportlistcount=`echo "$iscsipureportlist" | awk '{total += $1} END {print total}'`; echo -e "$iscsipureportlist\n\n"; echo -e "\tTotal iSCSI connections: $iscsipureportlistcount\n\n";
     64 CT0 iqn.2010-06.com.purestorage:flasharray.1ad1e34ab4674a15 -
     64 CT1 iqn.2010-06.com.purestorage:flasharray.1ad1e34ab4674a15 -


Total iSCSI connections: 128


     root@PureDrCluster-ct0:/var/home/pureeng# ssh peer
Last login: Sat Feb 22 11:55:50 2025 from fe80::26a9:37ff:fe61:d473%haeth0

Sat Feb 22 12:13:43 2025
Welcome root. This is Purity Version 6.5.8 on FlashArray PureDrCluster
http://www.purestorage.com/
     root@PureDrCluster-ct1:~# exit
logout
     root@PureDrCluster-ct0:/var/home/pureeng# 
PureDrCluster-ct1 login: 
     root@PureDrCluster-ct0:/var/home/pureeng# pureadm status
Process status:
purity start/running
lio-drv start/running
foed start/running, process 148291
platform start/running, process 6560
gui start/running, process 6522
rest start/running, process 8432
monitor start/running, process 6543
iostat start/running, process 12880
statistics start/running, process 6581
middleware start/running, process 148824
vasa start/running, process 148686
filegw start/running, process 175276
platform working
pfoed working
gui working
uplatform_env working
quorum working
foed_env working
foed_ready working
remote_patch working
driver working
san working
health working
lio-drv working
middleware-db working
middleware working
vasa working
middleware-file working
     root@PureDrCluster-ct0:/var/home/pureeng# puremessage lis t--opent --open
ID       Time                     Severity  Category  Code  Component    Name                Event                                                           Expected  Actual  Details
3226568  2024-05-15 05:50:17 EDT  warning   array     214   file system  SMB_File_System_dr  Missing email addresses for quota notifications user or group.  -         -       
4569630  2025-02-22 09:46:26 EST  warning   array     42    hardware     ct0.eth19           failure                                                         -         -       
     root@PureDrCluster-ct0:/var/home/pureeng# puremessage list --openadm statusssh peeriscsipureportlist=`pureport list --initiator | grep -v FC | awk -F' CT' '{print "CT"$2,$8}' | grep -v 'CT ' | awk -F '.ETH' '{print $1, $2}' | awk '{print $1, $5, $6}' | sort | uniq -c; echo`; iscsipureportlistcount=`echo "$iscsipureportlist" | awk '{total += $1} END {print total}'`; echo -e "$iscsipureportlist\n\n"; echo -e "\tTotal iSCSI connections: $iscsipureportlistcount\n\n";
     64 CT0 iqn.2010-06.com.purestorage:flasharray.1ad1e34ab4674a15 -
     64 CT1 iqn.2010-06.com.purestorage:flasharray.1ad1e34ab4674a15 -


Total iSCSI connections: 128


     root@PureDrCluster-ct0:/var/home/pureeng# iscsipureportlist=`pureport list --initiator | grep -v FC | awk -F' CT' '{print "CT"$2,$8}' | grep -v 'CT ' | awk -F '.ETH' '{print $1, $2}' | awk '{print $1, $5, $6}' | sort | uniq -c; echo`; iscsipureportlistcount=`echo "$iscsipureportlist" | awk '{total += $1} END {print total}'`; echo -e "$iscsipureportlist\n\n"; echo -e "\tTotal iSCSI connections: $iscsipureportlistcount\n\n";
     64 CT0 iqn.2010-06.com.purestorage:flasharray.1ad1e34ab4674a15 -
     64 CT1 iqn.2010-06.com.purestorage:flasharray.1ad1e34ab4674a15 -


Total iSCSI connections: 128


     root@PureDrCluster-ct0:/var/home/pureeng# pureennetwork eth list
Name       Enabled  Type      Subnet  Address       Mask           Gateway      MTU   MAC                Speed        Services     Subinterfaces
ct0.eth0   False    physical  -       -             -              -            1500  24:a9:37:61:d4:74  100.00 Gb/s  -            -
ct0.eth1   False    physical  -       -             -              -            1500  24:a9:37:61:d4:75  100.00 Gb/s  -            -
ct0.eth2   True     physical  -       10.195.6.30   255.255.255.0  10.195.6.1   9000  24:a9:37:61:d4:76  25.00 Gb/s   replication  -
ct0.eth3   False    physical  -       -             -              -            1500  24:a9:37:61:d4:77  25.00 Gb/s   replication  -
ct0.eth4   True     physical  -       10.195.4.51   255.255.255.0  10.195.4.1   1500  24:a9:37:61:d4:78  1.00 Gb/s    management   -
ct0.eth5   False    physical  -       -             -              -            1500  24:a9:37:61:d4:79  1.00 Gb/s    management   -
ct0.eth18  True     physical  -       10.195.5.31   255.255.255.0  10.195.5.1   1500  a0:88:c2:7e:82:c9  25.00 Gb/s   iscsi        -
ct0.eth19  True     physical  -       10.224.11.11  255.255.255.0  10.224.11.1  1500  a0:88:c2:7e:82:c8  25.00 Gb/s   iscsi        -
ct0.eth20  False    physical  -       -             -              -            1500  a0:88:c2:7e:82:c7  25.00 Gb/s   iscsi        -
ct0.eth21  False    physical  -       -             -              -            1500  a0:88:c2:7e:82:c6  25.00 Gb/s   iscsi        -
ct1.eth0   False    physical  -       -             -              -            1500  24:a9:37:61:80:fc  100.00 Gb/s  -            -
ct1.eth1   False    physical  -       -             -              -            1500  24:a9:37:61:80:fd  100.00 Gb/s  -            -
ct1.eth2   True     physical  -       10.195.6.31   255.255.255.0  10.195.6.1   9000  24:a9:37:61:80:fe  25.00 Gb/s   replication  -
ct1.eth3   False    physical  -       -             -              -            1500  24:a9:37:61:80:ff  25.00 Gb/s   replication  -
ct1.eth4   True     physical  -       10.195.4.52   255.255.255.0  10.195.4.1   1500  24:a9:37:61:81:00  1.00 Gb/s    management   -
ct1.eth5   False    physical  -       -             -              -            1500  24:a9:37:61:81:01  1.00 Gb/s    management   -
ct1.eth18  True     physical  -       10.195.5.33   255.255.255.0  10.195.5.1   1500  a0:88:c2:7e:90:19  25.00 Gb/s   iscsi        -
ct1.eth19  True     physical  -       10.224.11.14  255.255.255.0  10.224.11.1  1500  a0:88:c2:7e:90:18  25.00 Gb/s   iscsi        -
ct1.eth20  False    physical  -       -             -              -            1500  a0:88:c2:7e:90:17  25.00 Gb/s   iscsi        -
ct1.eth21  False    physical  -       -             -              -            1500  a0:88:c2:7e:90:16  25.00 Gb/s   iscsi        -
filevip    True     vif       -       10.195.5.36   255.255.255.0  10.195.5.1   1500  b6:4d:df:a0:29:e9  25.00 Gb/s   file         ct0.eth18
                                                                                                                                   ct1.eth18
                                                                                                                                   ct0.eth19
                                                                                                                                   ct1.eth19
replbond   False    bond      -       -             -              -            1500  ea:4b:18:06:6e:87  0.00 b/s     replication  -
vir4       True     vif       -       10.195.4.50   255.255.255.0  10.195.4.1   1500  ea:a1:88:4f:b3:7d  1.00 Gb/s    management   -
vir5       False    vif       -       -             -              -            1500  92:b2:53:fd:af:6f  1.00 Gb/s    management   -
     root@PureDrCluster-ct0:/var/home/pureeng# purenetowrk lwork list
Name       Enabled  Speed        Services
ct0.eth0   False    100.00 Gb/s  -
ct0.eth1   False    100.00 Gb/s  -
ct0.eth2   True     25.00 Gb/s   replication
ct0.eth3   False    25.00 Gb/s   replication
ct0.eth4   True     1.00 Gb/s    management
ct0.eth5   False    1.00 Gb/s    management
ct0.eth18  True     25.00 Gb/s   iscsi
ct0.eth19  True     25.00 Gb/s   iscsi
ct0.eth20  False    25.00 Gb/s   iscsi
ct0.eth21  False    25.00 Gb/s   iscsi
ct1.eth0   False    100.00 Gb/s  -
ct1.eth1   False    100.00 Gb/s  -
ct1.eth2   True     25.00 Gb/s   replication
ct1.eth3   False    25.00 Gb/s   replication
ct1.eth4   True     1.00 Gb/s    management
ct1.eth5   False    1.00 Gb/s    management
ct1.eth18  True     25.00 Gb/s   iscsi
ct1.eth19  True     25.00 Gb/s   iscsi
ct1.eth20  False    25.00 Gb/s   iscsi
ct1.eth21  False    25.00 Gb/s   iscsi
filevip    True     25.00 Gb/s   file
replbond   False    0.00 b/s     replication
vir4       True     1.00 Gb/s    management
vir5       False    1.00 Gb/s    management
     root@PureDrCluster-ct0:/var/home/pureeng# puremessage list --open --hidden
ID       Time                     Severity  Category  Code  Component    Name                Event                                                           Expected  Actual  Details
3226568  2024-05-15 05:50:17 EDT  warning   array     214   file system  SMB_File_System_dr  Missing email addresses for quota notifications user or group.  -         -       
4569630  2025-02-22 09:46:26 EST  warning   array     42    hardware     ct0.eth19           failure                                                         -         -       
     root@PureDrCluster-ct0:/var/home/pureeng# puremessage list --open --hidden
ID       Time                     Severity  Category  Code  Component    Name                Event                                                           Expected  Actual  Details
3226568  2024-05-15 05:50:17 EDT  warning   array     214   file system  SMB_File_System_dr  Missing email addresses for quota notifications user or group.  -         -       
     root@PureDrCluster-ct0:/var/home/pureeng# exit
exit
pureeng@PureDrCluster-ct0:~$ exit
logout

PureDrCluster-ct0 login: =~=~=~=~=~=~=~=~=~=~=~= PuTTY log 2025.02.22 12:36:29 =~=~=~=~=~=~=~=~=~=~=~=

PureCorpCluster-ct0 login: pureeng
1) Authenticate via CloudAssist
2) Authenticate via command line
3) Restore challenge
Type the number corresponding to the authentication method you want to use.

Selection: 1

An email for identity verification will be sent once email is entered.
Please follow the authentication instructions provided there and return to this screen when finished or if email has not been received.


Enter an email address: fharris@purestorage.com
Successfully authenticated
Last login: Mon Sep 27 10:33:12 EDT 2021 on ttyS0

Sat Feb 22 12:37:16 2025
Welcome pureeng. This is Purity Version 6.5.8 on FlashArray PureCorpCluster
http://www.purestorage.com/
pureeng@PureCorpCluster-ct0:~$ 
pureeng@PureCorpCluster-ct0:~$ pureararay list --cotrollntroller
Name  Type              Mode       Model     Version  Status  Internal Details
CT0   array_controller  primary    FA-X50R3  6.5.8    ready   
CT1   array_controller  secondary  FA-X50R3  6.5.8    ready   
pureeng@PureCorpCluster-ct0:~$ purealert tag --timeout 240m --maintenance
Name         Created                  Expires
maintenance  2025-02-22 12:40:06 EST  2025-02-22 16:40:06 EST
pureeng@PureCorpCluster-ct0:~$ iscsipureportlist=`pureport list --initiator | grep -v FC | awk -F' CT' '{print "CT"$2,$8}' | grep -v 'CT ' | awk -F '.ETH' '{pri nt $1, $2}' | awk '{print $1, $5, $6}' | sort | uniq -c; echo`; iscsipureportlistcount=`echo "$iscsipureportlist" | awk '{total += $1} END {print total}'`; echo -e "$iscsipureportlist\n\n"; echo -e "\tTotal iSCSI connections: $iscsipureportlistcount\n\n";
     96 CT0 iqn.2010-06.com.purestorage:flasharray.215372f60ffe37c0 -
     96 CT1 iqn.2010-06.com.purestorage:flasharray.215372f60ffe37c0 -


Total iSCSI connections: 192


pureeng@PureCorpCluster-ct0:~$ iobalance --samlpletime 30
sampling host I/O for 30 seconds...
                Host  CT0 I/O Count  CT1 I/O Count  
               VMH01      565.00      485.00  
               VMH02      204.00      245.00  
               VMH03      445.00      471.00  
               VMH04      385.00      360.00  
               VMH05      310.00      320.00  
               VMH11      431.00      463.00  
               VMH12       95.00       85.00  
               VMH13      369.00      396.00  
               VMH14      341.00      276.00  
               VMH15      440.00      363.00  
               VMH16      338.00      311.00  
               VMH17       58.00       67.00  
               VMH18       1.05K       1.06K  
               VMH19      224.00      332.00  
               VMH20      134.00      119.00  
               VMH21       36.00       40.00  
               VMH22      299.00      406.00  
               VMH24      131.00      134.00  
               VMH26      318.00      279.00  
               VMH27      193.00      200.00  
               VMH28       87.00       32.00  ! unbalanced I/O
          weprdpvmh1       2.77K       2.65K  
          weprdpvmh2       4.30K       5.15K  
          weprdpvmh3       4.31K       3.66K  
          weprdpvmh4      393.00       85.00  ! unbalanced I/O
          weprdpvmh5      24.45K      37.44K  ! unbalanced I/O
          weprdpvmh6       6.10K       7.10K  
          weprdpvmh7       1.55K       3.02K  ! unbalanced I/O
          weprdpvmh8       3.83K       3.62K  
pureeng@PureCorpCluster-ct0:~$ puredb run giveback --safe
pureeng@PureCorpCluster-ct0:~$ preapuredb run giveback --safeiobalance --sampletime 30scsipureportlist=`pureport list --initiator | grep -v FC | awk -F' CT' '{print "CT"$2,$8}' | grep -v 'CT ' | awk -F '.ETH' '{print $1, $2}' | awk '{print $1, $5, $6}' | sort | uniq -c; echo`; iscsipureportlistcount=`echo "$iscsipureportlist" | awk '{total += $1} END {print total}'`; echo -e "$iscsipureportlist\n\n"; echo -e "\tTotal iSCSI connections: $iscsipureportlistcount\n\n";purealert tag --timeout 240m --maintenance




rray list --controller
Name  Type              Mode       Model     Version  Status  Internal Details
CT0   array_controller  secondary  FA-X50R3  6.5.8    ready   
CT1   array_controller  primary    FA-X50R3  6.5.8    ready   
pureeng@PureCorpCluster-ct0:~$ purearray list --controllerdb run giveback --safeiobalance --sampletime 30scsipureportlist=`pureport list --initiator | grep -v FC | awk -F' CT' '{print "CT"$2,$8}' | grep -v 'CT ' | awk -F '.ETH' '{print $1, $2}' | awk '{print $1, $5, $6}' | sort | uniq -c; echo`; iscsipureportlistcount=`echo "$iscsipureportlist" | awk '{total += $1} END {print total}'`; echo -e "$iscsipureportlist\n\n"; echo -e "\tTotal iSCSI connections: $iscsipureportlistcount\n\n";
     96 CT0 iqn.2010-06.com.purestorage:flasharray.215372f60ffe37c0 -
     96 CT1 iqn.2010-06.com.purestorage:flasharray.215372f60ffe37c0 -


Total iSCSI connections: 192


pureeng@PureCorpCluster-ct0:~$ iscsipureportlist=`pureport list --initiator | grep -v FC | awk -F' CT' '{print "CT"$2,$8}' | grep -v 'CT ' | awk -F '.ETH' '{print $1, $2}' | awk '{print $1, $5, $6}' | sort | uniq -c; echo`; iscsipureportlistcount=`echo "$iscsipureportlist" | awk '{total += $1} END {print total}'`; echo -e "$iscsipureportlist\n\n"; echo -e "\tTotal iSCSI connections: $iscsipureportlistcount\n\n";purearray list --controller




db run giveback --safeiobalance --sampletime 30
sampling host I/O for 30 seconds...
                Host  CT0 I/O Count  CT1 I/O Count  
               VMH01      234.00      585.00  ! unbalanced I/O
               VMH02      191.00      267.00  
               VMH03      159.00      634.00  ! unbalanced I/O
               VMH04       99.00      739.00  ! unbalanced I/O
               VMH05      379.00      399.00  
               VMH11      371.00      726.00  ! unbalanced I/O
               VMH12      177.00      347.00  ! unbalanced I/O
               VMH13      264.00      679.00  ! unbalanced I/O
               VMH14      812.00       1.32K  ! unbalanced I/O
               VMH15      385.00      576.00  
               VMH16      103.00      727.00  ! unbalanced I/O
               VMH17      145.00      280.00  ! unbalanced I/O
               VMH18      185.00      608.00  ! unbalanced I/O
               VMH19      293.00      386.00  
               VMH20      194.00      430.00  ! unbalanced I/O
               VMH21      113.00      210.00  ! unbalanced I/O
               VMH22      561.00      626.00  
               VMH24      193.00      309.00  ! unbalanced I/O
               VMH26      483.00      576.00  
               VMH27      205.00      196.00  
               VMH28      114.00      224.00  ! unbalanced I/O
          weprdpvmh1       3.33K      388.00  ! unbalanced I/O
          weprdpvmh2       5.16K       2.80K  ! unbalanced I/O
          weprdpvmh3       4.25K       5.58K  
          weprdpvmh4       42.00      380.00  ! unbalanced I/O
          weprdpvmh5      26.23K      30.75K  
          weprdpvmh6       3.76K       1.26K  ! unbalanced I/O
          weprdpvmh7       4.84K       5.37K  
          weprdpvmh8       2.15K       6.84K  ! unbalanced I/O
pureeng@PureCorpCluster-ct0:~$ purearray list --controller
Name  Type              Mode       Model     Version  Status  Internal Details
CT0   array_controller  secondary  FA-X50R3  6.5.8    ready   
CT1   array_controller  primary    FA-X50R3  6.5.8    ready   
pureeng@PureCorpCluster-ct0:~$ purehw lsit
usage: purehw [-h] {disable,enable,list,setattr} ...
purehw: error: argument subcommand: invalid choice: 'lsit' (choose from 'list', 'setattr', 'disable', 'enable')
pureeng@PureCorpCluster-ct0:~$ purehw list
Name       Status         Identify  Slot  Index  Speed       Temperature  Voltage  Details
CH0        ok             off       -     0      -           -            -        -
CH0.BAY0   ok             off       -     0      -           -            -        -
CH0.BAY1   ok             off       -     1      -           -            -        -
CH0.BAY2   ok             off       -     2      -           -            -        -
CH0.BAY3   ok             off       -     3      -           -            -        -
CH0.BAY4   ok             off       -     4      -           -            -        -
CH0.BAY5   ok             off       -     5      -           -            -        -
CH0.BAY6   ok             off       -     6      -           -            -        -
CH0.BAY7   ok             off       -     7      -           -            -        -
CH0.BAY8   ok             off       -     8      -           -            -        -
CH0.BAY9   ok             off       -     9      -           -            -        -
CH0.BAY10  not_installed  off       -     10     -           -            -        -
CH0.BAY11  not_installed  off       -     11     -           -            -        -
CH0.BAY12  not_installed  off       -     12     -           -            -        -
CH0.BAY13  not_installed  off       -     13     -           -            -        -
CH0.BAY14  not_installed  off       -     14     -           -            -        -
CH0.BAY15  not_installed  off       -     15     -           -            -        -
CH0.BAY16  not_installed  off       -     16     -           -            -        -
CH0.BAY17  not_installed  off       -     17     -           -            -        -
CH0.BAY18  not_installed  off       -     18     -           -            -        -
CH0.BAY19  not_installed  off       -     19     -           -            -        -
CH0.NVB0   ok             off       -     0      -           -            -        -
CH0.NVB1   ok             off       -     1      -           -            -        -
CH0.NVB2   not_installed  off       -     2      -           -            -        -
CH0.NVB3   not_installed  off       -     3      -           -            -        -
CH0.PWR0   ok             -         -     0      -           -            206 V    -
CH0.PWR1   ok             -         -     1      -           -            206 V    -
CH0.TMP0   ok             -         -     0      -           22 C         -        -
CT0        ok             off       -     0      -           -            -        -
CT0.ETH0   ok             -         -     0      1.00 Gb/s   -            -        -
CT0.ETH1   ok             -         -     1      0.00 b/s    -            -        -
CT0.ETH2   ok             -         -     2      10.00 Gb/s  -            -        -
CT0.ETH3   ok             -         -     3      0.00 b/s    -            -        -
CT0.ETH4   ok             -         -     4      10.00 Gb/s  -            -        -
CT0.ETH5   ok             -         -     5      10.00 Gb/s  -            -        -
CT0.ETH6   ok             -         -     6      0.00 b/s    -            -        -
CT0.ETH7   ok             -         -     7      0.00 b/s    -            -        -
CT0.ETH8   ok             -         -     8      0.00 b/s    -            -        -
CT0.ETH9   ok             -         -     9      0.00 b/s    -            -        -
CT0.ETH18  ok             -         2     18     25.00 Gb/s  -            -        -
CT0.ETH19  ok             -         2     19     25.00 Gb/s  -            -        -
CT0.FAN0   ok             -         -     0      -           -            -        -
CT0.FAN1   ok             -         -     1      -           -            -        -
CT0.FAN2   ok             -         -     2      -           -            -        -
CT0.FAN3   ok             -         -     3      -           -            -        -
CT0.FAN4   ok             -         -     4      -           -            -        -
CT0.FAN5   ok             -         -     5      -           -            -        -
CT0.TMP0   ok             -         -     0      -           34 C         -        -
CT0.TMP1   ok             -         -     1      -           36 C         -        -
CT0.TMP2   ok             -         -     2      -           29 C         -        -
CT0.TMP3   ok             -         -     3      -           34 C         -        -
CT0.TMP4   ok             -         -     4      -           35 C         -        -
CT0.TMP5   ok             -         -     5      -           35 C         -        -
CT0.TMP6   ok             -         -     6      -           39 C         -        -
CT0.TMP7   ok             -         -     7      -           29 C         -        -
CT0.TMP8   ok             -         -     8      -           29 C         -        -
CT0.TMP9   ok             -         -     9      -           30 C         -        -
CT0.TMP10  ok             -         -     10     -           27 C         -        -
CT0.TMP11  ok             -         -     11     -           27 C         -        -
CT0.TMP12  ok             -         -     12     -           26 C         -        -
CT0.TMP13  ok             -         -     13     -           34 C         -        -
CT0.TMP14  ok             -         -     14     -           33 C         -        -
CT0.TMP15  ok             -         -     15     -           33 C         -        -
CT0.TMP16  ok             -         -     16     -           29 C         -        -
CT0.TMP17  ok             -         -     17     -           29 C         -        -
CT0.TMP18  ok             -         -     18     -           29 C         -        -
CT0.TMP19  ok             -         -     19     -           34 C         -        -
CT0.TMP20  ok             -         -     20     -           28 C         -        -
CT0.TMP21  ok             -         -     21     -           34 C         -        -
CT0.TMP22  ok             -         -     22     -           25 C         -        -
CT0.TMP23  ok             -         -     23     -           28 C         -        -
CT0.TMP24  ok             -         -     24     -           34 C         -        -
CT0.TMP25  ok             -         -     25     -           34 C         -        -
CT0.TMP26  ok             -         -     26     -           32 C         -        -
CT1        ok             off       -     1      -           -            -        -
CT1.ETH0   ok             -         -     0      1.00 Gb/s   -            -        -
CT1.ETH1   ok             -         -     1      0.00 b/s    -            -        -
CT1.ETH2   ok             -         -     2      10.00 Gb/s  -            -        -
CT1.ETH3   ok             -         -     3      0.00 b/s    -            -        -
CT1.ETH4   ok             -         -     4      10.00 Gb/s  -            -        -
CT1.ETH5   ok             -         -     5      10.00 Gb/s  -            -        -
CT1.ETH6   ok             -         -     6      0.00 b/s    -            -        -
CT1.ETH7   ok             -         -     7      0.00 b/s    -            -        -
CT1.ETH8   ok             -         -     8      0.00 b/s    -            -        -
CT1.ETH9   ok             -         -     9      0.00 b/s    -            -        -
CT1.ETH18  ok             -         2     18     25.00 Gb/s  -            -        -
CT1.ETH19  ok             -         2     19     25.00 Gb/s  -            -        -
CT1.FAN0   ok             -         -     0      -           -            -        -
CT1.FAN1   ok             -         -     1      -           -            -        -
CT1.FAN2   ok             -         -     2      -           -            -        -
CT1.FAN3   ok             -         -     3      -           -            -        -
CT1.FAN4   ok             -         -     4      -           -            -        -
CT1.FAN5   ok             -         -     5      -           -            -        -
CT1.TMP0   ok             -         -     0      -           35 C         -        -
CT1.TMP1   ok             -         -     1      -           38 C         -        -
CT1.TMP2   ok             -         -     2      -           31 C         -        -
CT1.TMP3   ok             -         -     3      -           41 C         -        -
CT1.TMP4   ok             -         -     4      -           44 C         -        -
CT1.TMP5   ok             -         -     5      -           37 C         -        -
CT1.TMP6   ok             -         -     6      -           39 C         -        -
CT1.TMP7   ok             -         -     7      -           33 C         -        -
CT1.TMP8   ok             -         -     8      -           34 C         -        -
CT1.TMP9   ok             -         -     9      -           35 C         -        -
CT1.TMP10  ok             -         -     10     -           30 C         -        -
CT1.TMP11  ok             -         -     11     -           30 C         -        -
CT1.TMP12  ok             -         -     12     -           29 C         -        -
CT1.TMP13  ok             -         -     13     -           37 C         -        -
CT1.TMP14  ok             -         -     14     -           37 C         -        -
CT1.TMP15  ok             -         -     15     -           36 C         -        -
CT1.TMP16  ok             -         -     16     -           32 C         -        -
CT1.TMP17  ok             -         -     17     -           33 C         -        -
CT1.TMP18  ok             -         -     18     -           33 C         -        -
CT1.TMP19  ok             -         -     19     -           37 C         -        -
CT1.TMP20  ok             -         -     20     -           30 C         -        -
CT1.TMP21  ok             -         -     21     -           38 C         -        -
CT1.TMP22  ok             -         -     22     -           28 C         -        -
CT1.TMP23  ok             -         -     23     -           36 C         -        -
CT1.TMP24  ok             -         -     24     -           39 C         -        -
CT1.TMP25  ok             -         -     25     -           38 C         -        -
CT1.TMP26  ok             -         -     26     -           34 C         -        -
pureeng@PureCorpCluster-ct0:~$ puremessage list --open
ID       Time                     Severity  Category  Code  Component  Name            Event             Expected  Actual  Details
7285814  2024-11-21 07:42:35 EST  info      array     25    storage    array.capacity  high utilization  -         82.38%  
pureeng@PureCorpCluster-ct0:~$ puremessage list --open --hidden
ID       Time                     Severity  Category  Code   Component     Name            Event                                                           Expected  Actual  Details
5421539  2024-05-15 04:56:43 EDT  hidden    array     214    file system   Corp_smb        Missing email addresses for quota notifications user or group.  -         -       
7285814  2024-11-21 07:42:35 EST  info      array     25     storage       array.capacity  high utilization                                                -         82.38%  
8326764  2025-02-22 12:41:48 EST  critical  array     50001  portal_state  ct0             Portal state: offline, time: 2025-02-22 12:41:32                -         -       Portal state offline
pureeng@PureCorpCluster-ct0:~$ sudo su
     root@PureCorpCluster-ct0:/var/home/pureeng# purearray phonehome --send-today && ssh peer purearray phonehome --send-today

Status   Action
running  send_today
phonehome is already running
Status   Action
running  send_today
     root@PureCorpCluster-ct0:/var/home/pureeng# purearray phonehome --status
Status   Action
running  send_today
     root@PureCorpCluster-ct0:/var/home/pureeng# purearray list --controller
Name  Type              Mode       Model     Version  Status  Internal Details
CT0   array_controller  secondary  FA-X50R3  6.5.8    ready   
CT1   array_controller  primary    FA-X50R3  6.5.8    ready   
     root@PureCorpCluster-ct0:/var/home/pureeng# iscsipureportlist=`pureport list --initiator | grep -v FC | awk -F' CT' '{print "CT"$2,$8}' | grep -v 'CT ' | a wk -F '.ETH' '{print $1, $2}' | awk '{print $1, $5, $6}' | sort | uniq -c; echo` ; iscsipureportlistcount=`echo "$iscsipureportlist" | awk '{total += $1} END {pr int total}'`; echo -e "$iscsipureportlist\n\n"; echo -e "\tTotal iSCSI connections: $iscsipureportlistcount\n\n";
     96 CT0 iqn.2010-06.com.purestorage:flasharray.215372f60ffe37c0 -
     96 CT1 iqn.2010-06.com.purestorage:flasharray.215372f60ffe37c0 -


Total iSCSI connections: 192


     root@PureCorpCluster-ct0:/var/home/pureeng# purearray list --connect --path && ssh peer purearray list --connect --path
Name           Local Port  Local Address  Remote Port  Remote Address  Status     Transport
PureDrCluster  ct1.eth2    10.195.3.31    ct0.eth2     10.195.6.30     connected  ip
PureDrCluster  ct1.eth2    10.195.3.31    ct1.eth2     10.195.6.31     connected  ip
Name           Local Port  Local Address  Remote Port  Remote Address  Status     Transport
PureDrCluster  ct1.eth2    10.195.3.31    ct0.eth2     10.195.6.30     connected  ip
PureDrCluster  ct1.eth2    10.195.3.31    ct1.eth2     10.195.6.31     connected  ip
     root@PureCorpCluster-ct0:/var/home/pureeng# pureapurearray list --connect --path && ssh peer purearray list --connect --path     root@PureCorpCluster-ct0:/var/home/pureeng# iscsipureportlist=`pureport list --initiator | grep -v FC | awk -F' CT' '{print "CT"$2,$8}' | grep -v 'CT ' | awk -F '.ETH' '{print $1, $2}' | awk '{print $1, $5, $6}' | sort | uniq -c; echo`; iscsipureportlistcount=`echo "$iscsipureportlist" | awk '{total += $1} END {print total}'`; echo -e "$iscsipureportlist\n\n"; echo -e "\tTotal iSCSI connections: $iscsipureportlistcount\n\n";     root@PureCorpCluster-ct0:/var/home/pureeng# purearray list --controller




iscsipureportlist=`pureport list --initiator | grep -v FC | awk -F' CT' '{print "CT"$2,$8}' | grep -v 'CT ' | awk -F '.ETH' '{print $1, $2}' | awk '{print $1, $5, $6}' | sort | uniq -c; echo`; iscsipureportlistcount=`echo "$iscsipureportlist" | awk '{total += $1} END {print total}'`; echo -e "$iscsipureportlist\n\n"; echo -e "\tTotal iSCSI connections: $iscsipureportlistcount\n\n";     root@PureCorpCluster-ct0:/var/home/pureeng# purearray list --connect --path && ssh peer purearray list --connect --path



     root@PureCorpCluster-ct0:/var/home/pureeng# 
purerarray phonehome --status
Status   Action
running  send_today
     root@PureCorpCluster-ct0:/var/home/pureeng# purearray phonehome --status
Status  Action
-       -
     root@PureCorpCluster-ct0:/var/home/pureeng# puredadm stoppurearray phonehome --statuslist --connect --path && ssh peer purearray list --connect --path     root@PureCorpCluster-ct0:/var/home/pureeng# iscsipureportlist=`pureport list --initiator | grep -v FC | awk -F' CT' '{print "CT"$2,$8}' | grep -v 'CT ' | awk -F '.ETH' '{print $1, $2}' | awk '{print $1, $5, $6}' | sort | uniq -c; echo`; iscsipureportlistcount=`echo "$iscsipureportlist" | awk '{total += $1} END {print total}'`; echo -e "$iscsipureportlist\n\n"; echo -e "\tTotal iSCSI connections: $iscsipureportlistcount\n\n";     root@PureCorpCluster-ct0:/var/home/pureeng# purearray list --controller





Name  Type              Mode       Model     Version  Status  Internal Details
CT0   array_controller  secondary  FA-X50R3  6.5.8    ready   
CT1   array_controller  primary    FA-X50R3  6.5.8    ready   
     root@PureCorpCluster-ct0:/var/home/pureeng# puredadm stop
monitor stop/waiting
wait-for-state pureapp stop/waiting
wait-for-state mariadb stop/waiting
lio-drv disabling
platform stop/waiting
wait-for-state foed stop/waiting
iostat stop/waiting
statistics stop/waiting
rtm-file-collector stop/waiting
wait-for-state lio-drv stop/waiting
purity stop/waiting
wait-for-state purity_started stop/waiting
Pure Storage is offline.
     root@PureCorpCluster-ct0:/var/home/pureeng# =~=~=~=~=~=~=~=~=~=~=~= PuTTY log 2025.02.22 13:04:32 =~=~=~=~=~=~=~=~=~=~=~=
 GNU GRUB  version 2.06

/----------------------------------------------------------------------------\||||||||||||||||||||||||||\----------------------------------------------------------------------------/     Use the ^ and v keys to select which entry is highlighted.          
      Press enter to boot the selected OS, `e' to edit the commands       
      before booting or `c' for a command-line.                            *Purity 6.5.5 (202404130351+34e2b1e66ad3) with kernel 5.15.123+ (2024031915>
 Purity 6.5.5 (202404130351+34e2b1e66ad3) with kernel 5.15.123+ (2024031915>
                                                                                                                                                                                                                                                                                                                                                                                                                                                                                                                                                                                                                                                                                                                                                                                                                                                                        The highlighted entry will be executed automatically in 3s.                    The highlighted entry will be executed automatically in 2s.                    The highlighted entry will be executed automatically in 1s.                    The highlighted entry will be executed automatically in 0s.                 
Purity

PCTFJ242900B2 login: puresetup
Password: 

Sat Feb 22 18:02:23 2025
Welcome puresetup. This is Purity Version 6.5.5 on FlashArray PCTFJ242900B2
http://www.purestorage.com/
puresetup@PCTFJ242900B2:~$ ls /dev/sd*1
/dev/sda1  /dev/sdb1
puresetup@PCTFJ242900B2:~$ mount /dev/sdb1 /mnt
puresetup@PCTFJ242900B2:~$ cp /mnt/6.5.8/* .
puresetup@PCTFJ242900B2:~$ pureinstallp purity_6.5.8_202408090136+b967c2f84655.ppkg
Installing Purity on alternate partition labeled second.
Erasing Purity software image from alternate partition second to prepare for installation.
WARNING: Do not interrupt this process!!
Unpacking new Purity software.
................................................................................................................................................................................................................................................................................................................................................................................................................................................................................................................................................................................................................................................................................................................................................................................................................................................................................................................................................................................................................................................................................................................................................................................................................................................................................................
Verifying package...

Finalizing installation. This may take several minutes.
Executing /altroot/opt/purextras/bin/finish-install.sh
Executing /altroot/opt/purextras/bin/finish-install.azure-propagate.sh
Executing /altroot/opt/purextras/bin/finish-install.cbs.sh
Executing /altroot/opt/purextras/bin/finish-install.cdu-pureinstall-lib.sh
Executing /altroot/opt/purextras/bin/finish-install.fix-dpkg.sh
Purity installed.
Installation complete. The new Purity version will load at next reboot.

Important!
The first boot of a new Purity version may take longer if the new version includes controller firmware updates.
DO NOT REBOOT THE CONTROLLER DURING THE FIRMWARE UPDATE.

Refer to http://community.purestorage.com for more information about the Purity upgrade process and firmware updates.
puresetup@PCTFJ242900B2:~$ pureboot reboot --offline
[Errno 111] Connection refused
 GNU GRUB  version 2.06

/----------------------------------------------------------------------------\||||||||||||||||||||||||||\----------------------------------------------------------------------------/     Use the ^ and v keys to select which entry is highlighted.          
      Press enter to boot the selected OS, `e' to edit the commands       
      before booting or `c' for a command-line.                             Purity 6.5.5 (202404130351+34e2b1e66ad3) with kernel 5.15.123+ (2024031915>
*Purity 6.5.8 (202408090136+b967c2f84655) with kernel 5.15.123+ (2024071402>
                                                                                                                                                                                                                                                                                                                                                                                                                                                                                                                                                                                                                                                                                                                                                                                                                                                                        The highlighted entry will be executed automatically in 3s.                    The highlighted entry will be executed automatically in 2s.                    The highlighted entry will be executed automatically in 1s.                    The highlighted entry will be executed automatically in 0s.                 
Purity

PCTFJ242900B2 login: puresetup
Password: 

Login incorrect
PCTFJ242900B2 login: 
Password:  GNU GRUB  version 2.06

/----------------------------------------------------------------------------\||||||||||||||||||||||||||\----------------------------------------------------------------------------/     Use the ^ and v keys to select which entry is highlighted.          
      Press enter to boot the selected OS, `e' to edit the commands       
      before booting or `c' for a command-line.                             Purity 6.5.5 (202404130351+34e2b1e66ad3) with kernel 5.15.123+ (2024031915>
*Purity 6.5.8 (202408090136+b967c2f84655) with kernel 5.15.123+ (2024071402>
                                                                                                                                                                                                                                                                                                                                                                                                                                                                                                                                                                                                                                                                                                                                                                                                                                                                        The highlighted entry will be executed automatically in 3s.                    The highlighted entry will be executed automatically in 2s.                    The highlighted entry will be executed automatically in 1s.                    The highlighted entry will be executed automatically in 0s.                 
Purity

PCTFJ242900B2 login: 
PCTFJ242900B2 login: pureseutp   te up
Password: 
Last login: Sat Feb 22 18:02:23 UTC 2025 on ttyS0

Sat Feb 22 18:24:21 2025
Welcome puresetup. This is Purity Version 6.5.8 on FlashArray PCTFJ242900B2
http://www.purestorage.com/
puresetup@PCTFJ242900B2:~$ puresetup replace  --from-controller FA-X50R3
##########################################
#   Welcome to the Purity Setup Wizard   #
##########################################
Controller hardware model is compatible with the controller purity version
[Errno 111] Connection refused
Local controller model is FA-X50R4.
Drive detected storage type is X.
FA-X50R3 found to be replaced by FA-X50R4 has storage type X.
Controller type supports multiple storage types, detecting type of storage installed...
Detected storage type X
Pre-existing storage type X was found on the device
Successfully configured storage type X for array controller
Check Cobalt NDU controllers.. OK
Check RDL..................... OK
Check shelf cabling........... OK
Check controller link......... OK
Check power supply............ OK
Check PCIE AER errors......... OK
Check io card pci id's........ OK
Check LOM MAC addresses....... OK
Getting local controller type. Local controller type is cobalt_a.
Getting local controller variant. Not a generic controller, Exiting.
Checking peer controller for tunables

Apply PURESETUP_COMPLETED = 1 #
 (y/n):y
Apply PURESETUP_COMPLETED = 1 #
 (y/n): y
Tunable parameter set: PURESETUP_COMPLETED=1

Apply PS_FILE_GATEWAY_ENABLED = 1 # 01141377
 (y/n):y
Apply PS_FILE_GATEWAY_ENABLED = 1 # 01141377
 (y/n): y
Tunable parameter set: PS_FILE_GATEWAY_ENABLED=1

Apply PS_FILEGW_ALLOW_GLOBAL_CATALOG = 0 # Set during upgrade to 6.3.12 - CLOUD-
 (y/n):y
Apply PS_FILEGW_ALLOW_GLOBAL_CATALOG = 0 # Set during upgrade to 6.3.12 - CLOUD-
 (y/n): y
Tunable parameter set: PS_FILEGW_ALLOW_GLOBAL_CATALOG=0

Apply PS_FILEGW_SMB_HIDE_DOT_SNAPSHOT = 0 # Set during upgrade to 6.3.12 - CLOUD
 (y/n):y
Apply PS_FILEGW_SMB_HIDE_DOT_SNAPSHOT = 0 # Set during upgrade to 6.3.12 - CLOUD
 (y/n): y
Tunable parameter set: PS_FILEGW_SMB_HIDE_DOT_SNAPSHOT=0

Apply PS_FILEGW_ALLOW_NTLM_KERBEROS_MEMBERSHIP = 0 # Set during upgrade to 6.4.7
 (y/n):y
Apply PS_FILEGW_ALLOW_NTLM_KERBEROS_MEMBERSHIP = 0 # Set during upgrade to 6.4.7
 (y/n): y
Tunable parameter set: PS_FILEGW_ALLOW_NTLM_KERBEROS_MEMBERSHIP=0

Apply ATOM_5177 = DEF # CLOUD-113977
 (y/n):y
Apply ATOM_5177 = DEF # CLOUD-113977
 (y/n): y
Tunable parameter set: ATOM_5177=DEF

Apply ATOM_SECURITY_BUNDLE_FA_2024_01_15 = PCTFJ2132003C,PCTFJ21320040,6.4.7 # C
 (y/n):y
Apply ATOM_SECURITY_BUNDLE_FA_2024_01_15 = PCTFJ2132003C,PCTFJ21320040,6.4.7 # C
 (y/n): y
Tunable parameter set: ATOM_SECURITY_BUNDLE_FA_2024_01_15=PCTFJ2132003C,PCTFJ21320040,6.4.7

Apply PS_FILEGW_SMB_FILTER_MODE_DENY_ACES = 1 # 'Set during upgrade to 6.5.8 - C
 (y/n):y
Apply PS_FILEGW_SMB_FILTER_MODE_DENY_ACES = 1 # 'Set during upgrade to 6.5.8 - C
 (y/n): y
Tunable parameter set: PS_FILEGW_SMB_FILTER_MODE_DENY_ACES=1
Stopping purity to ensure tunables are properly loaded.
Press ENTER to reboot

Please run puresetup again after reboot.
[Errno 111] Connection refused
 GNU GRUB  version 2.06

/----------------------------------------------------------------------------\||||||||||||||||||||||||||\----------------------------------------------------------------------------/     Use the ^ and v keys to select which entry is highlighted.          
      Press enter to boot the selected OS, `e' to edit the commands       
      before booting or `c' for a command-line.                             Purity 6.5.5 (202404130351+34e2b1e66ad3) with kernel 5.15.123+ (2024031915>
*Purity 6.5.8 (202408090136+b967c2f84655) with kernel 5.15.123+ (2024071402>
                                                                                                                                                                                                                                                                                                                                                                                                                                                                                                                                                                                                                                                                                                                                                                                                                                                                        The highlighted entry will be executed automatically in 3s.                    The highlighted entry will be executed automatically in 2s.                    The highlighted entry will be executed automatically in 1s.                    The highlighted entry will be executed automatically in 0s.                 
Purity

PCTFJ242900B2 login: puresetup
Password: 

Login incorrect
PCTFJ242900B2 login: puresetup
Password: 
Last login: Sat Feb 22 18:24:21 UTC 2025 on ttyS0

Sat Feb 22 18:29:52 2025
Welcome puresetup. This is Purity Version 6.5.8 on FlashArray PCTFJ242900B2
http://www.purestorage.com/
puresetup@PCTFJ242900B2:~$ puresetup replace  --from-controller FA-X50R3
##########################################
#   Welcome to the Purity Setup Wizard   #
##########################################
Controller hardware model is compatible with the controller purity version
[Errno 111] Connection refused
Local controller model is FA-X50R4.
Drive detected storage type is X.
FA-X50R3 found to be replaced by FA-X50R4 has storage type X.
Controller type supports multiple storage types, detecting type of storage installed...
Detected storage type X
Pre-existing storage type X was found on the device
Successfully configured storage type X for array controller
Check Cobalt NDU controllers.. OK
Check RDL..................... OK
Check shelf cabling........... OK
Check controller link......... OK
Check power supply............ OK
Check PCIE AER errors......... OK
Check io card pci id's........ OK
Check LOM MAC addresses....... OK
Getting local controller type. Local controller type is cobalt_a.
Getting local controller variant. Not a generic controller, Exiting.
Checking peer controller for tunables
purity.service stablized: done
purity start/running
platform: ..done
foed: .done
gui: ....done
rest: done
platform_env: 0.done
quorum: .....done
foed_env: 1.1.1.1.1.1.1.1.1.1.1.1.1.1.1.1.1.1.1.1.1.1.1.1.1.1.1.1.1.1.1.1.1.1.1.1.1.1.1.1.1.1.1.1.1.1.1.1.1.1.1.1.1.1.1.1.1.1.1.1.1.2.2.1.1.1.1.1.1.1.1.1.1.1.1.1.1.1.1.1.1.0.done
foed_ready: done
remote_patch: done
driver: done
san: Skip waiting for san during HW NDU
[FA-X50R3.CT0.ETH1] does not need to be migrated since it has no configuration and is not a subinterface.
[FA-X50R3.CT0.ETH3] does not need to be migrated since it has no configuration and is not a subinterface.
[FA-X50R3.CT0.ETH6] does not need to be migrated since it has no configuration and is not a subinterface.
[FA-X50R3.CT0.ETH7] does not need to be migrated since it has no configuration and is not a subinterface.
[FA-X50R3.CT0.ETH8] does not need to be migrated since it has no configuration and is not a subinterface.
[FA-X50R3.CT0.ETH9] does not need to be migrated since it has no configuration and is not a subinterface.
Please move ports as shown below:
[FA-X50R3.CT0.ETH0] ====>> [FA-X50R4.CT0.ETH4](Slot: LOM)
[FA-X50R3.CT0.ETH18] ====>> [FA-X50R4.CT0.ETH20](Slot:3)
[FA-X50R3.CT0.ETH19] ====>> [FA-X50R4.CT0.ETH21](Slot:3)
Press Enter to show more lines...
[FA-X50R3.CT0.ETH2] ====>> [FA-X50R4.CT0.ETH2](Slot: LOM)
[FA-X50R3.CT0.ETH4] ====>> [FA-X50R4.CT0.ETH18](Slot:3)
[FA-X50R3.CT0.ETH5] ====>> [FA-X50R4.CT0.ETH19](Slot:3)

After the cables have been moved, type "CONTINUE": continue
Configuring network ports...
Perform ping test on port ETH18 ....... OK
Perform ping test on port ETH19 ....... OK
Perform ping test on port ETH20 ....... OK
Perform ping test on port ETH21 ....... OK
Perform ping test on port ETH4 ....... OK
Perform ping test on port ETH2 ....... OK
Checking SAN connectivity
SAN is ready.
                                                                               
Broadcast message from root@PureCorpCluster-ct0 (somewhere) (Sat Feb 22 18:38:0
                                                                               
                                                                               
Purity//FA Information System Status                                           
====================================                                           
Purity//FA has successfully started for                                        
the first time after an install                                                
or upgrade. Purity//FA 6.5.8 (202408090136+b967c2f84655-65x)                   
is now set to be the default.                                                  
                                                                               
                                                                               
Broadcast message from root@PureCorpCluster-ct0 (somewhere) (Sat Feb 22 18:38:0
                                                                               
                                                                               
Purity//FA Information System Status                                           
====================================                                           
Purity//FA has successfully started for                                        
the first time after an install                                                
or upgrade. Purity//FA 6.5.8 (202408090136+b967c2f84655-65x)                   
is now set to be the default.                                                  
                                                                               
Waiting for Software Check:.Checking iobalance before proceeding, sampling for 30 seconds, retrying 1 times, adding 30 seconds with each retry
Try 1/2: Sampling I/O for 30 seconds
^C
Exit without saving changes.
CONFIG_TASK_COMPLETED:CONFIG_TASK_PURESETUP_EXITED
puresetup@PCTFJ242900B2:~$ puresetup timezone
##########################################
#   Welcome to the Purity Setup Wizard   #
##########################################
Name       Created                  Expires
puresetup  2025-02-22 18:38:19 UTC  2025-02-22 19:38:19 UTC
Changing the time zone will require a reboot on this controller.
Current time zone: Etc/UTC
Change time zone [requires reboot] (y/n):yChange time zone [requires reboot] (y/n): y
Configuring tzdata
------------------

Please select the geographic area in which you live. Subsequent configuration 
questions will narrow this down by presenting a list of cities, representing the
time zones in which they are located.

  1. Africa      4. Australia     7. Atlantic Ocean  10. Pacific Ocean
  2. America     5. Arctic Ocean  8. Europe          11. US
  3. Antarctica  6. Asia          9. Indian Ocean    12. None of the above

Geographic area: 2 11


Please select the city or region corresponding to your time zone.

  1. Alaska    4. Central  7. Starke County (Indiana)  10. Pacific Ocean
  2. Aleutian  5. Eastern  8. Michigan                 11. Samoa
  3. Arizona   6. Hawaii   9. Mountain

Time zone: 5



Current default time zone: 'US/Eastern'
Local time is now:      Sat Feb 22 13:38:24 EST 2025.
Universal Time is now:  Sat Feb 22 18:38:24 UTC 2025.

'/cache/timezone/localtime' -> '/usr/share/zoneinfo/US/Eastern'
Confirm time zone change from Etc/UTC to US/Eastern
(y/N):y(y/N): y
Press ENTER to reboot

This controller will be online after reboot.
CONFIG_TASK_COMPLETED:CONFIG_TASK_PURESETUP_EXITED
puresetup@PCTFJ242900B2:~$  GNU GRUB  version 2.06

/----------------------------------------------------------------------------\||||||||||||||||||||||||||\----------------------------------------------------------------------------/     Use the ^ and v keys to select which entry is highlighted.          
      Press enter to boot the selected OS, `e' to edit the commands       
      before booting or `c' for a command-line.                            *Purity 6.5.8 (202408090136+b967c2f84655) with kernel 5.15.123+ (2024071402>
 Purity 6.5.5 (202404130351+34e2b1e66ad3) with kernel 5.15.123+ (2024031915>
                                                                                                                                                                                                                                                                                                                                                                                                                                                                                                                                                                                                                                                                                                                                                                                                                                                                        The highlighted entry will be executed automatically in 3s.                    The highlighted entry will be executed automatically in 2s.                    The highlighted entry will be executed automatically in 1s.                    The highlighted entry will be executed automatically in 0s.                 
PureCorpCluster-ct0 login: pureeng
1) Authenticate via CloudAssist
2) Authenticate via command line
3) Restore challenge
Type the number corresponding to the authentication method you want to use.

Selection: 1

An email for identity verification will be sent once email is entered.
Please follow the authentication instructions provided there and return to this screen when finished or if email has not been received.


Enter an email address: fharris@ @purestorage.com
Successfully authenticated

Sat Feb 22 13:44:25 2025
Welcome pureeng. This is Purity Version 6.5.8 on FlashArray PureCorpCluster
http://www.purestorage.com/
pureeng@PureCorpCluster-ct0:~$ iscsipureportlist=`pureport list --initiator | grep -v FC | awk -F' CT' '{print "CT"$2,$8}' | grep -v 'CT ' | awk -F '.ETH' '{print $1, $2}' | awk '{print $1, $5, $6}' | sort | uniq -c; echo`; iscsipureportlistcount=`echo "$iscsipureportlist" | awk '{total += $1} END {print total}'`; echo  -e "$iscsipureportlist\n\n"; echo -e "\tTotal iSCSI connections: $iscsipureportlistcount\n\n";
     96 CT0 iqn.2010-06.com.purestorage:flasharray.215372f60ffe37c0 -
     96 CT1 iqn.2010-06.com.purestorage:flasharray.215372f60ffe37c0 -


Total iSCSI connections: 192


pureeng@PureCorpCluster-ct0:~$ purearray list --connect --path 
Name           Local Port  Local Address  Remote Port  Remote Address  Status     Transport
PureDrCluster  ct1.eth2    10.195.3.31    ct0.eth2     10.195.6.30     connected  ip
PureDrCluster  ct1.eth2    10.195.3.31    ct1.eth2     10.195.6.31     connected  ip
pureeng@PureCorpCluster-ct0:~$ iobalance --samplteimletime 30
sampling host I/O for 30 seconds...
                Host  CT0 I/O Count  CT1 I/O Count  
               VMH01      330.00      308.00  
               VMH02       55.00      159.00  ! unbalanced I/O
               VMH03      238.00      378.00  ! unbalanced I/O
               VMH04      267.00      473.00  ! unbalanced I/O
               VMH05      441.00      429.00  
               VMH11      230.00      362.00  ! unbalanced I/O
               VMH12      346.00      457.00  
               VMH13      271.00      323.00  
               VMH14      244.00      249.00  
               VMH15      392.00      389.00  
               VMH16      275.00      367.00  
               VMH17      303.00      393.00  
               VMH18      315.00      348.00  
               VMH19      274.00      353.00  
               VMH20      303.00      261.00  
               VMH21      195.00      129.00  ! unbalanced I/O
               VMH22      285.00      323.00  
               VMH24      145.00      176.00  
               VMH26      227.00      410.00  ! unbalanced I/O
               VMH27      311.00      589.00  ! unbalanced I/O
               VMH28       47.00      626.00  ! unbalanced I/O
          weprdpvmh1       3.10K       1.86K  ! unbalanced I/O
          weprdpvmh2       4.87K       2.80K  ! unbalanced I/O
          weprdpvmh3       8.12K       6.03K  
          weprdpvmh4      408.00      281.00  
          weprdpvmh5      37.06K      16.94K  ! unbalanced I/O
          weprdpvmh6       5.45K       1.04K  ! unbalanced I/O
          weprdpvmh7       5.10K      502.00  ! unbalanced I/O
          weprdpvmh8       7.06K       2.01K  ! unbalanced I/O
pureeng@PureCorpCluster-ct0:~$ ussyudoudo su
     root@PureCorpCluster-ct0:/var/home/pureeng# purearray list --connect --path && ssh peer purearray list --connect --path
Name           Local Port  Local Address  Remote Port  Remote Address  Status     Transport
PureDrCluster  ct1.eth2    10.195.3.31    ct0.eth2     10.195.6.30     connected  ip
PureDrCluster  ct1.eth2    10.195.3.31    ct1.eth2     10.195.6.31     connected  ip
Name           Local Port  Local Address  Remote Port  Remote Address  Status     Transport
PureDrCluster  ct1.eth2    10.195.3.31    ct0.eth2     10.195.6.30     connected  ip
PureDrCluster  ct1.eth2    10.195.3.31    ct1.eth2     10.195.6.31     connected  ip
     root@PureCorpCluster-ct0:/var/home/pureeng# iscsipureportlist=`pureport list --initiator | grep -v FC | awk -F' CT' '{print "CT"$2,$8}' | grep -v 'CT ' | awk -F '.ETH' '{print $1, $2}' | awk '{print $1, $5, $6}' | sort | uniq -c; echo`; iscsipureportlistcount=`echo "$iscsipureportlist" | awk '{total += $1} END {print total}'`; echo -e "$iscsipureportlist\n\n"; echo -e "\tTotal iSCSI connections: $iscsipureportlistcount\n\n";
     96 CT0 iqn.2010-06.com.purestorage:flasharray.215372f60ffe37c0 -
     96 CT1 iqn.2010-06.com.purestorage:flasharray.215372f60ffe37c0 -


Total iSCSI connections: 192


     root@PureCorpCluster-ct0:/var/home/pureeng# ssh peer
Last login: Wed Nov 16 16:24:00 2022 from fe80::26a9:37ff:fe44:2016%haeth0

Sat Feb 22 13:48:16 2025
Welcome root. This is Purity Version 6.5.8 on FlashArray PureCorpCluster
http://www.purestorage.com/
     root@PureCorpCluster-ct1:~# purearray list --controller
Name  Type              Mode       Model     Version  Status  Internal Details
CT0   array_controller  secondary  FA-X50R4  6.5.8    ready   
CT1   array_controller  primary    FA-X50R3  6.5.8    ready   
     root@PureCorpCluster-ct1:~# puredb run giveback --safe
     root@PureCorpCluster-ct1:~# purearray list --controller
Name  Type              Mode       Model     Version  Status     Internal Details
CT0   array_controller  primary    FA-X50R4  6.5.8    ready      
CT1   array_controller  secondary  FA-X50R3  6.5.8    not ready  SAN disabled; portal is not open
     root@PureCorpCluster-ct1:~# exit
logout
     root@PureCorpCluster-ct0:/var/home/pureeng# purearray list --controller
Name  Type              Mode       Model     Version  Status     Internal Details
CT0   array_controller  primary    FA-X50R4  6.5.8    ready      
CT1   array_controller  secondary  FA-X50R3  6.5.8    not ready  SAN disabled; portal is not open
     root@PureCorpCluster-ct0:/var/home/pureeng# purearray list --controllerssh peeriscsipureportlist=`pureport list --initiator | grep -v FC | awk -F' CT' '{print "CT"$2,$8}' | grep -v 'CT ' | awk -F '.ETH' '{print $1, $2}' | awk '{print $1, $5, $6}' | sort | uniq -c; echo`; iscsipureportlistcount=`echo "$iscsipureportlist" | awk '{total += $1} END {print total}'`; echo -e "$iscsipureportlist\n\n"; echo -e "\tTotal iSCSI connections: $iscsipureportlistcount\n\n";     root@PureCorpCluster-ct0:/var/home/pureeng# ssh peer




purearray list --controllerssh peeriscsipureportlist=`pureport list --initiator | grep -v FC | awk -F' CT' '{print "CT"$2,$8}' | grep -v 'CT ' | awk -F '.ETH' '{print $1, $2}' | awk '{print $1, $5, $6}' | sort | uniq -c; echo`; iscsipureportlistcount=`echo "$iscsipureportlist" | awk '{total += $1} END {print total}'`; echo -e "$iscsipureportlist\n\n"; echo -e "\tTotal iSCSI connections: $iscsipureportlistcount\n\n";     root@PureCorpCluster-ct0:/var/home/pureeng# purearray list --connect --path && ssh peer purearray list --connect --path




Name           Local Port  Local Address  Remote Port  Remote Address  Status     Transport
PureDrCluster  ct0.eth2    10.195.3.30    ct0.eth2     10.195.6.30     connected  ip
PureDrCluster  ct0.eth2    10.195.3.30    ct1.eth2     10.195.6.31     connected  ip
Name           Local Port  Local Address  Remote Port  Remote Address  Status     Transport
PureDrCluster  ct0.eth2    10.195.3.30    ct0.eth2     10.195.6.30     connected  ip
PureDrCluster  ct0.eth2    10.195.3.30    ct1.eth2     10.195.6.31     connected  ip
     root@PureCorpCluster-ct0:/var/home/pureeng# ssh peer
Last login: Sat Feb 22 13:48:15 2025 from fe80::26a9:37ff:fe63:1cc5%haeth0

Sat Feb 22 13:49:51 2025
Welcome root. This is Purity Version 6.5.8 on FlashArray PureCorpCluster
http://www.purestorage.com/
     root@PureCorpCluster-ct1:~# purearray list --controller
Name  Type              Mode       Model     Version  Status     Internal Details
CT0   array_controller  primary    FA-X50R4  6.5.8    ready      
CT1   array_controller  secondary  FA-X50R3  6.5.8    not ready  SAN disabled; portal is not open
     root@PureCorpCluster-ct1:~# purearray list --controller
Name  Type              Mode       Model     Version  Status  Internal Details
CT0   array_controller  primary    FA-X50R4  6.5.8    ready   
CT1   array_controller  secondary  FA-X50R3  6.5.8    ready   
     root@PureCorpCluster-ct1:~# iscsipureportlist=`pureport list --initiator | grep -v FC | awk -F' CT' '{print "CT"$2,$8}' | grep -v 'CT ' | awk -F '.ETH' '{print $1, $2}' | awk '{print $1, $5, $6}' | sort | uniq -c; echo`; iscsipureportlistcount=`echo "$iscsipureportlist" | awk '{total += $1} END {print total}'`; echo -e "$iscsipureportlist\n\n"; echo -e "\tTotal iSCSI connections: $iscsipureportlistcount\n\n";
     96 CT0 iqn.2010-06.com.purestorage:flasharray.215372f60ffe37c0 -
     96 CT1 iqn.2010-06.com.purestorage:flasharray.215372f60ffe37c0 -


Total iSCSI connections: 192


     root@PureCorpCluster-ct1:~# iobalance -0s-asameplpletime 30
sampling host I/O for 30 seconds...
                Host  CT0 I/O Count  CT1 I/O Count  
               VMH01      459.00      288.00  ! unbalanced I/O
               VMH02      181.00      143.00  
               VMH03      329.00      209.00  ! unbalanced I/O
               VMH04      519.00      173.00  ! unbalanced I/O
               VMH05      604.00       77.00  ! unbalanced I/O
               VMH11      453.00      202.00  ! unbalanced I/O
               VMH12      125.00       50.00  ! unbalanced I/O
               VMH13      394.00      339.00  
               VMH14      197.00      118.00  ! unbalanced I/O
               VMH15       1.19K      765.00  ! unbalanced I/O
               VMH16      515.00      242.00  ! unbalanced I/O
               VMH17      433.00      268.00  ! unbalanced I/O
               VMH18      537.00      212.00  ! unbalanced I/O
               VMH19       1.10K      786.00  
               VMH20      269.00      146.00  ! unbalanced I/O
               VMH21      322.00       99.00  ! unbalanced I/O
               VMH22      382.00      192.00  ! unbalanced I/O
               VMH24      439.00      254.00  ! unbalanced I/O
               VMH26      980.00      706.00  
               VMH27      129.00      115.00  
               VMH28      169.00       62.00  ! unbalanced I/O
          weprdpvmh1       4.01K      836.00  ! unbalanced I/O
          weprdpvmh2       7.71K       1.43K  ! unbalanced I/O
          weprdpvmh3       5.67K       6.29K  
          weprdpvmh4      249.00      133.00  ! unbalanced I/O
          weprdpvmh5      29.95K      32.87K  
          weprdpvmh6       4.64K       8.08K  ! unbalanced I/O
          weprdpvmh7       2.67K       1.92K  
          weprdpvmh8      10.69K       7.39K  
     root@PureCorpCluster-ct1:~# purearray list --controller
Name  Type              Mode       Model     Version  Status  Internal Details
CT0   array_controller  primary    FA-X50R4  6.5.8    ready   
CT1   array_controller  secondary  FA-X50R3  6.5.8    ready   
     root@PureCorpCluster-ct1:~# puredb adm stop
monitor stop/waiting
wait-for-state pureapp stop/waiting
wait-for-state mariadb stop/waiting
lio-drv disabling
platform stop/waiting
wait-for-state foed stop/waiting
iostat stop/waiting
statistics stop/waiting
rtm-file-collector stop/waiting
wait-for-state lio-drv stop/waiting
purity stop/waiting
wait-for-state purity_started stop/waiting
Pure Storage is offline.
     root@PureCorpCluster-ct1:~#  GNU GRUB  version 2.06

/----------------------------------------------------------------------------\||||||||||||||||||||||||||\----------------------------------------------------------------------------/     Use the ^ and v keys to select which entry is highlighted.          
      Press enter to boot the selected OS, `e' to edit the commands       
      before booting or `c' for a command-line.                            *Purity 6.5.5 (202404130351+34e2b1e66ad3) with kernel 5.15.123+ (2024031915>
 Purity 6.5.5 (202404130351+34e2b1e66ad3) with kernel 5.15.123+ (2024031915>
                                                                                                                                                                                                                                                                                                                                                                                                                                                                                                                                                                                                                                                                                                                                                                                                                                                                        The highlighted entry will be executed automatically in 3s.                    The highlighted entry will be executed automatically in 2s.                    The highlighted entry will be executed automatically in 1s.                    The highlighted entry will be executed automatically in 0s.                 
Purity

PCTFJ24290213 login: puresetup
Password: 

Login incorrect
PCTFJ24290213 login: puresetup
Password: 

Sat Feb 22 19:08:15 2025
Welcome puresetup. This is Purity Version 6.5.5 on FlashArray PCTFJ24290213
http://www.purestorage.com/
puresetup@PCTFJ24290213:~$ ls
puresetup@PCTFJ24290213:~$ mount dev ls /dev/sd*1
/dev/sda1  /dev/sdb1
puresetup@PCTFJ24290213:~$ moputunt /dev/sdb1 /mnt
puresetup@PCTFJ24290213:~$ cp /mnt/6.5.8/* .
puresetup@PCTFJ24290213:~$ pureinstall purity_6.5.8_202408090136+b967c2f84655.ppkg
Installing Purity on alternate partition labeled second.
Erasing Purity software image from alternate partition second to prepare for installation.
WARNING: Do not interrupt this process!!
Unpacking new Purity software.
................................................................................................................................................................................................................................................................................................................................................................................................................................................................................................................................................................................................................................................................................................................................................................................................................................................................................................................................................................................................................................................................................................................................................................................................................................................................................................
Verifying package...

Finalizing installation. This may take several minutes.
Executing /altroot/opt/purextras/bin/finish-install.sh
Executing /altroot/opt/purextras/bin/finish-install.azure-propagate.sh
Executing /altroot/opt/purextras/bin/finish-install.cbs.sh
Executing /altroot/opt/purextras/bin/finish-install.cdu-pureinstall-lib.sh
Executing /altroot/opt/purextras/bin/finish-install.fix-dpkg.sh
Purity installed.
Installation complete. The new Purity version will load at next reboot.

Important!
The first boot of a new Purity version may take longer if the new version includes controller firmware updates.
DO NOT REBOOT THE CONTROLLER DURING THE FIRMWARE UPDATE.

Refer to http://community.purestorage.com for more information about the Purity upgrade process and firmware updates.
puresetup@PCTFJ24290213:~$ 
puresetup@PCTFJ24290213:~$ pureboot reboot =off--offline
[Errno 111] Connection refused
 GNU GRUB  version 2.06

/----------------------------------------------------------------------------\||||||||||||||||||||||||||\----------------------------------------------------------------------------/     Use the ^ and v keys to select which entry is highlighted.          
      Press enter to boot the selected OS, `e' to edit the commands       
      before booting or `c' for a command-line.                             Purity 6.5.5 (202404130351+34e2b1e66ad3) with kernel 5.15.123+ (2024031915>
*Purity 6.5.8 (202408090136+b967c2f84655) with kernel 5.15.123+ (2024071402>
                                                                                                                                                                                                                                                                                                                                                                                                                                                                                                                                                                                                                                                                                                                                                                                                                                                                        The highlighted entry will be executed automatically in 3s.                    The highlighted entry will be executed automatically in 2s.                    The highlighted entry will be executed automatically in 1s.                    The highlighted entry will be executed automatically in 0s.                 
Purity

PCTFJ24290213 login: puresetup
Password: 
<fw_update_tool>
===================================================================
=                            NOTICE                               =
===================================================================
=                                                                 =
=    Firmware is currently being checked and/or updated           =
=    on this controller.                                          =
=                                                                 =
=    If updates are necessary they will be applied automatically, =
=    and one or more automatic reboots may occur as a result.     =
=    A completion notice will be provided when done.              =
=                                                                 =
=    DO NOT RESTART OR REMOVE POWER WHILE UPDATE IS IN PROGRESS   =
=                                                                 =
===================================================================
<fw_update_tool>
Last login: Sat Feb 22 19:08:15 UTC 2025 on ttyS0

Sat Feb 22 19:17:40 2025
Welcome puresetup. This is Purity Version 6.5.8 on FlashArray PCTFJ24290213
http://www.purestorage.com/
puresetup@PCTFJ24290213:~$  GNU GRUB  version 2.06

/----------------------------------------------------------------------------\||||||||||||||||||||||||||\----------------------------------------------------------------------------/     Use the ^ and v keys to select which entry is highlighted.          
      Press enter to boot the selected OS, `e' to edit the commands       
      before booting or `c' for a command-line.                             Purity 6.5.5 (202404130351+34e2b1e66ad3) with kernel 5.15.123+ (2024031915>
*Purity 6.5.8 (202408090136+b967c2f84655) with kernel 5.15.123+ (2024071402>
                                                                                                                                                                                                                                                                                                                                                                                                                                                                                                                                                                                                                                                                                                                                                                                                                                                                        The highlighted entry will be executed automatically in 3s.                    The highlighted entry will be executed automatically in 2s.                    The highlighted entry will be executed automatically in 1s.                    The highlighted entry will be executed automatically in 0s.                 
Purity

PCTFJ24290213 login: PURES     puresetup
Password: 
Last login: Sat Feb 22 19:17:40 UTC 2025 on ttyS0

Sat Feb 22 19:29:06 2025
Welcome puresetup. This is Purity Version 6.5.8 on FlashArray PCTFJ24290213
http://www.purestorage.com/
puresetup@PCTFJ24290213:~$ pureboot list

Marked entry (*) is currently running
Marked entry (-->) will run at next reboot
    0. Purity 6.5.5 (202404130351+34e2b1e66ad3) with kernel 5.15.123+ (202403191505+d9f0e688c788) on first (/dev/sda3)
*-->1. Purity 6.5.8 (202408090136+b967c2f84655) with kernel 5.15.123+ (202407140227+e4052619b975) on second (/dev/sda4)
puresetup@PCTFJ24290213:~$ puresetup replace  --from-controller FA-X50R3
##########################################
#   Welcome to the Purity Setup Wizard   #
##########################################
Controller hardware model is compatible with the controller purity version
[Errno 111] Connection refused
Local controller model is FA-X50R4.
Drive detected storage type is X.
FA-X50R3 found to be replaced by FA-X50R4 has storage type X.
Controller type supports multiple storage types, detecting type of storage installed...
Detected storage type X
Pre-existing storage type X was found on the device
Successfully configured storage type X for array controller
Check Cobalt NDU controllers.. OK
Check RDL..................... OK
Check shelf cabling........... OK
Check controller link......... OK
Check power supply............ OK
Check PCIE AER errors......... OK
Check io card pci id's........ OK
Check LOM MAC addresses....... OK
Getting local controller type. Local controller type is cobalt_a.
Getting local controller variant. Not a generic controller, Exiting.
Checking peer controller for tunables

Apply PURESETUP_COMPLETED = 1 #
 (y/n):y
Apply PURESETUP_COMPLETED = 1 #
 (y/n): y
Tunable parameter set: PURESETUP_COMPLETED=1

Apply PS_FILE_GATEWAY_ENABLED = 1 # 01141377
 (y/n):y
Apply PS_FILE_GATEWAY_ENABLED = 1 # 01141377
 (y/n): y
Tunable parameter set: PS_FILE_GATEWAY_ENABLED=1

Apply PS_FILEGW_ALLOW_GLOBAL_CATALOG = 0 # Set during upgrade to 6.3.12 - CLOUD-
 (y/n):y
Apply PS_FILEGW_ALLOW_GLOBAL_CATALOG = 0 # Set during upgrade to 6.3.12 - CLOUD-
 (y/n): y
Tunable parameter set: PS_FILEGW_ALLOW_GLOBAL_CATALOG=0

Apply PS_FILEGW_SMB_HIDE_DOT_SNAPSHOT = 0 # Set during upgrade to 6.3.12 - CLOUD
 (y/n):y
Apply PS_FILEGW_SMB_HIDE_DOT_SNAPSHOT = 0 # Set during upgrade to 6.3.12 - CLOUD
 (y/n): y
Tunable parameter set: PS_FILEGW_SMB_HIDE_DOT_SNAPSHOT=0

Apply PS_FILEGW_ALLOW_NTLM_KERBEROS_MEMBERSHIP = 0 # Set during upgrade to 6.4.7
 (y/n):y
Apply PS_FILEGW_ALLOW_NTLM_KERBEROS_MEMBERSHIP = 0 # Set during upgrade to 6.4.7
 (y/n): y
Tunable parameter set: PS_FILEGW_ALLOW_NTLM_KERBEROS_MEMBERSHIP=0

Apply ATOM_5177 = DEF # CLOUD-113977
 (y/n):y
Apply ATOM_5177 = DEF # CLOUD-113977
 (y/n): y
Tunable parameter set: ATOM_5177=DEF

Apply ATOM_SECURITY_BUNDLE_FA_2024_01_15 = PCTFJ2132003C,PCTFJ21320040,6.4.7 # C
 (y/n):y
Apply ATOM_SECURITY_BUNDLE_FA_2024_01_15 = PCTFJ2132003C,PCTFJ21320040,6.4.7 # C
 (y/n): y
Tunable parameter set: ATOM_SECURITY_BUNDLE_FA_2024_01_15=PCTFJ2132003C,PCTFJ21320040,6.4.7

Apply PS_FILEGW_SMB_FILTER_MODE_DENY_ACES = 1 # 'Set during upgrade to 6.5.8 - C
 (y/n):y
Apply PS_FILEGW_SMB_FILTER_MODE_DENY_ACES = 1 # 'Set during upgrade to 6.5.8 - C
 (y/n): y
Tunable parameter set: PS_FILEGW_SMB_FILTER_MODE_DENY_ACES=1
Stopping purity to ensure tunables are properly loaded.
Press ENTER to reboot
y
Please run puresetup again after reboot.

[Errno 111] Connection refused
 GNU GRUB  version 2.06

/----------------------------------------------------------------------------\||||||||||||||||||||||||||\----------------------------------------------------------------------------/     Use the ^ and v keys to select which entry is highlighted.          
      Press enter to boot the selected OS, `e' to edit the commands       
      before booting or `c' for a command-line.                             Purity 6.5.5 (202404130351+34e2b1e66ad3) with kernel 5.15.123+ (2024031915>
*Purity 6.5.8 (202408090136+b967c2f84655) with kernel 5.15.123+ (2024071402>
                                                                                                                                                                                                                                                                                                                                                                                                                                                                                                                                                                                                                                                                                                                                                                                                                                                                        The highlighted entry will be executed automatically in 3s.                    The highlighted entry will be executed automatically in 2s.                    The highlighted entry will be executed automatically in 1s.                    The highlighted entry will be executed automatically in 0s.                 
Purity

PCTFJ24290213 login: puresetup
Password: 
Last login: Sat Feb 22 19:29:06 UTC 2025 on ttyS0

Sat Feb 22 19:34:15 2025
Welcome puresetup. This is Purity Version 6.5.8 on FlashArray PCTFJ24290213
http://www.purestorage.com/
puresetup@PCTFJ24290213:~$ puresetup replace  --from-controller FA-X50R3
##########################################
#   Welcome to the Purity Setup Wizard   #
##########################################
Controller hardware model is compatible with the controller purity version
[Errno 111] Connection refused
Local controller model is FA-X50R4.
Drive detected storage type is X.
FA-X50R3 found to be replaced by FA-X50R4 has storage type X.
Controller type supports multiple storage types, detecting type of storage installed...
Detected storage type X
Pre-existing storage type X was found on the device
Successfully configured storage type X for array controller
Check Cobalt NDU controllers.. OK
Check RDL..................... OK
Check shelf cabling........... OK
Check controller link......... OK
Check power supply............ OK
Check PCIE AER errors......... OK
Check io card pci id's........ OK
Check LOM MAC addresses....... OK
Getting local controller type. Local controller type is cobalt_a.
Getting local controller variant. Not a generic controller, Exiting.
Checking peer controller for tunables
purity.service stablized: done
purity start/running
platform: ..done
foed: .done
gui: ....done
rest: done
platform_env: 0.done
quorum: ......done
foed_env: 1.1.1.1.1.1.1.1.1.1.1.1.1.1.1.1.0.done
foed_ready: done
remote_patch: done
driver: done
san: Skip waiting for san during HW NDU
[FA-X50R3.CT1.ETH1] does not need to be migrated since it has no configuration and is not a subinterface.
[FA-X50R3.CT1.ETH3] does not need to be migrated since it has no configuration and is not a subinterface.
[FA-X50R3.CT1.ETH6] does not need to be migrated since it has no configuration and is not a subinterface.
[FA-X50R3.CT1.ETH7] does not need to be migrated since it has no configuration and is not a subinterface.
[FA-X50R3.CT1.ETH8] does not need to be migrated since it has no configuration and is not a subinterface.
[FA-X50R3.CT1.ETH9] does not need to be migrated since it has no configuration and is not a subinterface.
Please move ports as shown below:
[FA-X50R3.CT1.ETH0] ====>> [FA-X50R4.CT1.ETH4](Slot: LOM)
[FA-X50R3.CT1.ETH18] ====>> [FA-X50R4.CT1.ETH20](Slot:3)
[FA-X50R3.CT1.ETH19] ====>> [FA-X50R4.CT1.ETH21](Slot:3)
Press Enter to show more lines...
[FA-X50R3.CT1.ETH2] ====>> [FA-X50R4.CT1.ETH2](Slot: LOM)
[FA-X50R3.CT1.ETH4] ====>> [FA-X50R4.CT1.ETH18](Slot:3)
[FA-X50R3.CT1.ETH5] ====>> [FA-X50R4.CT1.ETH19](Slot:3)

After the cables have been moved, type "CONTINUE": continue
Configuring network ports...
Perform ping test on port ETH18 ....... OK
Perform ping test on port ETH19 ....... FAIL
Perform ping test on port ETH20 ....... OK
Perform ping test on port ETH21 ....... OK
Perform ping test on port ETH4 ....... OK
Perform ping test on port ETH2 ....... OK
Ping test FAILED on ['eth19']
Ethernet port verification failed, please check port status.
Retry ping test? (y/n):nRetry ping test? (y/n): n
Continue puresetup without ethernet port verification? (y/n):yContinue puresetup without ethernet port verification? (y/n): y
Checking SAN connectivity
SAN is ready.
                                                                               
Broadcast message from root@PureCorpCluster-ct1 (somewhere) (Sat Feb 22 19:37:4
                                                                               
                                                                               
Purity//FA Information System Status                                           
====================================                                           
Purity//FA has successfully started for                                        
the first time after an install                                                
or upgrade. Purity//FA 6.5.8 (202408090136+b967c2f84655-65x)                   
is now set to be the default.                                                  
                                                                               
                                                                               
Broadcast message from root@PureCorpCluster-ct1 (somewhere) (Sat Feb 22 19:37:4
                                                                               
                                                                               
Purity//FA Information System Status                                           
====================================                                           
Purity//FA has successfully started for                                        
the first time after an install                                                
or upgrade. Purity//FA 6.5.8 (202408090136+b967c2f84655-65x)                   
is now set to be the default.                                                  
                                                                               
Waiting for Software Check:.aaaaaaaChecking iobalance before proceeding, sampling for 30 seconds, retrying 1 times, adding 30 seconds with each retry
Try 1/2: Sampling I/O for 30 seconds
^C
Exit without saving changes.
CONFIG_TASK_COMPLETED:CONFIG_TASK_PURESETUP_EXITED
puresetup@PCTFJ24290213:~$ puresetup timezone
##########################################
#   Welcome to the Purity Setup Wizard   #
##########################################
Name       Created                  Expires
puresetup  2025-02-22 19:37:52 UTC  2025-02-22 20:37:52 UTC
Changing the time zone will require a reboot on this controller.
Current time zone: Etc/UTC
Change time zone [requires reboot] (y/n):yChange time zone [requires reboot] (y/n): y
Configuring tzdata
------------------

Please select the geographic area in which you live. Subsequent configuration 
questions will narrow this down by presenting a list of cities, representing the
time zones in which they are located.

  1. Africa      4. Australia     7. Atlantic Ocean  10. Pacific Ocean
  2. America     5. Arctic Ocean  8. Europe          11. US
  3. Antarctica  6. Asia          9. Indian Ocean    12. None of the above

Geographic area: 11


Please select the city or region corresponding to your time zone.

  1. Alaska    4. Central  7. Starke County (Indiana)  10. Pacific Ocean
  2. Aleutian  5. Eastern  8. Michigan                 11. Samoa
  3. Arizona   6. Hawaii   9. Mountain

Time zone: 5



Current default time zone: 'US/Eastern'
Local time is now:      Sat Feb 22 14:37:57 EST 2025.
Universal Time is now:  Sat Feb 22 19:37:57 UTC 2025.

'/cache/timezone/localtime' -> '/usr/share/zoneinfo/US/Eastern'
Confirm time zone change from Etc/UTC to US/Eastern
(y/N):y(y/N): y
Press ENTER to reboot

This controller will be online after reboot.
CONFIG_TASK_COMPLETED:CONFIG_TASK_PURESETUP_EXITED
puresetup@PCTFJ24290213:~$ 
PureCorpCluster-ct1 login: pureeng
1) Authenticate via CloudAssist
2) Authenticate via command line
3) Restore challenge
Type the number corresponding to the authentication method you want to use.

Selection: 1

An email for identity verification will be sent once email is entered.
Please follow the authentication instructions provided there and return to this screen when finished or if email has not been received.


Enter an email address: fharris@purestorage.com

Successfully authenticated

Sat Feb 22 14:44:21 2025
Welcome pureeng. This is Purity Version 6.5.8 on FlashArray PureCorpCluster
http://www.purestorage.com/
pureeng@PureCorpCluster-ct1:~$ 
pureeng@PureCorpCluster-ct1:~$ purearray list --connect --path && ssh peer purearray list --connect --path
Name           Local Port  Local Address  Remote Port  Remote Address  Status     Transport
PureDrCluster  ct0.eth2    10.195.3.30    ct0.eth2     10.195.6.30     connected  ip
PureDrCluster  ct0.eth2    10.195.3.30    ct1.eth2     10.195.6.31     connected  ip
ssh: Could not resolve hostname peer: Temporary failure in name resolution
pureeng@PureCorpCluster-ct1:~$ sudo su
     root@PureCorpCluster-ct1:/var/home/pureeng# purearray list --connect --path && ssh peer purearray list --connect --path
Name           Local Port  Local Address  Remote Port  Remote Address  Status     Transport
PureDrCluster  ct0.eth2    10.195.3.30    ct0.eth2     10.195.6.30     connected  ip
PureDrCluster  ct0.eth2    10.195.3.30    ct1.eth2     10.195.6.31     connected  ip
Name           Local Port  Local Address  Remote Port  Remote Address  Status     Transport
PureDrCluster  ct0.eth2    10.195.3.30    ct0.eth2     10.195.6.30     connected  ip
PureDrCluster  ct0.eth2    10.195.3.30    ct1.eth2     10.195.6.31     connected  ip
     root@PureCorpCluster-ct1:/var/home/pureeng# iscsipureportlist=`pureport list --initiator | grep -v FC | awk -F' CT' '{print "CT"$2,$8}' | grep -v 'CT ' | awk -F '.ETH' '{print $1, $2}' | awk '{print $1, $5, $6}' | sort | uniq -c; echo` ; iscsipureportlistcount=`echo "$iscsipureportlist" | awk '{total += $1} END {print total}'`; echo -e "$iscsipureportlist\n\n"; echo -e "\tTotal iSCSI connections: $iscsipureportlistcount\n\n";
     96 CT0 iqn.2010-06.com.purestorage:flasharray.215372f60ffe37c0 -
     96 CT1 iqn.2010-06.com.purestorage:flasharray.215372f60ffe37c0 -


Total iSCSI connections: 192


     root@PureCorpCluster-ct1:/var/home/pureeng# iobalance --sapmpletime 30
sampling host I/O for 30 seconds...
                Host  CT0 I/O Count  CT1 I/O Count  
               VMH01      493.00      310.00  ! unbalanced I/O
               VMH02      335.00      104.00  ! unbalanced I/O
               VMH03      302.00      316.00  
               VMH04       24.00       19.00  
               VMH05       25.00       78.00  ! unbalanced I/O
               VMH11      355.00      222.00  ! unbalanced I/O
               VMH12       2.92K       1.05K  ! unbalanced I/O
               VMH13       1.38K       1.38K  
               VMH14      209.00      152.00  
               VMH15      320.00      279.00  
               VMH16      946.00      847.00  
               VMH17      147.00      143.00  
               VMH18      249.00      313.00  
               VMH19      282.00      328.00  
               VMH20      119.00      115.00  
               VMH21       28.00       63.00  ! unbalanced I/O
               VMH22      358.00      249.00  
               VMH24      367.00      243.00  ! unbalanced I/O
               VMH26      330.00      205.00  ! unbalanced I/O
               VMH27       45.00       60.00  
               VMH28       39.00       38.00  
          weprdpvmh1       2.48K       1.43K  ! unbalanced I/O
          weprdpvmh2       6.29K       7.43K  
          weprdpvmh3       3.43K       4.48K  
          weprdpvmh4      309.00      118.00  ! unbalanced I/O
          weprdpvmh5       3.02K      66.60K  ! unbalanced I/O
          weprdpvmh6       3.92K       7.42K  ! unbalanced I/O
          weprdpvmh7       2.61K       2.16K  
          weprdpvmh8      41.47K      33.82K  
     root@PureCorpCluster-ct1:/var/home/pureeng# purehw list
Name       Status         Identify  Slot  Index  Speed       Temperature  Voltage  Details
CH0        ok             off       -     0      -           -            -        -
CH0.BAY0   ok             off       -     0      -           -            -        -
CH0.BAY1   ok             off       -     1      -           -            -        -
CH0.BAY2   ok             off       -     2      -           -            -        -
CH0.BAY3   ok             off       -     3      -           -            -        -
CH0.BAY4   ok             off       -     4      -           -            -        -
CH0.BAY5   ok             off       -     5      -           -            -        -
CH0.BAY6   ok             off       -     6      -           -            -        -
CH0.BAY7   ok             off       -     7      -           -            -        -
CH0.BAY8   ok             off       -     8      -           -            -        -
CH0.BAY9   ok             off       -     9      -           -            -        -
CH0.BAY10  not_installed  off       -     10     -           -            -        -
CH0.BAY11  not_installed  off       -     11     -           -            -        -
CH0.BAY12  not_installed  off       -     12     -           -            -        -
CH0.BAY13  not_installed  off       -     13     -           -            -        -
CH0.BAY14  not_installed  off       -     14     -           -            -        -
CH0.BAY15  not_installed  off       -     15     -           -            -        -
CH0.BAY16  not_installed  off       -     16     -           -            -        -
CH0.BAY17  not_installed  off       -     17     -           -            -        -
CH0.BAY18  not_installed  off       -     18     -           -            -        -
CH0.BAY19  not_installed  off       -     19     -           -            -        -
CH0.NVB0   ok             off       -     0      -           -            -        -
CH0.NVB1   ok             off       -     1      -           -            -        -
CH0.NVB2   not_installed  off       -     2      -           -            -        -
CH0.NVB3   not_installed  off       -     3      -           -            -        -
CH0.PWR0   ok             -         -     0      -           -            206 V    -
CH0.PWR1   ok             -         -     1      -           -            206 V    -
CH0.TMP0   ok             -         -     0      -           21 C         -        -
CT0        ok             off       -     0      -           -            -        -
CT0.ETH0   ok             -         -     0      0.00 b/s    -            -        -
CT0.ETH1   ok             -         -     1      0.00 b/s    -            -        -
CT0.ETH2   ok             -         -     2      10.00 Gb/s  -            -        -
CT0.ETH3   ok             -         -     3      0.00 b/s    -            -        -
CT0.ETH4   ok             -         -     4      1.00 Gb/s   -            -        -
CT0.ETH5   ok             -         -     5      0.00 b/s    -            -        -
CT0.ETH18  ok             -         3     18     10.00 Gb/s  -            -        -
CT0.ETH19  ok             -         3     19     10.00 Gb/s  -            -        -
CT0.ETH20  ok             -         3     20     25.00 Gb/s  -            -        -
CT0.ETH21  ok             -         3     21     25.00 Gb/s  -            -        -
CT0.FAN0   ok             -         -     0      -           -            -        -
CT0.FAN1   ok             -         -     1      -           -            -        -
CT0.FAN2   ok             -         -     2      -           -            -        -
CT0.FAN3   ok             -         -     3      -           -            -        -
CT0.FAN4   ok             -         -     4      -           -            -        -
CT0.FAN5   ok             -         -     5      -           -            -        -
CT0.TMP0   ok             -         -     0      -           35 C         -        -
CT0.TMP1   ok             -         -     1      -           39 C         -        -
CT0.TMP2   ok             -         -     2      -           57 C         -        -
CT0.TMP3   ok             -         -     3      -           50 C         -        -
CT0.TMP4   ok             -         -     4      -           44 C         -        -
CT0.TMP5   ok             -         -     5      -           44 C         -        -
CT0.TMP6   ok             -         -     6      -           27 C         -        -
CT0.TMP7   ok             -         -     7      -           27 C         -        -
CT0.TMP8   ok             -         -     8      -           50 C         -        -
CT0.TMP9   ok             -         -     9      -           36 C         -        -
CT0.TMP11  ok             -         -     11     -           35 C         -        -
CT0.TMP12  ok             -         -     12     -           34 C         -        -
CT0.TMP13  ok             -         -     13     -           37 C         -        -
CT0.TMP14  ok             -         -     14     -           36 C         -        -
CT0.TMP15  ok             -         -     15     -           35 C         -        -
CT0.TMP17  ok             -         -     17     -           34 C         -        -
CT0.TMP19  ok             -         -     19     -           33 C         -        -
CT0.TMP20  ok             -         -     20     -           33 C         -        -
CT0.TMP21  ok             -         -     21     -           37 C         -        -
CT0.TMP22  ok             -         -     22     -           37 C         -        -
CT0.TMP23  ok             -         -     23     -           36 C         -        -
CT1        ok             off       -     1      -           -            -        -
CT1.ETH0   ok             -         -     0      0.00 b/s    -            -        -
CT1.ETH1   ok             -         -     1      0.00 b/s    -            -        -
CT1.ETH2   ok             -         -     2      10.00 Gb/s  -            -        -
CT1.ETH3   ok             -         -     3      0.00 b/s    -            -        -
CT1.ETH4   ok             -         -     4      1.00 Gb/s   -            -        -
CT1.ETH5   ok             -         -     5      0.00 b/s    -            -        -
CT1.ETH18  ok             -         3     18     10.00 Gb/s  -            -        -
CT1.ETH19  ok             -         3     19     10.00 Gb/s  -            -        -
CT1.ETH20  ok             -         3     20     25.00 Gb/s  -            -        -
CT1.ETH21  ok             -         3     21     25.00 Gb/s  -            -        -
CT1.FAN0   ok             -         -     0      -           -            -        -
CT1.FAN1   ok             -         -     1      -           -            -        -
CT1.FAN2   ok             -         -     2      -           -            -        -
CT1.FAN3   ok             -         -     3      -           -            -        -
CT1.FAN4   ok             -         -     4      -           -            -        -
CT1.FAN5   ok             -         -     5      -           -            -        -
CT1.TMP0   ok             -         -     0      -           36 C         -        -
CT1.TMP1   ok             -         -     1      -           40 C         -        -
CT1.TMP2   ok             -         -     2      -           50 C         -        -
CT1.TMP3   ok             -         -     3      -           50 C         -        -
CT1.TMP4   ok             -         -     4      -           40 C         -        -
CT1.TMP5   ok             -         -     5      -           42 C         -        -
CT1.TMP6   ok             -         -     6      -           28 C         -        -
CT1.TMP7   ok             -         -     7      -           28 C         -        -
CT1.TMP8   ok             -         -     8      -           49 C         -        -
CT1.TMP9   ok             -         -     9      -           33 C         -        -
CT1.TMP11  ok             -         -     11     -           31 C         -        -
CT1.TMP12  ok             -         -     12     -           31 C         -        -
CT1.TMP13  ok             -         -     13     -           34 C         -        -
CT1.TMP14  ok             -         -     14     -           33 C         -        -
CT1.TMP15  ok             -         -     15     -           33 C         -        -
CT1.TMP17  ok             -         -     17     -           34 C         -        -
CT1.TMP19  ok             -         -     19     -           33 C         -        -
CT1.TMP20  ok             -         -     20     -           32 C         -        -
CT1.TMP21  ok             -         -     21     -           37 C         -        -
CT1.TMP22  ok             -         -     22     -           36 C         -        -
CT1.TMP23  ok             -         -     23     -           35 C         -        -
     root@PureCorpCluster-ct1:/var/home/pureeng# c0 -
 96 CT1 iqn.2010-06.cobash: c0: command not found
     root@PureCorpCluster-ct1:/var/home/pureeng#      96 CT1 iqn.2010-06.com.purestorage:flasharray.215372f60ffe37c0 -
bash: 96: command not found
     root@PureCorpCluster-ct1:/var/home/pureeng# 
     root@PureCorpCluster-ct1:/var/home/pureeng# 
     root@PureCorpCluster-ct1:/var/home/pureeng# puredrive list
Name       Type   Status   Capacity  Details
CH0.BAY0   SSD    healthy  16.00T    -
CH0.BAY1   SSD    healthy  16.00T    -
CH0.BAY2   SSD    healthy  16.00T    -
CH0.BAY3   SSD    healthy  16.00T    -
CH0.BAY4   SSD    healthy  16.00T    -
CH0.BAY5   SSD    healthy  16.00T    -
CH0.BAY6   SSD    healthy  16.00T    -
CH0.BAY7   SSD    healthy  16.00T    -
CH0.BAY8   SSD    healthy  16.00T    -
CH0.BAY9   SSD    healthy  16.00T    -
CH0.BAY10  -      unused   0.00      -
CH0.BAY11  -      unused   0.00      -
CH0.BAY12  -      unused   0.00      -
CH0.BAY13  -      unused   0.00      -
CH0.BAY14  -      unused   0.00      -
CH0.BAY15  -      unused   0.00      -
CH0.BAY16  -      unused   0.00      -
CH0.BAY17  -      unused   0.00      -
CH0.BAY18  -      unused   0.00      -
CH0.BAY19  -      unused   0.00      -
CH0.NVB0   NVRAM  healthy  7.00G     -
CH0.NVB1   NVRAM  healthy  7.00G     -
CH0.NVB2   NVRAM  unused   0.00      -
CH0.NVB3   NVRAM  unused   0.00      -
     root@PureCorpCluster-ct1:/var/home/pureeng# puremessage list --open
ID       Time                     Severity  Category  Code  Component  Name            Event             Expected  Actual  Details
7285814  2024-11-21 07:42:35 EST  info      array     25    storage    array.capacity  high utilization  -         82.41%  
     root@PureCorpCluster-ct1:/var/home/pureeng# puremessage list --open --hidde n
ID       Time                     Severity  Category  Code  Component    Name                     Event                                                           Expected  Actual  Details
5421539  2024-05-15 04:56:43 EDT  hidden    array     214   file system  Corp_smb                 Missing email addresses for quota notifications user or group.  -         -       
7285814  2024-11-21 07:42:35 EST  info      array     25    storage      array.capacity           high utilization                                                -         82.41%  
8327423  2025-02-22 13:13:44 EST  hidden    array     30    service      array.directory_service  pureds test failure                                             -         -       
     root@PureCorpCluster-ct1:/var/home/pureeng# purearray list --space
Name             Capacity  Parity  Provisioned Size  Virtual  Thin Provisioning  Data Reduction  Total Reduction  Unique  Snapshots  Shared  System  Replication  Total
PureCorpCluster  104.24T   100%    747650G           116.48T  84%                2.6 to 1        16.0 to 1        34.98T  34.76T     16.16T  0.00    0.00         85.90T
     root@PureCorpCluster-ct1:/var/home/pureeng# purealert untag --maintenance
Name
maintenance
     root@PureCorpCluster-ct1:/var/home/pureeng# purearray list --controller
Name  Type              Mode       Model     Version  Status  Internal Details
CT0   array_controller  primary    FA-X50R4  6.5.8    ready   
CT1   array_controller  secondary  FA-X50R4  6.5.8    ready   
     root@PureCorpCluster-ct1:/var/home/pureeng# puredb run giveback-- o--safessh peer
Last login: Tue Aug 27 21:50:40 2024 from 10.125.0.1

Sat Feb 22 14:46:51 2025
Welcome root. This is Purity Version 6.5.8 on FlashArray PureCorpCluster
http://www.purestorage.com/
     root@PureCorpCluster-ct0:~# exit
logout
     root@PureCorpCluster-ct1:/var/home/pureeng# exit
exit
pureeng@PureCorpCluster-ct1:~$ 